,np,bacteria,bac_type,np_synthesis,method,shape,kingdom,phylum,class,order,family,genus,gram,isolated_from,concentration,np_size_avg (nm),"min_Incub_period, h","avg_Incub_period, h","growth_temp, C",Valance_electron,amw,NumHeteroatoms,kappa1,kappa2,kappa3,Phi,pred_ZOI_norm,pathogenic_bacteria,pred_ZOI_pathogen,Fitness
0,Fe2O3,Bacillus subtilis,non-pathogenic,chemical_synthesis,disk_diffusion,hexagonal,Bacteria,Bacillota,Bacilli,Bacillales,Bacillaceae,Bacillus,p,soil,32.0,37.86,0.16,7.08,30,110,300.427,4,14.38989926,5.335287547,2.313964748,3.655916682,19.444532,Staphylococcus aureus,35.43854,15.994009017944336
1,TiO2,Bacillus subtilis,non-pathogenic,chemical_synthesis,disc_diffusion,cubic,Bacteria,Bacillota,Bacilli,Bacillales,Bacillaceae,Bacillus,p,soil,32.0,50.0,0.16,7.08,30,16,79.865,3,3.314285714,2.314285714,2.314285714,2.556734694,11.969314,Staphylococcus aureus,27.248592,15.279278755187988
2,Fe3O4,Bacillus subtilis,non-pathogenic,chemical_synthesis,disk_diffusion,cubic,Bacteria,Bacillota,Bacilli,Bacillales,Bacillaceae,Bacillus,p,soil,30.0,44.0,0.16,7.08,30,48,231.531,7,10.82035581,15.78324347,19.64994348,24.39718718,19.321812,Staphylococcus aureus,34.055416,14.733604431152344
3,Ag,Bacillus subtilis,non-pathogenic,chemical_synthesis,disk_diffusion,cylindrical,Bacteria,Bacillota,Bacilli,Bacillales,Bacillaceae,Bacillus,p,soil,28.0,46.0,0.16,7.08,30,110,300.427,4,14.38989926,5.335287547,2.313964748,3.655916682,15.775995,Staphylococcus aureus,29.982836,14.206840515136719
4,Fe2O3,Bacillus subtilis,non-pathogenic,chemical_synthesis,disc_diffusion,hexagonal,Bacteria,Bacillota,Bacilli,Bacillales,Bacillaceae,Bacillus,p,soil,42.5,37.86,0.16,7.08,30,110,300.427,4,14.38989926,5.335287547,2.313964748,3.655916682,16.121277,Staphylococcus aureus,29.995016,13.873739242553711
5,Fe3O4,Bacillus subtilis,non-pathogenic,chemical_synthesis,disk_diffusion,quasi-hexagonal,Bacteria,Bacillota,Bacilli,Bacillales,Bacillaceae,Bacillus,p,soil,30.0,44.0,0.16,7.08,30,16,79.865,3,3.314285714,2.314285714,2.314285714,2.556734694,23.07004,Staphylococcus aureus,36.684925,13.614885330200195
6,TiO2,Bacillus subtilis,non-pathogenic,chemical_synthesis,disk_diffusion,hexagonal,Bacteria,Bacillota,Bacilli,Bacillales,Bacillaceae,Bacillus,p,soil,40.6897,50.0,0.16,7.08,30,16,79.865,3,3.314285714,2.314285714,2.314285714,2.556734694,12.368652,Staphylococcus aureus,25.754719,13.386066436767578
7,Fe2O3,Bacillus subtilis,non-pathogenic,chemical_synthesis,well_diffusion,hexagonal,Bacteria,Bacillota,Bacilli,Bacillales,Bacillaceae,Bacillus,p,soil,32.0,37.86,0.16,7.08,30,110,300.427,4,14.38989926,5.335287547,2.313964748,3.655916682,20.998116,Staphylococcus aureus,34.27421,13.27609634399414
8,CeO2,Bacillus subtilis,non-pathogenic,green_synthesis,disc_diffusion,nanorods,Bacteria,Bacillota,Bacilli,Bacillales,Bacillaceae,Bacillus,p,soil,30.0,52.5,0.16,7.08,30,16,172.114,3,3.976623377,2.976623377,2.976623377,3.945636701,15.288454,Staphylococcus aureus,27.518436,12.229982376098633
9,Pt,Bacillus subtilis,non-pathogenic,chemical_synthesis,well_diffusion,nanorods,Bacteria,Bacillota,Bacilli,Bacillales,Bacillaceae,Bacillus,p,soil,30.0,37.1,0.16,7.08,30,10,195.078,1,1.688311688,0.141141877,2.499632443,0.238291481,21.600224,Staphylococcus aureus,33.028614,11.428390502929688
10,Ag,Bacillus subtilis,non-pathogenic,chemical_synthesis,well_diffusion,quasi-hexagonal,Bacteria,Bacillota,Bacilli,Bacillales,Bacillaceae,Bacillus,p,soil,32.0,41.9,0.16,7.08,30,11,107.868,1,1.74025974,0.091136933,2.143768512,0.158601936,25.757427,Staphylococcus aureus,36.62857,10.871143341064453
11,ZnO,Bacillus subtilis,non-pathogenic,green_synthesis,well_diffusion,ellipsoidal,Bacteria,Bacillota,Bacilli,Bacillales,Bacillaceae,Bacillus,p,soil,32.0,44.0,0.16,7.08,30,11,107.868,1,1.74025974,0.091136933,2.143768512,0.158601936,23.324778,Staphylococcus aureus,34.08538,10.760602951049805
12,Fe2O3,Bacillus subtilis,non-pathogenic,chemical_synthesis,disk_diffusion,quasi-hexagonal,Bacteria,Bacillota,Bacilli,Bacillales,Bacillaceae,Bacillus,p,soil,40.0,4.0,0.16,7.08,30,110,300.427,4,14.38989926,5.335287547,2.313964748,3.655916682,11.87553,Staphylococcus aureus,22.537685,10.662155151367188
13,TiO2,Bacillus subtilis,non-pathogenic,chemical_synthesis,disc_diffusion,cubic,Bacteria,Bacillota,Bacilli,Bacillales,Bacillaceae,Bacillus,p,soil,32.0,50.0,0.16,7.08,30,11,107.868,1,1.74025974,0.091136933,2.143768512,0.158601936,15.948463,Staphylococcus aureus,26.274328,10.325864791870117
14,Fe2O3,Bacillus subtilis,non-pathogenic,chemical_synthesis,disc_diffusion,quasi-hexagonal,Bacteria,Bacillota,Bacilli,Bacillales,Bacillaceae,Bacillus,p,soil,40.0,4.0,0.16,7.08,30,110,300.427,4,14.38989926,5.335287547,2.313964748,3.655916682,10.446916,Staphylococcus aureus,20.727262,10.280346870422363
15,Ag,Bacillus subtilis,non-pathogenic,chemical_synthesis,disk_diffusion,Spherical,Bacteria,Bacillota,Bacilli,Bacillales,Bacillaceae,Bacillus,p,soil,30.0,44.45,0.16,7.08,30,11,107.868,1,1.74025974,0.091136933,2.143768512,0.158601936,21.49691,Staphylococcus aureus,31.322742,9.82583236694336
16,CuO,Bacillus subtilis,non-pathogenic,chemical_synthesis,well_diffusion,cylindrical,Bacteria,Bacillota,Bacilli,Bacillales,Bacillaceae,Bacillus,p,soil,32.0,8.0,0.16,7.08,30,17,79.545,2,2.319480519,1.319480519,1.44956182,1.53025468,16.403482,Staphylococcus aureus,25.819921,9.416439056396484
17,Ag,Bacillus subtilis,non-pathogenic,green_synthesis,disk_diffusion,snowflake,Bacteria,Bacillota,Bacilli,Bacillales,Bacillaceae,Bacillus,p,soil,28.0,10.0,0.16,7.08,30,110,300.427,4,14.38989926,5.335287547,2.313964748,3.655916682,13.608863,Staphylococcus aureus,22.979225,9.370362281799316
18,CuO,Bacillus subtilis,non-pathogenic,chemical_synthesis,well_diffusion,cubic,Bacteria,Bacillota,Bacilli,Bacillales,Bacillaceae,Bacillus,p,soil,42.5,50.0,0.16,7.08,30,17,79.545,2,2.319480519,1.319480519,1.44956182,1.53025468,15.85513,Staphylococcus aureus,25.146471,9.291340827941895
19,CeO2,Bacillus subtilis,non-pathogenic,green_synthesis,disc_diffusion,nanorods,Bacteria,Bacillota,Bacilli,Bacillales,Bacillaceae,Bacillus,p,soil,65.0,52.5,0.16,7.08,30,16,172.114,3,3.976623377,2.976623377,2.976623377,3.945636701,14.306923,Staphylococcus aureus,23.551777,9.244853973388672
20,Fe2O3,Bacillus subtilis,non-pathogenic,chemical_synthesis,well_diffusion,hexagonal,Bacteria,Bacillota,Bacilli,Bacillales,Bacillaceae,Bacillus,p,soil,64.0,37.86,0.16,7.08,30,110,300.427,4,14.38989926,5.335287547,2.313964748,3.655916682,18.75975,Staphylococcus aureus,27.981367,9.221616744995117
21,Ag,Bacillus subtilis,non-pathogenic,green_synthesis,disc_diffusion,cubic,Bacteria,Bacillota,Bacilli,Bacillales,Bacillaceae,Bacillus,p,soil,28.0,41.9,0.16,7.08,30,11,107.868,1,1.74025974,0.091136933,2.143768512,0.158601936,20.083359,Staphylococcus aureus,29.287931,9.204572677612305
22,CeO2,Bacillus subtilis,non-pathogenic,green_synthesis,disc_diffusion,hexagonal,Bacteria,Bacillota,Bacilli,Bacillales,Bacillaceae,Bacillus,p,soil,42.5,13.5,0.16,7.08,30,16,172.114,3,3.976623377,2.976623377,2.976623377,3.945636701,2.3192892,Staphylococcus aureus,11.293056,8.973766326904297
23,Pt,Bacillus subtilis,non-pathogenic,chemical_synthesis,well_diffusion,nanorods,Bacteria,Bacillota,Bacilli,Bacillales,Bacillaceae,Bacillus,p,soil,40.6897,37.1,0.16,7.08,30,10,195.078,1,1.688311688,0.141141877,2.499632443,0.238291481,19.37952,Staphylococcus aureus,28.290745,8.911224365234375
24,CuO,Bacillus subtilis,non-pathogenic,green_synthesis,disc_diffusion,nanorods,Bacteria,Bacillota,Bacilli,Bacillales,Bacillaceae,Bacillus,p,soil,32.0,42.0,0.16,7.08,30,17,79.545,2,2.319480519,1.319480519,1.44956182,1.53025468,21.50043,Staphylococcus aureus,29.990532,8.490102767944336
25,CuO,Bacillus subtilis,non-pathogenic,chemical_synthesis,disc_diffusion,nanoplates,Bacteria,Bacillota,Bacilli,Bacillales,Bacillaceae,Bacillus,p,soil,40.6897,62.5,0.16,7.08,30,17,79.545,2,2.319480519,1.319480519,1.44956182,1.53025468,11.432007,Staphylococcus aureus,19.593857,8.161849975585938
26,Fe2O3,Bacillus subtilis,non-pathogenic,green_synthesis,disc_diffusion,Spherical,Bacteria,Bacillota,Bacilli,Bacillales,Bacillaceae,Bacillus,p,soil,21.25,37.1,0.16,7.08,30,110,300.427,4,14.38989926,5.335287547,2.313964748,3.655916682,15.672465,Staphylococcus aureus,23.36311,7.690644264221191
27,CuO,Bacillus subtilis,non-pathogenic,green_synthesis,well_diffusion,cylindrical,Bacteria,Bacillota,Bacilli,Bacillales,Bacillaceae,Bacillus,p,soil,103.0,37.1,0.16,7.08,30,17,79.545,2,2.319480519,1.319480519,1.44956182,1.53025468,23.148977,Staphylococcus aureus,29.742302,6.593324661254883
28,Fe2O3,Bacillus subtilis,non-pathogenic,green_synthesis,disk_diffusion,Spherical,Bacteria,Bacillota,Bacilli,Bacillales,Bacillaceae,Bacillus,p,soil,21.25,110.2,0.16,7.08,30,110,300.427,4,14.38989926,5.335287547,2.313964748,3.655916682,6.1285224,Staphylococcus aureus,7.8786755,1.7501530647277832
29,Ag,Bacillus subtilis,non-pathogenic,chemical_synthesis,disk_diffusion,spherical,Bacteria,Bacillota,Bacilli,Bacillales,Bacillaceae,Bacillus,p,soil,2.7,46.8,0.16,7.08,30,11,107.868,1,1.74025974,0.091136933,2.143768512,0.158601936,10.410928,Staphylococcus aureus,12.149003,1.7380752563476562
30,ZnO,Bacillus subtilis,non-pathogenic,green_synthesis,disc_diffusion,snowflake,Bacteria,Bacillota,Bacilli,Bacillales,Bacillaceae,Bacillus,p,soil,50.0,13.0,0.16,7.08,30,8,81.389,2,2.423376623,1.423376623,0.785339814,1.724688818,10.742459,Staphylococcus aureus,12.431816,1.689356803894043
31,Cu2O,Bacillus subtilis,non-pathogenic,green_synthesis,disc_diffusion,nanorods,Bacteria,Bacillota,Bacilli,Bacillales,Bacillaceae,Bacillus,p,soil,10.0,14.6,0.16,7.08,30,29,143.091,3,36.04057568,12.00832358,2.998961039,144.2622982,4.4514585,Staphylococcus aureus,6.0487313,1.5972728729248047
32,Ag,Bacillus subtilis,non-pathogenic,chemical_synthesis,well_diffusion,triangular,Bacteria,Bacillota,Bacilli,Bacillales,Bacillaceae,Bacillus,p,soil,65.0,45.1,0.16,7.08,30,11,107.868,1,1.74025974,0.091136933,2.143768512,0.158601936,11.207751,Staphylococcus aureus,12.625826,1.418074607849121
33,ZnO,Bacillus subtilis,non-pathogenic,chemical_synthesis,disk_diffusion,spherical,Bacteria,Bacillota,Bacilli,Bacillales,Bacillaceae,Bacillus,p,soil,104.0,44.45,0.16,7.08,30,8,81.389,2,2.423376623,1.423376623,0.785339814,1.724688818,17.231419,Staphylococcus aureus,18.514967,1.283548355102539
34,CuO,Bacillus subtilis,non-pathogenic,green_synthesis,disc_diffusion,ellipsoidal,Bacteria,Bacillota,Bacilli,Bacillales,Bacillaceae,Bacillus,p,soil,0.6355,20.0,0.16,7.08,30,17,79.545,2,2.319480519,1.319480519,1.44956182,1.53025468,9.91112,Staphylococcus aureus,10.951987,1.0408668518066406
35,ZnO,Bacillus subtilis,non-pathogenic,chemical_synthesis,disc_diffusion,Spherical,Bacteria,Bacillota,Bacilli,Bacillales,Bacillaceae,Bacillus,p,soil,7.95454,10.0,0.16,7.08,30,8,81.389,2,2.423376623,1.423376623,0.785339814,1.724688818,8.428066,Staphylococcus aureus,9.446107,1.018040657043457
36,CuO,Bacillus subtilis,non-pathogenic,green_synthesis,disc_diffusion,spherical,Bacteria,Bacillota,Bacilli,Bacillales,Bacillaceae,Bacillus,p,soil,2.65,9.0,0.16,7.08,30,17,79.545,2,2.319480519,1.319480519,1.44956182,1.53025468,11.541489,Staphylococcus aureus,11.78424,0.2427511215209961
37,Ag,Bacillus subtilis,non-pathogenic,green_synthesis,disk_diffusion,hexagonal,Bacteria,Bacillota,Bacilli,Bacillales,Bacillaceae,Bacillus,p,soil,3.181816,17.5,0.16,7.08,30,11,107.868,1,1.74025974,0.091136933,2.143768512,0.158601936,7.7150693,Staphylococcus aureus,7.5437407,-0.17132854461669922
38,CuO,Bacillus subtilis,non-pathogenic,green_synthesis,disk_diffusion,cylindrical,Bacteria,Bacillota,Bacilli,Bacillales,Bacillaceae,Bacillus,p,soil,2.5,46.8,0.16,7.08,30,17,79.545,2,2.319480519,1.319480519,1.44956182,1.53025468,10.6199,Staphylococcus aureus,9.679818,-0.9400815963745117
39,Ag,Bacillus subtilis,non-pathogenic,green_synthesis,well_diffusion,spherical,Bacteria,Bacillota,Bacilli,Bacillales,Bacillaceae,Bacillus,p,soil,2000.0,44.45,0.16,7.08,30,11,107.868,1,1.74025974,0.091136933,2.143768512,0.158601936,19.528404,Staphylococcus aureus,18.443296,-1.0851078033447266
40,ZnO,Bacillus subtilis,non-pathogenic,chemical_synthesis,disc_diffusion,cubic,Bacteria,Bacillota,Bacilli,Bacillales,Bacillaceae,Bacillus,p,soil,10000.0,33.0,0.16,7.08,30,8,81.389,2,2.423376623,1.423376623,0.785339814,1.724688818,17.72571,Staphylococcus aureus,15.418009,-2.3077011108398438
41,Ag,Bacillus subtilis,non-pathogenic,green_synthesis,disk_diffusion,nanorods,Bacteria,Bacillota,Bacilli,Bacillales,Bacillaceae,Bacillus,p,soil,20.0,28.0,0.16,7.08,30,11,107.868,1,1.74025974,0.091136933,2.143768512,0.158601936,18.933952,Staphylococcus aureus,15.789203,-3.144749641418457
42,CuO,Bacillus subtilis,non-pathogenic,green_synthesis,well_diffusion,snowflake,Bacteria,Bacillota,Bacilli,Bacillales,Bacillaceae,Bacillus,p,soil,14.0,15.8,0.16,7.08,30,17,79.545,2,2.319480519,1.319480519,1.44956182,1.53025468,20.510614,Staphylococcus aureus,17.299736,-3.210878372192383
