,np,bacteria,bac_type,np_synthesis,method,shape,kingdom,phylum,class,order,family,genus,gram,isolated_from,concentration,np_size_avg (nm),"min_Incub_period, h","avg_Incub_period, h","growth_temp, C",Valance_electron,amw,NumHeteroatoms,kappa1,kappa2,kappa3,Phi,pred_ZOI_norm,pathogenic_bacteria,pred_ZOI_pathogen,Fitness
0,Fe3O4,Bacillus subtilis,non-pathogenic,green_synthesis,disc_diffusion,Spherical,Bacteria,Bacillota,Bacilli,Bacillales,Bacillaceae,Bacillus,p,soil,40.0,37.1,0.16,7.08,30,48,231.531,7,10.82035581,15.78324347,19.64994348,24.39718718,18.434692,Staphylococcus aureus,37.944427,19.509735107421875
1,TiO2,Bacillus subtilis,non-pathogenic,green_synthesis,disk_diffusion,cylindrical,Bacteria,Bacillota,Bacilli,Bacillales,Bacillaceae,Bacillus,p,soil,28.0,35.0,0.16,7.08,30,16,79.865,3,3.314285714,2.314285714,2.314285714,2.556734694,14.646426,Staphylococcus aureus,32.88286,18.236431121826172
2,ZnO,Bacillus subtilis,non-pathogenic,green_synthesis,disc_diffusion,ellipsoidal,Bacteria,Bacillota,Bacilli,Bacillales,Bacillaceae,Bacillus,p,soil,28.0,37.1,0.16,7.08,30,29,143.091,3,36.04057568,12.00832358,2.998961039,144.2622982,15.133013,Staphylococcus aureus,31.386957,16.253944396972656
3,Co,Bacillus subtilis,non-pathogenic,green_synthesis,disk_diffusion,Spherical,Bacteria,Bacillota,Bacilli,Bacillales,Bacillaceae,Bacillus,p,soil,30.0,44.0,0.16,7.08,30,16,79.865,3,3.314285714,2.314285714,2.314285714,2.556734694,16.47246,Staphylococcus aureus,31.88053,15.408069610595703
4,ZnO,Bacillus subtilis,non-pathogenic,chemical_synthesis,disk_diffusion,Spherical,Bacteria,Bacillota,Bacilli,Bacillales,Bacillaceae,Bacillus,p,soil,32.0,51.9,0.16,7.08,30,110,300.427,4,14.38989926,5.335287547,2.313964748,3.655916682,14.719035,Staphylococcus aureus,29.186234,14.467198371887207
5,Fe2O3,Bacillus subtilis,non-pathogenic,green_synthesis,disc_diffusion,Spherical,Bacteria,Bacillota,Bacilli,Bacillales,Bacillaceae,Bacillus,p,soil,32.0,44.45,0.16,7.08,30,110,300.427,4,14.38989926,5.335287547,2.313964748,3.655916682,16.493256,Staphylococcus aureus,30.48606,13.992803573608398
6,CuO,Bacillus subtilis,non-pathogenic,green_synthesis,disk_diffusion,cubic,Bacteria,Bacillota,Bacilli,Bacillales,Bacillaceae,Bacillus,p,soil,42.5,35.0,0.16,7.08,30,17,79.545,2,2.319480519,1.319480519,1.44956182,1.53025468,16.362011,Staphylococcus aureus,28.81657,12.454559326171875
7,CuO,Bacillus subtilis,non-pathogenic,chemical_synthesis,disc_diffusion,cylindrical,Bacteria,Bacillota,Bacilli,Bacillales,Bacillaceae,Bacillus,p,soil,32.0,35.0,0.16,7.08,30,17,79.545,2,2.319480519,1.319480519,1.44956182,1.53025468,17.871525,Staphylococcus aureus,29.54043,11.668905258178711
8,TiO2,Bacillus subtilis,non-pathogenic,green_synthesis,disc_diffusion,nanorods and triangles,Bacteria,Bacillota,Bacilli,Bacillales,Bacillaceae,Bacillus,p,soil,40.6897,52.5,0.16,7.08,30,16,79.865,3,3.314285714,2.314285714,2.314285714,2.556734694,14.513366,Staphylococcus aureus,26.159533,11.646166801452637
9,Fe3O4,Bacillus subtilis,non-pathogenic,green_synthesis,disc_diffusion,hexagonal,Bacteria,Bacillota,Bacilli,Bacillales,Bacillaceae,Bacillus,p,soil,32.0,12.0,0.16,7.08,30,48,231.531,7,10.82035581,15.78324347,19.64994348,24.39718718,1.9520037,Staphylococcus aureus,13.108887,11.156883239746094
10,Ag,Bacillus subtilis,non-pathogenic,chemical_synthesis,disk_diffusion,hexagonal,Bacteria,Bacillota,Bacilli,Bacillales,Bacillaceae,Bacillus,p,soil,32.0,46.8,0.16,7.08,30,11,107.868,1,1.74025974,0.091136933,2.143768512,0.158601936,18.579199,Staphylococcus aureus,29.173317,10.594118118286133
11,CuO,Bacillus subtilis,non-pathogenic,green_synthesis,disc_diffusion,nanoplates,Bacteria,Bacillota,Bacilli,Bacillales,Bacillaceae,Bacillus,p,soil,32.0,37.86,0.16,7.08,30,17,79.545,2,2.319480519,1.319480519,1.44956182,1.53025468,21.198458,Staphylococcus aureus,31.352795,10.154336929321289
12,ZnO,Bacillus subtilis,non-pathogenic,chemical_synthesis,disc_diffusion,nanoplates,Bacteria,Bacillota,Bacilli,Bacillales,Bacillaceae,Bacillus,p,soil,40.0,46.8,0.16,7.08,30,8,81.389,2,2.423376623,1.423376623,0.785339814,1.724688818,20.589443,Staphylococcus aureus,29.930271,9.340827941894531
13,Ag,Bacillus subtilis,non-pathogenic,green_synthesis,disk_diffusion,cylindrical,Bacteria,Bacillota,Bacilli,Bacillales,Bacillaceae,Bacillus,p,soil,30.0,51.9,0.16,7.08,30,11,107.868,1,1.74025974,0.091136933,2.143768512,0.158601936,19.245079,Staphylococcus aureus,28.51219,9.267110824584961
14,TiO2,Bacillus subtilis,non-pathogenic,green_synthesis,disk_diffusion,spherical,Bacteria,Bacillota,Bacilli,Bacillales,Bacillaceae,Bacillus,p,soil,25.0,37.1,0.16,7.08,30,16,79.865,3,3.314285714,2.314285714,2.314285714,2.556734694,16.316725,Staphylococcus aureus,25.308956,8.992231369018555
15,Ag,Bacillus subtilis,non-pathogenic,green_synthesis,disk_diffusion,cubic,Bacteria,Bacillota,Bacilli,Bacillales,Bacillaceae,Bacillus,p,soil,30.0,45.1,0.16,7.08,30,11,107.868,1,1.74025974,0.091136933,2.143768512,0.158601936,17.79864,Staphylococcus aureus,26.71952,8.920881271362305
16,Co,Bacillus subtilis,non-pathogenic,green_synthesis,disk_diffusion,Spherical,Bacteria,Bacillota,Bacilli,Bacillales,Bacillaceae,Bacillus,p,soil,30.0,44.0,0.16,7.08,30,8,81.389,2,2.423376623,1.423376623,0.785339814,1.724688818,21.302216,Staphylococcus aureus,30.137691,8.83547592163086
17,CuO,Bacillus subtilis,non-pathogenic,chemical_synthesis,well_diffusion,nanorods,Bacteria,Bacillota,Bacilli,Bacillales,Bacillaceae,Bacillus,p,soil,30.0,41.9,0.16,7.08,30,17,79.545,2,2.319480519,1.319480519,1.44956182,1.53025468,24.974339,Staphylococcus aureus,33.72422,8.749881744384766
18,Ag,Bacillus subtilis,non-pathogenic,chemical_synthesis,disk_diffusion,spherical,Bacteria,Bacillota,Bacilli,Bacillales,Bacillaceae,Bacillus,p,soil,30.0,51.9,0.16,7.08,30,11,107.868,1,1.74025974,0.091136933,2.143768512,0.158601936,19.297379,Staphylococcus aureus,27.499943,8.202564239501953
19,ZnO,Bacillus subtilis,non-pathogenic,chemical_synthesis,disk_diffusion,Spherical,Bacteria,Bacillota,Bacilli,Bacillales,Bacillaceae,Bacillus,p,soil,128.0,51.9,0.16,7.08,30,110,300.427,4,14.38989926,5.335287547,2.313964748,3.655916682,14.504526,Staphylococcus aureus,22.68865,8.184123992919922
20,CuO,Bacillus subtilis,non-pathogenic,green_synthesis,disk_diffusion,cylindrical,Bacteria,Bacillota,Bacilli,Bacillales,Bacillaceae,Bacillus,p,soil,64.0,44.0,0.16,7.08,30,17,79.545,2,2.319480519,1.319480519,1.44956182,1.53025468,18.516573,Staphylococcus aureus,26.476757,7.960184097290039
21,CeO2,Bacillus subtilis,non-pathogenic,chemical_synthesis,disk_diffusion,nanoplates,Bacteria,Bacillota,Bacilli,Bacillales,Bacillaceae,Bacillus,p,soil,10.625,37.86,0.16,7.08,30,16,172.114,3,3.976623377,2.976623377,2.976623377,3.945636701,18.77223,Staphylococcus aureus,26.723303,7.951072692871094
22,Fe2O3,Bacillus subtilis,non-pathogenic,green_synthesis,disc_diffusion,cylindrical,Bacteria,Bacillota,Bacilli,Bacillales,Bacillaceae,Bacillus,p,soil,42.5,120.0,0.16,7.08,30,110,300.427,4,14.38989926,5.335287547,2.313964748,3.655916682,5.8991103,Staphylococcus aureus,13.303494,7.404384136199951
23,CuO,Bacillus subtilis,non-pathogenic,chemical_synthesis,well_diffusion,Spherical,Bacteria,Bacillota,Bacilli,Bacillales,Bacillaceae,Bacillus,p,soil,20000.0,6.0,0.16,7.08,30,17,79.545,2,2.319480519,1.319480519,1.44956182,1.53025468,23.6382,Staphylococcus aureus,28.30807,4.669868469238281
24,TiO2,Bacillus subtilis,non-pathogenic,green_synthesis,disc_diffusion,spheroidal,Bacteria,Bacillota,Bacilli,Bacillales,Bacillaceae,Bacillus,p,soil,79.5454,4.0,0.16,7.08,30,16,79.865,3,3.314285714,2.314285714,2.314285714,2.556734694,3.0140765,Staphylococcus aureus,7.6046734,4.590597152709961
25,Mo,Bacillus subtilis,non-pathogenic,chemical_synthesis,well_diffusion,nanorods,Bacteria,Bacillota,Bacilli,Bacillales,Bacillaceae,Bacillus,p,soil,14.0,35.0,0.16,7.08,30,6,95.94,1,1.688311688,0.141141877,2.499632443,0.238291481,22.669523,Staphylococcus aureus,26.722708,4.053184509277344
26,Cu,Bacillus subtilis,non-pathogenic,chemical_synthesis,disc_diffusion,cubic,Bacteria,Bacillota,Bacilli,Bacillales,Bacillaceae,Bacillus,p,soil,6.5,4.0,0.16,7.08,30,11,63.546,1,1.519480519,0.444480519,4.219480519,0.675379491,6.0342703,Staphylococcus aureus,9.189611,3.155341148376465
27,ZnO,Bacillus subtilis,non-pathogenic,chemical_synthesis,disk_diffusion,cubic,Bacteria,Bacillota,Bacilli,Bacillales,Bacillaceae,Bacillus,p,soil,512.0,35.0,0.16,7.08,30,8,81.389,2,2.423376623,1.423376623,0.785339814,1.724688818,22.607214,Staphylococcus aureus,25.706074,3.0988597869873047
28,Co,Bacillus subtilis,non-pathogenic,green_synthesis,disc_diffusion,cubic,Bacteria,Bacillota,Bacilli,Bacillales,Bacillaceae,Bacillus,p,soil,101.0,15.0,0.16,7.08,30,9,58.933,1,1.506493506,0.480852481,4.403929404,0.72440114,13.176172,Staphylococcus aureus,16.046745,2.870573043823242
29,Ag,Bacillus subtilis,non-pathogenic,green_synthesis,disk_diffusion,triangular,Bacteria,Bacillota,Bacilli,Bacillales,Bacillaceae,Bacillus,p,soil,42.5,93.0,0.16,7.08,30,11,107.868,1,1.74025974,0.091136933,2.143768512,0.158601936,7.8060694,Staphylococcus aureus,10.528169,2.7220993041992188
30,Cu2O,Bacillus subtilis,non-pathogenic,chemical_synthesis,disc_diffusion,nanoplates,Bacteria,Bacillota,Bacilli,Bacillales,Bacillaceae,Bacillus,p,soil,20.0,16.0,0.16,7.08,30,29,143.091,3,36.04057568,12.00832358,2.998961039,144.2622982,12.79269,Staphylococcus aureus,14.64223,1.8495397567749023
31,Fe2O3,Bacillus subtilis,non-pathogenic,green_synthesis,disk_diffusion,nanorods and triangles,Bacteria,Bacillota,Bacilli,Bacillales,Bacillaceae,Bacillus,p,soil,0.6355,44.0,0.16,7.08,30,110,300.427,4,14.38989926,5.335287547,2.313964748,3.655916682,14.421136,Staphylococcus aureus,16.26145,1.8403139114379883
32,CuO,Bacillus subtilis,non-pathogenic,chemical_synthesis,well_diffusion,cubic,Bacteria,Bacillota,Bacilli,Bacillales,Bacillaceae,Bacillus,p,soil,75.0,21.0,0.16,7.08,30,17,79.545,2,2.319480519,1.319480519,1.44956182,1.53025468,15.644721,Staphylococcus aureus,16.71649,1.0717687606811523
33,ZnO,Bacillus subtilis,non-pathogenic,chemical_synthesis,disk_diffusion,triangular,Bacteria,Bacillota,Bacilli,Bacillales,Bacillaceae,Bacillus,p,soil,200.0,9.0,0.16,7.08,30,8,81.389,2,2.423376623,1.423376623,0.785339814,1.724688818,13.853615,Staphylococcus aureus,14.469626,0.6160116195678711
34,Ag,Bacillus subtilis,non-pathogenic,chemical_synthesis,disc_diffusion,cylindrical,Bacteria,Bacillota,Bacilli,Bacillales,Bacillaceae,Bacillus,p,soil,0.31775,92.0,0.16,7.08,30,11,107.868,1,1.74025974,0.091136933,2.143768512,0.158601936,9.20932,Staphylococcus aureus,9.8014345,0.5921144485473633
35,Ag,Bacillus subtilis,non-pathogenic,green_synthesis,disk_diffusion,quasi-hexagonal,Bacteria,Bacillota,Bacilli,Bacillales,Bacillaceae,Bacillus,p,soil,0.6355,25.0,0.16,7.08,30,11,107.868,1,1.74025974,0.091136933,2.143768512,0.158601936,16.752493,Staphylococcus aureus,17.068165,0.3156719207763672
36,CuO,Bacillus subtilis,non-pathogenic,chemical_synthesis,well_diffusion,spherical,Bacteria,Bacillota,Bacilli,Bacillales,Bacillaceae,Bacillus,p,soil,20000.0,46.8,0.16,7.08,30,17,79.545,2,2.319480519,1.319480519,1.44956182,1.53025468,24.420898,Staphylococcus aureus,23.414042,-1.006856918334961
37,CuO,Bacillus subtilis,non-pathogenic,chemical_synthesis,well_diffusion,spherical,Bacteria,Bacillota,Bacilli,Bacillales,Bacillaceae,Bacillus,p,soil,3.4,33.0,0.16,7.08,30,17,79.545,2,2.319480519,1.319480519,1.44956182,1.53025468,17.579838,Staphylococcus aureus,15.868214,-1.7116241455078125
38,ZnO,Bacillus subtilis,non-pathogenic,green_synthesis,well_diffusion,ellipsoidal,Bacteria,Bacillota,Bacilli,Bacillales,Bacillaceae,Bacillus,p,soil,7.6,62.5,0.16,7.08,30,8,81.389,2,2.423376623,1.423376623,0.785339814,1.724688818,10.660414,Staphylococcus aureus,8.888229,-1.7721843719482422
39,Cu,Bacillus subtilis,non-pathogenic,green_synthesis,well_diffusion,nanorods,Bacteria,Bacillota,Bacilli,Bacillales,Bacillaceae,Bacillus,p,soil,16.0,14.6,0.16,7.08,30,11,63.546,1,1.519480519,0.444480519,4.219480519,0.675379491,8.355595,Staphylococcus aureus,6.4697194,-1.8858752250671387
40,CuO,Bacillus subtilis,non-pathogenic,green_synthesis,disc_diffusion,snowflake,Bacteria,Bacillota,Bacilli,Bacillales,Bacillaceae,Bacillus,p,soil,10.0,42.0,0.16,7.08,30,17,79.545,2,2.319480519,1.319480519,1.44956182,1.53025468,21.678196,Staphylococcus aureus,19.599136,-2.079059600830078
41,Cu,Bacillus subtilis,non-pathogenic,chemical_synthesis,disk_diffusion,snowflake,Bacteria,Bacillota,Bacilli,Bacillales,Bacillaceae,Bacillus,p,soil,20.34485,16.0,0.16,7.08,30,11,63.546,1,1.519480519,0.444480519,4.219480519,0.675379491,18.866398,Staphylococcus aureus,16.341776,-2.5246219635009766
42,CuO,Bacillus subtilis,non-pathogenic,green_synthesis,well_diffusion,snowflake,Bacteria,Bacillota,Bacilli,Bacillales,Bacillaceae,Bacillus,p,soil,500.0,33.0,0.16,7.08,30,17,79.545,2,2.319480519,1.319480519,1.44956182,1.53025468,26.347988,Staphylococcus aureus,21.273489,-5.074499130249023
43,Ag,Bacillus subtilis,non-pathogenic,green_synthesis,disk_diffusion,nanorods and triangles,Bacteria,Bacillota,Bacilli,Bacillales,Bacillaceae,Bacillus,p,soil,1000.0,80.0,0.16,7.08,30,11,107.868,1,1.74025974,0.091136933,2.143768512,0.158601936,13.716555,Staphylococcus aureus,6.8021765,-6.9143781661987305
