,np,bacteria,bac_type,np_synthesis,method,shape,kingdom,phylum,class,order,family,genus,gram,isolated_from,concentration,np_size_avg (nm),"min_Incub_period, h","avg_Incub_period, h","growth_temp, C",Valance_electron,amw,NumHeteroatoms,kappa1,kappa2,kappa3,Phi,pred_ZOI_norm,pathogenic_bacteria,pred_ZOI_pathogen,Fitness
0,Ag,Bacillus subtilis,non-pathogenic,chemical_synthesis,disk_diffusion,snowflake,Bacteria,Bacillota,Bacilli,Bacillales,Bacillaceae,Bacillus,p,soil,25.0,6.0,0.16,7.08,30,11,107.868,1,1.74025974,0.091136933,2.143768512,0.158601936,15.993790330210533,Klebsiella pneumoniae,23.555576351743877,7.561786021533344
1,CuO,Bacillus subtilis,non-pathogenic,chemical_synthesis,disk_diffusion,spherical,Bacteria,Bacillota,Bacilli,Bacillales,Bacillaceae,Bacillus,p,soil,21.25,8.0,0.16,7.08,30,11,107.868,1,1.74025974,0.091136933,2.143768512,0.158601936,17.026479784617013,Klebsiella pneumoniae,23.523889318340558,6.497409533723545
2,ZnO,Bacillus subtilis,non-pathogenic,chemical_synthesis,disc_diffusion,quasi-hexagonal,Bacteria,Bacillota,Bacilli,Bacillales,Bacillaceae,Bacillus,p,soil,30.0,3.0,0.16,7.08,30,11,107.868,1,1.74025974,0.091136933,2.143768512,0.158601936,16.240284612938257,Klebsiella pneumoniae,22.037859533072286,5.7975749201340285
3,CuO,Bacillus subtilis,non-pathogenic,chemical_synthesis,disk_diffusion,snowflake,Bacteria,Bacillota,Bacilli,Bacillales,Bacillaceae,Bacillus,p,soil,30.0,10.0,0.16,7.08,30,17,79.545,2,2.319480519,1.319480519,1.44956182,1.53025468,18.382171130814875,Klebsiella pneumoniae,23.677849858663468,5.295678727848593
4,CuO,Bacillus subtilis,non-pathogenic,chemical_synthesis,disc_diffusion,spherical,Bacteria,Bacillota,Bacilli,Bacillales,Bacillaceae,Bacillus,p,soil,21.25,8.0,0.16,7.08,30,11,107.868,1,1.74025974,0.091136933,2.143768512,0.158601936,14.518359827031093,Klebsiella pneumoniae,19.40351269998498,4.885152872953887
5,TiO2,Bacillus subtilis,non-pathogenic,chemical_synthesis,disk_diffusion,Spherical,Bacteria,Bacillota,Bacilli,Bacillales,Bacillaceae,Bacillus,p,soil,300.0,9.0,0.16,7.08,30,16,79.865,3,3.314285714,2.314285714,2.314285714,2.556734694,14.172687868218699,Klebsiella pneumoniae,18.93192936514525,4.759241496926553
6,ZnO,Bacillus subtilis,non-pathogenic,green_synthesis,disk_diffusion,snowflake,Bacteria,Bacillota,Bacilli,Bacillales,Bacillaceae,Bacillus,p,soil,30.0,37.86,0.16,7.08,30,8,81.389,2,2.423376623,1.423376623,0.785339814,1.724688818,24.238723079289123,Klebsiella pneumoniae,28.875083575226,4.636360495936877
7,Ag,Bacillus subtilis,non-pathogenic,green_synthesis,disk_diffusion,hexagonal,Bacteria,Bacillota,Bacilli,Bacillales,Bacillaceae,Bacillus,p,soil,500.0,4.0,0.16,7.08,30,11,107.868,1,1.74025974,0.091136933,2.143768512,0.158601936,15.546234069127024,Klebsiella pneumoniae,20.04334814493881,4.497114075811787
8,TiO2,Bacillus subtilis,non-pathogenic,chemical_synthesis,well_diffusion,cylindrical,Bacteria,Bacillota,Bacilli,Bacillales,Bacillaceae,Bacillus,p,soil,6000.0,3.0,0.16,7.08,30,16,79.865,3,3.314285714,2.314285714,2.314285714,2.556734694,14.31756698982345,Klebsiella pneumoniae,18.346867967331782,4.029300977508333
9,ZnO,Bacillus subtilis,non-pathogenic,green_synthesis,disk_diffusion,hexagonal,Bacteria,Bacillota,Bacilli,Bacillales,Bacillaceae,Bacillus,p,soil,30.0,37.86,0.16,7.08,30,8,81.389,2,2.423376623,1.423376623,0.785339814,1.724688818,21.4973058652362,Klebsiella pneumoniae,25.264761746103524,3.767455880867324
10,Ag,Bacillus subtilis,non-pathogenic,chemical_synthesis,disc_diffusion,hexagonal,Bacteria,Bacillota,Bacilli,Bacillales,Bacillaceae,Bacillus,p,soil,1000.0,15.0,0.16,7.08,30,11,107.868,1,1.74025974,0.091136933,2.143768512,0.158601936,19.00320149301905,Klebsiella pneumoniae,22.50468092777104,3.5014794347519924
11,CuO,Bacillus subtilis,non-pathogenic,chemical_synthesis,disk_diffusion,ellipsoidal,Bacteria,Bacillota,Bacilli,Bacillales,Bacillaceae,Bacillus,p,soil,170.0,6.0,0.16,7.08,30,17,79.545,2,2.319480519,1.319480519,1.44956182,1.53025468,18.877453596700832,Klebsiella pneumoniae,22.19499481281492,3.317541216114087
12,Ag,Bacillus subtilis,non-pathogenic,chemical_synthesis,well_diffusion,cubic,Bacteria,Bacillota,Bacilli,Bacillales,Bacillaceae,Bacillus,p,soil,21.25,6.0,0.16,7.08,30,11,107.868,1,1.74025974,0.091136933,2.143768512,0.158601936,12.02288094038445,Klebsiella pneumoniae,15.277578365682883,3.254697425298433
13,ZnO,Bacillus subtilis,non-pathogenic,green_synthesis,disk_diffusion,hexagonal,Bacteria,Bacillota,Bacilli,Bacillales,Bacillaceae,Bacillus,p,soil,10.0,42.0,0.16,7.08,30,8,81.389,2,2.423376623,1.423376623,0.785339814,1.724688818,24.56695707529314,Klebsiella pneumoniae,27.572120240989676,3.005163165696537
14,CuO,Bacillus subtilis,non-pathogenic,chemical_synthesis,well_diffusion,hexagonal,Bacteria,Bacillota,Bacilli,Bacillales,Bacillaceae,Bacillus,p,soil,40.0,28.0,0.16,7.08,30,17,79.545,2,2.319480519,1.319480519,1.44956182,1.53025468,15.05332927601261,Klebsiella pneumoniae,17.95029484864918,2.896965572636569
15,Ag,Bacillus subtilis,non-pathogenic,chemical_synthesis,disc_diffusion,hexagonal,Bacteria,Bacillota,Bacilli,Bacillales,Bacillaceae,Bacillus,p,soil,1000.0,10.0,0.16,7.08,30,11,107.868,1,1.74025974,0.091136933,2.143768512,0.158601936,15.987557563747696,Klebsiella pneumoniae,18.832909075004252,2.845351511256556
16,TiO2,Bacillus subtilis,non-pathogenic,chemical_synthesis,disk_diffusion,quasi-hexagonal,Bacteria,Bacillota,Bacilli,Bacillales,Bacillaceae,Bacillus,p,soil,300.0,9.0,0.16,7.08,30,16,79.865,3,3.314285714,2.314285714,2.314285714,2.556734694,12.219496892798446,Klebsiella pneumoniae,14.824444678896663,2.604947786098217
17,ZnO,Bacillus subtilis,non-pathogenic,green_synthesis,well_diffusion,hexagonal,Bacteria,Bacillota,Bacilli,Bacillales,Bacillaceae,Bacillus,p,soil,15.0,42.0,0.16,7.08,30,8,81.389,2,2.423376623,1.423376623,0.785339814,1.724688818,22.975943411805787,Klebsiella pneumoniae,25.552705562791573,2.576762150985786
18,Ag,Bacillus subtilis,non-pathogenic,chemical_synthesis,disc_diffusion,cylindrical,Bacteria,Bacillota,Bacilli,Bacillales,Bacillaceae,Bacillus,p,soil,2000.0,33.0,0.16,7.08,30,11,107.868,1,1.74025974,0.091136933,2.143768512,0.158601936,15.390383266908572,Klebsiella pneumoniae,17.897754103839286,2.507370836930715
19,Fe2O3,Bacillus subtilis,non-pathogenic,green_synthesis,well_diffusion,cylindrical,Bacteria,Bacillota,Bacilli,Bacillales,Bacillaceae,Bacillus,p,soil,1024.0,28.0,0.16,7.08,30,110,300.427,4,14.38989926,5.335287547,2.313964748,3.655916682,18.8862352587957,Klebsiella pneumoniae,21.28536176746696,2.3991265086712588
20,CuO,Bacillus subtilis,non-pathogenic,chemical_synthesis,well_diffusion,nanorods,Bacteria,Bacillota,Bacilli,Bacillales,Bacillaceae,Bacillus,p,soil,195.0,10.0,0.16,7.08,30,17,79.545,2,2.319480519,1.319480519,1.44956182,1.53025468,18.558402860700916,Klebsiella pneumoniae,20.92660408433449,2.368201223633573
21,ZnO,Bacillus subtilis,non-pathogenic,chemical_synthesis,disc_diffusion,quasi-hexagonal,Bacteria,Bacillota,Bacilli,Bacillales,Bacillaceae,Bacillus,p,soil,300.0,3.0,0.16,7.08,30,11,107.868,1,1.74025974,0.091136933,2.143768512,0.158601936,12.530548351937844,Klebsiella pneumoniae,14.870529686691725,2.3399813347538814
22,TiO2,Bacillus subtilis,non-pathogenic,green_synthesis,disc_diffusion,nanorods and triangles,Bacteria,Bacillota,Bacilli,Bacillales,Bacillaceae,Bacillus,p,soil,40.6897,15.8,0.16,7.08,30,16,79.865,3,3.314285714,2.314285714,2.314285714,2.556734694,13.594452381758828,Klebsiella pneumoniae,15.884080720761341,2.2896283390025136
23,ZnO,Bacillus subtilis,non-pathogenic,green_synthesis,disk_diffusion,hexagonal,Bacteria,Bacillota,Bacilli,Bacillales,Bacillaceae,Bacillus,p,soil,25.0,42.0,0.16,7.08,30,8,81.389,2,2.423376623,1.423376623,0.785339814,1.724688818,20.15354207641972,Klebsiella pneumoniae,22.3355980189623,2.1820559425425827
24,Ag,Bacillus subtilis,non-pathogenic,chemical_synthesis,disc_diffusion,nanorods and triangles,Bacteria,Bacillota,Bacilli,Bacillales,Bacillaceae,Bacillus,p,soil,128.0,3.0,0.16,7.08,30,11,107.868,1,1.74025974,0.091136933,2.143768512,0.158601936,12.244610916245732,Klebsiella pneumoniae,14.339934180100789,2.0953232638550574
25,ZnO,Bacillus subtilis,non-pathogenic,green_synthesis,well_diffusion,snowflake,Bacteria,Bacillota,Bacilli,Bacillales,Bacillaceae,Bacillus,p,soil,6000.0,15.0,0.16,7.08,30,8,81.389,2,2.423376623,1.423376623,0.785339814,1.724688818,20.48798448186199,Klebsiella pneumoniae,22.144021294219336,1.6560368123573461
26,Ag,Bacillus subtilis,non-pathogenic,green_synthesis,disc_diffusion,cubic,Bacteria,Bacillota,Bacilli,Bacillales,Bacillaceae,Bacillus,p,soil,5.31,51.9,0.16,7.08,30,11,107.868,1,1.74025974,0.091136933,2.143768512,0.158601936,10.812019834129448,Klebsiella pneumoniae,11.802647391540152,0.9906275574107042
27,Ag,Bacillus subtilis,non-pathogenic,green_synthesis,well_diffusion,cylindrical,Bacteria,Bacillota,Bacilli,Bacillales,Bacillaceae,Bacillus,p,soil,3.181816,44.45,0.16,7.08,30,11,107.868,1,1.74025974,0.091136933,2.143768512,0.158601936,14.250837355624306,Klebsiella pneumoniae,14.941403425506975,0.690566069882669
28,Fe2O3,Bacillus subtilis,non-pathogenic,chemical_synthesis,disk_diffusion,nanorods and triangles,Bacteria,Bacillota,Bacilli,Bacillales,Bacillaceae,Bacillus,p,soil,28.0,4.0,0.16,7.08,30,110,300.427,4,14.38989926,5.335287547,2.313964748,3.655916682,12.154116548539985,Klebsiella pneumoniae,12.632147957230677,0.4780314086906916
29,CuO,Bacillus subtilis,non-pathogenic,green_synthesis,disk_diffusion,nanoplates,Bacteria,Bacillota,Bacilli,Bacillales,Bacillaceae,Bacillus,p,soil,21.25,42.0,0.16,7.08,30,17,79.545,2,2.319480519,1.319480519,1.44956182,1.53025468,19.167390215653185,Klebsiella pneumoniae,19.214273611070173,0.04688339541698738
30,Ag,Bacillus subtilis,non-pathogenic,chemical_synthesis,disk_diffusion,cubic,Bacteria,Bacillota,Bacilli,Bacillales,Bacillaceae,Bacillus,p,soil,6.5,14.6,0.16,7.08,30,11,107.868,1,1.74025974,0.091136933,2.143768512,0.158601936,13.089095395892242,Klebsiella pneumoniae,13.0864370260522,-0.00265836984004153
31,TiO2,Bacillus subtilis,non-pathogenic,green_synthesis,well_diffusion,quasi-hexagonal,Bacteria,Bacillota,Bacilli,Bacillales,Bacillaceae,Bacillus,p,soil,40.6897,62.5,0.16,7.08,30,11,107.868,1,1.74025974,0.091136933,2.143768512,0.158601936,15.919079619196864,Klebsiella pneumoniae,15.553147104144807,-0.36593251505205693
32,CuO,Bacillus subtilis,non-pathogenic,chemical_synthesis,disk_diffusion,snowflake,Bacteria,Bacillota,Bacilli,Bacillales,Bacillaceae,Bacillus,p,soil,10.0,10.0,0.16,7.08,30,17,79.545,2,2.319480519,1.319480519,1.44956182,1.53025468,14.896916828368019,Klebsiella pneumoniae,14.310967698095778,-0.5859491302722404
33,Ag,Bacillus subtilis,non-pathogenic,green_synthesis,well_diffusion,spheroidal,Bacteria,Bacillota,Bacilli,Bacillales,Bacillaceae,Bacillus,p,soil,65.0,14.6,0.16,7.08,30,11,107.868,1,1.74025974,0.091136933,2.143768512,0.158601936,14.916460846408416,Klebsiella pneumoniae,13.939352301204302,-0.9771085452041142
34,ZnO,Bacillus subtilis,non-pathogenic,green_synthesis,well_diffusion,nanorods,Bacteria,Bacillota,Bacilli,Bacillales,Bacillaceae,Bacillus,p,soil,1.33,28.0,0.16,7.08,30,8,81.389,2,2.423376623,1.423376623,0.785339814,1.724688818,21.693572165429217,Klebsiella pneumoniae,20.630706662338078,-1.062865503091139
35,ZnO,Bacillus subtilis,non-pathogenic,chemical_synthesis,disk_diffusion,quasi-hexagonal,Bacteria,Bacillota,Bacilli,Bacillales,Bacillaceae,Bacillus,p,soil,3.4,14.6,0.16,7.08,30,8,81.389,2,2.423376623,1.423376623,0.785339814,1.724688818,19.154346946301946,Klebsiella pneumoniae,18.07218928376952,-1.082157662532424
36,Ag,Bacillus subtilis,non-pathogenic,chemical_synthesis,disk_diffusion,nanorods,Bacteria,Bacillota,Bacilli,Bacillales,Bacillaceae,Bacillus,p,soil,103.0,46.8,0.16,7.08,30,11,107.868,1,1.74025974,0.091136933,2.143768512,0.158601936,15.60682430967889,Klebsiella pneumoniae,14.403929147419067,-1.2028951622598232
37,TiO2,Bacillus subtilis,non-pathogenic,green_synthesis,well_diffusion,nanorods,Bacteria,Bacillota,Bacilli,Bacillales,Bacillaceae,Bacillus,p,soil,79.5454,8.0,0.16,7.08,30,16,79.865,3,3.314285714,2.314285714,2.314285714,2.556734694,13.007057294871451,Klebsiella pneumoniae,11.487925033109192,-1.519132261762259
38,CuO,Bacillus subtilis,non-pathogenic,green_synthesis,disk_diffusion,snowflake,Bacteria,Bacillota,Bacilli,Bacillales,Bacillaceae,Bacillus,p,soil,3.181816,14.6,0.16,7.08,30,17,79.545,2,2.319480519,1.319480519,1.44956182,1.53025468,15.134215634849046,Klebsiella pneumoniae,13.361257079630425,-1.7729585552186204
39,Co,Bacillus subtilis,non-pathogenic,chemical_synthesis,disk_diffusion,rod-shaped,Bacteria,Bacillota,Bacilli,Bacillales,Bacillaceae,Bacillus,p,soil,12.0,21.0,0.16,7.08,30,9,58.933,1,1.506493506,0.480852481,4.403929404,0.72440114,16.006959393471355,Klebsiella pneumoniae,14.19571137742332,-1.8112480160480349
40,CuO,Bacillus subtilis,non-pathogenic,chemical_synthesis,disk_diffusion,ellipsoidal,Bacteria,Bacillota,Bacilli,Bacillales,Bacillaceae,Bacillus,p,soil,10.172425,79.0,0.16,7.08,30,17,79.545,2,2.319480519,1.319480519,1.44956182,1.53025468,11.211410297252396,Klebsiella pneumoniae,9.351377755143066,-1.8600325421093302
41,Ag,Bacillus subtilis,non-pathogenic,green_synthesis,well_diffusion,cylindrical,Bacteria,Bacillota,Bacilli,Bacillales,Bacillaceae,Bacillus,p,soil,104.0,80.0,0.16,7.08,30,11,107.868,1,1.74025974,0.091136933,2.143768512,0.158601936,12.459029714287166,Klebsiella pneumoniae,10.579317405575335,-1.8797123087118308
42,CuO,Bacillus subtilis,non-pathogenic,green_synthesis,disc_diffusion,nanorods,Bacteria,Bacillota,Bacilli,Bacillales,Bacillaceae,Bacillus,p,soil,16.0,93.0,0.16,7.08,30,17,79.545,2,2.319480519,1.319480519,1.44956182,1.53025468,16.590249542890408,Klebsiella pneumoniae,13.977088451894492,-2.6131610909959164
43,Ag,Bacillus subtilis,non-pathogenic,green_synthesis,disc_diffusion,nanoplates,Bacteria,Bacillota,Bacilli,Bacillales,Bacillaceae,Bacillus,p,soil,85.0,80.0,0.16,7.08,30,8,81.389,2,2.423376623,1.423376623,0.785339814,1.724688818,14.17479251825171,Klebsiella pneumoniae,11.494404253907724,-2.6803882643439856
