,np,bacteria,bac_type,np_synthesis,method,shape,kingdom,phylum,class,order,family,genus,gram,isolated_from,concentration,np_size_avg (nm),"min_Incub_period, h","avg_Incub_period, h","growth_temp, C",Valance_electron,amw,NumHeteroatoms,kappa1,kappa2,kappa3,Phi,pred_ZOI_norm,pathogenic_bacteria,pred_ZOI_pathogen,Fitness
0,TiO2,Bacillus subtilis,non-pathogenic,green_synthesis,well_diffusion,hexagonal,Bacteria,Bacillota,Bacilli,Bacillales,Bacillaceae,Bacillus,p,soil,40.0,35.0,0.16,7.08,30,16,79.865,3,3.314285714,2.314285714,2.314285714,2.556734694,18.9899938392434,Klebsiella pneumoniae,27.69525651973688,8.70526268049348
1,Ag,Bacillus subtilis,non-pathogenic,chemical_synthesis,disk_diffusion,spherical,Bacteria,Bacillota,Bacilli,Bacillales,Bacillaceae,Bacillus,p,soil,32.0,12.0,0.16,7.08,30,11,107.868,1,1.74025974,0.091136933,2.143768512,0.158601936,17.069007623593542,Klebsiella pneumoniae,23.827065350166478,6.758057726572936
2,Cu2O,Bacillus subtilis,non-pathogenic,green_synthesis,disk_diffusion,hexagonal,Bacteria,Bacillota,Bacilli,Bacillales,Bacillaceae,Bacillus,p,soil,40.0,34.0,0.16,7.08,30,29,143.091,3,36.04057568,12.00832358,2.998961039,144.2622982,15.598863057569256,Klebsiella pneumoniae,21.81242535474277,6.213562297173516
3,Cu2O,Bacillus subtilis,non-pathogenic,green_synthesis,well_diffusion,Spherical,Bacteria,Bacillota,Bacilli,Bacillales,Bacillaceae,Bacillus,p,soil,40.0,34.0,0.16,7.08,30,29,143.091,3,36.04057568,12.00832358,2.998961039,144.2622982,16.034519189969494,Klebsiella pneumoniae,21.73730565062813,5.702786460658636
4,ZnO,Bacillus subtilis,non-pathogenic,chemical_synthesis,well_diffusion,Spherical,Bacteria,Bacillota,Bacilli,Bacillales,Bacillaceae,Bacillus,p,soil,250.0,10.0,0.16,7.08,30,8,81.389,2,2.423376623,1.423376623,0.785339814,1.724688818,15.365991246273051,Klebsiella pneumoniae,20.032745234518355,4.666753988245304
5,TiO2,Bacillus subtilis,non-pathogenic,green_synthesis,disk_diffusion,cubic,Bacteria,Bacillota,Bacilli,Bacillales,Bacillaceae,Bacillus,p,soil,28.0,44.0,0.16,7.08,30,16,79.865,3,3.314285714,2.314285714,2.314285714,2.556734694,15.953971580443701,Klebsiella pneumoniae,19.92863523229096,3.9746636518472602
6,TiO2,Bacillus subtilis,non-pathogenic,green_synthesis,well_diffusion,cylindrical,Bacteria,Bacillota,Bacilli,Bacillales,Bacillaceae,Bacillus,p,soil,42.5,44.45,0.16,7.08,30,16,79.865,3,3.314285714,2.314285714,2.314285714,2.556734694,16.49496030119999,Klebsiella pneumoniae,20.200793129331473,3.7058328281314843
7,Fe2O3,Bacillus subtilis,non-pathogenic,green_synthesis,disk_diffusion,spherical,Bacteria,Bacillota,Bacilli,Bacillales,Bacillaceae,Bacillus,p,soil,512.0,44.0,0.16,7.08,30,110,300.427,4,14.38989926,5.335287547,2.313964748,3.655916682,22.274905300397524,Klebsiella pneumoniae,25.750946364729106,3.476041064331582
8,Ag,Bacillus subtilis,non-pathogenic,chemical_synthesis,well_diffusion,cubic,Bacteria,Bacillota,Bacilli,Bacillales,Bacillaceae,Bacillus,p,soil,20000.0,8.0,0.16,7.08,30,11,107.868,1,1.74025974,0.091136933,2.143768512,0.158601936,18.466045551673766,Klebsiella pneumoniae,21.915585814555147,3.4495402628813814
9,ZnO,Bacillus subtilis,non-pathogenic,chemical_synthesis,well_diffusion,rod-shaped,Bacteria,Bacillota,Bacilli,Bacillales,Bacillaceae,Bacillus,p,soil,102.0,12.0,0.16,7.08,30,8,81.389,2,2.423376623,1.423376623,0.785339814,1.724688818,12.45380749990973,Klebsiella pneumoniae,15.879848931213699,3.426041431303968
10,Fe2O3,Bacillus subtilis,non-pathogenic,chemical_synthesis,disk_diffusion,ellipsoidal,Bacteria,Bacillota,Bacilli,Bacillales,Bacillaceae,Bacillus,p,soil,40.0,16.0,0.16,7.08,30,110,300.427,4,14.38989926,5.335287547,2.313964748,3.655916682,12.088794217951023,Klebsiella pneumoniae,15.351892215939621,3.2630979979885986
11,Ag,Bacillus subtilis,non-pathogenic,green_synthesis,well_diffusion,Spherical,Bacteria,Bacillota,Bacilli,Bacillales,Bacillaceae,Bacillus,p,soil,10.0,42.0,0.16,7.08,30,11,107.868,1,1.74025974,0.091136933,2.143768512,0.158601936,17.997934482555785,Klebsiella pneumoniae,21.133072889117756,3.135138406561971
12,ZnO,Bacillus subtilis,non-pathogenic,green_synthesis,disk_diffusion,cubic,Bacteria,Bacillota,Bacilli,Bacillales,Bacillaceae,Bacillus,p,soil,81.3794,37.1,0.16,7.08,30,8,81.389,2,2.423376623,1.423376623,0.785339814,1.724688818,17.05561839685901,Klebsiella pneumoniae,20.165296865008006,3.1096784681489957
13,Ag,Bacillus subtilis,non-pathogenic,green_synthesis,disc_diffusion,Spherical,Bacteria,Bacillota,Bacilli,Bacillales,Bacillaceae,Bacillus,p,soil,10.0,42.0,0.16,7.08,30,11,107.868,1,1.74025974,0.091136933,2.143768512,0.158601936,14.900901906020621,Klebsiella pneumoniae,17.801485372890102,2.900583466869481
14,TiO2,Bacillus subtilis,non-pathogenic,green_synthesis,well_diffusion,hexagonal,Bacteria,Bacillota,Bacilli,Bacillales,Bacillaceae,Bacillus,p,soil,14.0,35.0,0.16,7.08,30,16,79.865,3,3.314285714,2.314285714,2.314285714,2.556734694,16.08793985296992,Klebsiella pneumoniae,18.92158747395077,2.833647620980848
15,Ag,Bacillus subtilis,non-pathogenic,green_synthesis,disk_diffusion,cubic,Bacteria,Bacillota,Bacilli,Bacillales,Bacillaceae,Bacillus,p,soil,40.6897,14.6,0.16,7.08,30,11,107.868,1,1.74025974,0.091136933,2.143768512,0.158601936,12.582835236214972,Klebsiella pneumoniae,15.335448109390015,2.7526128731750426
16,Mo,Bacillus subtilis,non-pathogenic,chemical_synthesis,well_diffusion,cubic,Bacteria,Bacillota,Bacilli,Bacillales,Bacillaceae,Bacillus,p,soil,500.0,40.0,0.16,7.08,30,11,107.868,1,1.74025974,0.091136933,2.143768512,0.158601936,18.62806676618931,Klebsiella pneumoniae,21.29323057462105,2.665163808431739
17,Ag,Bacillus subtilis,non-pathogenic,green_synthesis,well_diffusion,spherical,Bacteria,Bacillota,Bacilli,Bacillales,Bacillaceae,Bacillus,p,soil,85.0,10.0,0.16,7.08,30,11,107.868,1,1.74025974,0.091136933,2.143768512,0.158601936,13.469710241982035,Klebsiella pneumoniae,16.068076493557758,2.5983662515757224
18,TiO2,Bacillus subtilis,non-pathogenic,green_synthesis,well_diffusion,nanoplates,Bacteria,Bacillota,Bacilli,Bacillales,Bacillaceae,Bacillus,p,soil,128.0,16.0,0.16,7.08,30,16,79.865,3,3.314285714,2.314285714,2.314285714,2.556734694,17.656383507440783,Klebsiella pneumoniae,20.237559705057354,2.5811761976165712
19,CuO,Bacillus subtilis,non-pathogenic,chemical_synthesis,disk_diffusion,rod-shaped,Bacteria,Bacillota,Bacilli,Bacillales,Bacillaceae,Bacillus,p,soil,20.34485,6.0,0.16,7.08,30,17,79.545,2,2.319480519,1.319480519,1.44956182,1.53025468,17.29192595756321,Klebsiella pneumoniae,19.653921161092825,2.3619952035296166
20,Ag,Bacillus subtilis,non-pathogenic,green_synthesis,disk_diffusion,cubic,Bacteria,Bacillota,Bacilli,Bacillales,Bacillaceae,Bacillus,p,soil,40.6897,25.0,0.16,7.08,30,11,107.868,1,1.74025974,0.091136933,2.143768512,0.158601936,14.242554964385574,Klebsiella pneumoniae,16.60180116775046,2.3592462033648847
21,ZnO,Bacillus subtilis,non-pathogenic,green_synthesis,well_diffusion,quasi-hexagonal,Bacteria,Bacillota,Bacilli,Bacillales,Bacillaceae,Bacillus,p,soil,15.0,44.0,0.16,7.08,30,8,81.389,2,2.423376623,1.423376623,0.785339814,1.724688818,27.72160903672165,Klebsiella pneumoniae,30.07160611470286,2.349997077981211
22,Ag,Bacillus subtilis,non-pathogenic,chemical_synthesis,disk_diffusion,ellipsoidal,Bacteria,Bacillota,Bacilli,Bacillales,Bacillaceae,Bacillus,p,soil,10000.0,15.0,0.16,7.08,30,11,107.868,1,1.74025974,0.091136933,2.143768512,0.158601936,18.78935845655223,Klebsiella pneumoniae,21.078254217587542,2.288895761035313
23,CuO,Bacillus subtilis,non-pathogenic,chemical_synthesis,disc_diffusion,nanoplates,Bacteria,Bacillota,Bacilli,Bacillales,Bacillaceae,Bacillus,p,soil,250.0,3.0,0.16,7.08,30,17,79.545,2,2.319480519,1.319480519,1.44956182,1.53025468,14.724032944005215,Klebsiella pneumoniae,16.869332161337756,2.145299217332541
24,TiO2,Bacillus subtilis,non-pathogenic,green_synthesis,disc_diffusion,snowflake,Bacteria,Bacillota,Bacilli,Bacillales,Bacillaceae,Bacillus,p,soil,100.0,41.23,0.16,7.08,30,16,79.865,3,3.314285714,2.314285714,2.314285714,2.556734694,18.52985626818927,Klebsiella pneumoniae,20.630711699261724,2.1008554310724534
25,Cu2O,Bacillus subtilis,non-pathogenic,green_synthesis,disk_diffusion,hexagonal,Bacteria,Bacillota,Bacilli,Bacillales,Bacillaceae,Bacillus,p,soil,11.0,34.0,0.16,7.08,30,8,81.389,2,2.423376623,1.423376623,0.785339814,1.724688818,18.14095687502004,Klebsiella pneumoniae,20.212653479134296,2.071696604114255
26,Ag,Bacillus subtilis,non-pathogenic,chemical_synthesis,disc_diffusion,hexagonal,Bacteria,Bacillota,Bacilli,Bacillales,Bacillaceae,Bacillus,p,soil,300.0,10.0,0.16,7.08,30,11,107.868,1,1.74025974,0.091136933,2.143768512,0.158601936,14.574153672576163,Klebsiella pneumoniae,16.60222209432692,2.0280684217507563
27,Fe2O3,Bacillus subtilis,non-pathogenic,green_synthesis,disk_diffusion,cylindrical,Bacteria,Bacillota,Bacilli,Bacillales,Bacillaceae,Bacillus,p,soil,128.0,16.0,0.16,7.08,30,110,300.427,4,14.38989926,5.335287547,2.313964748,3.655916682,14.68330046002982,Klebsiella pneumoniae,16.631395349065063,1.948094889035243
28,Ag,Bacillus subtilis,non-pathogenic,green_synthesis,disk_diffusion,cylindrical,Bacteria,Bacillota,Bacilli,Bacillales,Bacillaceae,Bacillus,p,soil,10.0,28.0,0.16,7.08,30,11,107.868,1,1.74025974,0.091136933,2.143768512,0.158601936,13.212745862790225,Klebsiella pneumoniae,15.110962133979667,1.8982162711894421
29,Cu2O,Bacillus subtilis,non-pathogenic,green_synthesis,disc_diffusion,cubic,Bacteria,Bacillota,Bacilli,Bacillales,Bacillaceae,Bacillus,p,soil,195.0,37.1,0.16,7.08,30,29,143.091,3,36.04057568,12.00832358,2.998961039,144.2622982,17.53484373432515,Klebsiella pneumoniae,19.419432122784592,1.8845883884594414
30,Ag,Bacillus subtilis,non-pathogenic,green_synthesis,disc_diffusion,snowflake,Bacteria,Bacillota,Bacilli,Bacillales,Bacillaceae,Bacillus,p,soil,170.0,33.0,0.16,7.08,30,11,107.868,1,1.74025974,0.091136933,2.143768512,0.158601936,20.449383242856204,Klebsiella pneumoniae,22.31241278063651,1.8630295377803066
31,Mo,Bacillus subtilis,non-pathogenic,chemical_synthesis,well_diffusion,cubic,Bacteria,Bacillota,Bacilli,Bacillales,Bacillaceae,Bacillus,p,soil,1000.0,35.0,0.16,7.08,30,6,95.94,1,1.688311688,0.141141877,2.499632443,0.238291481,16.388415296677852,Klebsiella pneumoniae,18.198904947762045,1.8104896510841932
32,Fe3O4,Bacillus subtilis,non-pathogenic,green_synthesis,disk_diffusion,nanorods and triangles,Bacteria,Bacillota,Bacilli,Bacillales,Bacillaceae,Bacillus,p,soil,75.0,34.0,0.16,7.08,30,48,231.531,7,10.82035581,15.78324347,19.64994348,24.39718718,17.383651673204483,Klebsiella pneumoniae,19.184733142683285,1.8010814694788024
33,ZnO,Bacillus subtilis,non-pathogenic,chemical_synthesis,disc_diffusion,Spherical,Bacteria,Bacillota,Bacilli,Bacillales,Bacillaceae,Bacillus,p,soil,250.0,10.0,0.16,7.08,30,8,81.389,2,2.423376623,1.423376623,0.785339814,1.724688818,14.902452979447894,Klebsiella pneumoniae,16.67933644066287,1.7768834612149753
34,Cu,Bacillus subtilis,non-pathogenic,chemical_synthesis,disc_diffusion,rod-shaped,Bacteria,Bacillota,Bacilli,Bacillales,Bacillaceae,Bacillus,p,soil,500.0,15.8,0.16,7.08,30,11,63.546,1,1.519480519,0.444480519,4.219480519,0.675379491,17.62655670140608,Klebsiella pneumoniae,19.343612596245045,1.717055894838964
35,Ag,Bacillus subtilis,non-pathogenic,chemical_synthesis,disk_diffusion,snowflake,Bacteria,Bacillota,Bacilli,Bacillales,Bacillaceae,Bacillus,p,soil,10000.0,44.45,0.16,7.08,30,11,107.868,1,1.74025974,0.091136933,2.143768512,0.158601936,20.016010002109002,Klebsiella pneumoniae,21.488262950405186,1.472252948296184
36,Fe2O3,Bacillus subtilis,non-pathogenic,green_synthesis,well_diffusion,nanorods and triangles,Bacteria,Bacillota,Bacilli,Bacillales,Bacillaceae,Bacillus,p,soil,128.0,15.0,0.16,7.08,30,110,300.427,4,14.38989926,5.335287547,2.313964748,3.655916682,16.234352568800126,Klebsiella pneumoniae,17.54342748796751,1.309074919167383
37,ZnO,Bacillus subtilis,non-pathogenic,chemical_synthesis,well_diffusion,ellipsoidal,Bacteria,Bacillota,Bacilli,Bacillales,Bacillaceae,Bacillus,p,soil,100.0,37.1,0.16,7.08,30,8,81.389,2,2.423376623,1.423376623,0.785339814,1.724688818,16.815174437750223,Klebsiella pneumoniae,17.988198031783863,1.1730235940336406
38,Ag,Bacillus subtilis,non-pathogenic,chemical_synthesis,well_diffusion,nanoplates,Bacteria,Bacillota,Bacilli,Bacillales,Bacillaceae,Bacillus,p,soil,81.3794,34.0,0.16,7.08,30,11,107.868,1,1.74025974,0.091136933,2.143768512,0.158601936,17.42704669356585,Klebsiella pneumoniae,18.35014908706964,0.9231023935037896
39,CuO,Bacillus subtilis,non-pathogenic,chemical_synthesis,disk_diffusion,Spherical,Bacteria,Bacillota,Bacilli,Bacillales,Bacillaceae,Bacillus,p,soil,1024.0,37.1,0.16,7.08,30,17,79.545,2,2.319480519,1.319480519,1.44956182,1.53025468,18.957807461396616,Klebsiella pneumoniae,19.88039813138916,0.9225906699925446
40,Pt,Bacillus subtilis,non-pathogenic,chemical_synthesis,well_diffusion,hexagonal,Bacteria,Bacillota,Bacilli,Bacillales,Bacillaceae,Bacillus,p,soil,10.0,42.0,0.16,7.08,30,10,195.078,1,1.688311688,0.141141877,2.499632443,0.238291481,17.151306685429415,Klebsiella pneumoniae,17.861816938988152,0.7105102535587378
41,CuO,Bacillus subtilis,non-pathogenic,chemical_synthesis,disc_diffusion,spheroidal,Bacteria,Bacillota,Bacilli,Bacillales,Bacillaceae,Bacillus,p,soil,0.31,41.9,0.16,7.08,30,17,79.545,2,2.319480519,1.319480519,1.44956182,1.53025468,15.39707190305698,Klebsiella pneumoniae,15.933100086099072,0.5360281830420917
42,Ag,Bacillus subtilis,non-pathogenic,green_synthesis,disk_diffusion,spheroidal,Bacteria,Bacillota,Bacilli,Bacillales,Bacillaceae,Bacillus,p,soil,500.0,51.9,0.16,7.08,30,11,107.868,1,1.74025974,0.091136933,2.143768512,0.158601936,17.490419747444086,Klebsiella pneumoniae,17.849345453126176,0.3589257056820898
43,ZnO,Bacillus subtilis,non-pathogenic,chemical_synthesis,disk_diffusion,cylindrical,Bacteria,Bacillota,Bacilli,Bacillales,Bacillaceae,Bacillus,p,soil,85.0,40.0,0.16,7.08,30,8,81.389,2,2.423376623,1.423376623,0.785339814,1.724688818,16.953328934597163,Klebsiella pneumoniae,17.16232491596454,0.20899598136737652
44,TiO2,Bacillus subtilis,non-pathogenic,chemical_synthesis,disk_diffusion,cubic,Bacteria,Bacillota,Bacilli,Bacillales,Bacillaceae,Bacillus,p,soil,130.0,51.3,0.16,7.08,30,16,79.865,3,3.314285714,2.314285714,2.314285714,2.556734694,14.156758896723824,Klebsiella pneumoniae,14.266076197152755,0.10931730042893051
45,Ag,Bacillus subtilis,non-pathogenic,green_synthesis,well_diffusion,triangular,Bacteria,Bacillota,Bacilli,Bacillales,Bacillaceae,Bacillus,p,soil,0.31775,8.0,0.16,7.08,30,11,107.868,1,1.74025974,0.091136933,2.143768512,0.158601936,10.568795862744922,Klebsiella pneumoniae,10.626326654534948,0.057530791790025404
46,CuO,Bacillus subtilis,non-pathogenic,green_synthesis,well_diffusion,snowflake,Bacteria,Bacillota,Bacilli,Bacillales,Bacillaceae,Bacillus,p,soil,200.0,9.0,0.16,7.08,30,17,79.545,2,2.319480519,1.319480519,1.44956182,1.53025468,19.348069468361345,Klebsiella pneumoniae,19.10045143357926,-0.24761803478208577
47,Ag,Bacillus subtilis,non-pathogenic,chemical_synthesis,well_diffusion,hexagonal,Bacteria,Bacillota,Bacilli,Bacillales,Bacillaceae,Bacillus,p,soil,65.0,46.0,0.16,7.08,30,11,107.868,1,1.74025974,0.091136933,2.143768512,0.158601936,12.629035307781514,Klebsiella pneumoniae,12.282172925816392,-0.3468623819651224
48,ZnO,Bacillus subtilis,non-pathogenic,chemical_synthesis,disc_diffusion,ellipsoidal,Bacteria,Bacillota,Bacilli,Bacillales,Bacillaceae,Bacillus,p,soil,170.0,25.0,0.16,7.08,30,8,81.389,2,2.423376623,1.423376623,0.785339814,1.724688818,17.18615872847282,Klebsiella pneumoniae,16.833123030692416,-0.35303569778040256
49,CeO2,Bacillus subtilis,non-pathogenic,chemical_synthesis,disk_diffusion,spheroidal,Bacteria,Bacillota,Bacilli,Bacillales,Bacillaceae,Bacillus,p,soil,25.0,45.3,0.16,7.08,30,16,172.114,3,3.976623377,2.976623377,2.976623377,3.945636701,14.783833991897682,Klebsiella pneumoniae,14.41610983876428,-0.3677241531334019
50,Fe2O3,Bacillus subtilis,non-pathogenic,green_synthesis,disc_diffusion,triangular,Bacteria,Bacillota,Bacilli,Bacillales,Bacillaceae,Bacillus,p,soil,1024.0,46.8,0.16,7.08,30,110,300.427,4,14.38989926,5.335287547,2.313964748,3.655916682,15.256482280421658,Klebsiella pneumoniae,14.785487833903701,-0.4709944465179561
51,ZnO,Bacillus subtilis,non-pathogenic,chemical_synthesis,disc_diffusion,quasi-hexagonal,Bacteria,Bacillota,Bacilli,Bacillales,Bacillaceae,Bacillus,p,soil,15.0,45.3,0.16,7.08,30,8,81.389,2,2.423376623,1.423376623,0.785339814,1.724688818,20.080480537945533,Klebsiella pneumoniae,19.490934725818246,-0.5895458121272874
52,Ag,Bacillus subtilis,non-pathogenic,chemical_synthesis,disc_diffusion,triangular,Bacteria,Bacillota,Bacilli,Bacillales,Bacillaceae,Bacillus,p,soil,130.0,9.0,0.16,7.08,30,11,107.868,1,1.74025974,0.091136933,2.143768512,0.158601936,10.801095786065538,Klebsiella pneumoniae,10.187981520004389,-0.6131142660611495
53,CuO,Bacillus subtilis,non-pathogenic,chemical_synthesis,disc_diffusion,rod-shaped,Bacteria,Bacillota,Bacilli,Bacillales,Bacillaceae,Bacillus,p,soil,2000.0,21.0,0.16,7.08,30,17,79.545,2,2.319480519,1.319480519,1.44956182,1.53025468,20.50101599141335,Klebsiella pneumoniae,19.87877555229508,-0.6222404391182685
54,Mo,Bacillus subtilis,non-pathogenic,green_synthesis,disc_diffusion,ellipsoidal,Bacteria,Bacillota,Bacilli,Bacillales,Bacillaceae,Bacillus,p,soil,0.95325,93.0,0.16,7.08,30,6,95.94,1,1.688311688,0.141141877,2.499632443,0.238291481,12.943591237255088,Klebsiella pneumoniae,12.274043583782563,-0.6695476534725255
55,ZnO,Bacillus subtilis,non-pathogenic,chemical_synthesis,disc_diffusion,nanorods and triangles,Bacteria,Bacillota,Bacilli,Bacillales,Bacillaceae,Bacillus,p,soil,10.625,25.0,0.16,7.08,30,8,81.389,2,2.423376623,1.423376623,0.785339814,1.724688818,19.880404305077683,Klebsiella pneumoniae,18.98359621153837,-0.8968080935393132
56,Ag,Bacillus subtilis,non-pathogenic,chemical_synthesis,disk_diffusion,nanorods and triangles,Bacteria,Bacillota,Bacilli,Bacillales,Bacillaceae,Bacillus,p,soil,1.33,92.0,0.16,7.08,30,11,107.868,1,1.74025974,0.091136933,2.143768512,0.158601936,13.7272425594432,Klebsiella pneumoniae,12.813402523916665,-0.913840035526535
57,Ag,Bacillus subtilis,non-pathogenic,green_synthesis,disc_diffusion,cylindrical,Bacteria,Bacillota,Bacilli,Bacillales,Bacillaceae,Bacillus,p,soil,21.25,92.0,0.16,7.08,30,11,107.868,1,1.74025974,0.091136933,2.143768512,0.158601936,12.238306236546585,Klebsiella pneumoniae,10.99915283384264,-1.2391534027039448
58,CuO,Bacillus subtilis,non-pathogenic,green_synthesis,disk_diffusion,cubic,Bacteria,Bacillota,Bacilli,Bacillales,Bacillaceae,Bacillus,p,soil,64.0,44.45,0.16,7.08,30,17,79.545,2,2.319480519,1.319480519,1.44956182,1.53025468,16.764935299956388,Klebsiella pneumoniae,14.928012233533265,-1.8369230664231235
59,ZnO,Bacillus subtilis,non-pathogenic,chemical_synthesis,disc_diffusion,cubic,Bacteria,Bacillota,Bacilli,Bacillales,Bacillaceae,Bacillus,p,soil,2.65,15.8,0.16,7.08,30,8,81.389,2,2.423376623,1.423376623,0.785339814,1.724688818,16.762528970008646,Klebsiella pneumoniae,14.557766328216877,-2.2047626417917687
60,Fe2O3,Bacillus subtilis,non-pathogenic,chemical_synthesis,disc_diffusion,nanorods,Bacteria,Bacillota,Bacilli,Bacillales,Bacillaceae,Bacillus,p,soil,2.7,62.5,0.16,7.08,30,110,300.427,4,14.38989926,5.335287547,2.313964748,3.655916682,13.359756829729651,Klebsiella pneumoniae,11.114581569154614,-2.245175260575037
61,Fe3O4,Bacillus subtilis,non-pathogenic,chemical_synthesis,well_diffusion,ellipsoidal,Bacteria,Bacillota,Bacilli,Bacillales,Bacillaceae,Bacillus,p,soil,11.0,120.0,0.16,7.08,30,48,231.531,7,10.82035581,15.78324347,19.64994348,24.39718718,12.835092222908301,Klebsiella pneumoniae,9.944950010789817,-2.8901422121184837
62,CuO,Bacillus subtilis,non-pathogenic,green_synthesis,disk_diffusion,spherical,Bacteria,Bacillota,Bacilli,Bacillales,Bacillaceae,Bacillus,p,soil,256.0,51.3,0.16,7.08,30,17,79.545,2,2.319480519,1.319480519,1.44956182,1.53025468,25.638676596314298,Klebsiella pneumoniae,21.725841207042507,-3.912835389271791
