,np,bacteria,bac_type,np_synthesis,method,shape,kingdom,phylum,class,order,family,genus,gram,isolated_from,concentration,np_size_avg (nm),"min_Incub_period, h","avg_Incub_period, h","growth_temp, C",Valance_electron,amw,NumHeteroatoms,kappa1,kappa2,kappa3,Phi,pred_ZOI_norm,pathogenic_bacteria,pred_ZOI_pathogen,Fitness
0,ZnO,Bacillus subtilis,non-pathogenic,green_synthesis,well_diffusion,cubic,Bacteria,Bacillota,Bacilli,Bacillales,Bacillaceae,Bacillus,p,soil,40.0,37.1,0.16,7.08,30,16,79.865,3,3.314285714,2.314285714,2.314285714,2.556734694,19.21153708299293,Klebsiella pneumoniae,28.51831960589616,9.30678252290323
1,TiO2,Bacillus subtilis,non-pathogenic,green_synthesis,disk_diffusion,ellipsoidal,Bacteria,Bacillota,Bacilli,Bacillales,Bacillaceae,Bacillus,p,soil,40.0,40.0,0.16,7.08,30,16,79.865,3,3.314285714,2.314285714,2.314285714,2.556734694,19.59960771155638,Klebsiella pneumoniae,27.56034507353067,7.960737361974289
2,TiO2,Bacillus subtilis,non-pathogenic,green_synthesis,disk_diffusion,cylindrical,Bacteria,Bacillota,Bacilli,Bacillales,Bacillaceae,Bacillus,p,soil,40.0,17.5,0.16,7.08,30,16,79.865,3,3.314285714,2.314285714,2.314285714,2.556734694,13.073258064051487,Klebsiella pneumoniae,19.047990000009875,5.974731935958388
3,ZnO,Bacillus subtilis,non-pathogenic,chemical_synthesis,well_diffusion,hexagonal,Bacteria,Bacillota,Bacilli,Bacillales,Bacillaceae,Bacillus,p,soil,170.0,8.0,0.16,7.08,30,8,81.389,2,2.423376623,1.423376623,0.785339814,1.724688818,14.419261873354902,Klebsiella pneumoniae,19.957137190967803,5.537875317612901
4,CuO,Bacillus subtilis,non-pathogenic,chemical_synthesis,well_diffusion,rod-shaped,Bacteria,Bacillota,Bacilli,Bacillales,Bacillaceae,Bacillus,p,soil,20.34485,10.0,0.16,7.08,30,11,107.868,1,1.74025974,0.091136933,2.143768512,0.158601936,16.447892247791668,Klebsiella pneumoniae,21.67832240781111,5.230430160019441
5,Ag,Bacillus subtilis,non-pathogenic,chemical_synthesis,well_diffusion,spherical,Bacteria,Bacillota,Bacilli,Bacillales,Bacillaceae,Bacillus,p,soil,40.0,15.8,0.16,7.08,30,11,107.868,1,1.74025974,0.091136933,2.143768512,0.158601936,15.316703631523994,Klebsiella pneumoniae,20.54446714678256,5.227763515258564
6,ZnO,Bacillus subtilis,non-pathogenic,chemical_synthesis,disk_diffusion,snowflake,Bacteria,Bacillota,Bacilli,Bacillales,Bacillaceae,Bacillus,p,soil,30.0,9.0,0.16,7.08,30,8,81.389,2,2.423376623,1.423376623,0.785339814,1.724688818,18.17487961519167,Klebsiella pneumoniae,23.18465383547865,5.009774220286978
7,Ag,Bacillus subtilis,non-pathogenic,chemical_synthesis,well_diffusion,cubic,Bacteria,Bacillota,Bacilli,Bacillales,Bacillaceae,Bacillus,p,soil,512.0,10.0,0.16,7.08,30,11,107.868,1,1.74025974,0.091136933,2.143768512,0.158601936,18.09309289413071,Klebsiella pneumoniae,22.947437868252745,4.854344974122036
8,CuO,Bacillus subtilis,non-pathogenic,green_synthesis,well_diffusion,cylindrical,Bacteria,Bacillota,Bacilli,Bacillales,Bacillaceae,Bacillus,p,soil,40.0,35.0,0.16,7.08,30,17,79.545,2,2.319480519,1.319480519,1.44956182,1.53025468,17.19887430172462,Klebsiella pneumoniae,21.921383513140345,4.722509211415726
9,ZnO,Bacillus subtilis,non-pathogenic,chemical_synthesis,well_diffusion,spherical,Bacteria,Bacillota,Bacilli,Bacillales,Bacillaceae,Bacillus,p,soil,128.0,8.0,0.16,7.08,30,11,107.868,1,1.74025974,0.091136933,2.143768512,0.158601936,13.598677307963488,Klebsiella pneumoniae,18.224612948701143,4.625935640737655
10,Ag,Bacillus subtilis,non-pathogenic,chemical_synthesis,disc_diffusion,spherical,Bacteria,Bacillota,Bacilli,Bacillales,Bacillaceae,Bacillus,p,soil,40.0,14.6,0.16,7.08,30,11,107.868,1,1.74025974,0.091136933,2.143768512,0.158601936,14.62205513203505,Klebsiella pneumoniae,19.06898589139463,4.44693075935958
11,CuO,Bacillus subtilis,non-pathogenic,chemical_synthesis,disk_diffusion,nanoplates,Bacteria,Bacillota,Bacilli,Bacillales,Bacillaceae,Bacillus,p,soil,300.0,9.0,0.16,7.08,30,16,79.865,3,3.314285714,2.314285714,2.314285714,2.556734694,12.38239929155469,Klebsiella pneumoniae,16.786758994174736,4.404359702620047
12,Ag,Bacillus subtilis,non-pathogenic,chemical_synthesis,well_diffusion,spherical,Bacteria,Bacillota,Bacilli,Bacillales,Bacillaceae,Bacillus,p,soil,1024.0,21.0,0.16,7.08,30,11,107.868,1,1.74025974,0.091136933,2.143768512,0.158601936,20.066171036583164,Klebsiella pneumoniae,24.30127407039147,4.235103033808308
13,Fe2O3,Bacillus subtilis,non-pathogenic,green_synthesis,disk_diffusion,ellipsoidal,Bacteria,Bacillota,Bacilli,Bacillales,Bacillaceae,Bacillus,p,soil,20000.0,6.0,0.16,7.08,30,110,300.427,4,14.38989926,5.335287547,2.313964748,3.655916682,17.946688309267632,Klebsiella pneumoniae,22.087815525689592,4.14112721642196
14,CuO,Bacillus subtilis,non-pathogenic,chemical_synthesis,well_diffusion,hexagonal,Bacteria,Bacillota,Bacilli,Bacillales,Bacillaceae,Bacillus,p,soil,1000.0,6.0,0.16,7.08,30,17,79.545,2,2.319480519,1.319480519,1.44956182,1.53025468,17.64101515640068,Klebsiella pneumoniae,21.697817553647223,4.056802397246543
15,TiO2,Bacillus subtilis,non-pathogenic,green_synthesis,well_diffusion,cubic,Bacteria,Bacillota,Bacilli,Bacillales,Bacillaceae,Bacillus,p,soil,40.6897,17.5,0.16,7.08,30,16,79.865,3,3.314285714,2.314285714,2.314285714,2.556734694,13.595521387680233,Klebsiella pneumoniae,17.428489166683725,3.832967779003493
16,Cu,Bacillus subtilis,non-pathogenic,chemical_synthesis,disk_diffusion,snowflake,Bacteria,Bacillota,Bacilli,Bacillales,Bacillaceae,Bacillus,p,soil,30.0,13.5,0.16,7.08,30,11,63.546,1,1.519480519,0.444480519,4.219480519,0.675379491,14.71032205548742,Klebsiella pneumoniae,18.41253769479696,3.7022156393095393
17,Ag,Bacillus subtilis,non-pathogenic,chemical_synthesis,well_diffusion,cubic,Bacteria,Bacillota,Bacilli,Bacillales,Bacillaceae,Bacillus,p,soil,25000.0,4.0,0.16,7.08,30,11,107.868,1,1.74025974,0.091136933,2.143768512,0.158601936,17.399676195457488,Klebsiella pneumoniae,21.050618188827638,3.65094199337015
18,Fe2O3,Bacillus subtilis,non-pathogenic,green_synthesis,disk_diffusion,spherical,Bacteria,Bacillota,Bacilli,Bacillales,Bacillaceae,Bacillus,p,soil,195.0,35.0,0.16,7.08,30,16,79.865,3,3.314285714,2.314285714,2.314285714,2.556734694,22.02200263579002,Klebsiella pneumoniae,25.672393954539963,3.650391318749943
19,ZnO,Bacillus subtilis,non-pathogenic,chemical_synthesis,disk_diffusion,ellipsoidal,Bacteria,Bacillota,Bacilli,Bacillales,Bacillaceae,Bacillus,p,soil,162.7588,9.0,0.16,7.08,30,8,81.389,2,2.423376623,1.423376623,0.785339814,1.724688818,12.927844022729468,Klebsiella pneumoniae,16.56443023282094,3.6365862100914708
20,CuO,Bacillus subtilis,non-pathogenic,chemical_synthesis,disk_diffusion,nanoplates,Bacteria,Bacillota,Bacilli,Bacillales,Bacillaceae,Bacillus,p,soil,300.0,9.0,0.16,7.08,30,17,79.545,2,2.319480519,1.319480519,1.44956182,1.53025468,15.991775597948335,Klebsiella pneumoniae,19.576822930351018,3.5850473324026826
21,Cu,Bacillus subtilis,non-pathogenic,green_synthesis,disk_diffusion,nanoplates,Bacteria,Bacillota,Bacilli,Bacillales,Bacillaceae,Bacillus,p,soil,2000.0,13.5,0.16,7.08,30,16,79.865,3,3.314285714,2.314285714,2.314285714,2.556734694,15.740715408768725,Klebsiella pneumoniae,19.325103383370376,3.5843879746016505
22,Ag,Bacillus subtilis,non-pathogenic,green_synthesis,well_diffusion,snowflake,Bacteria,Bacillota,Bacilli,Bacillales,Bacillaceae,Bacillus,p,soil,2000.0,20.0,0.16,7.08,30,11,107.868,1,1.74025974,0.091136933,2.143768512,0.158601936,20.5330431246213,Klebsiella pneumoniae,24.110286196744553,3.5772430721232524
23,ZnO,Bacillus subtilis,non-pathogenic,green_synthesis,well_diffusion,cylindrical,Bacteria,Bacillota,Bacilli,Bacillales,Bacillaceae,Bacillus,p,soil,30.0,34.0,0.16,7.08,30,8,81.389,2,2.423376623,1.423376623,0.785339814,1.724688818,17.382186465656915,Klebsiella pneumoniae,20.87525495875156,3.493068493094647
24,TiO2,Bacillus subtilis,non-pathogenic,green_synthesis,well_diffusion,rod-shaped,Bacteria,Bacillota,Bacilli,Bacillales,Bacillaceae,Bacillus,p,soil,256.0,35.0,0.16,7.08,30,16,79.865,3,3.314285714,2.314285714,2.314285714,2.556734694,21.787871954163286,Klebsiella pneumoniae,25.279910010896906,3.4920380567336196
25,ZnO,Bacillus subtilis,non-pathogenic,green_synthesis,well_diffusion,nanoplates,Bacteria,Bacillota,Bacilli,Bacillales,Bacillaceae,Bacillus,p,soil,10.625,37.1,0.16,7.08,30,8,81.389,2,2.423376623,1.423376623,0.785339814,1.724688818,26.082695402693346,Klebsiella pneumoniae,29.574431514808758,3.4917361121154116
26,Pt,Bacillus subtilis,non-pathogenic,chemical_synthesis,disc_diffusion,quasi-hexagonal,Bacteria,Bacillota,Bacilli,Bacillales,Bacillaceae,Bacillus,p,soil,20.34485,4.0,0.16,7.08,30,10,195.078,1,1.688311688,0.141141877,2.499632443,0.238291481,13.478877673779271,Klebsiella pneumoniae,16.96710210004854,3.4882244262692677
27,ZnO,Bacillus subtilis,non-pathogenic,green_synthesis,well_diffusion,hexagonal,Bacteria,Bacillota,Bacilli,Bacillales,Bacillaceae,Bacillus,p,soil,130.0,37.1,0.16,7.08,30,8,81.389,2,2.423376623,1.423376623,0.785339814,1.724688818,18.991287188959262,Klebsiella pneumoniae,22.47851682531143,3.4872296363521684
28,Ag,Bacillus subtilis,non-pathogenic,green_synthesis,well_diffusion,cubic,Bacteria,Bacillota,Bacilli,Bacillales,Bacillaceae,Bacillus,p,soil,1024.0,37.86,0.16,7.08,30,11,107.868,1,1.74025974,0.091136933,2.143768512,0.158601936,20.295025606718546,Klebsiella pneumoniae,23.5474424113607,3.252416804642152
29,CuO,Bacillus subtilis,non-pathogenic,chemical_synthesis,well_diffusion,nanorods and triangles,Bacteria,Bacillota,Bacilli,Bacillales,Bacillaceae,Bacillus,p,soil,1000.0,4.0,0.16,7.08,30,17,79.545,2,2.319480519,1.319480519,1.44956182,1.53025468,16.299808585007543,Klebsiella pneumoniae,19.50109080820329,3.201282223195747
30,Fe2O3,Bacillus subtilis,non-pathogenic,chemical_synthesis,well_diffusion,spherical,Bacteria,Bacillota,Bacilli,Bacillales,Bacillaceae,Bacillus,p,soil,1000.0,15.8,0.16,7.08,30,110,300.427,4,14.38989926,5.335287547,2.313964748,3.655916682,19.27083077121956,Klebsiella pneumoniae,22.464315524701018,3.1934847534814566
31,Ag,Bacillus subtilis,non-pathogenic,chemical_synthesis,well_diffusion,ellipsoidal,Bacteria,Bacillota,Bacilli,Bacillales,Bacillaceae,Bacillus,p,soil,200.0,15.0,0.16,7.08,30,11,107.868,1,1.74025974,0.091136933,2.143768512,0.158601936,19.103244193289868,Klebsiella pneumoniae,22.2012336226315,3.097989429341631
32,Fe2O3,Bacillus subtilis,non-pathogenic,green_synthesis,well_diffusion,spheroidal,Bacteria,Bacillota,Bacilli,Bacillales,Bacillaceae,Bacillus,p,soil,4000.0,44.45,0.16,7.08,30,110,300.427,4,14.38989926,5.335287547,2.313964748,3.655916682,21.4955926601211,Klebsiella pneumoniae,24.577257301137557,3.081664641016456
33,ZnO,Bacillus subtilis,non-pathogenic,chemical_synthesis,disc_diffusion,nanoplates,Bacteria,Bacillota,Bacilli,Bacillales,Bacillaceae,Bacillus,p,soil,200.0,8.0,0.16,7.08,30,8,81.389,2,2.423376623,1.423376623,0.785339814,1.724688818,12.707783944340328,Klebsiella pneumoniae,15.783573084356338,3.07578914001601
34,Ag,Bacillus subtilis,non-pathogenic,chemical_synthesis,well_diffusion,nanoplates,Bacteria,Bacillota,Bacilli,Bacillales,Bacillaceae,Bacillus,p,soil,40.0,25.0,0.16,7.08,30,8,81.389,2,2.423376623,1.423376623,0.785339814,1.724688818,15.864906730710471,Klebsiella pneumoniae,18.93333080984567,3.0684240791352
35,Fe2O3,Bacillus subtilis,non-pathogenic,green_synthesis,well_diffusion,spherical,Bacteria,Bacillota,Bacilli,Bacillales,Bacillaceae,Bacillus,p,soil,300.0,34.0,0.16,7.08,30,110,300.427,4,14.38989926,5.335287547,2.313964748,3.655916682,21.472589497631628,Klebsiella pneumoniae,24.462217752495697,2.989628254864069
36,ZnO,Bacillus subtilis,non-pathogenic,chemical_synthesis,disc_diffusion,ellipsoidal,Bacteria,Bacillota,Bacilli,Bacillales,Bacillaceae,Bacillus,p,soil,200.0,8.0,0.16,7.08,30,8,81.389,2,2.423376623,1.423376623,0.785339814,1.724688818,12.984479017666128,Klebsiella pneumoniae,15.964011060458141,2.9795320427920124
37,Ag,Bacillus subtilis,non-pathogenic,green_synthesis,well_diffusion,spherical,Bacteria,Bacillota,Bacilli,Bacillales,Bacillaceae,Bacillus,p,soil,10000.0,17.5,0.16,7.08,30,11,107.868,1,1.74025974,0.091136933,2.143768512,0.158601936,18.855851760687386,Klebsiella pneumoniae,21.81867517246274,2.9628234117753536
38,TiO2,Bacillus subtilis,non-pathogenic,green_synthesis,well_diffusion,spherical,Bacteria,Bacillota,Bacilli,Bacillales,Bacillaceae,Bacillus,p,soil,10.0,44.0,0.16,7.08,30,11,107.868,1,1.74025974,0.091136933,2.143768512,0.158601936,23.458610851404366,Klebsiella pneumoniae,26.36111337256723,2.902502521162866
39,Ag,Bacillus subtilis,non-pathogenic,chemical_synthesis,disk_diffusion,snowflake,Bacteria,Bacillota,Bacilli,Bacillales,Bacillaceae,Bacillus,p,soil,130.0,6.0,0.16,7.08,30,11,107.868,1,1.74025974,0.091136933,2.143768512,0.158601936,14.371176852577104,Klebsiella pneumoniae,17.259951320211528,2.8887744676344234
40,CuO,Bacillus subtilis,non-pathogenic,green_synthesis,well_diffusion,hexagonal,Bacteria,Bacillota,Bacilli,Bacillales,Bacillaceae,Bacillus,p,soil,225.0,4.0,0.16,7.08,30,17,79.545,2,2.319480519,1.319480519,1.44956182,1.53025468,18.327300458184844,Klebsiella pneumoniae,21.191090149646964,2.86378969146212
41,Ag,Bacillus subtilis,non-pathogenic,chemical_synthesis,disk_diffusion,rod-shaped,Bacteria,Bacillota,Bacilli,Bacillales,Bacillaceae,Bacillus,p,soil,10000.0,15.8,0.16,7.08,30,11,107.868,1,1.74025974,0.091136933,2.143768512,0.158601936,19.655896347766745,Klebsiella pneumoniae,21.928100870223215,2.2722045224564695
42,TiO2,Bacillus subtilis,non-pathogenic,chemical_synthesis,disk_diffusion,spherical,Bacteria,Bacillota,Bacilli,Bacillales,Bacillaceae,Bacillus,p,soil,2000.0,17.5,0.16,7.08,30,16,79.865,3,3.314285714,2.314285714,2.314285714,2.556734694,16.375138664385375,Klebsiella pneumoniae,18.63190799920712,2.256769334821744
43,Ag,Bacillus subtilis,non-pathogenic,chemical_synthesis,disc_diffusion,spherical,Bacteria,Bacillota,Bacilli,Bacillales,Bacillaceae,Bacillus,p,soil,15.0,26.38,0.16,7.08,30,11,107.868,1,1.74025974,0.091136933,2.143768512,0.158601936,14.329351228510344,Klebsiella pneumoniae,15.501816238682833,1.1724650101724894
44,CuO,Bacillus subtilis,non-pathogenic,chemical_synthesis,well_diffusion,nanoplates,Bacteria,Bacillota,Bacilli,Bacillales,Bacillaceae,Bacillus,p,soil,40.6897,44.0,0.16,7.08,30,17,79.545,2,2.319480519,1.319480519,1.44956182,1.53025468,17.427487551224328,Klebsiella pneumoniae,18.044309003437476,0.6168214522131485
45,Ag,Bacillus subtilis,non-pathogenic,green_synthesis,disc_diffusion,quasi-hexagonal,Bacteria,Bacillota,Bacilli,Bacillales,Bacillaceae,Bacillus,p,soil,2.5,52.5,0.16,7.08,30,11,107.868,1,1.74025974,0.091136933,2.143768512,0.158601936,14.665681276988087,Klebsiella pneumoniae,14.95445861155608,0.2887773345679925
46,ZnO,Bacillus subtilis,non-pathogenic,green_synthesis,disc_diffusion,cubic,Bacteria,Bacillota,Bacilli,Bacillales,Bacillaceae,Bacillus,p,soil,162.7588,44.45,0.16,7.08,30,8,81.389,2,2.423376623,1.423376623,0.785339814,1.724688818,18.493173085430634,Klebsiella pneumoniae,18.743364538515983,0.25019145308534974
47,Ag,Bacillus subtilis,non-pathogenic,chemical_synthesis,disk_diffusion,quasi-hexagonal,Bacteria,Bacillota,Bacilli,Bacillales,Bacillaceae,Bacillus,p,soil,13.0,45.26,0.16,7.08,30,11,107.868,1,1.74025974,0.091136933,2.143768512,0.158601936,15.217300868970563,Klebsiella pneumoniae,15.165034408149596,-0.05226646082096664
48,CuO,Bacillus subtilis,non-pathogenic,green_synthesis,disc_diffusion,spheroidal,Bacteria,Bacillota,Bacilli,Bacillales,Bacillaceae,Bacillus,p,soil,1.590908,25.0,0.16,7.08,30,17,79.545,2,2.319480519,1.319480519,1.44956182,1.53025468,15.218519376718337,Klebsiella pneumoniae,14.958223809918263,-0.2602955668000746
49,Co,Bacillus subtilis,non-pathogenic,chemical_synthesis,well_diffusion,nanoplates,Bacteria,Bacillota,Bacilli,Bacillales,Bacillaceae,Bacillus,p,soil,25000.0,28.0,0.16,7.08,30,9,58.933,1,1.506493506,0.480852481,4.403929404,0.72440114,18.647204526836887,Klebsiella pneumoniae,18.37524582508812,-0.271958701748769
50,Cu2O,Bacillus subtilis,non-pathogenic,green_synthesis,well_diffusion,quasi-hexagonal,Bacteria,Bacillota,Bacilli,Bacillales,Bacillaceae,Bacillus,p,soil,1000.0,46.8,0.16,7.08,30,29,143.091,3,36.04057568,12.00832358,2.998961039,144.2622982,20.68536678569809,Klebsiella pneumoniae,20.301024859060057,-0.384341926638033
51,Pt,Bacillus subtilis,non-pathogenic,green_synthesis,disc_diffusion,rod-shaped,Bacteria,Bacillota,Bacilli,Bacillales,Bacillaceae,Bacillus,p,soil,2000.0,51.9,0.16,7.08,30,10,195.078,1,1.688311688,0.141141877,2.499632443,0.238291481,16.317962311662576,Klebsiella pneumoniae,15.767912660062434,-0.5500496516001423
52,Ag,Bacillus subtilis,non-pathogenic,chemical_synthesis,well_diffusion,spherical,Bacteria,Bacillota,Bacilli,Bacillales,Bacillaceae,Bacillus,p,soil,65.0,51.3,0.16,7.08,30,11,107.868,1,1.74025974,0.091136933,2.143768512,0.158601936,14.326567916092587,Klebsiella pneumoniae,13.714677927898324,-0.6118899881942639
53,Ag,Bacillus subtilis,non-pathogenic,chemical_synthesis,well_diffusion,cubic,Bacteria,Bacillota,Bacilli,Bacillales,Bacillaceae,Bacillus,p,soil,15.0,10.0,0.16,7.08,30,8,81.389,2,2.423376623,1.423376623,0.785339814,1.724688818,11.848733087107165,Klebsiella pneumoniae,11.13631733873597,-0.7124157483711944
54,Ag,Bacillus subtilis,non-pathogenic,chemical_synthesis,well_diffusion,nanoplates,Bacteria,Bacillota,Bacilli,Bacillales,Bacillaceae,Bacillus,p,soil,3.181816,20.0,0.16,7.08,30,11,107.868,1,1.74025974,0.091136933,2.143768512,0.158601936,12.916928686125404,Klebsiella pneumoniae,12.088573259349065,-0.8283554267763389
55,Ag,Bacillus subtilis,non-pathogenic,green_synthesis,disk_diffusion,cylindrical,Bacteria,Bacillota,Bacilli,Bacillales,Bacillaceae,Bacillus,p,soil,195.0,51.9,0.16,7.08,30,11,107.868,1,1.74025974,0.091136933,2.143768512,0.158601936,16.624521190786233,Klebsiella pneumoniae,15.769200141444824,-0.8553210493414092
56,ZnO,Bacillus subtilis,non-pathogenic,green_synthesis,well_diffusion,rod-shaped,Bacteria,Bacillota,Bacilli,Bacillales,Bacillaceae,Bacillus,p,soil,5.31,15.8,0.16,7.08,30,8,81.389,2,2.423376623,1.423376623,0.785339814,1.724688818,19.147639442438667,Klebsiella pneumoniae,18.268428706275653,-0.8792107361630137
57,CuO,Bacillus subtilis,non-pathogenic,green_synthesis,disk_diffusion,quasi-hexagonal,Bacteria,Bacillota,Bacilli,Bacillales,Bacillaceae,Bacillus,p,soil,10.625,25.0,0.16,7.08,30,17,79.545,2,2.319480519,1.319480519,1.44956182,1.53025468,19.40928418109217,Klebsiella pneumoniae,18.51969343630388,-0.8895907447882898
58,Ag,Bacillus subtilis,non-pathogenic,green_synthesis,disk_diffusion,hexagonal,Bacteria,Bacillota,Bacilli,Bacillales,Bacillaceae,Bacillus,p,soil,1.33,25.0,0.16,7.08,30,11,107.868,1,1.74025974,0.091136933,2.143768512,0.158601936,11.871828374402071,Klebsiella pneumoniae,10.945484910202946,-0.9263434641991246
59,CuO,Bacillus subtilis,non-pathogenic,green_synthesis,well_diffusion,snowflake,Bacteria,Bacillota,Bacilli,Bacillales,Bacillaceae,Bacillus,p,soil,128.0,35.0,0.16,7.08,30,17,79.545,2,2.319480519,1.319480519,1.44956182,1.53025468,22.586212775322515,Klebsiella pneumoniae,21.598084128381508,-0.9881286469410071
60,ZnO,Bacillus subtilis,non-pathogenic,chemical_synthesis,disc_diffusion,spherical,Bacteria,Bacillota,Bacilli,Bacillales,Bacillaceae,Bacillus,p,soil,1.271,6.0,0.16,7.08,30,8,81.389,2,2.423376623,1.423376623,0.785339814,1.724688818,15.790244331033893,Klebsiella pneumoniae,14.582790821740526,-1.2074535092933676
61,CuO,Bacillus subtilis,non-pathogenic,green_synthesis,well_diffusion,snowflake,Bacteria,Bacillota,Bacilli,Bacillales,Bacillaceae,Bacillus,p,soil,12.0,20.0,0.16,7.08,30,17,79.545,2,2.319480519,1.319480519,1.44956182,1.53025468,19.697141200834622,Klebsiella pneumoniae,18.381540320419617,-1.3156008804150048
62,ZnO,Bacillus subtilis,non-pathogenic,green_synthesis,disc_diffusion,cylindrical,Bacteria,Bacillota,Bacilli,Bacillales,Bacillaceae,Bacillus,p,soil,6000.0,45.3,0.16,7.08,30,8,81.389,2,2.423376623,1.423376623,0.785339814,1.724688818,17.5441226180576,Klebsiella pneumoniae,16.1448125116817,-1.3993101063759
63,Ag,Bacillus subtilis,non-pathogenic,chemical_synthesis,well_diffusion,triangular,Bacteria,Bacillota,Bacilli,Bacillales,Bacillaceae,Bacillus,p,soil,12.0,62.5,0.16,7.08,30,11,107.868,1,1.74025974,0.091136933,2.143768512,0.158601936,13.131166223888341,Klebsiella pneumoniae,11.695556241712993,-1.4356099821753485
64,ZnO,Bacillus subtilis,non-pathogenic,green_synthesis,disk_diffusion,nanorods,Bacteria,Bacillota,Bacilli,Bacillales,Bacillaceae,Bacillus,p,soil,3.4,9.0,0.16,7.08,30,8,81.389,2,2.423376623,1.423376623,0.785339814,1.724688818,15.670536199835992,Klebsiella pneumoniae,14.112600115526497,-1.5579360843094943
65,Ag,Bacillus subtilis,non-pathogenic,chemical_synthesis,disk_diffusion,hexagonal,Bacteria,Bacillota,Bacilli,Bacillales,Bacillaceae,Bacillus,p,soil,250.0,62.5,0.16,7.08,30,11,107.868,1,1.74025974,0.091136933,2.143768512,0.158601936,15.0929888110752,Klebsiella pneumoniae,13.516414945477376,-1.5765738655978243
66,CuO,Bacillus subtilis,non-pathogenic,green_synthesis,well_diffusion,rod-shaped,Bacteria,Bacillota,Bacilli,Bacillales,Bacillaceae,Bacillus,p,soil,65.0,15.0,0.16,7.08,30,17,79.545,2,2.319480519,1.319480519,1.44956182,1.53025468,17.02507128120577,Klebsiella pneumoniae,14.946123223663722,-2.0789480575420463
67,ZnO,Bacillus subtilis,non-pathogenic,green_synthesis,disc_diffusion,spheroidal,Bacteria,Bacillota,Bacilli,Bacillales,Bacillaceae,Bacillus,p,soil,100.0,80.0,0.16,7.08,30,8,81.389,2,2.423376623,1.423376623,0.785339814,1.724688818,12.425384091632825,Klebsiella pneumoniae,10.32583920641773,-2.0995448852150957
68,TiO2,Bacillus subtilis,non-pathogenic,chemical_synthesis,disk_diffusion,nanorods and triangles,Bacteria,Bacillota,Bacilli,Bacillales,Bacillaceae,Bacillus,p,soil,256.0,93.0,0.16,7.08,30,16,79.865,3,3.314285714,2.314285714,2.314285714,2.556734694,15.994240428967204,Klebsiella pneumoniae,13.734798776789127,-2.2594416521780776
69,Ag,Bacillus subtilis,non-pathogenic,green_synthesis,disk_diffusion,triangular,Bacteria,Bacillota,Bacilli,Bacillales,Bacillaceae,Bacillus,p,soil,130.0,79.0,0.16,7.08,30,11,107.868,1,1.74025974,0.091136933,2.143768512,0.158601936,11.410773358137988,Klebsiella pneumoniae,9.101716531274118,-2.30905682686387
70,CuO,Bacillus subtilis,non-pathogenic,green_synthesis,well_diffusion,triangular,Bacteria,Bacillota,Bacilli,Bacillales,Bacillaceae,Bacillus,p,soil,200.0,41.23,0.16,7.08,30,17,79.545,2,2.319480519,1.319480519,1.44956182,1.53025468,22.442219713323233,Klebsiella pneumoniae,19.719780789206542,-2.722438924116691
71,Fe3O4,Bacillus subtilis,non-pathogenic,green_synthesis,disk_diffusion,cubic,Bacteria,Bacillota,Bacilli,Bacillales,Bacillaceae,Bacillus,p,soil,7.6,25.9,0.16,7.08,30,48,231.531,7,10.82035581,15.78324347,19.64994348,24.39718718,14.977835259684365,Klebsiella pneumoniae,12.055789816775578,-2.9220454429087876
72,Cu2O,Bacillus subtilis,non-pathogenic,green_synthesis,disc_diffusion,nanorods,Bacteria,Bacillota,Bacilli,Bacillales,Bacillaceae,Bacillus,p,soil,150.0,79.0,0.16,7.08,30,29,143.091,3,36.04057568,12.00832358,2.998961039,144.2622982,15.996583647914035,Klebsiella pneumoniae,12.784246820235712,-3.212336827678323
