,np,bacteria,bac_type,np_synthesis,method,shape,kingdom,phylum,class,order,family,genus,gram,isolated_from,concentration,np_size_avg (nm),"min_Incub_period, h","avg_Incub_period, h","growth_temp, C",Valance_electron,amw,NumHeteroatoms,kappa1,kappa2,kappa3,Phi,pred_ZOI_norm,pathogenic_bacteria,pred_ZOI_pathogen,Fitness
0,Ag,Bacillus subtilis,non-pathogenic,chemical_synthesis,disk_diffusion,snowflake,Bacteria,Bacillota,Bacilli,Bacillales,Bacillaceae,Bacillus,p,soil,25.0,6.0,0.16,7.08,30,11,107.868,1,1.74025974,0.091136933,2.143768512,0.158601936,15.993790330210533,Klebsiella pneumoniae,23.555576351743877,7.561786021533344
1,CuO,Bacillus subtilis,non-pathogenic,chemical_synthesis,disk_diffusion,spherical,Bacteria,Bacillota,Bacilli,Bacillales,Bacillaceae,Bacillus,p,soil,21.25,8.0,0.16,7.08,30,11,107.868,1,1.74025974,0.091136933,2.143768512,0.158601936,17.026479784617013,Klebsiella pneumoniae,23.523889318340558,6.497409533723545
2,ZnO,Bacillus subtilis,non-pathogenic,chemical_synthesis,disc_diffusion,quasi-hexagonal,Bacteria,Bacillota,Bacilli,Bacillales,Bacillaceae,Bacillus,p,soil,30.0,3.0,0.16,7.08,30,11,107.868,1,1.74025974,0.091136933,2.143768512,0.158601936,16.240284612938257,Klebsiella pneumoniae,22.037859533072286,5.7975749201340285
3,Ag,Bacillus subtilis,non-pathogenic,chemical_synthesis,disk_diffusion,hexagonal,Bacteria,Bacillota,Bacilli,Bacillales,Bacillaceae,Bacillus,p,soil,500.0,4.0,0.16,7.08,30,11,107.868,1,1.74025974,0.091136933,2.143768512,0.158601936,15.73880858830848,Klebsiella pneumoniae,21.15464335033401,5.415834762025529
4,TiO2,Bacillus subtilis,non-pathogenic,chemical_synthesis,disk_diffusion,Spherical,Bacteria,Bacillota,Bacilli,Bacillales,Bacillaceae,Bacillus,p,soil,300.0,9.0,0.16,7.08,30,16,79.865,3,3.314285714,2.314285714,2.314285714,2.556734694,14.172687868218699,Klebsiella pneumoniae,18.93192936514525,4.759241496926553
5,ZnO,Bacillus subtilis,non-pathogenic,green_synthesis,disk_diffusion,snowflake,Bacteria,Bacillota,Bacilli,Bacillales,Bacillaceae,Bacillus,p,soil,30.0,37.86,0.16,7.08,30,8,81.389,2,2.423376623,1.423376623,0.785339814,1.724688818,24.238723079289123,Klebsiella pneumoniae,28.875083575226,4.636360495936877
6,Ag,Bacillus subtilis,non-pathogenic,green_synthesis,disk_diffusion,hexagonal,Bacteria,Bacillota,Bacilli,Bacillales,Bacillaceae,Bacillus,p,soil,500.0,4.0,0.16,7.08,30,11,107.868,1,1.74025974,0.091136933,2.143768512,0.158601936,15.546234069127024,Klebsiella pneumoniae,20.04334814493881,4.497114075811787
7,TiO2,Bacillus subtilis,non-pathogenic,chemical_synthesis,disk_diffusion,cylindrical,Bacteria,Bacillota,Bacilli,Bacillales,Bacillaceae,Bacillus,p,soil,6000.0,3.0,0.16,7.08,30,16,79.865,3,3.314285714,2.314285714,2.314285714,2.556734694,14.299183947264915,Klebsiella pneumoniae,18.50070862337732,4.201524676112406
8,Fe3O4,Bacillus subtilis,non-pathogenic,green_synthesis,disk_diffusion,cubic,Bacteria,Bacillota,Bacilli,Bacillales,Bacillaceae,Bacillus,p,soil,1024.0,13.0,0.16,7.08,30,48,231.531,7,10.82035581,15.78324347,19.64994348,24.39718718,16.98415189627149,Klebsiella pneumoniae,20.955115631836403,3.9709637355649114
9,ZnO,Bacillus subtilis,non-pathogenic,green_synthesis,disk_diffusion,hexagonal,Bacteria,Bacillota,Bacilli,Bacillales,Bacillaceae,Bacillus,p,soil,30.0,37.86,0.16,7.08,30,8,81.389,2,2.423376623,1.423376623,0.785339814,1.724688818,21.4973058652362,Klebsiella pneumoniae,25.264761746103524,3.767455880867324
10,Ag,Bacillus subtilis,non-pathogenic,chemical_synthesis,disc_diffusion,ellipsoidal,Bacteria,Bacillota,Bacilli,Bacillales,Bacillaceae,Bacillus,p,soil,1000.0,15.0,0.16,7.08,30,11,107.868,1,1.74025974,0.091136933,2.143768512,0.158601936,18.710409788536936,Klebsiella pneumoniae,22.292286348598708,3.5818765600617724
11,CuO,Bacillus subtilis,non-pathogenic,chemical_synthesis,disk_diffusion,cubic,Bacteria,Bacillota,Bacilli,Bacillales,Bacillaceae,Bacillus,p,soil,170.0,6.0,0.16,7.08,30,17,79.545,2,2.319480519,1.319480519,1.44956182,1.53025468,19.310510768060322,Klebsiella pneumoniae,22.726650107632103,3.4161393395717816
12,Ag,Bacillus subtilis,non-pathogenic,chemical_synthesis,well_diffusion,cubic,Bacteria,Bacillota,Bacilli,Bacillales,Bacillaceae,Bacillus,p,soil,21.25,6.0,0.16,7.08,30,11,107.868,1,1.74025974,0.091136933,2.143768512,0.158601936,12.02288094038445,Klebsiella pneumoniae,15.277578365682883,3.254697425298433
13,ZnO,Bacillus subtilis,non-pathogenic,green_synthesis,disk_diffusion,hexagonal,Bacteria,Bacillota,Bacilli,Bacillales,Bacillaceae,Bacillus,p,soil,10.0,42.0,0.16,7.08,30,8,81.389,2,2.423376623,1.423376623,0.785339814,1.724688818,24.56695707529314,Klebsiella pneumoniae,27.572120240989676,3.005163165696537
14,CuO,Bacillus subtilis,non-pathogenic,chemical_synthesis,well_diffusion,hexagonal,Bacteria,Bacillota,Bacilli,Bacillales,Bacillaceae,Bacillus,p,soil,40.0,28.0,0.16,7.08,30,17,79.545,2,2.319480519,1.319480519,1.44956182,1.53025468,15.05332927601261,Klebsiella pneumoniae,17.95029484864918,2.896965572636569
15,Ag,Bacillus subtilis,non-pathogenic,chemical_synthesis,disc_diffusion,hexagonal,Bacteria,Bacillota,Bacilli,Bacillales,Bacillaceae,Bacillus,p,soil,1000.0,10.0,0.16,7.08,30,11,107.868,1,1.74025974,0.091136933,2.143768512,0.158601936,15.987557563747696,Klebsiella pneumoniae,18.832909075004252,2.845351511256556
16,Mo,Bacillus subtilis,non-pathogenic,chemical_synthesis,disc_diffusion,snowflake,Bacteria,Bacillota,Bacilli,Bacillales,Bacillaceae,Bacillus,p,soil,500.0,15.0,0.16,7.08,30,6,95.94,1,1.688311688,0.141141877,2.499632443,0.238291481,16.695928096889652,Klebsiella pneumoniae,19.53864450369043,2.842716406800779
17,CuO,Bacillus subtilis,non-pathogenic,chemical_synthesis,disc_diffusion,nanoplates,Bacteria,Bacillota,Bacilli,Bacillales,Bacillaceae,Bacillus,p,soil,512.0,6.0,0.16,7.08,30,11,107.868,1,1.74025974,0.091136933,2.143768512,0.158601936,15.716700166138741,Klebsiella pneumoniae,18.4826744845575,2.765974318418758
18,TiO2,Bacillus subtilis,non-pathogenic,chemical_synthesis,disk_diffusion,quasi-hexagonal,Bacteria,Bacillota,Bacilli,Bacillales,Bacillaceae,Bacillus,p,soil,300.0,9.0,0.16,7.08,30,16,79.865,3,3.314285714,2.314285714,2.314285714,2.556734694,12.219496892798446,Klebsiella pneumoniae,14.824444678896663,2.604947786098217
19,CuO,Bacillus subtilis,non-pathogenic,chemical_synthesis,disc_diffusion,nanoplates,Bacteria,Bacillota,Bacilli,Bacillales,Bacillaceae,Bacillus,p,soil,512.0,4.0,0.16,7.08,30,17,79.545,2,2.319480519,1.319480519,1.44956182,1.53025468,14.494723803133013,Klebsiella pneumoniae,17.08781069188878,2.593086888755767
20,ZnO,Bacillus subtilis,non-pathogenic,green_synthesis,well_diffusion,hexagonal,Bacteria,Bacillota,Bacilli,Bacillales,Bacillaceae,Bacillus,p,soil,15.0,42.0,0.16,7.08,30,8,81.389,2,2.423376623,1.423376623,0.785339814,1.724688818,22.975943411805787,Klebsiella pneumoniae,25.552705562791573,2.576762150985786
21,Ag,Bacillus subtilis,non-pathogenic,chemical_synthesis,disc_diffusion,cylindrical,Bacteria,Bacillota,Bacilli,Bacillales,Bacillaceae,Bacillus,p,soil,2000.0,33.0,0.16,7.08,30,11,107.868,1,1.74025974,0.091136933,2.143768512,0.158601936,15.390383266908572,Klebsiella pneumoniae,17.897754103839286,2.507370836930715
22,Fe2O3,Bacillus subtilis,non-pathogenic,green_synthesis,well_diffusion,cylindrical,Bacteria,Bacillota,Bacilli,Bacillales,Bacillaceae,Bacillus,p,soil,1024.0,28.0,0.16,7.08,30,110,300.427,4,14.38989926,5.335287547,2.313964748,3.655916682,18.8862352587957,Klebsiella pneumoniae,21.28536176746696,2.3991265086712588
23,CuO,Bacillus subtilis,non-pathogenic,chemical_synthesis,well_diffusion,nanorods,Bacteria,Bacillota,Bacilli,Bacillales,Bacillaceae,Bacillus,p,soil,195.0,10.0,0.16,7.08,30,17,79.545,2,2.319480519,1.319480519,1.44956182,1.53025468,18.558402860700916,Klebsiella pneumoniae,20.92660408433449,2.368201223633573
24,Ag,Bacillus subtilis,non-pathogenic,chemical_synthesis,disc_diffusion,cubic,Bacteria,Bacillota,Bacilli,Bacillales,Bacillaceae,Bacillus,p,soil,162.7588,10.0,0.16,7.08,30,11,107.868,1,1.74025974,0.091136933,2.143768512,0.158601936,14.366817673452337,Klebsiella pneumoniae,15.871585526634972,1.504767853182635
25,Co,Bacillus subtilis,non-pathogenic,green_synthesis,well_diffusion,rod-shaped,Bacteria,Bacillota,Bacilli,Bacillales,Bacillaceae,Bacillus,p,soil,150.0,3.0,0.16,7.08,30,9,58.933,1,1.506493506,0.480852481,4.403929404,0.72440114,13.00013320632279,Klebsiella pneumoniae,14.056353832983524,1.0562206266607337
26,ZnO,Bacillus subtilis,non-pathogenic,green_synthesis,disc_diffusion,hexagonal,Bacteria,Bacillota,Bacilli,Bacillales,Bacillaceae,Bacillus,p,soil,5.6,62.5,0.16,7.08,30,8,81.389,2,2.423376623,1.423376623,0.785339814,1.724688818,14.559390466065146,Klebsiella pneumoniae,15.160414920669714,0.601024454604568
27,Ag,Bacillus subtilis,non-pathogenic,green_synthesis,disc_diffusion,nanorods and triangles,Bacteria,Bacillota,Bacilli,Bacillales,Bacillaceae,Bacillus,p,soil,6000.0,3.0,0.16,7.08,30,11,107.868,1,1.74025974,0.091136933,2.143768512,0.158601936,15.431419743162488,Klebsiella pneumoniae,15.771675805955274,0.3402560627927862
28,TiO2,Bacillus subtilis,non-pathogenic,chemical_synthesis,disk_diffusion,quasi-hexagonal,Bacteria,Bacillota,Bacilli,Bacillales,Bacillaceae,Bacillus,p,soil,300.0,14.6,0.16,7.08,30,16,79.865,3,3.314285714,2.314285714,2.314285714,2.556734694,15.088980794072988,Klebsiella pneumoniae,15.301509752287688,0.21252895821469941
29,Fe2O3,Bacillus subtilis,non-pathogenic,chemical_synthesis,well_diffusion,cylindrical,Bacteria,Bacillota,Bacilli,Bacillales,Bacillaceae,Bacillus,p,soil,75.0,28.0,0.16,7.08,30,110,300.427,4,14.38989926,5.335287547,2.313964748,3.655916682,13.926688535234915,Klebsiella pneumoniae,13.766023250935287,-0.16066528429962723
30,CuO,Bacillus subtilis,non-pathogenic,green_synthesis,disc_diffusion,spherical,Bacteria,Bacillota,Bacilli,Bacillales,Bacillaceae,Bacillus,p,soil,1.590908,14.6,0.16,7.08,30,17,79.545,2,2.319480519,1.319480519,1.44956182,1.53025468,13.67194918106092,Klebsiella pneumoniae,13.474715155697073,-0.19723402536384782
31,CuO,Bacillus subtilis,non-pathogenic,chemical_synthesis,disk_diffusion,spherical,Bacteria,Bacillota,Bacilli,Bacillales,Bacillaceae,Bacillus,p,soil,25000.0,8.0,0.16,7.08,30,11,107.868,1,1.74025974,0.091136933,2.143768512,0.158601936,16.364219735097794,Klebsiella pneumoniae,15.884549836745844,-0.4796698983519505
32,CuO,Bacillus subtilis,non-pathogenic,green_synthesis,well_diffusion,ellipsoidal,Bacteria,Bacillota,Bacilli,Bacillales,Bacillaceae,Bacillus,p,soil,25.0,17.5,0.16,7.08,30,17,79.545,2,2.319480519,1.319480519,1.44956182,1.53025468,14.499770906048653,Klebsiella pneumoniae,13.874444365528175,-0.6253265405204775
33,Cu,Bacillus subtilis,non-pathogenic,chemical_synthesis,disc_diffusion,nanorods and triangles,Bacteria,Bacillota,Bacilli,Bacillales,Bacillaceae,Bacillus,p,soil,1000.0,110.2,0.16,7.08,30,11,107.868,1,1.74025974,0.091136933,2.143768512,0.158601936,18.007483624433124,Klebsiella pneumoniae,17.220442868988385,-0.787040755444739
34,CuO,Bacillus subtilis,non-pathogenic,chemical_synthesis,well_diffusion,hexagonal,Bacteria,Bacillota,Bacilli,Bacillales,Bacillaceae,Bacillus,p,soil,7.6,26.38,0.16,7.08,30,8,81.389,2,2.423376623,1.423376623,0.785339814,1.724688818,18.256194824283018,Klebsiella pneumoniae,17.407750414097638,-0.8484444101853796
35,CuO,Bacillus subtilis,non-pathogenic,green_synthesis,well_diffusion,snowflake,Bacteria,Bacillota,Bacilli,Bacillales,Bacillaceae,Bacillus,p,soil,512.0,41.23,0.16,7.08,30,17,79.545,2,2.319480519,1.319480519,1.44956182,1.53025468,26.599645033029116,Klebsiella pneumoniae,25.649912327586833,-0.9497327054422833
36,ZnO,Bacillus subtilis,non-pathogenic,green_synthesis,well_diffusion,hexagonal,Bacteria,Bacillota,Bacilli,Bacillales,Bacillaceae,Bacillus,p,soil,15.0,9.0,0.16,7.08,30,16,79.865,3,3.314285714,2.314285714,2.314285714,2.556734694,12.415314588495198,Klebsiella pneumoniae,11.23943794887347,-1.1758766396217286
37,ZnO,Bacillus subtilis,non-pathogenic,chemical_synthesis,disc_diffusion,quasi-hexagonal,Bacteria,Bacillota,Bacilli,Bacillales,Bacillaceae,Bacillus,p,soil,1024.0,120.0,0.16,7.08,30,8,81.389,2,2.423376623,1.423376623,0.785339814,1.724688818,16.300352329985433,Klebsiella pneumoniae,15.041863082710332,-1.2584892472751008
38,Ag,Bacillus subtilis,non-pathogenic,green_synthesis,disk_diffusion,nanorods,Bacteria,Bacillota,Bacilli,Bacillales,Bacillaceae,Bacillus,p,soil,65.0,6.0,0.16,7.08,30,8,81.389,2,2.423376623,1.423376623,0.785339814,1.724688818,12.639691403461445,Klebsiella pneumoniae,11.123364514081455,-1.5163268893799895
39,TiO2,Bacillus subtilis,non-pathogenic,green_synthesis,well_diffusion,cubic,Bacteria,Bacillota,Bacilli,Bacillales,Bacillaceae,Bacillus,p,soil,2.7,17.5,0.16,7.08,30,8,81.389,2,2.423376623,1.423376623,0.785339814,1.724688818,16.568300323355473,Klebsiella pneumoniae,14.636202396205967,-1.9320979271495062
40,ZnO,Bacillus subtilis,non-pathogenic,chemical_synthesis,disk_diffusion,rod-shaped,Bacteria,Bacillota,Bacilli,Bacillales,Bacillaceae,Bacillus,p,soil,0.31,25.9,0.16,7.08,30,8,81.389,2,2.423376623,1.423376623,0.785339814,1.724688818,22.04932618796694,Klebsiella pneumoniae,19.851107431196464,-2.1982187567704763
41,Fe2O3,Bacillus subtilis,non-pathogenic,chemical_synthesis,disc_diffusion,spheroidal,Bacteria,Bacillota,Bacilli,Bacillales,Bacillaceae,Bacillus,p,soil,1.590908,120.0,0.16,7.08,30,110,300.427,4,14.38989926,5.335287547,2.313964748,3.655916682,14.697251951161398,Klebsiella pneumoniae,12.410503503634327,-2.2867484475270707
42,Fe3O4,Bacillus subtilis,non-pathogenic,chemical_synthesis,disk_diffusion,cubic,Bacteria,Bacillota,Bacilli,Bacillales,Bacillaceae,Bacillus,p,soil,25.0,13.0,0.16,7.08,30,48,231.531,7,10.82035581,15.78324347,19.64994348,24.39718718,10.118999056756012,Klebsiella pneumoniae,7.608561132706679,-2.5104379240493326
