,np,bacteria,bac_type,np_synthesis,method,shape,kingdom,phylum,class,order,family,genus,gram,isolated_from,concentration,np_size_avg (nm),"min_Incub_period, h","avg_Incub_period, h","growth_temp, C",Valance_electron,amw,NumHeteroatoms,kappa1,kappa2,kappa3,Phi,pred_ZOI_norm,pathogenic_bacteria,pred_ZOI_pathogen,Fitness
0,ZnO,Bacillus subtilis,non-pathogenic,green_synthesis,well_diffusion,cubic,Bacteria,Bacillota,Bacilli,Bacillales,Bacillaceae,Bacillus,p,soil,40.0,37.1,0.16,7.08,30,16,79.865,3,3.314285714,2.314285714,2.314285714,2.556734694,19.21153708299293,Klebsiella pneumoniae,28.51831960589616,9.30678252290323
1,TiO2,Bacillus subtilis,non-pathogenic,green_synthesis,disk_diffusion,ellipsoidal,Bacteria,Bacillota,Bacilli,Bacillales,Bacillaceae,Bacillus,p,soil,40.0,40.0,0.16,7.08,30,16,79.865,3,3.314285714,2.314285714,2.314285714,2.556734694,19.59960771155638,Klebsiella pneumoniae,27.56034507353067,7.960737361974289
2,ZnO,Bacillus subtilis,non-pathogenic,green_synthesis,well_diffusion,hexagonal,Bacteria,Bacillota,Bacilli,Bacillales,Bacillaceae,Bacillus,p,soil,40.0,37.1,0.16,7.08,30,8,81.389,2,2.423376623,1.423376623,0.785339814,1.724688818,22.057157865711964,Klebsiella pneumoniae,28.365192682557456,6.308034816845492
3,TiO2,Bacillus subtilis,non-pathogenic,green_synthesis,disk_diffusion,cylindrical,Bacteria,Bacillota,Bacilli,Bacillales,Bacillaceae,Bacillus,p,soil,40.0,17.5,0.16,7.08,30,16,79.865,3,3.314285714,2.314285714,2.314285714,2.556734694,13.073258064051487,Klebsiella pneumoniae,19.047990000009875,5.974731935958388
4,ZnO,Bacillus subtilis,non-pathogenic,chemical_synthesis,well_diffusion,hexagonal,Bacteria,Bacillota,Bacilli,Bacillales,Bacillaceae,Bacillus,p,soil,170.0,8.0,0.16,7.08,30,8,81.389,2,2.423376623,1.423376623,0.785339814,1.724688818,14.419261873354902,Klebsiella pneumoniae,19.957137190967803,5.537875317612901
5,CuO,Bacillus subtilis,non-pathogenic,chemical_synthesis,well_diffusion,rod-shaped,Bacteria,Bacillota,Bacilli,Bacillales,Bacillaceae,Bacillus,p,soil,20.34485,10.0,0.16,7.08,30,11,107.868,1,1.74025974,0.091136933,2.143768512,0.158601936,16.447892247791668,Klebsiella pneumoniae,21.67832240781111,5.230430160019441
6,Ag,Bacillus subtilis,non-pathogenic,chemical_synthesis,well_diffusion,spherical,Bacteria,Bacillota,Bacilli,Bacillales,Bacillaceae,Bacillus,p,soil,40.0,15.8,0.16,7.08,30,11,107.868,1,1.74025974,0.091136933,2.143768512,0.158601936,15.316703631523994,Klebsiella pneumoniae,20.54446714678256,5.227763515258564
7,ZnO,Bacillus subtilis,non-pathogenic,chemical_synthesis,disk_diffusion,snowflake,Bacteria,Bacillota,Bacilli,Bacillales,Bacillaceae,Bacillus,p,soil,30.0,9.0,0.16,7.08,30,8,81.389,2,2.423376623,1.423376623,0.785339814,1.724688818,18.17487961519167,Klebsiella pneumoniae,23.18465383547865,5.009774220286978
8,Ag,Bacillus subtilis,non-pathogenic,chemical_synthesis,well_diffusion,cubic,Bacteria,Bacillota,Bacilli,Bacillales,Bacillaceae,Bacillus,p,soil,512.0,10.0,0.16,7.08,30,11,107.868,1,1.74025974,0.091136933,2.143768512,0.158601936,18.09309289413071,Klebsiella pneumoniae,22.947437868252745,4.854344974122036
9,CuO,Bacillus subtilis,non-pathogenic,green_synthesis,well_diffusion,cylindrical,Bacteria,Bacillota,Bacilli,Bacillales,Bacillaceae,Bacillus,p,soil,40.0,35.0,0.16,7.08,30,17,79.545,2,2.319480519,1.319480519,1.44956182,1.53025468,17.19887430172462,Klebsiella pneumoniae,21.921383513140345,4.722509211415726
10,ZnO,Bacillus subtilis,non-pathogenic,chemical_synthesis,well_diffusion,spherical,Bacteria,Bacillota,Bacilli,Bacillales,Bacillaceae,Bacillus,p,soil,128.0,8.0,0.16,7.08,30,11,107.868,1,1.74025974,0.091136933,2.143768512,0.158601936,13.598677307963488,Klebsiella pneumoniae,18.224612948701143,4.625935640737655
11,Ag,Bacillus subtilis,non-pathogenic,chemical_synthesis,disc_diffusion,spherical,Bacteria,Bacillota,Bacilli,Bacillales,Bacillaceae,Bacillus,p,soil,40.0,14.6,0.16,7.08,30,11,107.868,1,1.74025974,0.091136933,2.143768512,0.158601936,14.62205513203505,Klebsiella pneumoniae,19.06898589139463,4.44693075935958
12,CuO,Bacillus subtilis,non-pathogenic,chemical_synthesis,disk_diffusion,nanoplates,Bacteria,Bacillota,Bacilli,Bacillales,Bacillaceae,Bacillus,p,soil,300.0,9.0,0.16,7.08,30,16,79.865,3,3.314285714,2.314285714,2.314285714,2.556734694,12.38239929155469,Klebsiella pneumoniae,16.786758994174736,4.404359702620047
13,Ag,Bacillus subtilis,non-pathogenic,chemical_synthesis,well_diffusion,snowflake,Bacteria,Bacillota,Bacilli,Bacillales,Bacillaceae,Bacillus,p,soil,42.5,9.0,0.16,7.08,30,11,107.868,1,1.74025974,0.091136933,2.143768512,0.158601936,13.723467214483474,Klebsiella pneumoniae,17.87417942058157,4.150712206098095
14,CuO,Bacillus subtilis,non-pathogenic,chemical_synthesis,well_diffusion,hexagonal,Bacteria,Bacillota,Bacilli,Bacillales,Bacillaceae,Bacillus,p,soil,1000.0,6.0,0.16,7.08,30,17,79.545,2,2.319480519,1.319480519,1.44956182,1.53025468,17.64101515640068,Klebsiella pneumoniae,21.697817553647223,4.056802397246543
15,TiO2,Bacillus subtilis,non-pathogenic,green_synthesis,well_diffusion,cubic,Bacteria,Bacillota,Bacilli,Bacillales,Bacillaceae,Bacillus,p,soil,40.6897,17.5,0.16,7.08,30,16,79.865,3,3.314285714,2.314285714,2.314285714,2.556734694,13.595521387680233,Klebsiella pneumoniae,17.428489166683725,3.832967779003493
16,Cu,Bacillus subtilis,non-pathogenic,chemical_synthesis,disk_diffusion,snowflake,Bacteria,Bacillota,Bacilli,Bacillales,Bacillaceae,Bacillus,p,soil,30.0,13.5,0.16,7.08,30,11,63.546,1,1.519480519,0.444480519,4.219480519,0.675379491,14.71032205548742,Klebsiella pneumoniae,18.41253769479696,3.7022156393095393
17,Ag,Bacillus subtilis,non-pathogenic,chemical_synthesis,well_diffusion,cubic,Bacteria,Bacillota,Bacilli,Bacillales,Bacillaceae,Bacillus,p,soil,25000.0,4.0,0.16,7.08,30,11,107.868,1,1.74025974,0.091136933,2.143768512,0.158601936,17.399676195457488,Klebsiella pneumoniae,21.050618188827638,3.65094199337015
18,Fe2O3,Bacillus subtilis,non-pathogenic,green_synthesis,disk_diffusion,spherical,Bacteria,Bacillota,Bacilli,Bacillales,Bacillaceae,Bacillus,p,soil,195.0,35.0,0.16,7.08,30,16,79.865,3,3.314285714,2.314285714,2.314285714,2.556734694,22.02200263579002,Klebsiella pneumoniae,25.672393954539963,3.650391318749943
19,ZnO,Bacillus subtilis,non-pathogenic,chemical_synthesis,disk_diffusion,ellipsoidal,Bacteria,Bacillota,Bacilli,Bacillales,Bacillaceae,Bacillus,p,soil,162.7588,9.0,0.16,7.08,30,8,81.389,2,2.423376623,1.423376623,0.785339814,1.724688818,12.927844022729468,Klebsiella pneumoniae,16.56443023282094,3.6365862100914708
20,CuO,Bacillus subtilis,non-pathogenic,chemical_synthesis,disk_diffusion,nanoplates,Bacteria,Bacillota,Bacilli,Bacillales,Bacillaceae,Bacillus,p,soil,300.0,9.0,0.16,7.08,30,17,79.545,2,2.319480519,1.319480519,1.44956182,1.53025468,15.991775597948335,Klebsiella pneumoniae,19.576822930351018,3.5850473324026826
21,Cu,Bacillus subtilis,non-pathogenic,green_synthesis,disk_diffusion,nanoplates,Bacteria,Bacillota,Bacilli,Bacillales,Bacillaceae,Bacillus,p,soil,2000.0,13.5,0.16,7.08,30,16,79.865,3,3.314285714,2.314285714,2.314285714,2.556734694,15.740715408768725,Klebsiella pneumoniae,19.325103383370376,3.5843879746016505
22,Ag,Bacillus subtilis,non-pathogenic,green_synthesis,well_diffusion,snowflake,Bacteria,Bacillota,Bacilli,Bacillales,Bacillaceae,Bacillus,p,soil,2000.0,20.0,0.16,7.08,30,11,107.868,1,1.74025974,0.091136933,2.143768512,0.158601936,20.5330431246213,Klebsiella pneumoniae,24.110286196744553,3.5772430721232524
23,ZnO,Bacillus subtilis,non-pathogenic,green_synthesis,well_diffusion,cylindrical,Bacteria,Bacillota,Bacilli,Bacillales,Bacillaceae,Bacillus,p,soil,30.0,34.0,0.16,7.08,30,8,81.389,2,2.423376623,1.423376623,0.785339814,1.724688818,17.382186465656915,Klebsiella pneumoniae,20.87525495875156,3.493068493094647
24,TiO2,Bacillus subtilis,non-pathogenic,green_synthesis,well_diffusion,rod-shaped,Bacteria,Bacillota,Bacilli,Bacillales,Bacillaceae,Bacillus,p,soil,256.0,35.0,0.16,7.08,30,16,79.865,3,3.314285714,2.314285714,2.314285714,2.556734694,21.787871954163286,Klebsiella pneumoniae,25.279910010896906,3.4920380567336196
25,ZnO,Bacillus subtilis,non-pathogenic,green_synthesis,well_diffusion,nanoplates,Bacteria,Bacillota,Bacilli,Bacillales,Bacillaceae,Bacillus,p,soil,10.625,37.1,0.16,7.08,30,8,81.389,2,2.423376623,1.423376623,0.785339814,1.724688818,26.082695402693346,Klebsiella pneumoniae,29.574431514808758,3.4917361121154116
26,Pt,Bacillus subtilis,non-pathogenic,chemical_synthesis,disc_diffusion,quasi-hexagonal,Bacteria,Bacillota,Bacilli,Bacillales,Bacillaceae,Bacillus,p,soil,20.34485,4.0,0.16,7.08,30,10,195.078,1,1.688311688,0.141141877,2.499632443,0.238291481,13.478877673779271,Klebsiella pneumoniae,16.96710210004854,3.4882244262692677
27,ZnO,Bacillus subtilis,non-pathogenic,green_synthesis,well_diffusion,hexagonal,Bacteria,Bacillota,Bacilli,Bacillales,Bacillaceae,Bacillus,p,soil,130.0,37.1,0.16,7.08,30,8,81.389,2,2.423376623,1.423376623,0.785339814,1.724688818,18.991287188959262,Klebsiella pneumoniae,22.47851682531143,3.4872296363521684
28,Ag,Bacillus subtilis,non-pathogenic,green_synthesis,well_diffusion,cubic,Bacteria,Bacillota,Bacilli,Bacillales,Bacillaceae,Bacillus,p,soil,1024.0,37.86,0.16,7.08,30,11,107.868,1,1.74025974,0.091136933,2.143768512,0.158601936,20.295025606718546,Klebsiella pneumoniae,23.5474424113607,3.252416804642152
29,CuO,Bacillus subtilis,non-pathogenic,chemical_synthesis,well_diffusion,nanorods and triangles,Bacteria,Bacillota,Bacilli,Bacillales,Bacillaceae,Bacillus,p,soil,1000.0,4.0,0.16,7.08,30,17,79.545,2,2.319480519,1.319480519,1.44956182,1.53025468,16.299808585007543,Klebsiella pneumoniae,19.50109080820329,3.201282223195747
30,Ag,Bacillus subtilis,non-pathogenic,chemical_synthesis,well_diffusion,ellipsoidal,Bacteria,Bacillota,Bacilli,Bacillales,Bacillaceae,Bacillus,p,soil,200.0,15.0,0.16,7.08,30,11,107.868,1,1.74025974,0.091136933,2.143768512,0.158601936,19.103244193289868,Klebsiella pneumoniae,22.2012336226315,3.097989429341631
31,Fe2O3,Bacillus subtilis,non-pathogenic,green_synthesis,well_diffusion,spheroidal,Bacteria,Bacillota,Bacilli,Bacillales,Bacillaceae,Bacillus,p,soil,4000.0,44.45,0.16,7.08,30,110,300.427,4,14.38989926,5.335287547,2.313964748,3.655916682,21.4955926601211,Klebsiella pneumoniae,24.577257301137557,3.081664641016456
32,ZnO,Bacillus subtilis,non-pathogenic,chemical_synthesis,disc_diffusion,nanoplates,Bacteria,Bacillota,Bacilli,Bacillales,Bacillaceae,Bacillus,p,soil,200.0,8.0,0.16,7.08,30,8,81.389,2,2.423376623,1.423376623,0.785339814,1.724688818,12.707783944340328,Klebsiella pneumoniae,15.783573084356338,3.07578914001601
33,Ag,Bacillus subtilis,non-pathogenic,chemical_synthesis,well_diffusion,nanoplates,Bacteria,Bacillota,Bacilli,Bacillales,Bacillaceae,Bacillus,p,soil,40.0,25.0,0.16,7.08,30,8,81.389,2,2.423376623,1.423376623,0.785339814,1.724688818,15.864906730710471,Klebsiella pneumoniae,18.93333080984567,3.0684240791352
34,Fe2O3,Bacillus subtilis,non-pathogenic,green_synthesis,well_diffusion,spherical,Bacteria,Bacillota,Bacilli,Bacillales,Bacillaceae,Bacillus,p,soil,300.0,34.0,0.16,7.08,30,110,300.427,4,14.38989926,5.335287547,2.313964748,3.655916682,21.472589497631628,Klebsiella pneumoniae,24.462217752495697,2.989628254864069
35,ZnO,Bacillus subtilis,non-pathogenic,chemical_synthesis,disc_diffusion,ellipsoidal,Bacteria,Bacillota,Bacilli,Bacillales,Bacillaceae,Bacillus,p,soil,200.0,8.0,0.16,7.08,30,8,81.389,2,2.423376623,1.423376623,0.785339814,1.724688818,12.984479017666128,Klebsiella pneumoniae,15.964011060458141,2.9795320427920124
36,Ag,Bacillus subtilis,non-pathogenic,green_synthesis,well_diffusion,spherical,Bacteria,Bacillota,Bacilli,Bacillales,Bacillaceae,Bacillus,p,soil,10000.0,17.5,0.16,7.08,30,11,107.868,1,1.74025974,0.091136933,2.143768512,0.158601936,18.855851760687386,Klebsiella pneumoniae,21.81867517246274,2.9628234117753536
37,TiO2,Bacillus subtilis,non-pathogenic,green_synthesis,well_diffusion,spherical,Bacteria,Bacillota,Bacilli,Bacillales,Bacillaceae,Bacillus,p,soil,10.0,44.0,0.16,7.08,30,11,107.868,1,1.74025974,0.091136933,2.143768512,0.158601936,23.458610851404366,Klebsiella pneumoniae,26.36111337256723,2.902502521162866
38,CuO,Bacillus subtilis,non-pathogenic,green_synthesis,well_diffusion,hexagonal,Bacteria,Bacillota,Bacilli,Bacillales,Bacillaceae,Bacillus,p,soil,225.0,4.0,0.16,7.08,30,17,79.545,2,2.319480519,1.319480519,1.44956182,1.53025468,18.327300458184844,Klebsiella pneumoniae,21.191090149646964,2.86378969146212
39,ZnO,Bacillus subtilis,non-pathogenic,green_synthesis,disk_diffusion,snowflake,Bacteria,Bacillota,Bacilli,Bacillales,Bacillaceae,Bacillus,p,soil,25.0,42.0,0.16,7.08,30,8,81.389,2,2.423376623,1.423376623,0.785339814,1.724688818,22.575334446262985,Klebsiella pneumoniae,25.428641213861763,2.8533067675987773
40,CuO,Bacillus subtilis,non-pathogenic,chemical_synthesis,well_diffusion,rod-shaped,Bacteria,Bacillota,Bacilli,Bacillales,Bacillaceae,Bacillus,p,soil,20.34485,10.0,0.16,7.08,30,17,79.545,2,2.319480519,1.319480519,1.44956182,1.53025468,17.57155984513295,Klebsiella pneumoniae,20.37746089575229,2.8059010506193403
41,Ag,Bacillus subtilis,non-pathogenic,chemical_synthesis,well_diffusion,snowflake,Bacteria,Bacillota,Bacilli,Bacillales,Bacillaceae,Bacillus,p,soil,40.0,52.5,0.16,7.08,30,11,107.868,1,1.74025974,0.091136933,2.143768512,0.158601936,15.260326989527952,Klebsiella pneumoniae,17.971541048756432,2.71121405922848
42,Ag,Bacillus subtilis,non-pathogenic,green_synthesis,disk_diffusion,nanoplates,Bacteria,Bacillota,Bacilli,Bacillales,Bacillaceae,Bacillus,p,soil,12.0,20.0,0.16,7.08,30,11,107.868,1,1.74025974,0.091136933,2.143768512,0.158601936,14.091297508262052,Klebsiella pneumoniae,15.67914394449586,1.5878464362338072
43,ZnO,Bacillus subtilis,non-pathogenic,chemical_synthesis,disc_diffusion,cubic,Bacteria,Bacillota,Bacilli,Bacillales,Bacillaceae,Bacillus,p,soil,28.0,10.0,0.16,7.08,30,8,81.389,2,2.423376623,1.423376623,0.785339814,1.724688818,14.733332530849752,Klebsiella pneumoniae,15.832036487937089,1.098703957087336
44,Ag,Bacillus subtilis,non-pathogenic,chemical_synthesis,disc_diffusion,nanorods and triangles,Bacteria,Bacillota,Bacilli,Bacillales,Bacillaceae,Bacillus,p,soil,5.6,42.0,0.16,7.08,30,11,107.868,1,1.74025974,0.091136933,2.143768512,0.158601936,13.376464394917699,Klebsiella pneumoniae,14.379904874972485,1.0034404800547865
45,Ag,Bacillus subtilis,non-pathogenic,chemical_synthesis,disk_diffusion,hexagonal,Bacteria,Bacillota,Bacilli,Bacillales,Bacillaceae,Bacillus,p,soil,42.5,41.9,0.16,7.08,30,11,107.868,1,1.74025974,0.091136933,2.143768512,0.158601936,16.091851694962912,Klebsiella pneumoniae,16.823247513641146,0.7313958186782337
46,ZnO,Bacillus subtilis,non-pathogenic,green_synthesis,disk_diffusion,nanoplates,Bacteria,Bacillota,Bacilli,Bacillales,Bacillaceae,Bacillus,p,soil,20000.0,13.5,0.16,7.08,30,8,81.389,2,2.423376623,1.423376623,0.785339814,1.724688818,18.11185554361508,Klebsiella pneumoniae,18.729525459273475,0.6176699156583965
47,Ag,Bacillus subtilis,non-pathogenic,green_synthesis,disc_diffusion,ellipsoidal,Bacteria,Bacillota,Bacilli,Bacillales,Bacillaceae,Bacillus,p,soil,3.4,62.5,0.16,7.08,30,11,107.868,1,1.74025974,0.091136933,2.143768512,0.158601936,10.416234656139814,Klebsiella pneumoniae,10.994205183187033,0.5779705270472189
48,CuO,Bacillus subtilis,non-pathogenic,chemical_synthesis,well_diffusion,hexagonal,Bacteria,Bacillota,Bacilli,Bacillales,Bacillaceae,Bacillus,p,soil,130.0,15.8,0.16,7.08,30,17,79.545,2,2.319480519,1.319480519,1.44956182,1.53025468,16.316819370213743,Klebsiella pneumoniae,16.697796271072427,0.3809769008586841
49,TiO2,Bacillus subtilis,non-pathogenic,green_synthesis,well_diffusion,snowflake,Bacteria,Bacillota,Bacilli,Bacillales,Bacillaceae,Bacillus,p,soil,130.0,26.38,0.16,7.08,30,16,79.865,3,3.314285714,2.314285714,2.314285714,2.556734694,20.257355099667357,Klebsiella pneumoniae,20.58314254317685,0.32578744350949407
50,Ag,Bacillus subtilis,non-pathogenic,green_synthesis,disc_diffusion,ellipsoidal,Bacteria,Bacillota,Bacilli,Bacillales,Bacillaceae,Bacillus,p,soil,10.625,110.2,0.16,7.08,30,11,107.868,1,1.74025974,0.091136933,2.143768512,0.158601936,12.166666895515306,Klebsiella pneumoniae,12.360860848849587,0.19419395333428113
51,Ag,Bacillus subtilis,non-pathogenic,green_synthesis,disc_diffusion,quasi-hexagonal,Bacteria,Bacillota,Bacilli,Bacillales,Bacillaceae,Bacillus,p,soil,14.0,51.9,0.16,7.08,30,11,107.868,1,1.74025974,0.091136933,2.143768512,0.158601936,15.01538443693796,Klebsiella pneumoniae,15.135147655842102,0.11976321890414177
52,Ag,Bacillus subtilis,non-pathogenic,green_synthesis,well_diffusion,ellipsoidal,Bacteria,Bacillota,Bacilli,Bacillales,Bacillaceae,Bacillus,p,soil,65.0,13.0,0.16,7.08,30,11,107.868,1,1.74025974,0.091136933,2.143768512,0.158601936,10.893845885652745,Klebsiella pneumoniae,10.87229152371259,-0.021554361940154365
53,CuO,Bacillus subtilis,non-pathogenic,chemical_synthesis,well_diffusion,triangular,Bacteria,Bacillota,Bacilli,Bacillales,Bacillaceae,Bacillus,p,soil,5.0,80.0,0.16,7.08,30,17,79.545,2,2.319480519,1.319480519,1.44956182,1.53025468,12.975452484996767,Klebsiella pneumoniae,12.297952461232931,-0.6775000237638356
54,Ag,Bacillus subtilis,non-pathogenic,green_synthesis,disk_diffusion,hexagonal,Bacteria,Bacillota,Bacilli,Bacillales,Bacillaceae,Bacillus,p,soil,2.7,93.0,0.16,7.08,30,11,107.868,1,1.74025974,0.091136933,2.143768512,0.158601936,12.305522350794043,Klebsiella pneumoniae,11.607311829674707,-0.6982105211193357
55,CuO,Bacillus subtilis,non-pathogenic,green_synthesis,well_diffusion,nanoplates,Bacteria,Bacillota,Bacilli,Bacillales,Bacillaceae,Bacillus,p,soil,128.0,40.0,0.16,7.08,30,17,79.545,2,2.319480519,1.319480519,1.44956182,1.53025468,21.522070654445887,Klebsiella pneumoniae,20.66260680213512,-0.8594638523107676
56,ZnO,Bacillus subtilis,non-pathogenic,green_synthesis,disk_diffusion,nanoplates,Bacteria,Bacillota,Bacilli,Bacillales,Bacillaceae,Bacillus,p,soil,0.31775,46.0,0.16,7.08,30,8,81.389,2,2.423376623,1.423376623,0.785339814,1.724688818,18.801782068520744,Klebsiella pneumoniae,17.76995653589684,-1.0318255326239054
57,CuO,Bacillus subtilis,non-pathogenic,chemical_synthesis,disk_diffusion,cylindrical,Bacteria,Bacillota,Bacilli,Bacillales,Bacillaceae,Bacillus,p,soil,20000.0,26.38,0.16,7.08,30,17,79.545,2,2.319480519,1.319480519,1.44956182,1.53025468,18.6027973566275,Klebsiella pneumoniae,17.508765895967116,-1.0940314606603856
58,Cu2O,Bacillus subtilis,non-pathogenic,green_synthesis,disc_diffusion,rod-shaped,Bacteria,Bacillota,Bacilli,Bacillales,Bacillaceae,Bacillus,p,soil,5.0,35.0,0.16,7.08,30,29,143.091,3,36.04057568,12.00832358,2.998961039,144.2622982,15.0068205111137,Klebsiella pneumoniae,13.887069958286983,-1.1197505528267175
59,CuO,Bacillus subtilis,non-pathogenic,chemical_synthesis,disk_diffusion,snowflake,Bacteria,Bacillota,Bacilli,Bacillales,Bacillaceae,Bacillus,p,soil,0.31775,45.26,0.16,7.08,30,17,79.545,2,2.319480519,1.319480519,1.44956182,1.53025468,14.80744954366006,Klebsiella pneumoniae,13.575339411844586,-1.2321101318154728
60,Ag,Bacillus subtilis,non-pathogenic,chemical_synthesis,disk_diffusion,triangular,Bacteria,Bacillota,Bacilli,Bacillales,Bacillaceae,Bacillus,p,soil,15.0,52.5,0.16,7.08,30,11,107.868,1,1.74025974,0.091136933,2.143768512,0.158601936,12.15086335083729,Klebsiella pneumoniae,10.879037820755135,-1.271825530082154
61,Fe2O3,Bacillus subtilis,non-pathogenic,green_synthesis,disk_diffusion,ellipsoidal,Bacteria,Bacillota,Bacilli,Bacillales,Bacillaceae,Bacillus,p,soil,170.0,50.0,0.16,7.08,30,110,300.427,4,14.38989926,5.335287547,2.313964748,3.655916682,16.854154484724635,Klebsiella pneumoniae,15.566910480083074,-1.2872440046415612
62,CuO,Bacillus subtilis,non-pathogenic,green_synthesis,well_diffusion,Spherical,Bacteria,Bacillota,Bacilli,Bacillales,Bacillaceae,Bacillus,p,soil,128.0,12.0,0.16,7.08,30,17,79.545,2,2.319480519,1.319480519,1.44956182,1.53025468,15.011197710667576,Klebsiella pneumoniae,13.227104784213315,-1.7840929264542602
63,Cu2O,Bacillus subtilis,non-pathogenic,green_synthesis,well_diffusion,triangular,Bacteria,Bacillota,Bacilli,Bacillales,Bacillaceae,Bacillus,p,soil,10.625,6.0,0.16,7.08,30,29,143.091,3,36.04057568,12.00832358,2.998961039,144.2622982,10.440889071514539,Klebsiella pneumoniae,8.562571716189563,-1.8783173553249757
64,Ag,Bacillus subtilis,non-pathogenic,chemical_synthesis,disk_diffusion,ellipsoidal,Bacteria,Bacillota,Bacilli,Bacillales,Bacillaceae,Bacillus,p,soil,170.0,110.2,0.16,7.08,30,11,107.868,1,1.74025974,0.091136933,2.143768512,0.158601936,16.304285726491464,Klebsiella pneumoniae,14.357558995508256,-1.9467267309832081
65,CuO,Bacillus subtilis,non-pathogenic,chemical_synthesis,disc_diffusion,spheroidal,Bacteria,Bacillota,Bacilli,Bacillales,Bacillaceae,Bacillus,p,soil,85.0,13.5,0.16,7.08,30,17,79.545,2,2.319480519,1.319480519,1.44956182,1.53025468,14.0818652782017,Klebsiella pneumoniae,11.837110325873612,-2.2447549523280887
66,Ag,Bacillus subtilis,non-pathogenic,chemical_synthesis,disk_diffusion,triangular,Bacteria,Bacillota,Bacilli,Bacillales,Bacillaceae,Bacillus,p,soil,81.3794,33.0,0.16,7.08,30,11,107.868,1,1.74025974,0.091136933,2.143768512,0.158601936,14.239970236078186,Klebsiella pneumoniae,11.83890255918402,-2.401067676894167
67,CuO,Bacillus subtilis,non-pathogenic,chemical_synthesis,disk_diffusion,nanoplates,Bacteria,Bacillota,Bacilli,Bacillales,Bacillaceae,Bacillus,p,soil,5.31,10.0,0.16,7.08,30,17,79.545,2,2.319480519,1.319480519,1.44956182,1.53025468,15.2530056345991,Klebsiella pneumoniae,12.498347475446618,-2.7546581591524824
68,ZnO,Bacillus subtilis,non-pathogenic,chemical_synthesis,well_diffusion,hexagonal,Bacteria,Bacillota,Bacilli,Bacillales,Bacillaceae,Bacillus,p,soil,10000.0,80.0,0.16,7.08,30,8,81.389,2,2.423376623,1.423376623,0.785339814,1.724688818,15.954500103867426,Klebsiella pneumoniae,13.198753864223375,-2.7557462396440506
69,CuO,Bacillus subtilis,non-pathogenic,chemical_synthesis,disc_diffusion,snowflake,Bacteria,Bacillota,Bacilli,Bacillales,Bacillaceae,Bacillus,p,soil,65.0,79.0,0.16,7.08,30,17,79.545,2,2.319480519,1.319480519,1.44956182,1.53025468,14.339909890738575,Klebsiella pneumoniae,10.934141012632146,-3.4057688781064286
