,np,bacteria,bac_type,np_synthesis,method,shape,kingdom,phylum,class,order,family,genus,gram,isolated_from,concentration,np_size_avg (nm),"min_Incub_period, h","avg_Incub_period, h","growth_temp, C",Valance_electron,amw,NumHeteroatoms,kappa1,kappa2,kappa3,Phi,pred_ZOI_norm,pathogenic_bacteria,pred_ZOI_pathogen,Fitness
0,TiO2,Bacillus subtilis,non-pathogenic,green_synthesis,disk_diffusion,cubic,Bacteria,Bacillota,Bacilli,Bacillales,Bacillaceae,Bacillus,p,soil,40.0,35.0,0.16,7.08,30,16,79.865,3,3.314285714,2.314285714,2.314285714,2.556734694,17.907945976759365,Klebsiella pneumoniae,27.95943327251561,10.051487295756246
1,Cu2O,Bacillus subtilis,non-pathogenic,green_synthesis,disk_diffusion,ellipsoidal,Bacteria,Bacillota,Bacilli,Bacillales,Bacillaceae,Bacillus,p,soil,40.0,37.1,0.16,7.08,30,16,79.865,3,3.314285714,2.314285714,2.314285714,2.556734694,17.40063357935004,Klebsiella pneumoniae,26.340465681648745,8.939832102298706
2,TiO2,Bacillus subtilis,non-pathogenic,green_synthesis,disk_diffusion,quasi-hexagonal,Bacteria,Bacillota,Bacilli,Bacillales,Bacillaceae,Bacillus,p,soil,40.0,37.86,0.16,7.08,30,16,79.865,3,3.314285714,2.314285714,2.314285714,2.556734694,20.537193816376554,Klebsiella pneumoniae,27.188326406081806,6.651132589705252
3,Cu2O,Bacillus subtilis,non-pathogenic,green_synthesis,disk_diffusion,ellipsoidal,Bacteria,Bacillota,Bacilli,Bacillales,Bacillaceae,Bacillus,p,soil,40.6897,37.86,0.16,7.08,30,16,79.865,3,3.314285714,2.314285714,2.314285714,2.556734694,19.078849858935623,Klebsiella pneumoniae,25.55336652878089,6.4745166698452685
4,Fe3O4,Bacillus subtilis,non-pathogenic,green_synthesis,well_diffusion,hexagonal,Bacteria,Bacillota,Bacilli,Bacillales,Bacillaceae,Bacillus,p,soil,500.0,6.0,0.16,7.08,30,110,300.427,4,14.38989926,5.335287547,2.313964748,3.655916682,18.048878854467095,Klebsiella pneumoniae,24.2781781537843,6.229299299317205
5,Ag,Bacillus subtilis,non-pathogenic,chemical_synthesis,disk_diffusion,Spherical,Bacteria,Bacillota,Bacilli,Bacillales,Bacillaceae,Bacillus,p,soil,500.0,9.0,0.16,7.08,30,17,79.545,2,2.319480519,1.319480519,1.44956182,1.53025468,18.228752774212992,Klebsiella pneumoniae,24.181374861186235,5.952622086973243
6,Cu2O,Bacillus subtilis,non-pathogenic,green_synthesis,disk_diffusion,cylindrical,Bacteria,Bacillota,Bacilli,Bacillales,Bacillaceae,Bacillus,p,soil,40.6897,37.86,0.16,7.08,30,29,143.091,3,36.04057568,12.00832358,2.998961039,144.2622982,18.755678696805504,Klebsiella pneumoniae,24.089737555531016,5.334058858725513
7,ZnO,Bacillus subtilis,non-pathogenic,green_synthesis,disk_diffusion,cubic,Bacteria,Bacillota,Bacilli,Bacillales,Bacillaceae,Bacillus,p,soil,42.5,37.1,0.16,7.08,30,8,81.389,2,2.423376623,1.423376623,0.785339814,1.724688818,19.538813604912146,Klebsiella pneumoniae,24.57178871790928,5.032975112997132
8,Ag,Bacillus subtilis,non-pathogenic,chemical_synthesis,well_diffusion,nanoplates,Bacteria,Bacillota,Bacilli,Bacillales,Bacillaceae,Bacillus,p,soil,32.0,15.0,0.16,7.08,30,11,107.868,1,1.74025974,0.091136933,2.143768512,0.158601936,14.174260872614328,Klebsiella pneumoniae,19.01996193140306,4.845701058788732
9,Ag,Bacillus subtilis,non-pathogenic,chemical_synthesis,well_diffusion,nanorods,Bacteria,Bacillota,Bacilli,Bacillales,Bacillaceae,Bacillus,p,soil,28.0,4.0,0.16,7.08,30,11,107.868,1,1.74025974,0.091136933,2.143768512,0.158601936,13.618481345931373,Klebsiella pneumoniae,18.431539463511417,4.813058117580043
10,CuO,Bacillus subtilis,non-pathogenic,chemical_synthesis,disk_diffusion,cylindrical,Bacteria,Bacillota,Bacilli,Bacillales,Bacillaceae,Bacillus,p,soil,500.0,9.0,0.16,7.08,30,17,79.545,2,2.319480519,1.319480519,1.44956182,1.53025468,17.916770234081813,Klebsiella pneumoniae,22.25556493680424,4.338794702722428
11,Cu2O,Bacillus subtilis,non-pathogenic,green_synthesis,well_diffusion,Spherical,Bacteria,Bacillota,Bacilli,Bacillales,Bacillaceae,Bacillus,p,soil,30.0,37.1,0.16,7.08,30,29,143.091,3,36.04057568,12.00832358,2.998961039,144.2622982,17.296446320462792,Klebsiella pneumoniae,21.609708838448647,4.313262517985855
12,TiO2,Bacillus subtilis,non-pathogenic,green_synthesis,disk_diffusion,cubic,Bacteria,Bacillota,Bacilli,Bacillales,Bacillaceae,Bacillus,p,soil,40.0,62.5,0.16,7.08,30,16,79.865,3,3.314285714,2.314285714,2.314285714,2.556734694,11.614665173011392,Klebsiella pneumoniae,15.877188180222154,4.262523007210762
13,Pt,Bacillus subtilis,non-pathogenic,green_synthesis,well_diffusion,Spherical,Bacteria,Bacillota,Bacilli,Bacillales,Bacillaceae,Bacillus,p,soil,42.5,35.0,0.16,7.08,30,8,81.389,2,2.423376623,1.423376623,0.785339814,1.724688818,19.547143206692354,Klebsiella pneumoniae,23.769793707569328,4.2226505008769735
14,TiO2,Bacillus subtilis,non-pathogenic,green_synthesis,disc_diffusion,spherical,Bacteria,Bacillota,Bacilli,Bacillales,Bacillaceae,Bacillus,p,soil,42.5,37.86,0.16,7.08,30,16,79.865,3,3.314285714,2.314285714,2.314285714,2.556734694,18.24399609004646,Klebsiella pneumoniae,22.427804455023495,4.183808364977036
15,CuO,Bacillus subtilis,non-pathogenic,chemical_synthesis,disk_diffusion,hexagonal,Bacteria,Bacillota,Bacilli,Bacillales,Bacillaceae,Bacillus,p,soil,500.0,9.0,0.16,7.08,30,17,79.545,2,2.319480519,1.319480519,1.44956182,1.53025468,17.52388436661036,Klebsiella pneumoniae,21.62889543830322,4.105011071692861
16,Ag,Bacillus subtilis,non-pathogenic,chemical_synthesis,disk_diffusion,nanorods and triangles,Bacteria,Bacillota,Bacilli,Bacillales,Bacillaceae,Bacillus,p,soil,250.0,4.0,0.16,7.08,30,11,107.868,1,1.74025974,0.091136933,2.143768512,0.158601936,16.238254645331395,Klebsiella pneumoniae,20.308616354288144,4.070361708956749
17,CuO,Bacillus subtilis,non-pathogenic,chemical_synthesis,disk_diffusion,cubic,Bacteria,Bacillota,Bacilli,Bacillales,Bacillaceae,Bacillus,p,soil,225.0,9.0,0.16,7.08,30,17,79.545,2,2.319480519,1.319480519,1.44956182,1.53025468,18.40738504129616,Klebsiella pneumoniae,22.450030073815018,4.042645032518859
18,ZnO,Bacillus subtilis,non-pathogenic,green_synthesis,disc_diffusion,spherical,Bacteria,Bacillota,Bacilli,Bacillales,Bacillaceae,Bacillus,p,soil,1024.0,14.6,0.16,7.08,30,11,107.868,1,1.74025974,0.091136933,2.143768512,0.158601936,16.107895947325513,Klebsiella pneumoniae,20.141458256075783,4.03356230875027
19,Ag,Bacillus subtilis,non-pathogenic,green_synthesis,well_diffusion,quasi-hexagonal,Bacteria,Bacillota,Bacilli,Bacillales,Bacillaceae,Bacillus,p,soil,40.0,25.0,0.16,7.08,30,11,107.868,1,1.74025974,0.091136933,2.143768512,0.158601936,17.18209525835587,Klebsiella pneumoniae,21.128561004335843,3.9464657459799746
20,Mo,Bacillus subtilis,non-pathogenic,chemical_synthesis,disc_diffusion,quasi-hexagonal,Bacteria,Bacillota,Bacilli,Bacillales,Bacillaceae,Bacillus,p,soil,21.25,9.0,0.16,7.08,30,11,107.868,1,1.74025974,0.091136933,2.143768512,0.158601936,13.99815338204397,Klebsiella pneumoniae,17.929949842574004,3.931796460530034
21,TiO2,Bacillus subtilis,non-pathogenic,green_synthesis,disk_diffusion,hexagonal,Bacteria,Bacillota,Bacilli,Bacillales,Bacillaceae,Bacillus,p,soil,300.0,34.0,0.16,7.08,30,16,79.865,3,3.314285714,2.314285714,2.314285714,2.556734694,17.152806308352414,Klebsiella pneumoniae,21.032076921841163,3.8792706134887496
22,ZnO,Bacillus subtilis,non-pathogenic,green_synthesis,well_diffusion,ellipsoidal,Bacteria,Bacillota,Bacilli,Bacillales,Bacillaceae,Bacillus,p,soil,20.34485,37.1,0.16,7.08,30,8,81.389,2,2.423376623,1.423376623,0.785339814,1.724688818,20.945239003016265,Klebsiella pneumoniae,24.522437761767247,3.5771987587509813
23,Ag,Bacillus subtilis,non-pathogenic,green_synthesis,well_diffusion,cubic,Bacteria,Bacillota,Bacilli,Bacillales,Bacillaceae,Bacillus,p,soil,32.0,25.9,0.16,7.08,30,11,107.868,1,1.74025974,0.091136933,2.143768512,0.158601936,14.622659980283252,Klebsiella pneumoniae,18.157843577596747,3.5351835973134946
24,Fe2O3,Bacillus subtilis,non-pathogenic,green_synthesis,disc_diffusion,hexagonal,Bacteria,Bacillota,Bacilli,Bacillales,Bacillaceae,Bacillus,p,soil,300.0,9.0,0.16,7.08,30,110,300.427,4,14.38989926,5.335287547,2.313964748,3.655916682,14.954495883622872,Klebsiella pneumoniae,18.29263800609586,3.3381421224729877
25,ZnO,Bacillus subtilis,non-pathogenic,green_synthesis,disk_diffusion,cubic,Bacteria,Bacillota,Bacilli,Bacillales,Bacillaceae,Bacillus,p,soil,42.5,37.1,0.16,7.08,30,17,79.545,2,2.319480519,1.319480519,1.44956182,1.53025468,18.88992305939416,Klebsiella pneumoniae,22.01566871508226,3.1257456556880996
26,Ag,Bacillus subtilis,non-pathogenic,chemical_synthesis,well_diffusion,snowflake,Bacteria,Bacillota,Bacilli,Bacillales,Bacillaceae,Bacillus,p,soil,500.0,37.86,0.16,7.08,30,11,107.868,1,1.74025974,0.091136933,2.143768512,0.158601936,21.61368318271186,Klebsiella pneumoniae,24.68986242292937,3.0761792402175097
27,Ag,Bacillus subtilis,non-pathogenic,green_synthesis,well_diffusion,nanorods,Bacteria,Bacillota,Bacilli,Bacillales,Bacillaceae,Bacillus,p,soil,4000.0,3.0,0.16,7.08,30,11,107.868,1,1.74025974,0.091136933,2.143768512,0.158601936,16.060292809429626,Klebsiella pneumoniae,19.11235059406239,3.0520577846327654
28,TiO2,Bacillus subtilis,non-pathogenic,green_synthesis,well_diffusion,nanoplates,Bacteria,Bacillota,Bacilli,Bacillales,Bacillaceae,Bacillus,p,soil,100.0,41.23,0.16,7.08,30,16,79.865,3,3.314285714,2.314285714,2.314285714,2.556734694,22.341724525824834,Klebsiella pneumoniae,25.261048653402263,2.919324127577429
29,Ag,Bacillus subtilis,non-pathogenic,chemical_synthesis,disc_diffusion,hexagonal,Bacteria,Bacillota,Bacilli,Bacillales,Bacillaceae,Bacillus,p,soil,30.0,8.0,0.16,7.08,30,10,195.078,1,1.688311688,0.141141877,2.499632443,0.238291481,12.800246259496202,Klebsiella pneumoniae,15.707864472190726,2.9076182126945245
30,CuO,Bacillus subtilis,non-pathogenic,chemical_synthesis,well_diffusion,ellipsoidal,Bacteria,Bacillota,Bacilli,Bacillales,Bacillaceae,Bacillus,p,soil,300.0,10.0,0.16,7.08,30,17,79.545,2,2.319480519,1.319480519,1.44956182,1.53025468,18.052745042087082,Klebsiella pneumoniae,20.9220251229265,2.8692800808394168
31,Pt,Bacillus subtilis,non-pathogenic,green_synthesis,well_diffusion,Spherical,Bacteria,Bacillota,Bacilli,Bacillales,Bacillaceae,Bacillus,p,soil,28.0,35.0,0.16,7.08,30,11,107.868,1,1.74025974,0.091136933,2.143768512,0.158601936,15.319826268075238,Klebsiella pneumoniae,18.094261184892755,2.7744349168175173
32,Ag,Bacillus subtilis,non-pathogenic,green_synthesis,well_diffusion,Spherical,Bacteria,Bacillota,Bacilli,Bacillales,Bacillaceae,Bacillus,p,soil,1000.0,21.0,0.16,7.08,30,11,107.868,1,1.74025974,0.091136933,2.143768512,0.158601936,17.875662726521792,Klebsiella pneumoniae,20.633796279237416,2.7581335527156234
33,Fe2O3,Bacillus subtilis,non-pathogenic,green_synthesis,disc_diffusion,cubic,Bacteria,Bacillota,Bacilli,Bacillales,Bacillaceae,Bacillus,p,soil,256.0,34.0,0.16,7.08,30,110,300.427,4,14.38989926,5.335287547,2.313964748,3.655916682,17.641764693680088,Klebsiella pneumoniae,20.271774435708497,2.6300097420284096
34,Mo,Bacillus subtilis,non-pathogenic,chemical_synthesis,disk_diffusion,quasi-hexagonal,Bacteria,Bacillota,Bacilli,Bacillales,Bacillaceae,Bacillus,p,soil,21.25,9.0,0.16,7.08,30,6,95.94,1,1.688311688,0.141141877,2.499632443,0.238291481,16.39048864775429,Klebsiella pneumoniae,18.967849586395,2.5773609386407124
35,Fe2O3,Bacillus subtilis,non-pathogenic,green_synthesis,disc_diffusion,hexagonal,Bacteria,Bacillota,Bacilli,Bacillales,Bacillaceae,Bacillus,p,soil,25000.0,4.0,0.16,7.08,30,110,300.427,4,14.38989926,5.335287547,2.313964748,3.655916682,16.956964111114704,Klebsiella pneumoniae,19.531941007596103,2.574976896481399
36,Ag,Bacillus subtilis,non-pathogenic,green_synthesis,disk_diffusion,nanoplates,Bacteria,Bacillota,Bacilli,Bacillales,Bacillaceae,Bacillus,p,soil,40.0,13.5,0.16,7.08,30,11,107.868,1,1.74025974,0.091136933,2.143768512,0.158601936,12.001214219539513,Klebsiella pneumoniae,14.536845338845461,2.5356311193059486
37,Pt,Bacillus subtilis,non-pathogenic,green_synthesis,well_diffusion,nanorods,Bacteria,Bacillota,Bacilli,Bacillales,Bacillaceae,Bacillus,p,soil,28.0,35.0,0.16,7.08,30,11,107.868,1,1.74025974,0.091136933,2.143768512,0.158601936,19.73140874489485,Klebsiella pneumoniae,22.20675328735493,2.4753445424600784
38,ZnO,Bacillus subtilis,non-pathogenic,green_synthesis,well_diffusion,cylindrical,Bacteria,Bacillota,Bacilli,Bacillales,Bacillaceae,Bacillus,p,soil,11.0,44.45,0.16,7.08,30,8,81.389,2,2.423376623,1.423376623,0.785339814,1.724688818,20.580528878186954,Klebsiella pneumoniae,22.89326706767633,2.3127381894893766
39,Ag,Bacillus subtilis,non-pathogenic,green_synthesis,disc_diffusion,nanoplates,Bacteria,Bacillota,Bacilli,Bacillales,Bacillaceae,Bacillus,p,soil,500.0,6.0,0.16,7.08,30,11,107.868,1,1.74025974,0.091136933,2.143768512,0.158601936,14.369510394632638,Klebsiella pneumoniae,16.39452098937535,2.0250105947427137
40,Ag,Bacillus subtilis,non-pathogenic,chemical_synthesis,disk_diffusion,cylindrical,Bacteria,Bacillota,Bacilli,Bacillales,Bacillaceae,Bacillus,p,soil,81.3794,16.0,0.16,7.08,30,11,107.868,1,1.74025974,0.091136933,2.143768512,0.158601936,16.253245288322567,Klebsiella pneumoniae,17.592447601078586,1.3392023127560186
41,Ag,Bacillus subtilis,non-pathogenic,chemical_synthesis,well_diffusion,quasi-hexagonal,Bacteria,Bacillota,Bacilli,Bacillales,Bacillaceae,Bacillus,p,soil,16.0,4.0,0.16,7.08,30,11,107.868,1,1.74025974,0.091136933,2.143768512,0.158601936,11.248251620070548,Klebsiella pneumoniae,12.27933487838089,1.0310832583103426
42,Pt,Bacillus subtilis,non-pathogenic,green_synthesis,well_diffusion,Spherical,Bacteria,Bacillota,Bacilli,Bacillales,Bacillaceae,Bacillus,p,soil,42.5,15.0,0.16,7.08,30,8,81.389,2,2.423376623,1.423376623,0.785339814,1.724688818,15.420272160824183,Klebsiella pneumoniae,16.334343098905812,0.914070938081629
43,Fe2O3,Bacillus subtilis,non-pathogenic,green_synthesis,disk_diffusion,cylindrical,Bacteria,Bacillota,Bacilli,Bacillales,Bacillaceae,Bacillus,p,soil,14.0,40.0,0.16,7.08,30,110,300.427,4,14.38989926,5.335287547,2.313964748,3.655916682,16.63083616707191,Klebsiella pneumoniae,17.43987522959919,0.8090390625272796
44,Pt,Bacillus subtilis,non-pathogenic,chemical_synthesis,disk_diffusion,nanorods,Bacteria,Bacillota,Bacilli,Bacillales,Bacillaceae,Bacillus,p,soil,28.0,35.0,0.16,7.08,30,8,81.389,2,2.423376623,1.423376623,0.785339814,1.724688818,18.818852780340155,Klebsiella pneumoniae,19.499840111314892,0.6809873309747374
45,Ag,Bacillus subtilis,non-pathogenic,green_synthesis,well_diffusion,rod-shaped,Bacteria,Bacillota,Bacilli,Bacillales,Bacillaceae,Bacillus,p,soil,11.0,21.0,0.16,7.08,30,11,107.868,1,1.74025974,0.091136933,2.143768512,0.158601936,17.125455549958875,Klebsiella pneumoniae,17.75098982287513,0.625534272916255
46,TiO2,Bacillus subtilis,non-pathogenic,green_synthesis,well_diffusion,nanoplates,Bacteria,Bacillota,Bacilli,Bacillales,Bacillaceae,Bacillus,p,soil,10.0,14.6,0.16,7.08,30,16,79.865,3,3.314285714,2.314285714,2.314285714,2.556734694,13.730325536739146,Klebsiella pneumoniae,14.263199748707963,0.5328742119688172
47,Cu2O,Bacillus subtilis,non-pathogenic,green_synthesis,well_diffusion,Spherical,Bacteria,Bacillota,Bacilli,Bacillales,Bacillaceae,Bacillus,p,soil,30.0,21.0,0.16,7.08,30,8,81.389,2,2.423376623,1.423376623,0.785339814,1.724688818,16.01266530875789,Klebsiella pneumoniae,16.490409976628786,0.47774466787089764
48,TiO2,Bacillus subtilis,non-pathogenic,green_synthesis,disk_diffusion,triangular,Bacteria,Bacillota,Bacilli,Bacillales,Bacillaceae,Bacillus,p,soil,14.0,37.86,0.16,7.08,30,16,79.865,3,3.314285714,2.314285714,2.314285714,2.556734694,16.90229887532332,Klebsiella pneumoniae,17.30857345336598,0.4062745780426589
49,Fe2O3,Bacillus subtilis,non-pathogenic,chemical_synthesis,disc_diffusion,Spherical,Bacteria,Bacillota,Bacilli,Bacillales,Bacillaceae,Bacillus,p,soil,512.0,42.0,0.16,7.08,30,110,300.427,4,14.38989926,5.335287547,2.313964748,3.655916682,16.95862463474334,Klebsiella pneumoniae,17.18651611117668,0.22789147643333862
50,ZnO,Bacillus subtilis,non-pathogenic,chemical_synthesis,well_diffusion,ellipsoidal,Bacteria,Bacillota,Bacilli,Bacillales,Bacillaceae,Bacillus,p,soil,20.34485,37.1,0.16,7.08,30,8,81.389,2,2.423376623,1.423376623,0.785339814,1.724688818,18.492523178901255,Klebsiella pneumoniae,18.472390041711847,-0.02013313718940779
51,Ag,Bacillus subtilis,non-pathogenic,green_synthesis,well_diffusion,rod-shaped,Bacteria,Bacillota,Bacilli,Bacillales,Bacillaceae,Bacillus,p,soil,2.5,34.0,0.16,7.08,30,11,107.868,1,1.74025974,0.091136933,2.143768512,0.158601936,17.010129320844005,Klebsiella pneumoniae,16.983534480218292,-0.02659484062571238
52,Cu,Bacillus subtilis,non-pathogenic,green_synthesis,disc_diffusion,spherical,Bacteria,Bacillota,Bacilli,Bacillales,Bacillaceae,Bacillus,p,soil,15.0,26.38,0.16,7.08,30,11,63.546,1,1.519480519,0.444480519,4.219480519,0.675379491,14.50218824582669,Klebsiella pneumoniae,14.325948488525551,-0.17623975730113983
53,Ag,Bacillus subtilis,non-pathogenic,green_synthesis,disc_diffusion,nanorods,Bacteria,Bacillota,Bacilli,Bacillales,Bacillaceae,Bacillus,p,soil,40.6897,79.0,0.16,7.08,30,11,107.868,1,1.74025974,0.091136933,2.143768512,0.158601936,13.231757636432697,Klebsiella pneumoniae,12.966824468069625,-0.264933168363072
54,CuO,Bacillus subtilis,non-pathogenic,chemical_synthesis,disk_diffusion,cubic,Bacteria,Bacillota,Bacilli,Bacillales,Bacillaceae,Bacillus,p,soil,40.6897,9.0,0.16,7.08,30,17,79.545,2,2.319480519,1.319480519,1.44956182,1.53025468,12.614914240492809,Klebsiella pneumoniae,12.048844277822838,-0.566069962669971
55,Ag,Bacillus subtilis,non-pathogenic,green_synthesis,well_diffusion,cubic,Bacteria,Bacillota,Bacilli,Bacillales,Bacillaceae,Bacillus,p,soil,4.772724,93.0,0.16,7.08,30,11,107.868,1,1.74025974,0.091136933,2.143768512,0.158601936,13.049150134552779,Klebsiella pneumoniae,12.442417302169375,-0.606732832383404
56,TiO2,Bacillus subtilis,non-pathogenic,green_synthesis,disc_diffusion,rod-shaped,Bacteria,Bacillota,Bacilli,Bacillales,Bacillaceae,Bacillus,p,soil,3.4,62.5,0.16,7.08,30,16,79.865,3,3.314285714,2.314285714,2.314285714,2.556734694,12.644401518259722,Klebsiella pneumoniae,11.596656890307758,-1.047744627951964
57,CuO,Bacillus subtilis,non-pathogenic,chemical_synthesis,disk_diffusion,cubic,Bacteria,Bacillota,Bacilli,Bacillales,Bacillaceae,Bacillus,p,soil,81.3794,12.0,0.16,7.08,30,17,79.545,2,2.319480519,1.319480519,1.44956182,1.53025468,13.225088126591567,Klebsiella pneumoniae,12.164019136642702,-1.0610689899488648
58,Cu2O,Bacillus subtilis,non-pathogenic,chemical_synthesis,well_diffusion,snowflake,Bacteria,Bacillota,Bacilli,Bacillales,Bacillaceae,Bacillus,p,soil,250.0,44.0,0.16,7.08,30,29,143.091,3,36.04057568,12.00832358,2.998961039,144.2622982,20.802338988720784,Klebsiella pneumoniae,19.665091033664122,-1.1372479550566617
59,CuO,Bacillus subtilis,non-pathogenic,chemical_synthesis,disk_diffusion,hexagonal,Bacteria,Bacillota,Bacilli,Bacillales,Bacillaceae,Bacillus,p,soil,30.0,92.0,0.16,7.08,30,17,79.545,2,2.319480519,1.319480519,1.44956182,1.53025468,12.011475910277355,Klebsiella pneumoniae,10.855261144118348,-1.1562147661590068
60,CuO,Bacillus subtilis,non-pathogenic,green_synthesis,disk_diffusion,ellipsoidal,Bacteria,Bacillota,Bacilli,Bacillales,Bacillaceae,Bacillus,p,soil,200.0,15.0,0.16,7.08,30,17,79.545,2,2.319480519,1.319480519,1.44956182,1.53025468,21.62648313506295,Klebsiella pneumoniae,20.157361307651414,-1.4691218274115379
61,Ag,Bacillus subtilis,non-pathogenic,chemical_synthesis,well_diffusion,spheroidal,Bacteria,Bacillota,Bacilli,Bacillales,Bacillaceae,Bacillus,p,soil,101.0,34.0,0.16,7.08,30,11,107.868,1,1.74025974,0.091136933,2.143768512,0.158601936,17.046685889829913,Klebsiella pneumoniae,15.377444687682429,-1.669241202147484
62,Fe2O3,Bacillus subtilis,non-pathogenic,chemical_synthesis,disc_diffusion,nanoplates,Bacteria,Bacillota,Bacilli,Bacillales,Bacillaceae,Bacillus,p,soil,0.31775,110.2,0.16,7.08,30,110,300.427,4,14.38989926,5.335287547,2.313964748,3.655916682,12.986305723426508,Klebsiella pneumoniae,10.731135973729295,-2.255169749697213
