,np,bacteria,bac_type,np_synthesis,method,shape,kingdom,phylum,class,order,family,genus,gram,isolated_from,concentration,np_size_avg (nm),"min_Incub_period, h","avg_Incub_period, h","growth_temp, C",Valance_electron,amw,NumHeteroatoms,kappa1,kappa2,kappa3,Phi,pred_ZOI_norm,pathogenic_bacteria,pred_ZOI_pathogen,Fitness
0,Fe2O3,Bacillus subtilis,non-pathogenic,green_synthesis,disc_diffusion,cubic,Bacteria,Bacillota,Bacilli,Bacillales,Bacillaceae,Bacillus,p,soil,40.0,35.0,0.16,7.08,30,110,300.427,4,14.38989926,5.335287547,2.313964748,3.655916682,18.44103,Staphylococcus aureus,37.654087,19.213056564331055
1,ZnO,Bacillus subtilis,non-pathogenic,green_synthesis,disc_diffusion,cylindrical,Bacteria,Bacillota,Bacilli,Bacillales,Bacillaceae,Bacillus,p,soil,40.6897,35.0,0.16,7.08,30,16,79.865,3,3.314285714,2.314285714,2.314285714,2.556734694,11.5472765,Staphylococcus aureus,29.87972,18.332443237304688
2,TiO2,Bacillus subtilis,non-pathogenic,green_synthesis,disk_diffusion,cubic,Bacteria,Bacillota,Bacilli,Bacillales,Bacillaceae,Bacillus,p,soil,40.0,41.9,0.16,7.08,30,16,79.865,3,3.314285714,2.314285714,2.314285714,2.556734694,21.535288,Staphylococcus aureus,38.808395,17.273107528686523
3,Fe3O4,Bacillus subtilis,non-pathogenic,chemical_synthesis,disc_diffusion,cylindrical,Bacteria,Bacillota,Bacilli,Bacillales,Bacillaceae,Bacillus,p,soil,30.0,37.1,0.16,7.08,30,48,231.531,7,10.82035581,15.78324347,19.64994348,24.39718718,17.21782,Staphylococcus aureus,33.949387,16.7315673828125
4,TiO2,Bacillus subtilis,non-pathogenic,chemical_synthesis,disc_diffusion,cylindrical,Bacteria,Bacillota,Bacilli,Bacillales,Bacillaceae,Bacillus,p,soil,40.0,50.0,0.16,7.08,30,16,79.865,3,3.314285714,2.314285714,2.314285714,2.556734694,15.332628,Staphylococcus aureus,31.708527,16.375898361206055
5,Cu,Bacillus subtilis,non-pathogenic,chemical_synthesis,disc_diffusion,nanoplates,Bacteria,Bacillota,Bacilli,Bacillales,Bacillaceae,Bacillus,p,soil,32.0,40.0,0.16,7.08,30,48,231.531,7,10.82035581,15.78324347,19.64994348,24.39718718,18.974321,Staphylococcus aureus,33.112915,14.138593673706055
6,Ag,Bacillus subtilis,non-pathogenic,chemical_synthesis,disk_diffusion,nanoplates,Bacteria,Bacillota,Bacilli,Bacillales,Bacillaceae,Bacillus,p,soil,30.0,44.0,0.16,7.08,30,16,79.865,3,3.314285714,2.314285714,2.314285714,2.556734694,19.89387,Staphylococcus aureus,33.60372,13.70985221862793
7,Fe3O4,Bacillus subtilis,non-pathogenic,chemical_synthesis,disc_diffusion,nanorods,Bacteria,Bacillota,Bacilli,Bacillales,Bacillaceae,Bacillus,p,soil,28.0,44.45,0.16,7.08,30,48,231.531,7,10.82035581,15.78324347,19.64994348,24.39718718,20.118528,Staphylococcus aureus,33.39569,13.277162551879883
8,Fe3O4,Bacillus subtilis,non-pathogenic,chemical_synthesis,disc_diffusion,nanorods,Bacteria,Bacillota,Bacilli,Bacillales,Bacillaceae,Bacillus,p,soil,28.0,44.45,0.16,7.08,30,48,231.531,7,10.82035581,15.78324347,19.64994348,24.39718718,20.118528,Staphylococcus aureus,33.39569,13.277162551879883
9,ZnO,Bacillus subtilis,non-pathogenic,green_synthesis,disc_diffusion,cylindrical,Bacteria,Bacillota,Bacilli,Bacillales,Bacillaceae,Bacillus,p,soil,40.6897,35.0,0.16,7.08,30,8,81.389,2,2.423376623,1.423376623,0.785339814,1.724688818,16.00727,Staphylococcus aureus,28.163086,12.155815124511719
10,Fe2O3,Bacillus subtilis,non-pathogenic,green_synthesis,disc_diffusion,nanoplates,Bacteria,Bacillota,Bacilli,Bacillales,Bacillaceae,Bacillus,p,soil,40.0,25.9,0.16,7.08,30,110,300.427,4,14.38989926,5.335287547,2.313964748,3.655916682,15.945915,Staphylococcus aureus,27.331333,11.385417938232422
11,CuO,Bacillus subtilis,non-pathogenic,chemical_synthesis,well_diffusion,cubic,Bacteria,Bacillota,Bacilli,Bacillales,Bacillaceae,Bacillus,p,soil,40.0,42.0,0.16,7.08,30,17,79.545,2,2.319480519,1.319480519,1.44956182,1.53025468,25.299492,Staphylococcus aureus,36.24109,10.941596984863281
12,Fe3O4,Bacillus subtilis,non-pathogenic,green_synthesis,disc_diffusion,cubic,Bacteria,Bacillota,Bacilli,Bacillales,Bacillaceae,Bacillus,p,soil,81.3794,44.0,0.16,7.08,30,48,231.531,7,10.82035581,15.78324347,19.64994348,24.39718718,19.901438,Staphylococcus aureus,30.35871,10.457271575927734
13,Cu,Bacillus subtilis,non-pathogenic,chemical_synthesis,disc_diffusion,Spherical,Bacteria,Bacillota,Bacilli,Bacillales,Bacillaceae,Bacillus,p,soil,30.0,46.0,0.16,7.08,30,11,107.868,1,1.74025974,0.091136933,2.143768512,0.158601936,15.9868145,Staphylococcus aureus,26.2224,10.235586166381836
14,Ag,Bacillus subtilis,non-pathogenic,chemical_synthesis,disk_diffusion,ellipsoidal,Bacteria,Bacillota,Bacilli,Bacillales,Bacillaceae,Bacillus,p,soil,28.0,46.8,0.16,7.08,30,11,107.868,1,1.74025974,0.091136933,2.143768512,0.158601936,19.160261,Staphylococcus aureus,29.360085,10.199823379516602
15,Fe3O4,Bacillus subtilis,non-pathogenic,green_synthesis,disc_diffusion,nanoplates,Bacteria,Bacillota,Bacilli,Bacillales,Bacillaceae,Bacillus,p,soil,65.0,62.0,0.16,7.08,30,48,231.531,7,10.82035581,15.78324347,19.64994348,24.39718718,15.712847,Staphylococcus aureus,25.797626,10.084779739379883
16,Fe3O4,Bacillus subtilis,non-pathogenic,chemical_synthesis,disk_diffusion,quasi-hexagonal,Bacteria,Bacillota,Bacilli,Bacillales,Bacillaceae,Bacillus,p,soil,28.0,34.0,0.16,7.08,30,48,231.531,7,10.82035581,15.78324347,19.64994348,24.39718718,17.884518,Staphylococcus aureus,27.555801,9.671283721923828
17,ZnO,Bacillus subtilis,non-pathogenic,chemical_synthesis,disk_diffusion,Spherical,Bacteria,Bacillota,Bacilli,Bacillales,Bacillaceae,Bacillus,p,soil,40.0,4.0,0.16,7.08,30,8,81.389,2,2.423376623,1.423376623,0.785339814,1.724688818,15.810622,Staphylococcus aureus,25.425709,9.615086555480957
18,Ag,Bacillus subtilis,non-pathogenic,green_synthesis,disc_diffusion,nanorods and triangles,Bacteria,Bacillota,Bacilli,Bacillales,Bacillaceae,Bacillus,p,soil,40.0,41.23,0.16,7.08,30,11,107.868,1,1.74025974,0.091136933,2.143768512,0.158601936,24.86637,Staphylococcus aureus,34.40892,9.542551040649414
19,CuO,Bacillus subtilis,non-pathogenic,green_synthesis,disk_diffusion,cylindrical,Bacteria,Bacillota,Bacilli,Bacillales,Bacillaceae,Bacillus,p,soil,32.0,46.8,0.16,7.08,30,17,79.545,2,2.319480519,1.319480519,1.44956182,1.53025468,18.387245,Staphylococcus aureus,27.766327,9.379081726074219
20,Co,Bacillus subtilis,non-pathogenic,green_synthesis,disc_diffusion,hexagonal,Bacteria,Bacillota,Bacilli,Bacillales,Bacillaceae,Bacillus,p,soil,28.0,51.3,0.16,7.08,30,9,58.933,1,1.506493506,0.480852481,4.403929404,0.72440114,16.163736,Staphylococcus aureus,25.248121,9.08438491821289
21,Ag,Bacillus subtilis,non-pathogenic,green_synthesis,disc_diffusion,nanorods and triangles,Bacteria,Bacillota,Bacilli,Bacillales,Bacillaceae,Bacillus,p,soil,40.0,45.1,0.16,7.08,30,11,107.868,1,1.74025974,0.091136933,2.143768512,0.158601936,19.83322,Staphylococcus aureus,28.719353,8.886133193969727
22,Ag,Bacillus subtilis,non-pathogenic,green_synthesis,disc_diffusion,nanorods and triangles,Bacteria,Bacillota,Bacilli,Bacillales,Bacillaceae,Bacillus,p,soil,28.0,41.23,0.16,7.08,30,11,107.868,1,1.74025974,0.091136933,2.143768512,0.158601936,22.693165,Staphylococcus aureus,31.484518,8.791353225708008
23,Fe3O4,Bacillus subtilis,non-pathogenic,chemical_synthesis,well_diffusion,cubic,Bacteria,Bacillota,Bacilli,Bacillales,Bacillaceae,Bacillus,p,soil,28.0,25.0,0.16,7.08,30,48,231.531,7,10.82035581,15.78324347,19.64994348,24.39718718,14.789708,Staphylococcus aureus,23.328718,8.539010047912598
24,Ag,Bacillus subtilis,non-pathogenic,chemical_synthesis,disc_diffusion,cubic,Bacteria,Bacillota,Bacilli,Bacillales,Bacillaceae,Bacillus,p,soil,40.0,20.0,0.16,7.08,30,11,107.868,1,1.74025974,0.091136933,2.143768512,0.158601936,16.769638,Staphylococcus aureus,25.24441,8.474771499633789
25,Cu,Bacillus subtilis,non-pathogenic,chemical_synthesis,disk_diffusion,quasi-hexagonal,Bacteria,Bacillota,Bacilli,Bacillales,Bacillaceae,Bacillus,p,soil,40.6897,62.0,0.16,7.08,30,11,63.546,1,1.519480519,0.444480519,4.219480519,0.675379491,19.107397,Staphylococcus aureus,26.932877,7.825479507446289
26,Cu,Bacillus subtilis,non-pathogenic,chemical_synthesis,disk_diffusion,hexagonal,Bacteria,Bacillota,Bacilli,Bacillales,Bacillaceae,Bacillus,p,soil,32.0,120.0,0.16,7.08,30,11,63.546,1,1.519480519,0.444480519,4.219480519,0.675379491,11.442042,Staphylococcus aureus,18.704863,7.262820243835449
27,TiO2,Bacillus subtilis,non-pathogenic,green_synthesis,disk_diffusion,nanoplates,Bacteria,Bacillota,Bacilli,Bacillales,Bacillaceae,Bacillus,p,soil,102.0,120.0,0.16,7.08,30,16,79.865,3,3.314285714,2.314285714,2.314285714,2.556734694,9.716915,Staphylococcus aureus,13.83192,4.115004539489746
28,Ag,Bacillus subtilis,non-pathogenic,green_synthesis,well_diffusion,nanorods and triangles,Bacteria,Bacillota,Bacilli,Bacillales,Bacillaceae,Bacillus,p,soil,13.0,41.9,0.16,7.08,30,11,107.868,1,1.74025974,0.091136933,2.143768512,0.158601936,23.993046,Staphylococcus aureus,27.486765,3.4937191009521484
29,ZnO,Bacillus subtilis,non-pathogenic,chemical_synthesis,disc_diffusion,cylindrical,Bacteria,Bacillota,Bacilli,Bacillales,Bacillaceae,Bacillus,p,soil,1024.0,8.0,0.16,7.08,30,8,81.389,2,2.423376623,1.423376623,0.785339814,1.724688818,16.63727,Staphylococcus aureus,19.88842,3.251150131225586
30,CuO,Bacillus subtilis,non-pathogenic,chemical_synthesis,disc_diffusion,cubic,Bacteria,Bacillota,Bacilli,Bacillales,Bacillaceae,Bacillus,p,soil,20.34485,52.5,0.16,7.08,30,17,79.545,2,2.319480519,1.319480519,1.44956182,1.53025468,19.07463,Staphylococcus aureus,21.995535,2.9209041595458984
31,Fe3O4,Bacillus subtilis,non-pathogenic,green_synthesis,well_diffusion,hexagonal,Bacteria,Bacillota,Bacilli,Bacillales,Bacillaceae,Bacillus,p,soil,5.0,26.38,0.16,7.08,30,48,231.531,7,10.82035581,15.78324347,19.64994348,24.39718718,10.69106,Staphylococcus aureus,13.350474,2.659414291381836
32,CuO,Bacillus subtilis,non-pathogenic,green_synthesis,well_diffusion,quasi-hexagonal,Bacteria,Bacillota,Bacilli,Bacillales,Bacillaceae,Bacillus,p,soil,104.0,44.45,0.16,7.08,30,17,79.545,2,2.319480519,1.319480519,1.44956182,1.53025468,27.677425,Staphylococcus aureus,29.901459,2.2240333557128906
33,Ag,Bacillus subtilis,non-pathogenic,chemical_synthesis,disc_diffusion,Spherical,Bacteria,Bacillota,Bacilli,Bacillales,Bacillaceae,Bacillus,p,soil,200.0,40.0,0.16,7.08,30,11,107.868,1,1.74025974,0.091136933,2.143768512,0.158601936,22.893166,Staphylococcus aureus,24.928307,2.0351409912109375
34,Ag,Bacillus subtilis,non-pathogenic,green_synthesis,disc_diffusion,ellipsoidal,Bacteria,Bacillota,Bacilli,Bacillales,Bacillaceae,Bacillus,p,soil,4.772724,15.8,0.16,7.08,30,11,107.868,1,1.74025974,0.091136933,2.143768512,0.158601936,7.1669955,Staphylococcus aureus,7.7854605,0.6184649467468262
35,Cu,Bacillus subtilis,non-pathogenic,chemical_synthesis,well_diffusion,cubic,Bacteria,Bacillota,Bacilli,Bacillales,Bacillaceae,Bacillus,p,soil,2.65,27.43,0.16,7.08,30,11,63.546,1,1.519480519,0.444480519,4.219480519,0.675379491,12.302919,Staphylococcus aureus,12.543696,0.24077701568603516
36,Fe3O4,Bacillus subtilis,non-pathogenic,chemical_synthesis,disc_diffusion,rod-shaped,Bacteria,Bacillota,Bacilli,Bacillales,Bacillaceae,Bacillus,p,soil,225.0,92.0,0.16,7.08,30,48,231.531,7,10.82035581,15.78324347,19.64994348,24.39718718,13.1416235,Staphylococcus aureus,13.278164,0.13654041290283203
37,ZnO,Bacillus subtilis,non-pathogenic,chemical_synthesis,disc_diffusion,spherical,Bacteria,Bacillota,Bacilli,Bacillales,Bacillaceae,Bacillus,p,soil,25000.0,51.9,0.16,7.08,30,8,81.389,2,2.423376623,1.423376623,0.785339814,1.724688818,21.722061,Staphylococcus aureus,21.390806,-0.3312549591064453
38,CuO,Bacillus subtilis,non-pathogenic,chemical_synthesis,disc_diffusion,hexagonal,Bacteria,Bacillota,Bacilli,Bacillales,Bacillaceae,Bacillus,p,soil,0.31,41.9,0.16,7.08,30,17,79.545,2,2.319480519,1.319480519,1.44956182,1.53025468,13.404877,Staphylococcus aureus,12.93052,-0.47435665130615234
39,CuO,Bacillus subtilis,non-pathogenic,chemical_synthesis,well_diffusion,nanorods,Bacteria,Bacillota,Bacilli,Bacillales,Bacillaceae,Bacillus,p,soil,6.363632,51.3,0.16,7.08,30,17,79.545,2,2.319480519,1.319480519,1.44956182,1.53025468,14.616959,Staphylococcus aureus,14.07703,-0.5399284362792969
40,Ag,Bacillus subtilis,non-pathogenic,chemical_synthesis,well_diffusion,rod-shaped,Bacteria,Bacillota,Bacilli,Bacillales,Bacillaceae,Bacillus,p,soil,101.0,21.0,0.16,7.08,30,11,107.868,1,1.74025974,0.091136933,2.143768512,0.158601936,17.619785,Staphylococcus aureus,16.957518,-0.6622676849365234
41,CuO,Bacillus subtilis,non-pathogenic,chemical_synthesis,disc_diffusion,ellipsoidal,Bacteria,Bacillota,Bacilli,Bacillales,Bacillaceae,Bacillus,p,soil,2.65,44.45,0.16,7.08,30,17,79.545,2,2.319480519,1.319480519,1.44956182,1.53025468,13.422774,Staphylococcus aureus,11.722769,-1.7000055313110352
42,Ag,Bacillus subtilis,non-pathogenic,green_synthesis,well_diffusion,spherical,Bacteria,Bacillota,Bacilli,Bacillales,Bacillaceae,Bacillus,p,soil,512.0,15.8,0.16,7.08,30,11,107.868,1,1.74025974,0.091136933,2.143768512,0.158601936,23.335861,Staphylococcus aureus,21.571774,-1.7640876770019531
43,CuO,Bacillus subtilis,non-pathogenic,chemical_synthesis,disk_diffusion,spherical,Bacteria,Bacillota,Bacilli,Bacillales,Bacillaceae,Bacillus,p,soil,10000.0,27.43,0.16,7.08,30,17,79.545,2,2.319480519,1.319480519,1.44956182,1.53025468,21.953238,Staphylococcus aureus,20.148674,-1.8045635223388672
44,Ag,Bacillus subtilis,non-pathogenic,chemical_synthesis,disk_diffusion,nanoplates,Bacteria,Bacillota,Bacilli,Bacillales,Bacillaceae,Bacillus,p,soil,10.625,14.6,0.16,7.08,30,11,107.868,1,1.74025974,0.091136933,2.143768512,0.158601936,14.205658,Staphylococcus aureus,11.7833185,-2.42233943939209
45,Cu,Bacillus subtilis,non-pathogenic,green_synthesis,disc_diffusion,triangular,Bacteria,Bacillota,Bacilli,Bacillales,Bacillaceae,Bacillus,p,soil,14.0,14.6,0.16,7.08,30,11,63.546,1,1.519480519,0.444480519,4.219480519,0.675379491,8.249941,Staphylococcus aureus,5.1999965,-3.0499444007873535
