,np,bacteria,bac_type,np_synthesis,method,shape,kingdom,phylum,class,order,family,genus,gram,isolated_from,concentration,np_size_avg (nm),"min_Incub_period, h","avg_Incub_period, h","growth_temp, C",Valance_electron,amw,NumHeteroatoms,kappa1,kappa2,kappa3,Phi,pred_ZOI_norm,pathogenic_bacteria,pred_ZOI_pathogen,Fitness
0,TiO2,Bacillus subtilis,non-pathogenic,green_synthesis,disk_diffusion,Spherical,Bacteria,Bacillota,Bacilli,Bacillales,Bacillaceae,Bacillus,p,soil,30.0,37.86,0.16,7.08,30,16,79.865,3,3.314285714,2.314285714,2.314285714,2.556734694,14.632145,Staphylococcus aureus,32.14182,17.509674072265625
1,Fe3O4,Bacillus subtilis,non-pathogenic,chemical_synthesis,disk_diffusion,Spherical,Bacteria,Bacillota,Bacilli,Bacillales,Bacillaceae,Bacillus,p,soil,30.0,37.86,0.16,7.08,30,16,79.865,3,3.314285714,2.314285714,2.314285714,2.556734694,16.838543,Staphylococcus aureus,33.805397,16.966854095458984
2,TiO2,Bacillus subtilis,non-pathogenic,green_synthesis,disc_diffusion,nanoplates,Bacteria,Bacillota,Bacilli,Bacillales,Bacillaceae,Bacillus,p,soil,40.0,44.45,0.16,7.08,30,16,79.865,3,3.314285714,2.314285714,2.314285714,2.556734694,19.971617,Staphylococcus aureus,35.67338,15.701765060424805
3,Cu2O,Bacillus subtilis,non-pathogenic,chemical_synthesis,disc_diffusion,nanoplates,Bacteria,Bacillota,Bacilli,Bacillales,Bacillaceae,Bacillus,p,soil,30.0,35.0,0.16,7.08,30,29,143.091,3,36.04057568,12.00832358,2.998961039,144.2622982,18.043463,Staphylococcus aureus,32.92745,14.88398551940918
4,CeO2,Bacillus subtilis,non-pathogenic,chemical_synthesis,disk_diffusion,quasi-hexagonal,Bacteria,Bacillota,Bacilli,Bacillales,Bacillaceae,Bacillus,p,soil,28.0,62.0,0.16,7.08,30,16,172.114,3,3.976623377,2.976623377,2.976623377,3.945636701,18.894083,Staphylococcus aureus,33.280853,14.386770248413086
5,TiO2,Bacillus subtilis,non-pathogenic,green_synthesis,disk_diffusion,nanorods and triangles,Bacteria,Bacillota,Bacilli,Bacillales,Bacillaceae,Bacillus,p,soil,40.0,46.0,0.16,7.08,30,16,79.865,3,3.314285714,2.314285714,2.314285714,2.556734694,19.989397,Staphylococcus aureus,34.293236,14.303838729858398
6,CuO,Bacillus subtilis,non-pathogenic,chemical_synthesis,disc_diffusion,hexagonal,Bacteria,Bacillota,Bacilli,Bacillales,Bacillaceae,Bacillus,p,soil,40.0,37.86,0.16,7.08,30,11,107.868,1,1.74025974,0.091136933,2.143768512,0.158601936,23.0643,Staphylococcus aureus,36.09135,13.027050018310547
7,Fe3O4,Bacillus subtilis,non-pathogenic,green_synthesis,disk_diffusion,snowflake,Bacteria,Bacillota,Bacilli,Bacillales,Bacillaceae,Bacillus,p,soil,30.0,8.0,0.16,7.08,30,16,79.865,3,3.314285714,2.314285714,2.314285714,2.556734694,9.281476,Staphylococcus aureus,21.225407,11.943930625915527
8,Fe2O3,Bacillus subtilis,non-pathogenic,green_synthesis,disk_diffusion,Spherical,Bacteria,Bacillota,Bacilli,Bacillales,Bacillaceae,Bacillus,p,soil,40.6897,25.0,0.16,7.08,30,110,300.427,4,14.38989926,5.335287547,2.313964748,3.655916682,9.5521,Staphylococcus aureus,20.49148,10.939379692077637
9,Ag,Bacillus subtilis,non-pathogenic,chemical_synthesis,well_diffusion,nanorods,Bacteria,Bacillota,Bacilli,Bacillales,Bacillaceae,Bacillus,p,soil,40.0,45.26,0.16,7.08,30,11,107.868,1,1.74025974,0.091136933,2.143768512,0.158601936,23.159958,Staphylococcus aureus,34.035248,10.875289916992188
10,Cu,Bacillus subtilis,non-pathogenic,chemical_synthesis,disc_diffusion,rod-shaped,Bacteria,Bacillota,Bacilli,Bacillales,Bacillaceae,Bacillus,p,soil,30.0,50.0,0.16,7.08,30,11,107.868,1,1.74025974,0.091136933,2.143768512,0.158601936,21.279366,Staphylococcus aureus,31.991493,10.712127685546875
11,TiO2,Bacillus subtilis,non-pathogenic,chemical_synthesis,disc_diffusion,hexagonal,Bacteria,Bacillota,Bacilli,Bacillales,Bacillaceae,Bacillus,p,soil,40.6897,34.0,0.16,7.08,30,16,79.865,3,3.314285714,2.314285714,2.314285714,2.556734694,7.1967783,Staphylococcus aureus,17.476343,10.27956485748291
12,Cu2O,Bacillus subtilis,non-pathogenic,chemical_synthesis,disc_diffusion,nanoplates,Bacteria,Bacillota,Bacilli,Bacillales,Bacillaceae,Bacillus,p,soil,30.0,9.0,0.16,7.08,30,29,143.091,3,36.04057568,12.00832358,2.998961039,144.2622982,6.715075,Staphylococcus aureus,16.764477,10.049402236938477
13,Ag,Bacillus subtilis,non-pathogenic,chemical_synthesis,well_diffusion,hexagonal,Bacteria,Bacillota,Bacilli,Bacillales,Bacillaceae,Bacillus,p,soil,40.6897,52.5,0.16,7.08,30,17,79.545,2,2.319480519,1.319480519,1.44956182,1.53025468,18.351646,Staphylococcus aureus,27.7546,9.4029541015625
14,Bi2O3,Bacillus subtilis,non-pathogenic,chemical_synthesis,disk_diffusion,Spherical,Bacteria,Bacillota,Bacilli,Bacillales,Bacillaceae,Bacillus,p,soil,104.0,46.0,0.16,7.08,30,28,465.957,5,6.326233766,5.326233766,5.326233766,6.73899998,12.986714,Staphylococcus aureus,22.24473,9.258015632629395
15,Ag,Bacillus subtilis,non-pathogenic,chemical_synthesis,disk_diffusion,Spherical,Bacteria,Bacillota,Bacilli,Bacillales,Bacillaceae,Bacillus,p,soil,195.0,9.0,0.16,7.08,30,16,79.865,3,3.314285714,2.314285714,2.314285714,2.556734694,11.723526,Staphylococcus aureus,20.76083,9.037303924560547
16,CuO,Bacillus subtilis,non-pathogenic,chemical_synthesis,well_diffusion,hexagonal,Bacteria,Bacillota,Bacilli,Bacillales,Bacillaceae,Bacillus,p,soil,50.0,35.0,0.16,7.08,30,17,79.545,2,2.319480519,1.319480519,1.44956182,1.53025468,18.269247,Staphylococcus aureus,27.198719,8.929471969604492
17,Fe3O4,Bacillus subtilis,non-pathogenic,chemical_synthesis,disk_diffusion,nanorods and triangles,Bacteria,Bacillota,Bacilli,Bacillales,Bacillaceae,Bacillus,p,soil,15.0,62.0,0.16,7.08,30,48,231.531,7,10.82035581,15.78324347,19.64994348,24.39718718,18.550478,Staphylococcus aureus,27.387245,8.836767196655273
18,Ag,Bacillus subtilis,non-pathogenic,chemical_synthesis,disc_diffusion,spherical,Bacteria,Bacillota,Bacilli,Bacillales,Bacillaceae,Bacillus,p,soil,32.0,33.0,0.16,7.08,30,11,107.868,1,1.74025974,0.091136933,2.143768512,0.158601936,16.389824,Staphylococcus aureus,24.986805,8.596981048583984
19,Fe2O3,Bacillus subtilis,non-pathogenic,green_synthesis,well_diffusion,Spherical,Bacteria,Bacillota,Bacilli,Bacillales,Bacillaceae,Bacillus,p,soil,28.0,25.0,0.16,7.08,30,110,300.427,4,14.38989926,5.335287547,2.313964748,3.655916682,13.888123,Staphylococcus aureus,22.280779,8.392656326293945
20,Ag,Bacillus subtilis,non-pathogenic,chemical_synthesis,disk_diffusion,Spherical,Bacteria,Bacillota,Bacilli,Bacillales,Bacillaceae,Bacillus,p,soil,81.3794,9.0,0.16,7.08,30,110,300.427,4,14.38989926,5.335287547,2.313964748,3.655916682,9.300046,Staphylococcus aureus,17.234968,7.934922218322754
21,TiO2,Bacillus subtilis,non-pathogenic,green_synthesis,disk_diffusion,hexagonal,Bacteria,Bacillota,Bacilli,Bacillales,Bacillaceae,Bacillus,p,soil,30.0,45.26,0.16,7.08,30,8,81.389,2,2.423376623,1.423376623,0.785339814,1.724688818,19.976229,Staphylococcus aureus,27.4642,7.487970352172852
22,Fe2O3,Bacillus subtilis,non-pathogenic,chemical_synthesis,disk_diffusion,cubic,Bacteria,Bacillota,Bacilli,Bacillales,Bacillaceae,Bacillus,p,soil,14.0,45.26,0.16,7.08,30,110,300.427,4,14.38989926,5.335287547,2.313964748,3.655916682,14.284464,Staphylococcus aureus,21.71632,7.431856155395508
23,Cu,Bacillus subtilis,non-pathogenic,green_synthesis,disk_diffusion,nanoplates,Bacteria,Bacillota,Bacilli,Bacillales,Bacillaceae,Bacillus,p,soil,14.0,45.26,0.16,7.08,30,48,231.531,7,10.82035581,15.78324347,19.64994348,24.39718718,16.024315,Staphylococcus aureus,23.384773,7.3604583740234375
24,Bi2O3,Bacillus subtilis,non-pathogenic,chemical_synthesis,disk_diffusion,nanorods and triangles,Bacteria,Bacillota,Bacilli,Bacillales,Bacillaceae,Bacillus,p,soil,10.0,44.45,0.16,7.08,30,28,465.957,5,6.326233766,5.326233766,5.326233766,6.73899998,19.012518,Staphylococcus aureus,25.862015,6.849496841430664
25,Fe2O3,Bacillus subtilis,non-pathogenic,chemical_synthesis,disk_diffusion,rod-shaped,Bacteria,Bacillota,Bacilli,Bacillales,Bacillaceae,Bacillus,p,soil,42.5,8.0,0.16,7.08,30,110,300.427,4,14.38989926,5.335287547,2.313964748,3.655916682,9.456274,Staphylococcus aureus,16.23036,6.774085998535156
26,Ag,Bacillus subtilis,non-pathogenic,green_synthesis,disk_diffusion,Spherical,Bacteria,Bacillota,Bacilli,Bacillales,Bacillaceae,Bacillus,p,soil,195.0,9.0,0.16,7.08,30,110,300.427,4,14.38989926,5.335287547,2.313964748,3.655916682,14.034943,Staphylococcus aureus,20.648325,6.613382339477539
27,TiO2,Bacillus subtilis,non-pathogenic,green_synthesis,well_diffusion,Spherical,Bacteria,Bacillota,Bacilli,Bacillales,Bacillaceae,Bacillus,p,soil,85.0,8.0,0.16,7.08,30,16,79.865,3,3.314285714,2.314285714,2.314285714,2.556734694,6.5641937,Staphylococcus aureus,12.976854,6.412660598754883
28,Fe2O3,Bacillus subtilis,non-pathogenic,chemical_synthesis,disc_diffusion,cylindrical,Bacteria,Bacillota,Bacilli,Bacillales,Bacillaceae,Bacillus,p,soil,64.0,110.2,0.16,7.08,30,110,300.427,4,14.38989926,5.335287547,2.313964748,3.655916682,5.890004,Staphylococcus aureus,11.684826,5.794821739196777
29,Ag,Bacillus subtilis,non-pathogenic,chemical_synthesis,disc_diffusion,triangular,Bacteria,Bacillota,Bacilli,Bacillales,Bacillaceae,Bacillus,p,soil,30.0,15.8,0.16,7.08,30,11,107.868,1,1.74025974,0.091136933,2.143768512,0.158601936,16.949753,Staphylococcus aureus,22.507189,5.557435989379883
30,Fe2O3,Bacillus subtilis,non-pathogenic,green_synthesis,disc_diffusion,spheroidal,Bacteria,Bacillota,Bacilli,Bacillales,Bacillaceae,Bacillus,p,soil,100.0,3.0,0.16,7.08,30,110,300.427,4,14.38989926,5.335287547,2.313964748,3.655916682,4.152623,Staphylococcus aureus,8.055767,3.903143882751465
31,Ag,Bacillus subtilis,non-pathogenic,chemical_synthesis,well_diffusion,cylindrical,Bacteria,Bacillota,Bacilli,Bacillales,Bacillaceae,Bacillus,p,soil,170.0,16.0,0.16,7.08,30,11,107.868,1,1.74025974,0.091136933,2.143768512,0.158601936,19.69436,Staphylococcus aureus,22.352558,2.6581974029541016
32,Ag,Bacillus subtilis,non-pathogenic,green_synthesis,disk_diffusion,ellipsoidal,Bacteria,Bacillota,Bacilli,Bacillales,Bacillaceae,Bacillus,p,soil,20.34485,9.0,0.16,7.08,30,110,300.427,4,14.38989926,5.335287547,2.313964748,3.655916682,6.974629,Staphylococcus aureus,9.442179,2.4675498008728027
33,Ag,Bacillus subtilis,non-pathogenic,chemical_synthesis,well_diffusion,snowflake,Bacteria,Bacillota,Bacilli,Bacillales,Bacillaceae,Bacillus,p,soil,65.0,45.26,0.16,7.08,30,11,107.868,1,1.74025974,0.091136933,2.143768512,0.158601936,13.842837,Staphylococcus aureus,16.215458,2.3726205825805664
34,Fe2O3,Bacillus subtilis,non-pathogenic,chemical_synthesis,disc_diffusion,snowflake,Bacteria,Bacillota,Bacilli,Bacillales,Bacillaceae,Bacillus,p,soil,104.0,110.2,0.16,7.08,30,110,300.427,4,14.38989926,5.335287547,2.313964748,3.655916682,12.040623,Staphylococcus aureus,14.311369,2.2707462310791016
35,CuO,Bacillus subtilis,non-pathogenic,green_synthesis,disk_diffusion,cylindrical,Bacteria,Bacillota,Bacilli,Bacillales,Bacillaceae,Bacillus,p,soil,130.0,15.0,0.16,7.08,30,17,79.545,2,2.319480519,1.319480519,1.44956182,1.53025468,17.299963,Staphylococcus aureus,19.473526,2.173563003540039
36,Ag,Bacillus subtilis,non-pathogenic,chemical_synthesis,disc_diffusion,hexagonal,Bacteria,Bacillota,Bacilli,Bacillales,Bacillaceae,Bacillus,p,soil,128.0,44.45,0.16,7.08,30,17,79.545,2,2.319480519,1.319480519,1.44956182,1.53025468,22.805344,Staphylococcus aureus,24.921345,2.1160011291503906
37,ZnO,Bacillus subtilis,non-pathogenic,chemical_synthesis,well_diffusion,cylindrical,Bacteria,Bacillota,Bacilli,Bacillales,Bacillaceae,Bacillus,p,soil,7.6,35.0,0.16,7.08,30,8,81.389,2,2.423376623,1.423376623,0.785339814,1.724688818,13.689317,Staphylococcus aureus,14.777819,1.0885019302368164
38,Ag,Bacillus subtilis,non-pathogenic,green_synthesis,disk_diffusion,Spherical,Bacteria,Bacillota,Bacilli,Bacillales,Bacillaceae,Bacillus,p,soil,3.181816,80.0,0.16,7.08,30,110,300.427,4,14.38989926,5.335287547,2.313964748,3.655916682,4.8780556,Staphylococcus aureus,5.853417,0.9753613471984863
39,TiO2,Bacillus subtilis,non-pathogenic,green_synthesis,disk_diffusion,triangular,Bacteria,Bacillota,Bacilli,Bacillales,Bacillaceae,Bacillus,p,soil,170.0,14.6,0.16,7.08,30,16,79.865,3,3.314285714,2.314285714,2.314285714,2.556734694,8.467457,Staphylococcus aureus,8.73051,0.26305294036865234
40,Ag,Bacillus subtilis,non-pathogenic,green_synthesis,disk_diffusion,snowflake,Bacteria,Bacillota,Bacilli,Bacillales,Bacillaceae,Bacillus,p,soil,5.6,51.3,0.16,7.08,30,11,107.868,1,1.74025974,0.091136933,2.143768512,0.158601936,13.433856,Staphylococcus aureus,13.445801,0.011944770812988281
41,Cu,Bacillus subtilis,non-pathogenic,green_synthesis,well_diffusion,triangular,Bacteria,Bacillota,Bacilli,Bacillales,Bacillaceae,Bacillus,p,soil,10.625,51.3,0.16,7.08,30,11,63.546,1,1.519480519,0.444480519,4.219480519,0.675379491,15.452386,Staphylococcus aureus,15.165777,-0.2866086959838867
42,ZnO,Bacillus subtilis,non-pathogenic,chemical_synthesis,disc_diffusion,triangular,Bacteria,Bacillota,Bacilli,Bacillales,Bacillaceae,Bacillus,p,soil,15.0,51.3,0.16,7.08,30,8,81.389,2,2.423376623,1.423376623,0.785339814,1.724688818,15.509417,Staphylococcus aureus,14.189318,-1.320098876953125
43,CuO,Bacillus subtilis,non-pathogenic,chemical_synthesis,disc_diffusion,rod-shaped,Bacteria,Bacillota,Bacilli,Bacillales,Bacillaceae,Bacillus,p,soil,3.4,41.9,0.16,7.08,30,17,79.545,2,2.319480519,1.319480519,1.44956182,1.53025468,17.029068,Staphylococcus aureus,15.117818,-1.911250114440918
44,CuO,Bacillus subtilis,non-pathogenic,chemical_synthesis,disk_diffusion,Spherical,Bacteria,Bacillota,Bacilli,Bacillales,Bacillaceae,Bacillus,p,soil,10000.0,34.0,0.16,7.08,30,17,79.545,2,2.319480519,1.319480519,1.44956182,1.53025468,17.602694,Staphylococcus aureus,14.310387,-3.292306900024414
