,np,bacteria,bac_type,np_synthesis,method,shape,kingdom,phylum,class,order,family,genus,gram,isolated_from,mol_weight (g/mol),np_size_avg (nm),time_set,"min_Incub_period, h","growth_temp, C",Valance_electron,labuteASA,tpsa,CrippenMR,chi0v,pred_MIC_norm,pathogenic_bacteria,pred_MIC_pathogen,Fitness,pred_norm_MIC_original,pred_path_MIC_original
0,ZnO,Bacillus subtilis,non-pathogenic,"purchased from us research nanomaterials, inc.в ",MIC,cubic,Bacteria,Bacillota,Bacilli,Bacillales,Bacillaceae,Bacillus,p,water,81.3794,1.9,3,0.16,30,8,22.60496136,17.07,0.6865,4.082482905,1.6372486083720257,Klebsiella pneumoniae,0.6390853272500518,0.9981632811219738,43.37591092341386,4.355974485268537
1,Ag,Bacillus subtilis,non-pathogenic,green_synthesis,MIC,tetragonal,Bacteria,Bacillota,Bacilli,Bacillales,Bacillaceae,Bacillus,p,water,107.87,1.4,24,0.16,30,11,23.00188061,0.0,0.0,1.78376517,1.6858020264635334,Klebsiella pneumoniae,0.719078239163673,0.9667237872998604,48.50673313696569,5.236947729226177
2,ZnO,Bacillus subtilis,non-pathogenic,"purchased from us research nanomaterials, inc.в ",MBC,cubic,Bacteria,Bacillota,Bacilli,Bacillales,Bacillaceae,Bacillus,p,food,81.3794,4.7,2,0.16,30,8,22.60496136,17.07,0.6865,4.082482905,2.236779290389594,Klebsiella pneumoniae,1.2877560236651269,0.9490232667244671,172.49610394131116,19.397958401678736
3,Ag,Bacillus subtilis,non-pathogenic,"purchased from us research nanomaterials, inc.в ",MIC,cubic,Bacteria,Bacillota,Bacilli,Bacillales,Bacillaceae,Bacillus,p,lungs,107.87,4.0,4,0.16,30,11,23.00188061,0.0,0.0,1.78376517,1.6969672315018516,Klebsiella pneumoniae,0.7730605389088289,0.9239066925930227,49.76995310100835,5.930079817529373
4,ZnO,Bacillus subtilis,non-pathogenic,"purchased from us research nanomaterials, inc.в ",MBC,quasi-hexagonal,Bacteria,Bacillota,Bacilli,Bacillales,Bacillaceae,Bacillus,p,soil,81.3794,10.0,4,0.16,30,8,22.60496136,17.07,0.6865,4.082482905,1.3193463154136054,Klebsiella pneumoniae,0.40906304802899895,0.9102832673846064,20.861537622138684,2.564856358542151
5,TiO2,Bacillus subtilis,non-pathogenic,electrochemical synthesis,MBC,quasi-spherical,Bacteria,Bacillota,Bacilli,Bacillales,Bacillaceae,Bacillus,p,mammary gland,79.866,5.1,4,0.16,30,16,26.40611331,34.14,1.373,2.878049394,2.7109058455417436,Klebsiella pneumoniae,1.8094361700419428,0.9014696754998008,513.9322196912619,64.481654169501
6,Ag,Bacillus subtilis,non-pathogenic,chemical_synthesis,MIC,cubic,Bacteria,Bacillota,Bacilli,Bacillales,Bacillaceae,Bacillus,p,lungs,107.87,1.9,0,0.16,30,11,23.00188061,0.0,0.0,1.78376517,1.548877140423301,Klebsiella pneumoniae,0.6481211248037342,0.9007560156195669,35.389721130042176,4.447552924985651
7,ZnO,Bacillus subtilis,non-pathogenic,electrochemical synthesis,MIC,hexagonal,Bacteria,Bacillota,Bacilli,Bacillales,Bacillaceae,Bacillus,p,meat,81.3794,1.9,3,0.16,30,8,22.60496136,17.07,0.6865,4.082482905,1.6213555024686783,Klebsiella pneumoniae,0.748107743804314,0.8732477586643643,41.8172532032197,5.598964885816248
8,CeO2,Bacillus subtilis,non-pathogenic,electrochemical synthesis,MIC,quasi-hexagonal,Bacteria,Bacillota,Bacilli,Bacillales,Bacillaceae,Bacillus,p,water,172.115,1.9,3,0.16,30,16,39.19032095,34.14,1.373,4.456551526,2.1588296424896973,Klebsiella pneumoniae,1.2870491047690453,0.871780537720652,144.15497744503503,19.366409235078137
9,Ag,Bacillus subtilis,non-pathogenic,green_synthesis,MIC,spheroidal,Bacteria,Bacillota,Bacilli,Bacillales,Bacillaceae,Bacillus,p,food,107.87,3.0,18,0.16,30,11,23.00188061,0.0,0.0,1.78376517,1.1250777192133343,Klebsiella pneumoniae,0.25741698845872985,0.8676607307546045,13.337600939815578,1.8089101200695687
10,ZnO,Bacillus subtilis,non-pathogenic,electrochemical synthesis,MBC,cubic,Bacteria,Bacillota,Bacilli,Bacillales,Bacillaceae,Bacillus,p,mouth,81.3794,6.0,2,0.16,30,8,22.60496136,17.07,0.6865,4.082482905,2.141723025508434,Klebsiella pneumoniae,1.2759230375675736,0.8657999879408602,138.58716971303082,18.8765680297941
11,Ag,Bacillus subtilis,non-pathogenic,"purchased from us research nanomaterials, inc.в ",MIC,quasi-hexagonal,Bacteria,Bacillota,Bacilli,Bacillales,Bacillaceae,Bacillus,p,mouth,107.87,0.8,0,0.16,30,11,23.00188061,0.0,0.0,1.78376517,1.0707411716846518,Klebsiella pneumoniae,0.20504539925115517,0.8656957724334966,11.769043598112138,1.603412995731537
12,CuO,Bacillus subtilis,non-pathogenic,"purchased from us research nanomaterials, inc.в ",MIC,quasi-spherical,Bacteria,Bacillota,Bacilli,Bacillales,Bacillaceae,Bacillus,p,urine,79.5454,1.4,4,0.16,30,17,20.67942236,17.07,0.6865,1.651411411,2.3511793104235643,Klebsiella pneumoniae,1.4977964286790666,0.8533828817444977,224.48085634415898,31.462731834006508
13,TiO2,Bacillus subtilis,non-pathogenic,electrochemical synthesis,MBC,hexagonal,Bacteria,Bacillota,Bacilli,Bacillales,Bacillaceae,Bacillus,p,meat,79.866,9.0,4,0.16,30,16,26.40611331,34.14,1.373,2.878049394,3.0494192845977772,Klebsiella pneumoniae,2.2027176000873077,0.8467016845104696,1120.5191537245041,159.48417644093288
14,ZnO,Bacillus subtilis,non-pathogenic,green_synthesis,MIC,cubic,Bacteria,Bacillota,Bacilli,Bacillales,Bacillaceae,Bacillus,p,water,81.3794,0.8,4,0.16,30,8,22.60496136,17.07,0.6865,4.082482905,1.4998801864097118,Klebsiella pneumoniae,0.6700421248424586,0.8298380615672531,31.61405368216442,4.677805119413523
15,TiO2,Bacillus subtilis,non-pathogenic,green_synthesis,MBC,quasi-hexagonal,Bacteria,Bacillota,Bacilli,Bacillales,Bacillaceae,Bacillus,p,mouth,79.866,4.7,4,0.16,30,16,26.40611331,34.14,1.373,2.878049394,2.207450894508524,Klebsiella pneumoniae,1.40450408161723,0.8029468128912938,161.23187128429765,25.380728393480243
16,ZnO,Bacillus subtilis,non-pathogenic,green_synthesis,MBC,quasi-spherical,Bacteria,Bacillota,Bacilli,Bacillales,Bacillaceae,Bacillus,p,respiratory tract,81.3794,4.7,2,0.16,30,8,22.60496136,17.07,0.6865,4.082482905,2.0847291549658067,Klebsiella pneumoniae,1.2906475961127268,0.7940815588530798,121.54277703198963,19.527542699179868
17,Ag,Bacillus subtilis,non-pathogenic,chemical_synthesis,MIC,hexagonal,Bacteria,Bacillota,Bacilli,Bacillales,Bacillaceae,Bacillus,p,mouth,107.87,4.0,2,0.16,30,11,23.00188061,0.0,0.0,1.78376517,1.3628037902934953,Klebsiella pneumoniae,0.5772617678868213,0.785542022406674,23.05705259840569,3.7779983845738854
18,CeO2,Bacillus subtilis,non-pathogenic,chemical_synthesis,MIC,rod-shaped,Bacteria,Bacillota,Bacilli,Bacillales,Bacillaceae,Bacillus,p,soil,172.115,3.0,4,0.16,30,16,39.19032095,34.14,1.373,4.456551526,2.0568552728001137,Klebsiella pneumoniae,1.275143271398374,0.7817120014017398,113.98698663975114,18.842705976370762
19,ZnO,Bacillus subtilis,non-pathogenic,"purchased from us research nanomaterials, inc.в ",MBEC,cubic,Bacteria,Bacillota,Bacilli,Bacillales,Bacillaceae,Bacillus,p,lungs,81.3794,11.3,1,0.16,30,8,22.60496136,17.07,0.6865,4.082482905,2.355497396636077,Klebsiella pneumoniae,1.579274116360068,0.776223280276009,226.7239486212247,37.95544751536623
20,Ag,Bacillus subtilis,non-pathogenic,"purchased from us research nanomaterials, inc.в ",MIC,cubic,Bacteria,Bacillota,Bacilli,Bacillales,Bacillaceae,Bacillus,p,soil,107.87,4.0,1,0.16,30,11,23.00188061,0.0,0.0,1.78376517,1.5681356822740442,Klebsiella pneumoniae,0.7933472625378755,0.7747884197361687,36.99437395440372,6.2136568060101744
21,ZnO,Bacillus subtilis,non-pathogenic,electrochemical synthesis,MBC,quasi-spherical,Bacteria,Bacillota,Bacilli,Bacillales,Bacillaceae,Bacillus,p,lungs,81.3794,5.1,2,0.16,30,8,22.60496136,17.07,0.6865,4.082482905,1.8227165123762479,Klebsiella pneumoniae,1.0521832491619132,0.7705332632143347,66.4839037939175,11.276731738788977
22,TiO2,Bacillus subtilis,non-pathogenic,electrochemical synthesis,MBC,quasi-hexagonal,Bacteria,Bacillota,Bacilli,Bacillales,Bacillaceae,Bacillus,p,water,79.866,8.0,0,0.16,30,16,26.40611331,34.14,1.373,2.878049394,2.2545515803513982,Klebsiella pneumoniae,1.5000330644107438,0.7545185159406544,179.70144955837335,31.62518424976871
23,ZnO,Bacillus subtilis,non-pathogenic,electrochemical synthesis,MIC,rod-shaped,Bacteria,Bacillota,Bacilli,Bacillales,Bacillaceae,Bacillus,p,lungs,81.3794,1.9,1,0.16,30,8,22.60496136,17.07,0.6865,4.082482905,0.8778555152760463,Klebsiella pneumoniae,0.12835606834059998,0.7494994469354463,7.54841059044605,1.3438663155491781
24,Ag,Bacillus subtilis,non-pathogenic,electrochemical synthesis,MIC,cubic,Bacteria,Bacillota,Bacilli,Bacillales,Bacillaceae,Bacillus,p,meat,107.87,0.8,3,0.16,30,11,23.00188061,0.0,0.0,1.78376517,1.53376563469774,Klebsiella pneumoniae,0.7861176510763851,0.7476479836213549,34.17949444442357,6.111075525064169
25,ZnO,Bacillus subtilis,non-pathogenic,"purchased from us research nanomaterials, inc.в ",MBC,spheroidal,Bacteria,Bacillota,Bacilli,Bacillales,Bacillaceae,Bacillus,p,mouth,81.3794,6.0,24,0.16,30,8,22.60496136,17.07,0.6865,4.082482905,2.8172209823209613,Klebsiella pneumoniae,2.0701546781285907,0.7470663041923706,656.4792180464004,117.5316080454147
26,Ag,Bacillus subtilis,non-pathogenic,chemical_synthesis,MIC,nanoplates,Bacteria,Bacillota,Bacilli,Bacillales,Bacillaceae,Bacillus,p,soil,107.87,0.8,2,0.16,30,11,23.00188061,0.0,0.0,1.78376517,1.4781752088334827,Klebsiella pneumoniae,0.7321409827425911,0.7460342260908917,30.072892984201154,5.396857894524909
27,Al2O3,Bacillus subtilis,non-pathogenic,"purchased from us research nanomaterials, inc.в ",MIC,rod-shaped,Bacteria,Bacillota,Bacilli,Bacillales,Bacillaceae,Bacillus,p,urine,101.961276,1.9,4,0.16,30,24,51.55776403,85.5,13.5675,4.688846487,2.138521545843844,Klebsiella pneumoniae,1.3933152078232212,0.7452063380206226,137.56930582816932,24.73518755869611
28,ZnO,Bacillus subtilis,non-pathogenic,"purchased from us research nanomaterials, inc.в ",MBEC,quasi-hexagonal,Bacteria,Bacillota,Bacilli,Bacillales,Bacillaceae,Bacillus,p,skin,81.3794,12.0,0,0.16,30,8,22.60496136,17.07,0.6865,4.082482905,1.58737875607751,Klebsiella pneumoniae,0.8444672551235642,0.7429115009539456,38.6704081663359,6.989840328718263
29,CuO,Bacillus subtilis,non-pathogenic,"purchased from us research nanomaterials, inc.в ",MBC,hexagonal,Bacteria,Bacillota,Bacilli,Bacillales,Bacillaceae,Bacillus,p,blood,79.5454,8.7,4,0.16,30,17,20.67942236,17.07,0.6865,1.651411411,2.5680861112714624,Klebsiella pneumoniae,1.8284987820226415,0.7395873292488209,369.901516038371,67.37500059383935
30,Ag,Bacillus subtilis,non-pathogenic,"purchased from us research nanomaterials, inc.в ",MIC,spheroidal,Bacteria,Bacillota,Bacilli,Bacillales,Bacillaceae,Bacillus,p,respiratory tract,107.87,12.0,18,0.16,30,11,23.00188061,0.0,0.0,1.78376517,1.5190267526115808,Klebsiella pneumoniae,0.7899582873616003,0.7290684652499805,33.038989248174936,6.165357826673428
31,ZnO,Bacillus subtilis,non-pathogenic,"purchased from us research nanomaterials, inc.в ",MIC,rod-shaped,Bacteria,Bacillota,Bacilli,Bacillales,Bacillaceae,Bacillus,p,urine,81.3794,4.0,18,0.16,30,8,22.60496136,17.07,0.6865,4.082482905,0.8536166859528881,Klebsiella pneumoniae,0.12805837684290156,0.7255583091099865,7.138659803956727,1.3429454645772327
32,CuO,Bacillus subtilis,non-pathogenic,purchased from sigma aldrich ( citrate capped agnps),MBC,cubic,Bacteria,Bacillota,Bacilli,Bacillales,Bacillaceae,Bacillus,p,lungs,79.5454,5.1,2,0.16,30,17,20.67942236,17.07,0.6865,1.651411411,3.3933904130255392,Klebsiella pneumoniae,2.6730903857306068,0.7203000272949325,2473.9471232412616,471.0753567925495
33,Ag,Bacillus subtilis,non-pathogenic,"purchased from us research nanomaterials, inc.в ",MBEC,cubic,Bacteria,Bacillota,Bacilli,Bacillales,Bacillaceae,Bacillus,p,mammary gland,107.8682,8.7,4,0.16,30,11,23.00188061,0.0,0.0,1.78376517,2.311860874681744,Klebsiella pneumoniae,1.6026926510179216,0.7091682236638226,205.05051985988274,40.0583125740312
34,ZnO,Bacillus subtilis,non-pathogenic,electrochemical synthesis,MIC,spherical,Bacteria,Bacillota,Bacilli,Bacillales,Bacillaceae,Bacillus,p,food,81.3794,0.8,2,0.16,30,8,22.60496136,17.07,0.6865,4.082482905,0.9009457108565117,Klebsiella pneumoniae,0.1958191496460342,0.7051265612104775,7.960598324414148,1.5697090047648146
35,TiO2,Bacillus subtilis,non-pathogenic,electrochemical synthesis,MBC,cubic,Bacteria,Bacillota,Bacilli,Bacillales,Bacillaceae,Bacillus,p,carious dentine,79.866,13.5,4,0.16,30,16,26.40611331,34.14,1.373,2.878049394,2.4640235716731915,Klebsiella pneumoniae,1.7653216258488333,0.6987019458243582,291.0875103805537,58.2534466131324
36,ZnO,Bacillus subtilis,non-pathogenic,purchased from sigma aldrich ( citrate capped agnps),MIC,spheroidal,Bacteria,Bacillota,Bacilli,Bacillales,Bacillaceae,Bacillus,p,mouth,81.3794,4.0,18,0.16,30,8,22.60496136,17.07,0.6865,4.082482905,0.8134091632768627,Klebsiella pneumoniae,0.11556816036042927,0.6978410029164335,6.5074248777200765,1.304872745862151
37,CuO,Bacillus subtilis,non-pathogenic,electrochemical synthesis,MBC,cubic,Bacteria,Bacillota,Bacilli,Bacillales,Bacillaceae,Bacillus,p,mammary gland,79.5454,6.0,4,0.16,30,17,20.67942236,17.07,0.6865,1.651411411,3.1608944978024587,Klebsiella pneumoniae,2.4700602020127835,0.6908342957896751,1448.4199493494086,295.16183524043504
38,TiO2,Bacillus subtilis,non-pathogenic,electrochemical synthesis,MIC,rod-shaped,Bacteria,Bacillota,Bacilli,Bacillales,Bacillaceae,Bacillus,p,mammary gland,79.866,0.8,3,0.16,30,16,26.40611331,34.14,1.373,2.878049394,1.9489097339057477,Klebsiella pneumoniae,1.2597034299963288,0.689206303909419,88.90163207340802,18.184586497151304
39,ZrO2,Bacillus subtilis,non-pathogenic,purchased from sigma aldrich ( citrate capped agnps),MIC,spheroidal,Bacteria,Bacillota,Bacilli,Bacillales,Bacillaceae,Bacillus,p,respiratory tract,123.2218,1.9,1,0.16,30,16,29.29254423,34.14,1.373,3.774536472,1.7263717215419778,Klebsiella pneumoniae,1.0377361362777378,0.6886355852642401,53.25638965910134,10.907774128975603
40,ZnO,Bacillus subtilis,non-pathogenic,electrochemical synthesis,MBC,spherical,Bacteria,Bacillota,Bacilli,Bacillales,Bacillaceae,Bacillus,p,urine,81.3794,4.7,4,0.16,30,8,22.60496136,17.07,0.6865,4.082482905,1.8505183313459135,Klebsiella pneumoniae,1.1620003804636605,0.688517950882253,70.87912235314778,14.52112889710614
41,TiO2,Bacillus subtilis,non-pathogenic,"purchased from us research nanomaterials, inc.в ",MBC,spherical,Bacteria,Bacillota,Bacilli,Bacillales,Bacillaceae,Bacillus,p,water,79.866,5.1,2,0.16,30,16,26.40611331,34.14,1.373,2.878049394,2.9891959801295833,Klebsiella pneumoniae,2.3007805058366357,0.6884154742929476,975.4297117297077,199.88513868397854
42,ZnO,Bacillus subtilis,non-pathogenic,"purchased from us research nanomaterials, inc.в ",MBC,quasi-hexagonal,Bacteria,Bacillota,Bacilli,Bacillales,Bacillaceae,Bacillus,p,skin,81.3794,25.0,4,0.16,30,8,22.60496136,17.07,0.6865,4.082482905,1.5857479549530598,Klebsiella pneumoniae,0.89737499769831,0.6883729572547498,38.52547082131422,7.895415641779411
43,Ag,Bacillus subtilis,non-pathogenic,"purchased from us research nanomaterials, inc.в ",MIC,spherical,Bacteria,Bacillota,Bacilli,Bacillales,Bacillaceae,Bacillus,p,mammary gland,107.87,4.0,3,0.16,30,11,23.00188061,0.0,0.0,1.78376517,1.3478705794768033,Klebsiella pneumoniae,0.66168424489801,0.6861863345787933,22.277711705955184,4.588642728862459
44,CuO,Bacillus subtilis,non-pathogenic,"purchased from us research nanomaterials, inc.в ",MBC,quasi-spherical,Bacteria,Bacillota,Bacilli,Bacillales,Bacillaceae,Bacillus,p,skin,79.5454,0.8,2,0.16,30,17,20.67942236,17.07,0.6865,1.651411411,2.7882731438991444,Klebsiella pneumoniae,2.1026032162003383,0.6856699276988061,614.1481442581194,126.6494231937157
45,Ag,Bacillus subtilis,non-pathogenic,electrochemical synthesis,MIC,nanoplates,Bacteria,Bacillota,Bacilli,Bacillales,Bacillaceae,Bacillus,p,respiratory tract,107.87,1.4,24,0.16,30,11,23.00188061,0.0,0.0,1.78376517,2.595355824462829,Klebsiella pneumoniae,1.9106395773078477,0.6847162471549815,393.8726494972718,81.4028438225743
46,ZnO,Bacillus subtilis,non-pathogenic,chemical_synthesis,MBEC,hexagonal,Bacteria,Bacillota,Bacilli,Bacillales,Bacillaceae,Bacillus,p,carious dentine,81.3794,5.1,4,0.16,30,8,22.60496136,17.07,0.6865,4.082482905,1.7953468012339087,Klebsiella pneumoniae,1.1112749223631138,0.6840718788707949,62.42331112133214,12.92036915676656
47,Ag,Bacillus subtilis,non-pathogenic,chemical_synthesis,MIC,rod-shaped,Bacteria,Bacillota,Bacilli,Bacillales,Bacillaceae,Bacillus,p,respiratory tract,107.87,4.0,0,0.16,30,11,23.00188061,0.0,0.0,1.78376517,0.89425982699816,Klebsiella pneumoniae,0.21565994448778314,0.6785998825103768,7.83898488409292,1.6430846730011108
48,ZnO,Bacillus subtilis,non-pathogenic,electrochemical synthesis,MBEC,hexagonal,Bacteria,Bacillota,Bacilli,Bacillales,Bacillaceae,Bacillus,p,lungs,81.3794,1.4,0,0.16,30,8,22.60496136,17.07,0.6865,4.082482905,2.196801554726927,Klebsiella pneumoniae,1.5185457628806747,0.6782557918462522,157.32638175494392,33.00241816926526
49,Ag,Bacillus subtilis,non-pathogenic,chemical_synthesis,MIC,spheroidal,Bacteria,Bacillota,Bacilli,Bacillales,Bacillaceae,Bacillus,p,nose,107.87,22.5,18,0.16,30,11,23.00188061,0.0,0.0,1.78376517,0.7853077476082728,Klebsiella pneumoniae,0.10752585521047764,0.6777818923977952,6.09968977333411,1.280931351005666
50,ZnO,Bacillus subtilis,non-pathogenic,green_synthesis,MBC,quasi-hexagonal,Bacteria,Bacillota,Bacilli,Bacillales,Bacillaceae,Bacillus,p,respiratory tract,81.3794,1.9,0,0.16,30,8,22.60496136,17.07,0.6865,4.082482905,0.8238034602064933,Klebsiella pneumoniae,0.14931987580207395,0.6744835844044194,6.665050743488922,1.4103271801184938
51,ZnO,Bacillus subtilis,non-pathogenic,"purchased from us research nanomaterials, inc.в ",MBEC,spheroidal,Bacteria,Bacillota,Bacilli,Bacillales,Bacillaceae,Bacillus,p,meat,81.3794,3.0,18,0.16,30,8,22.60496136,17.07,0.6865,4.082482905,2.0633460998633746,Klebsiella pneumoniae,1.4914426472963547,0.5719034525670199,115.70339434452856,31.005779007878765
52,ZnO,Bacillus subtilis,non-pathogenic,green_synthesis,MBC,hexagonal,Bacteria,Bacillota,Bacilli,Bacillales,Bacillaceae,Bacillus,p,meat,81.3794,26.06,1,0.16,30,8,22.60496136,17.07,0.6865,4.082482905,2.1121058980272776,Klebsiella pneumoniae,1.6304007295903788,0.4817051684368987,129.4511455631175,42.69733113386539
53,ZnO,Bacillus subtilis,non-pathogenic,green_synthesis,MBC,hexagonal,Bacteria,Bacillota,Bacilli,Bacillales,Bacillaceae,Bacillus,p,meat,81.3794,26.06,1,0.16,30,8,22.60496136,17.07,0.6865,4.082482905,2.1121058980272776,Klebsiella pneumoniae,1.6304007295903788,0.4817051684368987,129.4511455631175,42.69733113386539
54,Al2O3,Bacillus subtilis,non-pathogenic,chemical_synthesis,MIC,cubic,Bacteria,Bacillota,Bacilli,Bacillales,Bacillaceae,Bacillus,p,meat,101.961276,4.0,2,0.16,30,24,51.55776403,85.5,13.5675,4.688846487,2.5442062383347,Klebsiella pneumoniae,2.129907306102141,0.41429893223255876,350.1113889141931,134.86749966300457
55,Ag,Bacillus subtilis,non-pathogenic,electrochemical synthesis,MIC,spheroidal,Bacteria,Bacillota,Bacilli,Bacillales,Bacillaceae,Bacillus,p,respiratory tract,107.87,60.0,0,0.16,30,11,23.00188061,0.0,0.0,1.78376517,0.6707380464723087,Klebsiella pneumoniae,0.28699778061758674,0.383740265854722,4.685306931059615,1.9364120682420811
56,ZnO,Bacillus subtilis,non-pathogenic,green_synthesis,MBC,hexagonal,Bacteria,Bacillota,Bacilli,Bacillales,Bacillaceae,Bacillus,p,respiratory tract,81.3794,28.0,0,0.16,30,8,22.60496136,17.07,0.6865,4.082482905,2.2273352006855163,Klebsiella pneumoniae,1.8557538329486092,0.3715813677369071,168.78552568934154,71.73875459794594
57,CeO2,Bacillus subtilis,non-pathogenic,electrochemical synthesis,MBEC,quasi-spherical,Bacteria,Bacillota,Bacilli,Bacillales,Bacillaceae,Bacillus,p,skin,172.115,13.0,0,0.16,30,16,39.19032095,34.14,1.373,4.456551526,2.944672257624772,Klebsiella pneumoniae,2.5750951261863837,0.3695771314383882,880.3842361456348,375.91973527866816
58,ZnO,Bacillus subtilis,non-pathogenic,electrochemical synthesis,MBEC,triangular,Bacteria,Bacillota,Bacilli,Bacillales,Bacillaceae,Bacillus,p,mouth,81.3794,8.7,24,0.16,30,8,22.60496136,17.07,0.6865,4.082482905,0.9633618643965415,Klebsiella pneumoniae,0.6043097420035657,0.3590521223929758,9.190980917136716,4.020774732090756
59,Ag,Bacillus subtilis,non-pathogenic,purchased from sigma aldrich ( citrate capped agnps),MIC,cubic,Bacteria,Bacillota,Bacilli,Bacillales,Bacillaceae,Bacillus,p,urine,107.87,12.5,4,0.16,30,11,23.00188061,0.0,0.0,1.78376517,1.9751003767197957,Klebsiella pneumoniae,1.6262471536728906,0.348853223046905,94.42790984595618,42.29092202030162
60,ZnO,Bacillus subtilis,non-pathogenic,electrochemical synthesis,MBC,cubic,Bacteria,Bacillota,Bacilli,Bacillales,Bacillaceae,Bacillus,p,water,81.3794,26.06,3,0.16,30,8,22.60496136,17.07,0.6865,4.082482905,1.9991646277356763,Klebsiella pneumoniae,1.6560949586341283,0.343069669101548,99.80783330478658,45.2996616938212
61,Ag,Bacillus subtilis,non-pathogenic,"purchased from us research nanomaterials, inc.в ",MIC,quasi-spherical,Bacteria,Bacillota,Bacilli,Bacillales,Bacillaceae,Bacillus,p,nose,107.87,18.0,1,0.16,30,11,23.00188061,0.0,0.0,1.78376517,2.0494759566586707,Klebsiella pneumoniae,1.7066221838656925,0.34285377279297813,112.0665382322394,50.88879694110169
62,CeO2,Bacillus subtilis,non-pathogenic,green_synthesis,MBEC,spheroidal,Bacteria,Bacillota,Bacilli,Bacillales,Bacillaceae,Bacillus,p,lungs,172.115,37.86,18,0.16,30,16,39.19032095,34.14,1.373,4.456551526,2.096877354733316,Klebsiella pneumoniae,1.8260438981729323,0.2708334565603838,124.99060054634415,66.99523242918217
63,Ag,Bacillus subtilis,non-pathogenic,purchased from sigma aldrich ( citrate capped agnps),MBC,cubic,Bacteria,Bacillota,Bacilli,Bacillales,Bacillaceae,Bacillus,p,soil,107.87,1.9,3,0.16,30,11,23.00188061,0.0,0.0,1.78376517,1.177788439224051,Klebsiella pneumoniae,0.934786540579565,0.24300189864448596,15.058733213404796,8.605706704372965
64,ZnO,Bacillus subtilis,non-pathogenic,chemical_synthesis,MBC,quasi-spherical,Bacteria,Bacillota,Bacilli,Bacillales,Bacillaceae,Bacillus,p,soil,81.3794,38.0,3,0.16,30,8,22.60496136,17.07,0.6865,4.082482905,1.2047656048508442,Klebsiella pneumoniae,0.9677127211606309,0.23705288369021327,16.023803289269317,9.283520935985127
65,Ag,Bacillus subtilis,non-pathogenic,purchased from sigma aldrich ( citrate capped agnps),MBC,tetragonal,Bacteria,Bacillota,Bacilli,Bacillales,Bacillaceae,Bacillus,p,lungs,107.8682,13.5,4,0.16,30,11,23.00188061,0.0,0.0,1.78376517,0.7870905192741038,Klebsiella pneumoniae,0.5751064596594526,0.21198405961465117,6.124780361969181,3.759295455156506
66,Au,Bacillus subtilis,non-pathogenic,green_synthesis,MBEC,quasi-hexagonal,Bacteria,Bacillota,Bacilli,Bacillales,Bacillaceae,Bacillus,p,urine,196.966569,12.0,2,0.16,30,11,23.00188061,0.0,0.0,2.46797672,1.2585319397708168,Klebsiella pneumoniae,1.0576000949324729,0.20093184483834392,18.13560047499358,11.418264391401472
67,ZnO,Bacillus subtilis,non-pathogenic,"purchased from us research nanomaterials, inc.в ",MBEC,tetragonal,Bacteria,Bacillota,Bacilli,Bacillales,Bacillaceae,Bacillus,p,food,81.3794,18.0,2,0.16,30,8,22.60496136,17.07,0.6865,4.082482905,1.4233788585658587,Klebsiella pneumoniae,1.2455341633603374,0.17784469520552126,26.508115765742424,17.600871139264708
68,Ag,Bacillus subtilis,non-pathogenic,chemical_synthesis,MIC,quasi-spherical,Bacteria,Bacillota,Bacilli,Bacillales,Bacillaceae,Bacillus,p,mammary gland,107.87,79.0,2,0.16,30,11,23.00188061,0.0,0.0,1.78376517,0.7826993556774894,Klebsiella pneumoniae,0.6204846056635585,0.16221475001393093,6.063164561689985,4.173348050324461
69,Au,Bacillus subtilis,non-pathogenic,green_synthesis,MIC,spherical,Bacteria,Bacillota,Bacilli,Bacillales,Bacillaceae,Bacillus,p,nose,196.966569,13.5,0,0.16,30,11,23.00188061,0.0,0.0,2.46797672,1.9494022291807267,Klebsiella pneumoniae,1.8009845934696962,0.1484176357110305,89.00250480040664,63.23894170604724
70,Ag,Bacillus subtilis,non-pathogenic,electrochemical synthesis,MIC,quasi-spherical,Bacteria,Bacillota,Bacilli,Bacillales,Bacillaceae,Bacillus,p,soil,107.87,100.0,24,0.16,30,11,23.00188061,0.0,0.0,1.78376517,0.6944751290399593,Klebsiella pneumoniae,0.5740007665164149,0.12047436252354449,4.948517711841049,3.7497366406189374
71,ZnO,Bacillus subtilis,non-pathogenic,green_synthesis,MBEC,spheroidal,Bacteria,Bacillota,Bacilli,Bacillales,Bacillaceae,Bacillus,p,respiratory tract,81.3794,26.38,0,0.16,30,8,22.60496136,17.07,0.6865,4.082482905,2.2145586919198963,Klebsiella pneumoniae,2.116932959787378,0.09762573213251846,163.8923535591475,130.89798456894047
72,Ag,Bacillus subtilis,non-pathogenic,green_synthesis,MIC,quasi-hexagonal,Bacteria,Bacillota,Bacilli,Bacillales,Bacillaceae,Bacillus,p,blood,107.87,28.0,1,0.16,30,11,23.00188061,0.0,0.0,1.78376517,0.29376800632138056,Klebsiella pneumoniae,0.20791462306393527,0.08585338325744529,1.9668353547249768,1.6140412250477438
73,ZnO,Bacillus subtilis,non-pathogenic,chemical_synthesis,MBEC,cubic,Bacteria,Bacillota,Bacilli,Bacillales,Bacillaceae,Bacillus,p,blood,81.3794,79.0,1,0.16,30,8,22.60496136,17.07,0.6865,4.082482905,1.2089257406504401,Klebsiella pneumoniae,1.1333332805075076,0.07559246014293253,16.1780338826357,13.593562255319176
74,Au,Bacillus subtilis,non-pathogenic,chemical_synthesis,MBEC,quasi-hexagonal,Bacteria,Bacillota,Bacilli,Bacillales,Bacillaceae,Bacillus,p,blood,196.966569,8.7,18,0.16,30,11,23.00188061,0.0,0.0,2.46797672,0.8557677465985915,Klebsiella pneumoniae,0.786598551244664,0.0691691953539274,7.1741052955287365,6.117846149761747
75,Au,Bacillus subtilis,non-pathogenic,electrochemical synthesis,MBEC,quasi-hexagonal,Bacteria,Bacillota,Bacilli,Bacillales,Bacillaceae,Bacillus,p,mammary gland,196.966569,35.0,18,0.16,30,11,23.00188061,0.0,0.0,2.46797672,0.8157910688772378,Klebsiella pneumoniae,0.7742560792240273,0.04153498965321056,6.543213163333656,5.946426828744491
76,Ag,Bacillus subtilis,non-pathogenic,green_synthesis,MBEC,spherical,Bacteria,Bacillota,Bacilli,Bacillales,Bacillaceae,Bacillus,p,meat,107.87,4.0,3,0.16,30,11,23.00188061,0.0,0.0,1.78376517,1.6556323670906992,Klebsiella pneumoniae,1.6376121511102906,0.018020215980408594,45.25143615803896,43.41223558318078
77,ZnO,Bacillus subtilis,non-pathogenic,"purchased from us research nanomaterials, inc.в ",MBEC,triangular,Bacteria,Bacillota,Bacilli,Bacillales,Bacillaceae,Bacillus,p,respiratory tract,81.3794,41.23,0,0.16,30,8,22.60496136,17.07,0.6865,4.082482905,0.6109850816580364,Klebsiella pneumoniae,0.5965495961787319,0.01443548547930451,4.083053604956904,3.949568006119299
78,ZrO2,Bacillus subtilis,non-pathogenic,purchased from sigma aldrich ( citrate capped agnps),MBC,tetragonal,Bacteria,Bacillota,Bacilli,Bacillales,Bacillaceae,Bacillus,p,water,123.2218,45.26,18,0.16,30,16,29.29254423,34.14,1.373,3.774536472,1.8692339305510917,Klebsiella pneumoniae,1.8551806499643755,0.014053280586716177,74.00037670546547,71.64413605609464
79,ZnO,Bacillus subtilis,non-pathogenic,"purchased from us research nanomaterials, inc.в ",MBEC,cubic,Bacteria,Bacillota,Bacilli,Bacillales,Bacillaceae,Bacillus,p,food,81.3794,55.6,24,0.16,30,8,22.60496136,17.07,0.6865,4.082482905,2.2833378111609277,Klebsiella pneumoniae,2.2952505210828518,-0.011912709921924058,192.0161736516145,197.35608487255016
80,Ag,Bacillus subtilis,non-pathogenic,"purchased from us research nanomaterials, inc.в ",MBC,rod-shaped,Bacteria,Bacillota,Bacilli,Bacillales,Bacillaceae,Bacillus,p,respiratory tract,107.8682,28.0,18,0.16,30,11,23.00188061,0.0,0.0,1.78376517,1.5300118096699982,Klebsiella pneumoniae,1.5529636738091144,-0.022951864139116207,33.88533703757169,35.72429556203958
81,TiO2,Bacillus subtilis,non-pathogenic,electrochemical synthesis,MIC,quasi-spherical,Bacteria,Bacillota,Bacilli,Bacillales,Bacillaceae,Bacillus,p,nose,79.866,35.0,0,0.16,30,16,26.40611331,34.14,1.373,2.878049394,1.8442064197416264,Klebsiella pneumoniae,1.9041659507078132,-0.05995953096618689,69.85643521355837,80.19844556376121
82,Cu,Bacillus subtilis,non-pathogenic,purchased from sigma aldrich ( citrate capped agnps),MIC,quasi-spherical,Bacteria,Bacillota,Bacilli,Bacillales,Bacillaceae,Bacillus,p,water,63.55,60.0,0,0.16,30,11,17.96409803,0.0,0.0,1.243163121,1.0979908929998001,Klebsiella pneumoniae,1.17250265356848,-0.07451176056867981,12.531148972939889,14.876564637327341
83,CuO,Bacillus subtilis,non-pathogenic,"purchased from us research nanomaterials, inc.в ",MIC,quasi-hexagonal,Bacteria,Bacillota,Bacilli,Bacillales,Bacillaceae,Bacillus,p,soil,79.5454,40.0,24,0.16,30,17,20.67942236,17.07,0.6865,1.651411411,1.6387950814114982,Klebsiella pneumoniae,1.7214166585592405,-0.08262157714774232,43.53064291524417,52.65221651952554
84,ZnO,Bacillus subtilis,non-pathogenic,chemical_synthesis,MBEC,triangular,Bacteria,Bacillota,Bacilli,Bacillales,Bacillaceae,Bacillus,p,mouth,81.3794,38.0,4,0.16,30,8,22.60496136,17.07,0.6865,4.082482905,0.1570624590789531,Klebsiella pneumoniae,0.28559978008985154,-0.12853732101089843,1.4356958964776059,1.9301887502604211
85,ZnO,Bacillus subtilis,non-pathogenic,electrochemical synthesis,MIC,triangular,Bacteria,Bacillota,Bacilli,Bacillales,Bacillaceae,Bacillus,p,meat,81.3794,38.0,2,0.16,30,8,22.60496136,17.07,0.6865,4.082482905,-0.7512988691544913,Klebsiella pneumoniae,-0.6055270125638867,-0.14577185659060454,0.17729689539843282,0.24801216724848
86,Ag,Bacillus subtilis,non-pathogenic,green_synthesis,MIC,spherical,Bacteria,Bacillota,Bacilli,Bacillales,Bacillaceae,Bacillus,p,soil,107.87,26.06,18,0.16,30,11,23.00188061,0.0,0.0,1.78376517,1.134581114946523,Klebsiella pneumoniae,1.3162064291432127,-0.1816253141966897,13.632676054654675,20.711255636499427
87,CuO,Bacillus subtilis,non-pathogenic,"purchased from us research nanomaterials, inc.в ",MIC,tetragonal,Bacteria,Bacillota,Bacilli,Bacillales,Bacillaceae,Bacillus,p,food,79.5454,41.23,2,0.16,30,17,20.67942236,17.07,0.6865,1.651411411,1.238344424305823,Klebsiella pneumoniae,1.4312848617968705,-0.1929404374910475,17.31188762358177,26.99509510169706
88,Ag,Bacillus subtilis,non-pathogenic,purchased from sigma aldrich ( citrate capped agnps),MBC,hexagonal,Bacteria,Bacillota,Bacilli,Bacillales,Bacillaceae,Bacillus,p,food,107.87,40.0,24,0.16,30,11,23.00188061,0.0,0.0,1.78376517,1.632120215595891,Klebsiella pneumoniae,1.8724748399078188,-0.2403546243119279,42.866716189265716,74.5546678832119
