,np,bacteria,bac_type,np_synthesis,method,shape,kingdom,phylum,class,order,family,genus,gram,isolated_from,mol_weight (g/mol),np_size_avg (nm),time_set,"min_Incub_period, h","growth_temp, C",Valance_electron,labuteASA,tpsa,CrippenMR,chi0v,pred_MIC_norm,pathogenic_bacteria,pred_MIC_pathogen,Fitness,pred_norm_MIC_original,pred_path_MIC_original
0,ZnO,Bacillus subtilis,non-pathogenic,green_synthesis,MIC,cubic,Bacteria,Bacillota,Bacilli,Bacillales,Bacillaceae,Bacillus,p,lungs,81.3794,5.1,1,0.16,30,8,22.60496136,17.07,0.6865,4.082482905,1.8378268167820515,Klebsiella pneumoniae,1.0275355470729644,0.8102912697090872,68.83777378369633,10.654560678486304
1,Ag,Bacillus subtilis,non-pathogenic,"purchased from us research nanomaterials, inc.в ",MIC,spherical,Bacteria,Bacillota,Bacilli,Bacillales,Bacillaceae,Bacillus,p,mammary gland,107.87,3.0,1,0.16,30,11,23.00188061,0.0,0.0,1.78376517,1.2697412350858244,Klebsiella pneumoniae,0.5110243129445375,0.7587169221412868,18.609779830380663,3.2435777524034344
2,ZnO,Bacillus subtilis,non-pathogenic,green_synthesis,MBC,quasi-hexagonal,Bacteria,Bacillota,Bacilli,Bacillales,Bacillaceae,Bacillus,p,soil,81.3794,0.8,0,0.16,30,8,22.60496136,17.07,0.6865,4.082482905,0.7622515210542125,Klebsiella pneumoniae,0.09870407601671638,0.6635474450374961,5.7843094790880665,1.2551744087627377
3,ZnO,Bacillus subtilis,non-pathogenic,electrochemical synthesis,MBEC,quasi-spherical,Bacteria,Bacillota,Bacilli,Bacillales,Bacillaceae,Bacillus,p,water,81.3794,10.4,1,0.16,30,8,22.60496136,17.07,0.6865,4.082482905,2.3279521302253148,Klebsiella pneumoniae,1.6761198235420245,0.6518323066832903,212.7904486423208,47.43728485263194
4,Ag,Bacillus subtilis,non-pathogenic,"purchased from us research nanomaterials, inc.в ",MBC,spheroidal,Bacteria,Bacillota,Bacilli,Bacillales,Bacillaceae,Bacillus,p,water,107.8682,1.9,1,0.16,30,11,23.00188061,0.0,0.0,1.78376517,1.3458391972951302,Klebsiella pneumoniae,0.7634132378533163,0.582425959441814,22.173752581863415,5.799802940941028
5,CuO,Bacillus subtilis,non-pathogenic,"purchased from us research nanomaterials, inc.в ",MIC,rod-shaped,Bacteria,Bacillota,Bacilli,Bacillales,Bacillaceae,Bacillus,p,meat,79.5454,0.8,1,0.16,30,17,20.67942236,17.07,0.6865,1.651411411,2.1118449538154977,Klebsiella pneumoniae,1.5363196439538058,0.5755253098616919,129.37338868977199,34.381090216961105
6,Pt,Bacillus subtilis,non-pathogenic,green_synthesis,MIC,nanoplates,Bacteria,Bacillota,Bacilli,Bacillales,Bacillaceae,Bacillus,p,meat,195.084,6.0,0,0.16,30,10,21.75656585,0.0,0.0,2.588435821,1.6420447985918116,Klebsiella pneumoniae,1.0788271607169753,0.5632176378748364,43.85759356765131,11.990220248066343
7,ZnO,Bacillus subtilis,non-pathogenic,purchased from sigma aldrich ( citrate capped agnps),MBC,spherical,Bacteria,Bacillota,Bacilli,Bacillales,Bacillaceae,Bacillus,p,nose,81.3794,10.0,2,0.16,30,8,22.60496136,17.07,0.6865,4.082482905,2.3033236336162717,Klebsiella pneumoniae,1.761130812438618,0.5421928211776537,201.0590534375707,57.69402155227365
8,Ag,Bacillus subtilis,non-pathogenic,"purchased from us research nanomaterials, inc.в ",MBEC,quasi-hexagonal,Bacteria,Bacillota,Bacilli,Bacillales,Bacillaceae,Bacillus,p,respiratory tract,107.87,13.5,0,0.16,30,11,23.00188061,0.0,0.0,1.78376517,1.197640140607977,Klebsiella pneumoniae,0.6797333785155759,0.5179067620924012,15.763045915964799,4.783363425583308
9,ZnO,Bacillus subtilis,non-pathogenic,green_synthesis,MBC,hexagonal,Bacteria,Bacillota,Bacilli,Bacillales,Bacillaceae,Bacillus,p,mammary gland,81.3794,44.45,1,0.16,30,8,22.60496136,17.07,0.6865,4.082482905,1.0998596900111708,Klebsiella pneumoniae,0.6030821282298713,0.4967775617812995,12.585187492946805,4.009425315932645
10,CuO,Bacillus subtilis,non-pathogenic,electrochemical synthesis,MBEC,cubic,Bacteria,Bacillota,Bacilli,Bacillales,Bacillaceae,Bacillus,p,lungs,79.5454,9.0,2,0.16,30,17,20.67942236,17.07,0.6865,1.651411411,3.564862404766901,Klebsiella pneumoniae,3.0783539426818134,0.4865084620850877,3671.659548130089,1197.7162522107437
11,Au,Bacillus subtilis,non-pathogenic,electrochemical synthesis,MIC,spheroidal,Bacteria,Bacillota,Bacilli,Bacillales,Bacillaceae,Bacillus,p,meat,196.966569,55.6,24,0.16,30,11,23.00188061,0.0,0.0,2.46797672,1.7717171740027098,Klebsiella pneumoniae,1.2925479908213533,0.4791691831813565,59.11765163590214,19.613178949147375
12,ZnO,Bacillus subtilis,non-pathogenic,chemical_synthesis,MBC,spherical,Bacteria,Bacillota,Bacilli,Bacillales,Bacillaceae,Bacillus,p,nose,81.3794,4.7,3,0.16,30,8,22.60496136,17.07,0.6865,4.082482905,1.5453916525078712,Klebsiella pneumoniae,1.073828136450262,0.47156351605760927,35.106832930199616,11.852995962046123
13,Ag,Bacillus subtilis,non-pathogenic,chemical_synthesis,MIC,nanoplates,Bacteria,Bacillota,Bacilli,Bacillales,Bacillaceae,Bacillus,p,water,107.87,10.0,0,0.16,30,11,23.00188061,0.0,0.0,1.78376517,2.0542302310156653,Klebsiella pneumoniae,1.5829394483002734,0.4712907827153918,113.30008378316312,38.277137152888315
14,Pd,Bacillus subtilis,non-pathogenic,"purchased from us research nanomaterials, inc.в ",MBEC,cubic,Bacteria,Bacillota,Bacilli,Bacillales,Bacillaceae,Bacillus,p,lungs,195.084,41.23,4,0.16,30,10,21.14774404,0.0,0.0,1.870828693,1.8806587081742216,Klebsiella pneumoniae,1.4402553072842441,0.44040340088997754,75.9729006611032,27.558482988125515
15,ZnO,Bacillus subtilis,non-pathogenic,"purchased from us research nanomaterials, inc.в ",MBC,quasi-spherical,Bacteria,Bacillota,Bacilli,Bacillales,Bacillaceae,Bacillus,p,soil,81.3794,26.38,18,0.16,30,8,22.60496136,17.07,0.6865,4.082482905,2.2795138018518246,Klebsiella pneumoniae,1.839811638164353,0.4397021636874716,190.33287242845728,69.15309756364836
16,CuO,Bacillus subtilis,non-pathogenic,green_synthesis,MBC,hexagonal,Bacteria,Bacillota,Bacilli,Bacillales,Bacillaceae,Bacillus,p,soil,79.5454,4.0,18,0.16,30,17,20.67942236,17.07,0.6865,1.651411411,3.0144029724750045,Klebsiella pneumoniae,2.6541772881564123,0.36022568431859225,1033.720127496259,451.0007749853727
17,ZnO,Bacillus subtilis,non-pathogenic,"purchased from us research nanomaterials, inc.в ",MBC,spheroidal,Bacteria,Bacillota,Bacilli,Bacillales,Bacillaceae,Bacillus,p,lungs,81.3794,13.0,3,0.16,30,8,22.60496136,17.07,0.6865,4.082482905,2.2954134122163428,Klebsiella pneumoniae,1.9728974785864792,0.3225159336298635,197.43012124018324,93.95015016409651
18,Ag,Bacillus subtilis,non-pathogenic,chemical_synthesis,MIC,nanoplates,Bacteria,Bacillota,Bacilli,Bacillales,Bacillaceae,Bacillus,p,respiratory tract,107.87,25.0,1,0.16,30,11,23.00188061,0.0,0.0,1.78376517,1.5142291173968232,Klebsiella pneumoniae,1.2399474929220449,0.27428162447477833,32.67601730573154,17.37590737828016
19,ZnO,Bacillus subtilis,non-pathogenic,electrochemical synthesis,MIC,quasi-spherical,Bacteria,Bacillota,Bacilli,Bacillales,Bacillaceae,Bacillus,p,nose,81.3794,44.45,3,0.16,30,8,22.60496136,17.07,0.6865,4.082482905,0.4739740310706655,Klebsiella pneumoniae,0.2833520246138288,0.1906220064568367,2.9783383323697463,1.9202245799925204
20,Ag,Bacillus subtilis,non-pathogenic,chemical_synthesis,MIC,spherical,Bacteria,Bacillota,Bacilli,Bacillales,Bacillaceae,Bacillus,p,mouth,107.87,8.7,24,0.16,30,11,23.00188061,0.0,0.0,1.78376517,1.1491714162922952,Klebsiella pneumoniae,1.0291504423432758,0.12002097394901945,14.09845155345231,10.694252707139086
21,ZnO,Bacillus subtilis,non-pathogenic,chemical_synthesis,MBEC,quasi-spherical,Bacteria,Bacillota,Bacilli,Bacillales,Bacillaceae,Bacillus,p,urine,81.3794,40.0,0,0.16,30,8,22.60496136,17.07,0.6865,4.082482905,1.5232912936937344,Klebsiella pneumoniae,1.4818158237731074,0.041475469920627006,33.365012638372036,30.326048400452937
22,Ag,Bacillus subtilis,non-pathogenic,electrochemical synthesis,MIC,nanoplates,Bacteria,Bacillota,Bacilli,Bacillales,Bacillaceae,Bacillus,p,skin,107.8682,50.0,2,0.16,30,11,23.00188061,0.0,0.0,1.78376517,1.349294494816918,Klebsiella pneumoniae,1.3174332150311074,0.03186127978581066,22.35087320395043,20.76984306367395
23,Au,Bacillus subtilis,non-pathogenic,chemical_synthesis,MIC,tetragonal,Bacteria,Bacillota,Bacilli,Bacillales,Bacillaceae,Bacillus,p,skin,196.966569,17.5,3,0.16,30,11,23.00188061,0.0,0.0,2.46797672,0.5946979853213152,Klebsiella pneumoniae,0.6215893539345656,-0.026891368613250366,3.932764901666218,4.183977630600481
24,Ag,Bacillus subtilis,non-pathogenic,green_synthesis,MIC,hexagonal,Bacteria,Bacillota,Bacilli,Bacillales,Bacillaceae,Bacillus,p,skin,107.87,30.0,18,0.16,30,11,23.00188061,0.0,0.0,1.78376517,1.6909581254896588,Klebsiella pneumoniae,1.9172506301883254,-0.22629250469866657,49.086054528196435,82.65147914557501
