,np,bacteria,bac_type,np_synthesis,method,shape,kingdom,phylum,class,order,family,genus,gram,isolated_from,mol_weight (g/mol),np_size_avg (nm),time_set,"min_Incub_period, h","growth_temp, C",Valance_electron,labuteASA,tpsa,CrippenMR,chi0v,pred_MIC_norm,pathogenic_bacteria,pred_MIC_pathogen,Fitness,pred_norm_MIC_original,pred_path_MIC_original
0,ZnO,Bacillus subtilis,non-pathogenic,"purchased from us research nanomaterials, inc.в ",MIC,cubic,Bacteria,Bacillota,Bacilli,Bacillales,Bacillaceae,Bacillus,p,water,81.3794,1.9,3,0.16,30,8,22.60496136,17.07,0.6865,4.082482905,1.6372486083720257,Klebsiella pneumoniae,0.6390853272500518,0.9981632811219738,43.37591092341386,4.355974485268537
1,Ag,Bacillus subtilis,non-pathogenic,green_synthesis,MIC,tetragonal,Bacteria,Bacillota,Bacilli,Bacillales,Bacillaceae,Bacillus,p,water,107.87,1.4,24,0.16,30,11,23.00188061,0.0,0.0,1.78376517,1.6858020264635334,Klebsiella pneumoniae,0.719078239163673,0.9667237872998604,48.50673313696569,5.236947729226177
2,CuO,Bacillus subtilis,non-pathogenic,"purchased from us research nanomaterials, inc.в ",MIC,quasi-spherical,Bacteria,Bacillota,Bacilli,Bacillales,Bacillaceae,Bacillus,p,urine,79.5454,1.4,4,0.16,30,17,20.67942236,17.07,0.6865,1.651411411,2.3511793104235643,Klebsiella pneumoniae,1.4977964286790666,0.8533828817444977,224.48085634415898,31.462731834006508
3,ZnO,Bacillus subtilis,non-pathogenic,purchased from sigma aldrich ( citrate capped agnps),MIC,hexagonal,Bacteria,Bacillota,Bacilli,Bacillales,Bacillaceae,Bacillus,p,meat,81.3794,0.8,4,0.16,30,8,22.60496136,17.07,0.6865,4.082482905,1.35755299977311,Klebsiella pneumoniae,0.5670377433428961,0.7905152564302138,22.779962235526718,3.690096667952289
4,ZnO,Bacillus subtilis,non-pathogenic,green_synthesis,MBEC,quasi-spherical,Bacteria,Bacillota,Bacilli,Bacillales,Bacillaceae,Bacillus,p,mouth,81.3794,6.0,1,0.16,30,8,22.60496136,17.07,0.6865,4.082482905,2.3589745750284035,Klebsiella pneumoniae,1.6011587396615028,0.7578158353669007,228.54650011142863,39.91707772418175
5,TiO2,Bacillus subtilis,non-pathogenic,"purchased from us research nanomaterials, inc.в ",MBC,spherical,Bacteria,Bacillota,Bacilli,Bacillales,Bacillaceae,Bacillus,p,water,79.866,5.1,2,0.16,30,16,26.40611331,34.14,1.373,2.878049394,2.9891959801295833,Klebsiella pneumoniae,2.3007805058366357,0.6884154742929476,975.4297117297077,199.88513868397854
6,ZnO,Bacillus subtilis,non-pathogenic,electrochemical synthesis,MIC,rod-shaped,Bacteria,Bacillota,Bacilli,Bacillales,Bacillaceae,Bacillus,p,respiratory tract,81.3794,5.1,3,0.16,30,8,22.60496136,17.07,0.6865,4.082482905,1.4966453835971258,Klebsiella pneumoniae,0.8328979512002225,0.6637474323969034,31.379454070075862,6.806094129946327
7,Ag,Bacillus subtilis,non-pathogenic,green_synthesis,MIC,quasi-spherical,Bacteria,Bacillota,Bacilli,Bacillales,Bacillaceae,Bacillus,p,mammary gland,107.87,1.4,3,0.16,30,11,23.00188061,0.0,0.0,1.78376517,1.4424953398478,Klebsiella pneumoniae,0.8276234186094263,0.6148719212383736,27.700993147389163,6.723933639533947
8,CuO,Bacillus subtilis,non-pathogenic,purchased from sigma aldrich ( citrate capped agnps),MBC,hexagonal,Bacteria,Bacillota,Bacilli,Bacillales,Bacillaceae,Bacillus,p,meat,79.5454,8.0,1,0.16,30,17,20.67942236,17.07,0.6865,1.651411411,3.3109223009065945,Klebsiella pneumoniae,2.7143146522747488,0.5966076486318457,2046.0785425729239,517.9819810429888
9,ZnO,Bacillus subtilis,non-pathogenic,green_synthesis,MBC,rod-shaped,Bacteria,Bacillota,Bacilli,Bacillales,Bacillaceae,Bacillus,p,respiratory tract,81.3794,9.0,2,0.16,30,8,22.60496136,17.07,0.6865,4.082482905,2.1483834215628415,Klebsiella pneumoniae,1.5570970669733948,0.5912863545894467,140.72894164650066,36.06592431459057
10,CeO2,Bacillus subtilis,non-pathogenic,purchased from sigma aldrich ( citrate capped agnps),MIC,triangular,Bacteria,Bacillota,Bacilli,Bacillales,Bacillaceae,Bacillus,p,urine,172.115,1.4,0,0.16,30,16,39.19032095,34.14,1.373,4.456551526,0.7272718150217685,Klebsiella pneumoniae,0.13669486160700273,0.5905769534147658,5.336688021292115,1.3699189131753915
11,Ag,Bacillus subtilis,non-pathogenic,purchased from sigma aldrich ( citrate capped agnps),MBC,spheroidal,Bacteria,Bacillota,Bacilli,Bacillales,Bacillaceae,Bacillus,p,skin,107.87,1.4,18,0.16,30,11,23.00188061,0.0,0.0,1.78376517,1.105350515185342,Klebsiella pneumoniae,0.5156224325857235,0.5897280825996185,12.745313288325567,3.2781017722152335
12,ZnO,Bacillus subtilis,non-pathogenic,electrochemical synthesis,MBEC,quasi-spherical,Bacteria,Bacillota,Bacilli,Bacillales,Bacillaceae,Bacillus,p,urine,81.3794,4.0,18,0.16,30,8,22.60496136,17.07,0.6865,4.082482905,1.840766490101752,Klebsiella pneumoniae,1.2593871902979927,0.5813792998037592,69.30530675333777,18.17134986818183
13,Ag,Bacillus subtilis,non-pathogenic,chemical_synthesis,MIC,quasi-hexagonal,Bacteria,Bacillota,Bacilli,Bacillales,Bacillaceae,Bacillus,p,water,107.87,10.4,3,0.16,30,11,23.00188061,0.0,0.0,1.78376517,0.9276280690131031,Klebsiella pneumoniae,0.35131260614210613,0.576315462870997,8.46502156857088,2.245497656458306
14,ZnO,Bacillus subtilis,non-pathogenic,"purchased from us research nanomaterials, inc.в ",MBEC,spherical,Bacteria,Bacillota,Bacilli,Bacillales,Bacillaceae,Bacillus,p,water,81.3794,11.3,3,0.16,30,8,22.60496136,17.07,0.6865,4.082482905,2.415654959853578,Klebsiella pneumoniae,1.8478682495560237,0.5677867102975542,260.4083824217378,70.44793210445556
15,ZnO,Bacillus subtilis,non-pathogenic,purchased from sigma aldrich ( citrate capped agnps),MIC,cubic,Bacteria,Bacillota,Bacilli,Bacillales,Bacillaceae,Bacillus,p,urine,81.3794,4.7,2,0.16,30,8,22.60496136,17.07,0.6865,4.082482905,1.4786307754645596,Klebsiella pneumoniae,0.9111830651721314,0.5674477102924281,30.10445542686538,8.150477731150897
16,CuO,Bacillus subtilis,non-pathogenic,"purchased from us research nanomaterials, inc.в ",MBC,spherical,Bacteria,Bacillota,Bacilli,Bacillales,Bacillaceae,Bacillus,p,meat,79.5454,13.5,2,0.16,30,17,20.67942236,17.07,0.6865,1.651411411,3.1799764686988685,Klebsiella pneumoniae,2.618985790306965,0.5609906783919034,1513.4792416363755,415.8970025259997
17,ZnO,Bacillus subtilis,non-pathogenic,electrochemical synthesis,MBEC,quasi-spherical,Bacteria,Bacillota,Bacilli,Bacillales,Bacillaceae,Bacillus,p,blood,81.3794,12.0,2,0.16,30,8,22.60496136,17.07,0.6865,4.082482905,1.2668430244732973,Klebsiella pneumoniae,0.7061837346667821,0.5606592898065152,18.48600322531037,5.083744723676718
18,Ag,Bacillus subtilis,non-pathogenic,purchased from sigma aldrich ( citrate capped agnps),MIC,quasi-spherical,Bacteria,Bacillota,Bacilli,Bacillales,Bacillaceae,Bacillus,p,soil,107.87,3.0,18,0.16,30,11,23.00188061,0.0,0.0,1.78376517,1.2875391076957894,Klebsiella pneumoniae,0.7348724255992316,0.5526666820965578,19.38827217150842,5.430907746474533
19,ZnO,Bacillus subtilis,non-pathogenic,electrochemical synthesis,MBEC,spherical,Bacteria,Bacillota,Bacilli,Bacillales,Bacillaceae,Bacillus,p,mammary gland,81.3794,10.4,1,0.16,30,8,22.60496136,17.07,0.6865,4.082482905,2.309029146213142,Klebsiella pneumoniae,1.7584104682447657,0.5506186779683762,203.71787915194378,57.333765823215955
20,ZnO,Bacillus subtilis,non-pathogenic,electrochemical synthesis,MBEC,spherical,Bacteria,Bacillota,Bacilli,Bacillales,Bacillaceae,Bacillus,p,mammary gland,81.3794,10.4,1,0.16,30,8,22.60496136,17.07,0.6865,4.082482905,2.309029146213142,Klebsiella pneumoniae,1.7584104682447657,0.5506186779683762,203.71787915194378,57.333765823215955
21,TiO2,Bacillus subtilis,non-pathogenic,"purchased from us research nanomaterials, inc.в ",MBC,tetragonal,Bacteria,Bacillota,Bacilli,Bacillales,Bacillaceae,Bacillus,p,respiratory tract,79.866,10.0,18,0.16,30,16,26.40611331,34.14,1.373,2.878049394,2.1939865625042687,Klebsiella pneumoniae,1.6599679571846693,0.5340186053195994,156.30992780733632,45.70544662940449
22,Ag,Bacillus subtilis,non-pathogenic,"purchased from us research nanomaterials, inc.в ",MBC,tetragonal,Bacteria,Bacillota,Bacilli,Bacillales,Bacillaceae,Bacillus,p,urine,107.87,1.4,1,0.16,30,11,23.00188061,0.0,0.0,1.78376517,0.6014990526037645,Klebsiella pneumoniae,0.07114037861284506,0.5303586739909194,3.9948368984946545,1.1779866769830958
23,TiO2,Bacillus subtilis,non-pathogenic,purchased from sigma aldrich ( citrate capped agnps),MBEC,nanoplates,Bacteria,Bacillota,Bacilli,Bacillales,Bacillaceae,Bacillus,p,blood,79.866,12.5,0,0.16,30,16,26.40611331,34.14,1.373,2.878049394,2.0555930457986538,Klebsiella pneumoniae,1.5354633757846659,0.5201296700139879,113.6561775249495,34.313370198349034
24,ZnO,Bacillus subtilis,non-pathogenic,green_synthesis,MIC,rod-shaped,Bacteria,Bacillota,Bacilli,Bacillales,Bacillaceae,Bacillus,p,mammary gland,81.3794,4.7,1,0.16,30,8,22.60496136,17.07,0.6865,4.082482905,0.9257374881362382,Klebsiella pneumoniae,0.40831259202792936,0.5174248961083089,8.42825153122984,2.5604281425340916
25,Ag,Bacillus subtilis,non-pathogenic,chemical_synthesis,MIC,cubic,Bacteria,Bacillota,Bacilli,Bacillales,Bacillaceae,Bacillus,p,lungs,107.87,26.06,4,0.16,30,11,23.00188061,0.0,0.0,1.78376517,1.6456240509551086,Klebsiella pneumoniae,1.1292752889000217,0.5163487620550868,44.220540945348496,13.467137332315817
26,ZnO,Bacillus subtilis,non-pathogenic,"purchased from us research nanomaterials, inc.в ",MIC,nanoplates,Bacteria,Bacillota,Bacilli,Bacillales,Bacillaceae,Bacillus,p,mammary gland,81.3794,8.0,18,0.16,30,8,22.60496136,17.07,0.6865,4.082482905,1.6466087505222216,Klebsiella pneumoniae,1.1319668422951212,0.5146419082271003,44.32091834238405,13.550859497072583
27,ZnO,Bacillus subtilis,non-pathogenic,electrochemical synthesis,MBEC,triangular,Bacteria,Bacillota,Bacilli,Bacillales,Bacillaceae,Bacillus,p,meat,81.3794,11.3,18,0.16,30,8,22.60496136,17.07,0.6865,4.082482905,0.6441933239602335,Klebsiella pneumoniae,0.1376085415431776,0.506584782417056,4.407510178988568,1.3728040177445118
28,TiO2,Bacillus subtilis,non-pathogenic,green_synthesis,MBEC,rod-shaped,Bacteria,Bacillota,Bacilli,Bacillales,Bacillaceae,Bacillus,p,mouth,79.866,10.4,2,0.16,30,16,26.40611331,34.14,1.373,2.878049394,2.8345116086561344,Klebsiella pneumoniae,2.362062538306287,0.4724490703498474,683.1429780914187,230.1773248367439
29,ZnO,Bacillus subtilis,non-pathogenic,chemical_synthesis,MBEC,spheroidal,Bacteria,Bacillota,Bacilli,Bacillales,Bacillaceae,Bacillus,p,mouth,81.3794,10.4,18,0.16,30,8,22.60496136,17.07,0.6865,4.082482905,2.2000907441095143,Klebsiella pneumoniae,1.7295878717024529,0.47050287240706146,158.52243842071417,53.65224161511103
30,TiO2,Bacillus subtilis,non-pathogenic,electrochemical synthesis,MBEC,triangular,Bacteria,Bacillota,Bacilli,Bacillales,Bacillaceae,Bacillus,p,water,79.866,12.0,18,0.16,30,16,26.40611331,34.14,1.373,2.878049394,1.2523878046946648,Klebsiella pneumoniae,0.7911789599846151,0.46120884471004975,17.880835372973003,6.182711190002635
31,CeO2,Bacillus subtilis,non-pathogenic,electrochemical synthesis,MIC,rod-shaped,Bacteria,Bacillota,Bacilli,Bacillales,Bacillaceae,Bacillus,p,carious dentine,172.115,5.1,4,0.16,30,16,39.19032095,34.14,1.373,4.456551526,1.8583092453123262,Klebsiella pneumoniae,1.397374696035345,0.4609345492769812,72.16211364604915,24.96747915920997
32,Au,Bacillus subtilis,non-pathogenic,chemical_synthesis,MIC,hexagonal,Bacteria,Bacillota,Bacilli,Bacillales,Bacillaceae,Bacillus,p,meat,196.966569,11.3,4,0.16,30,11,23.00188061,0.0,0.0,2.46797672,2.3866170752907028,Klebsiella pneumoniae,1.9297729310200145,0.4568441442706883,243.56623071203862,85.06931406994147
33,Ag,Bacillus subtilis,non-pathogenic,electrochemical synthesis,MIC,spheroidal,Bacteria,Bacillota,Bacilli,Bacillales,Bacillaceae,Bacillus,p,meat,107.87,30.0,18,0.16,30,11,23.00188061,0.0,0.0,1.78376517,1.1716331014728136,Klebsiella pneumoniae,0.7149634841932346,0.456669617279579,14.846808315656137,5.18756419665182
34,Pd,Bacillus subtilis,non-pathogenic,purchased from sigma aldrich ( citrate capped agnps),MIC,nanoplates,Bacteria,Bacillota,Bacilli,Bacillales,Bacillaceae,Bacillus,p,mouth,195.084,5.1,2,0.16,30,10,21.14774404,0.0,0.0,1.870828693,1.7381946602814062,Klebsiella pneumoniae,1.2836544563004864,0.4545402039809199,54.72612023642336,19.21562241498323
35,ZnO,Bacillus subtilis,non-pathogenic,purchased from sigma aldrich ( citrate capped agnps),MBC,cubic,Bacteria,Bacillota,Bacilli,Bacillales,Bacillaceae,Bacillus,p,food,81.3794,22.5,3,0.16,30,8,22.60496136,17.07,0.6865,4.082482905,2.3765440150133066,Klebsiella pneumoniae,1.9295490975708824,0.44699491744242414,237.98194794253675,85.02548101954828
36,CeO2,Bacillus subtilis,non-pathogenic,purchased from sigma aldrich ( citrate capped agnps),MIC,spherical,Bacteria,Bacillota,Bacilli,Bacillales,Bacillaceae,Bacillus,p,mammary gland,172.115,1.9,18,0.16,30,16,39.19032095,34.14,1.373,4.456551526,1.9331460918170786,Klebsiella pneumoniae,1.4888348775339733,0.4443112142831054,85.73261916926928,30.820159187171132
37,ZnO,Bacillus subtilis,non-pathogenic,purchased from sigma aldrich ( citrate capped agnps),MBEC,quasi-hexagonal,Bacteria,Bacillota,Bacilli,Bacillales,Bacillaceae,Bacillus,p,food,81.3794,18.0,4,0.16,30,8,22.60496136,17.07,0.6865,4.082482905,1.3181529557286344,Klebsiella pneumoniae,0.8796614532336491,0.43849150249498536,20.804292719248387,7.57986469398558
38,Cu,Bacillus subtilis,non-pathogenic,electrochemical synthesis,MIC,cubic,Bacteria,Bacillota,Bacilli,Bacillales,Bacillaceae,Bacillus,p,blood,63.55,1.4,0,0.16,30,11,17.96409803,0.0,0.0,1.243163121,0.5751516684486024,Klebsiella pneumoniae,0.14237777988964107,0.4327738885589614,3.7596868072201155,1.3879626514529524
39,Ag,Bacillus subtilis,non-pathogenic,"purchased from us research nanomaterials, inc.в ",MBEC,nanoplates,Bacteria,Bacillota,Bacilli,Bacillales,Bacillaceae,Bacillus,p,nose,107.87,8.7,1,0.16,30,11,23.00188061,0.0,0.0,1.78376517,2.1886526744944104,Klebsiella pneumoniae,1.756582477068291,0.4320701974261194,154.40191216963947,57.0929491363829
40,TiO2,Bacillus subtilis,non-pathogenic,"purchased from us research nanomaterials, inc.в ",MBC,tetragonal,Bacteria,Bacillota,Bacilli,Bacillales,Bacillaceae,Bacillus,p,lungs,79.866,1.9,4,0.16,30,16,26.40611331,34.14,1.373,2.878049394,1.6997882454199404,Klebsiella pneumoniae,1.2715990719796422,0.4281891734402983,50.09429228484253,18.689559779764142
41,ZnO,Bacillus subtilis,non-pathogenic,"purchased from us research nanomaterials, inc.в ",MBEC,cubic,Bacteria,Bacillota,Bacilli,Bacillales,Bacillaceae,Bacillus,p,respiratory tract,81.3794,0.8,18,0.16,30,8,22.60496136,17.07,0.6865,4.082482905,1.9721356499868086,Klebsiella pneumoniae,1.544835327899952,0.42730032208685653,93.78548960675619,35.06189040411906
42,Ag,Bacillus subtilis,non-pathogenic,"purchased from us research nanomaterials, inc.в ",MBEC,quasi-spherical,Bacteria,Bacillota,Bacilli,Bacillales,Bacillaceae,Bacillus,p,urine,107.87,10.0,3,0.16,30,11,23.00188061,0.0,0.0,1.78376517,1.9364621097619457,Klebsiella pneumoniae,1.5102451004399524,0.42621700932199325,86.38972862480323,32.37763332838229
43,TiO2,Bacillus subtilis,non-pathogenic,"purchased from us research nanomaterials, inc.в ",MBC,spheroidal,Bacteria,Bacillota,Bacilli,Bacillales,Bacillaceae,Bacillus,p,meat,79.866,18.0,0,0.16,30,16,26.40611331,34.14,1.373,2.878049394,3.1679390312383773,Klebsiella pneumoniae,2.7444736577748485,0.42346537346352875,1472.1058252282846,555.2309384462618
44,ZnO,Bacillus subtilis,non-pathogenic,green_synthesis,MBC,triangular,Bacteria,Bacillota,Bacilli,Bacillales,Bacillaceae,Bacillus,p,skin,81.3794,12.5,18,0.16,30,8,22.60496136,17.07,0.6865,4.082482905,1.3523386333304994,Klebsiella pneumoniae,0.9340029879823832,0.4183356453481162,22.50808949684127,8.590194316106487
45,Ag,Bacillus subtilis,non-pathogenic,"purchased from us research nanomaterials, inc.в ",MBEC,tetragonal,Bacteria,Bacillota,Bacilli,Bacillales,Bacillaceae,Bacillus,p,nose,107.8682,0.8,24,0.16,30,11,23.00188061,0.0,0.0,1.78376517,1.0354375063805965,Klebsiella pneumoniae,0.6200136532958604,0.41542385308473606,10.850194074952455,4.168824891641269
46,ZnO,Bacillus subtilis,non-pathogenic,electrochemical synthesis,MBC,cubic,Bacteria,Bacillota,Bacilli,Bacillales,Bacillaceae,Bacillus,p,soil,81.3794,27.43,2,0.16,30,8,22.60496136,17.07,0.6865,4.082482905,1.8589095157615392,Klebsiella pneumoniae,1.4550965609926634,0.4038129547688758,72.2619231892037,28.516522331021932
47,Pt,Bacillus subtilis,non-pathogenic,purchased from sigma aldrich ( citrate capped agnps),MBC,nanoplates,Bacteria,Bacillota,Bacilli,Bacillales,Bacillaceae,Bacillus,p,food,195.084,1.4,3,0.16,30,10,21.75656585,0.0,0.0,2.588435821,1.206675527692883,Klebsiella pneumoniae,0.8065720403991053,0.40010348729377776,16.094427308170932,6.405780312955375
48,ZnO,Bacillus subtilis,non-pathogenic,electrochemical synthesis,MBC,spheroidal,Bacteria,Bacillota,Bacilli,Bacillales,Bacillaceae,Bacillus,p,mouth,81.3794,27.43,18,0.16,30,8,22.60496136,17.07,0.6865,4.082482905,1.7934764071562908,Klebsiella pneumoniae,1.3981805951320077,0.3952958120242831,62.15504813974462,25.01385310666157
49,TiO2,Bacillus subtilis,non-pathogenic,purchased from sigma aldrich ( citrate capped agnps),MBEC,quasi-spherical,Bacteria,Bacillota,Bacilli,Bacillales,Bacillaceae,Bacillus,p,mouth,79.866,20.0,4,0.16,30,16,26.40611331,34.14,1.373,2.878049394,2.820635850932765,Klebsiella pneumoniae,2.425379250528857,0.39525660040390775,661.6614783397815,266.30495703553885
50,Ag,Bacillus subtilis,non-pathogenic,"purchased from us research nanomaterials, inc.в ",MBEC,quasi-spherical,Bacteria,Bacillota,Bacilli,Bacillales,Bacillaceae,Bacillus,p,mouth,107.87,9.0,1,0.16,30,11,23.00188061,0.0,0.0,1.78376517,2.0654306331526655,Klebsiella pneumoniae,1.6702124889870542,0.3952181441656113,116.26008419986788,46.79640479130237
51,ZnO,Bacillus subtilis,non-pathogenic,"purchased from us research nanomaterials, inc.в ",MBEC,spheroidal,Bacteria,Bacillota,Bacilli,Bacillales,Bacillaceae,Bacillus,p,water,81.3794,9.0,2,0.16,30,8,22.60496136,17.07,0.6865,4.082482905,2.4844537933762902,Klebsiella pneumoniae,2.0896869075523963,0.39476688582389396,305.1081393034099,122.93821626124932
52,CuO,Bacillus subtilis,non-pathogenic,purchased from sigma aldrich ( citrate capped agnps),MBC,quasi-hexagonal,Bacteria,Bacillota,Bacilli,Bacillales,Bacillaceae,Bacillus,p,mouth,79.5454,25.0,4,0.16,30,17,20.67942236,17.07,0.6865,1.651411411,2.6736121764805993,Klebsiella pneumoniae,2.283028571103474,0.3905836053771252,471.64167871271155,191.879496904442
53,ZnO,Bacillus subtilis,non-pathogenic,purchased from sigma aldrich ( citrate capped agnps),MBEC,hexagonal,Bacteria,Bacillota,Bacilli,Bacillales,Bacillaceae,Bacillus,p,respiratory tract,81.3794,12.5,2,0.16,30,8,22.60496136,17.07,0.6865,4.082482905,2.438394943421231,Klebsiella pneumoniae,2.0482919773756842,0.39010296604554684,274.4068468324639,111.76143704791177
54,ZnO,Bacillus subtilis,non-pathogenic,purchased from sigma aldrich ( citrate capped agnps),MBEC,hexagonal,Bacteria,Bacillota,Bacilli,Bacillales,Bacillaceae,Bacillus,p,respiratory tract,81.3794,12.5,2,0.16,30,8,22.60496136,17.07,0.6865,4.082482905,2.438394943421231,Klebsiella pneumoniae,2.0482919773756842,0.39010296604554684,274.4068468324639,111.76143704791177
55,ZnO,Bacillus subtilis,non-pathogenic,green_synthesis,MBEC,quasi-spherical,Bacteria,Bacillota,Bacilli,Bacillales,Bacillaceae,Bacillus,p,nose,81.3794,12.0,18,0.16,30,8,22.60496136,17.07,0.6865,4.082482905,2.253508766793443,Klebsiella pneumoniae,1.8716783757167839,0.38183039107665917,179.2704740054273,74.41806539436458
56,Ag,Bacillus subtilis,non-pathogenic,electrochemical synthesis,MIC,quasi-spherical,Bacteria,Bacillota,Bacilli,Bacillales,Bacillaceae,Bacillus,p,food,107.87,10.4,1,0.16,30,11,23.00188061,0.0,0.0,1.78376517,1.5515663110126918,Klebsiella pneumoniae,1.2138604972807276,0.3377058137319642,35.60953569277988,16.36290832763227
57,Ag,Bacillus subtilis,non-pathogenic,"purchased from us research nanomaterials, inc.в ",MBC,spherical,Bacteria,Bacillota,Bacilli,Bacillales,Bacillaceae,Bacillus,p,meat,107.87,4.7,0,0.16,30,11,23.00188061,0.0,0.0,1.78376517,1.6864025518945784,Klebsiella pneumoniae,1.4005100614519312,0.2858924904426472,48.57385274569136,25.148382744572878
58,Al2O3,Bacillus subtilis,non-pathogenic,electrochemical synthesis,MIC,rod-shaped,Bacteria,Bacillota,Bacilli,Bacillales,Bacillaceae,Bacillus,p,food,101.961276,4.0,18,0.16,30,24,51.55776403,85.5,13.5675,4.688846487,1.976051910943613,Klebsiella pneumoniae,1.7011586492720867,0.2748932616715263,94.63502712526028,50.25261305249192
59,Ag,Bacillus subtilis,non-pathogenic,electrochemical synthesis,MBC,quasi-hexagonal,Bacteria,Bacillota,Bacilli,Bacillales,Bacillaceae,Bacillus,p,soil,107.87,1.9,1,0.16,30,11,23.00188061,0.0,0.0,1.78376517,0.3777154359388293,Klebsiella pneumoniae,0.11598301325878668,0.2617324226800426,2.386247222713668,1.3061198003242107
60,ZnO,Bacillus subtilis,non-pathogenic,green_synthesis,MBEC,cubic,Bacteria,Bacillota,Bacilli,Bacillales,Bacillaceae,Bacillus,p,skin,81.3794,27.43,3,0.16,30,8,22.60496136,17.07,0.6865,4.082482905,2.286481026413033,Klebsiella pneumoniae,2.0338954584067674,0.2525855680062654,193.41093588264442,108.11736642646038
61,Ag,Bacillus subtilis,non-pathogenic,electrochemical synthesis,MIC,tetragonal,Bacteria,Bacillota,Bacilli,Bacillales,Bacillaceae,Bacillus,p,mouth,107.87,17.5,1,0.16,30,11,23.00188061,0.0,0.0,1.78376517,-0.12229614660226518,Klebsiella pneumoniae,-0.37486269692493357,0.2525665503226684,0.7545775037133738,0.421829844704329
62,Ag,Bacillus subtilis,non-pathogenic,electrochemical synthesis,MBC,spheroidal,Bacteria,Bacillota,Bacilli,Bacillales,Bacillaceae,Bacillus,p,soil,107.87,12.0,4,0.16,30,11,23.00188061,0.0,0.0,1.78376517,1.8079723672043004,Klebsiella pneumoniae,1.566674151088962,0.24129821611533853,64.26468264142791,36.870086041056624
63,CuO,Bacillus subtilis,non-pathogenic,purchased from sigma aldrich ( citrate capped agnps),MBC,cubic,Bacteria,Bacillota,Bacilli,Bacillales,Bacillaceae,Bacillus,p,mouth,79.5454,10.0,24,0.16,30,17,20.67942236,17.07,0.6865,1.651411411,2.8804663094094476,Klebsiella pneumoniae,2.6426325274500613,0.23783378195938631,759.3925101659142,439.1698603950197
64,Ag,Bacillus subtilis,non-pathogenic,electrochemical synthesis,MBC,hexagonal,Bacteria,Bacillota,Bacilli,Bacillales,Bacillaceae,Bacillus,p,food,107.8682,1.9,3,0.16,30,11,23.00188061,0.0,0.0,1.78376517,1.3317568992164648,Klebsiella pneumoniae,1.1104164615963716,0.22134043762009314,21.46628540457014,12.894854959837561
65,Ag,Bacillus subtilis,non-pathogenic,"purchased from us research nanomaterials, inc.в ",MBEC,nanoplates,Bacteria,Bacillota,Bacilli,Bacillales,Bacillaceae,Bacillus,p,urine,107.8682,28.0,0,0.16,30,11,23.00188061,0.0,0.0,1.78376517,2.332164032642664,Klebsiella pneumoniae,2.124425103009512,0.20773892963315177,214.8641861026127,133.1757352038032
66,ZnO,Bacillus subtilis,non-pathogenic,"purchased from us research nanomaterials, inc.в ",MBC,tetragonal,Bacteria,Bacillota,Bacilli,Bacillales,Bacillaceae,Bacillus,p,blood,81.3794,13.5,4,0.16,30,8,22.60496136,17.07,0.6865,4.082482905,1.0471165492034609,Klebsiella pneumoniae,0.8531954486138023,0.1939211005896586,11.145936107698825,7.131739126107697
67,Ag,Bacillus subtilis,non-pathogenic,"purchased from us research nanomaterials, inc.в ",MBC,triangular,Bacteria,Bacillota,Bacilli,Bacillales,Bacillaceae,Bacillus,p,food,107.87,13.5,24,0.16,30,11,23.00188061,0.0,0.0,1.78376517,0.35859169409947267,Klebsiella pneumoniae,0.18132478799152074,0.17726690610795193,2.283450986710221,1.5181853209277272
68,Au,Bacillus subtilis,non-pathogenic,chemical_synthesis,MBEC,cubic,Bacteria,Bacillota,Bacilli,Bacillales,Bacillaceae,Bacillus,p,water,196.966569,37.86,3,0.16,30,11,23.00188061,0.0,0.0,2.46797672,2.098837227147054,Klebsiella pneumoniae,1.927656370183486,0.17118085696356822,125.55592939521715,84.65573216896499
69,Ag,Bacillus subtilis,non-pathogenic,purchased from sigma aldrich ( citrate capped agnps),MBEC,quasi-hexagonal,Bacteria,Bacillota,Bacilli,Bacillales,Bacillaceae,Bacillus,p,carious dentine,107.8682,20.0,4,0.16,30,11,23.00188061,0.0,0.0,1.78376517,1.1849183427934782,Klebsiella pneumoniae,1.0512181310447644,0.13370021174871383,15.307996095970882,11.251699658885922
70,ZnO,Bacillus subtilis,non-pathogenic,green_synthesis,MIC,cubic,Bacteria,Bacillota,Bacilli,Bacillales,Bacillaceae,Bacillus,p,skin,81.3794,27.43,4,0.16,30,8,22.60496136,17.07,0.6865,4.082482905,1.6338088815083995,Klebsiella pneumoniae,1.5014795650312105,0.13232931647718904,43.03371917959095,31.730693570834486
71,Ag,Bacillus subtilis,non-pathogenic,electrochemical synthesis,MBEC,hexagonal,Bacteria,Bacillota,Bacilli,Bacillales,Bacillaceae,Bacillus,p,blood,107.8682,37.86,2,0.16,30,11,23.00188061,0.0,0.0,1.78376517,0.9312596691461225,Klebsiella pneumoniae,0.816430376766065,0.11482929238005746,8.536103438875815,6.552852263963813
72,Au,Bacillus subtilis,non-pathogenic,chemical_synthesis,MBC,nanoplates,Bacteria,Bacillota,Bacilli,Bacillales,Bacillaceae,Bacillus,p,respiratory tract,196.966569,30.0,0,0.16,30,11,23.00188061,0.0,0.0,2.46797672,1.9141643210885135,Klebsiella pneumoniae,1.8102806363471797,0.1038836847413338,82.06619939658343,64.60715785690095
73,ZnO,Bacillus subtilis,non-pathogenic,"purchased from us research nanomaterials, inc.в ",MIC,nanoplates,Bacteria,Bacillota,Bacilli,Bacillales,Bacillaceae,Bacillus,p,mouth,81.3794,22.5,18,0.16,30,8,22.60496136,17.07,0.6865,4.082482905,1.9002968795957926,Klebsiella pneumoniae,1.8063616878767523,0.0939351917190403,79.48714156200965,64.02678395182635
74,Cu,Bacillus subtilis,non-pathogenic,electrochemical synthesis,MIC,quasi-spherical,Bacteria,Bacillota,Bacilli,Bacillales,Bacillaceae,Bacillus,p,skin,63.55,17.5,0,0.16,30,11,17.96409803,0.0,0.0,1.243163121,1.621132839778302,Klebsiella pneumoniae,1.5508358341219202,0.07029700565638186,41.79581900134096,35.54969132356504
75,Ag,Bacillus subtilis,non-pathogenic,green_synthesis,MBEC,cubic,Bacteria,Bacillota,Bacilli,Bacillales,Bacillaceae,Bacillus,p,water,107.87,100.0,0,0.16,30,11,23.00188061,0.0,0.0,1.78376517,1.7922205640042927,Klebsiella pneumoniae,1.8000582862301033,-0.007837722225810584,61.97557488973305,63.10420303199915
76,Au,Bacillus subtilis,non-pathogenic,purchased from sigma aldrich ( citrate capped agnps),MIC,tetragonal,Bacteria,Bacillota,Bacilli,Bacillales,Bacillaceae,Bacillus,p,nose,196.966569,45.26,0,0.16,30,11,23.00188061,0.0,0.0,2.46797672,0.9398030754941633,Klebsiella pneumoniae,0.9491111674529031,-0.009308091958739828,8.70568753727907,8.894287580423402
77,ZnO,Bacillus subtilis,non-pathogenic,electrochemical synthesis,MBEC,hexagonal,Bacteria,Bacillota,Bacilli,Bacillales,Bacillaceae,Bacillus,p,mammary gland,81.3794,25.0,24,0.16,30,8,22.60496136,17.07,0.6865,4.082482905,2.564084690095366,Klebsiella pneumoniae,2.5799941984242953,-0.015909508328929345,366.5090391966757,380.18431754815145
78,Ag,Bacillus subtilis,non-pathogenic,purchased from sigma aldrich ( citrate capped agnps),MBC,quasi-hexagonal,Bacteria,Bacillota,Bacilli,Bacillales,Bacillaceae,Bacillus,p,carious dentine,107.87,11.3,18,0.16,30,11,23.00188061,0.0,0.0,1.78376517,0.8511881420270744,Klebsiella pneumoniae,0.8828585460952957,-0.0316704040682213,7.098852328901715,7.635870354022336
79,Ag2O,Bacillus subtilis,non-pathogenic,purchased from sigma aldrich ( citrate capped agnps),MBEC,triangular,Bacteria,Bacillota,Bacilli,Bacillales,Bacillaceae,Bacillus,p,mammary gland,231.7358,12.5,0,0.16,30,28,46.55109718,17.07,0.6865,3.975778631,0.9243070894089228,Klebsiella pneumoniae,1.0198853757849016,-0.09557828637597876,8.400537781622523,10.468522137778843
80,Ag,Bacillus subtilis,non-pathogenic,purchased from sigma aldrich ( citrate capped agnps),MBC,triangular,Bacteria,Bacillota,Bacilli,Bacillales,Bacillaceae,Bacillus,p,water,107.87,50.0,3,0.16,30,11,23.00188061,0.0,0.0,1.78376517,0.756397232459983,Klebsiella pneumoniae,0.8671345257901398,-0.1107372933301568,5.7068601818662925,7.3643517817777395
81,Au,Bacillus subtilis,non-pathogenic,green_synthesis,MBEC,spheroidal,Bacteria,Bacillota,Bacilli,Bacillales,Bacillaceae,Bacillus,p,respiratory tract,196.966569,22.5,3,0.16,30,11,23.00188061,0.0,0.0,2.46797672,1.669671161892764,Klebsiella pneumoniae,1.788944248581026,-0.11927308668826209,46.73811167042878,61.50979060554345
82,CuO,Bacillus subtilis,non-pathogenic,purchased from sigma aldrich ( citrate capped agnps),MIC,quasi-hexagonal,Bacteria,Bacillota,Bacilli,Bacillales,Bacillaceae,Bacillus,p,lungs,79.5454,79.0,18,0.16,30,17,20.67942236,17.07,0.6865,1.651411411,1.486671544338618,Klebsiella pneumoniae,1.6766681285015252,-0.1899965841629072,30.66701773428544,47.49721314015573
83,ZnO,Bacillus subtilis,non-pathogenic,chemical_synthesis,MBEC,tetragonal,Bacteria,Bacillota,Bacilli,Bacillales,Bacillaceae,Bacillus,p,nose,81.3794,40.0,0,0.16,30,8,22.60496136,17.07,0.6865,4.082482905,0.9063883120032942,Klebsiella pneumoniae,1.1324144381412562,-0.22602612613796202,8.06098869349905,13.564832585118241
84,Ag,Bacillus subtilis,non-pathogenic,chemical_synthesis,MBC,tetragonal,Bacteria,Bacillota,Bacilli,Bacillales,Bacillaceae,Bacillus,p,meat,107.8682,41.23,0,0.16,30,11,23.00188061,0.0,0.0,1.78376517,1.092590292604203,Klebsiella pneumoniae,1.4241978342650312,-0.3316075416608282,12.376284740749998,26.55815090524029
85,Ag2O,Bacillus subtilis,non-pathogenic,electrochemical synthesis,MBEC,rod-shaped,Bacteria,Bacillota,Bacilli,Bacillales,Bacillaceae,Bacillus,p,blood,231.7358,55.6,24,0.16,30,28,46.55109718,17.07,0.6865,3.975778631,1.1387892499836498,Klebsiella pneumoniae,1.6543999354875176,-0.5156106855038678,13.765413127981866,45.123204631585146
