,np,bacteria,bac_type,np_synthesis,method,shape,kingdom,phylum,class,order,family,genus,gram,isolated_from,mol_weight (g/mol),np_size_avg (nm),time_set,"min_Incub_period, h","growth_temp, C",Valance_electron,labuteASA,tpsa,CrippenMR,chi0v,pred_MIC_norm,pathogenic_bacteria,pred_MIC_pathogen,Fitness,pred_norm_MIC_original,pred_path_MIC_original
0,ZnO,Bacillus subtilis,non-pathogenic,"purchased from us research nanomaterials, inc.в ",MIC,cubic,Bacteria,Bacillota,Bacilli,Bacillales,Bacillaceae,Bacillus,p,water,81.3794,1.9,3,0.16,30,8,22.60496136,17.07,0.6865,4.082482905,1.6372486083720257,Klebsiella pneumoniae,0.6390853272500518,0.9981632811219738,43.37591092341386,4.355974485268537
1,CuO,Bacillus subtilis,non-pathogenic,"purchased from us research nanomaterials, inc.в ",MIC,quasi-spherical,Bacteria,Bacillota,Bacilli,Bacillales,Bacillaceae,Bacillus,p,urine,79.5454,1.4,4,0.16,30,17,20.67942236,17.07,0.6865,1.651411411,2.3511793104235643,Klebsiella pneumoniae,1.4977964286790666,0.8533828817444977,224.48085634415898,31.462731834006508
2,ZnO,Bacillus subtilis,non-pathogenic,purchased from sigma aldrich ( citrate capped agnps),MIC,hexagonal,Bacteria,Bacillota,Bacilli,Bacillales,Bacillaceae,Bacillus,p,meat,81.3794,0.8,4,0.16,30,8,22.60496136,17.07,0.6865,4.082482905,1.35755299977311,Klebsiella pneumoniae,0.5670377433428961,0.7905152564302138,22.779962235526718,3.690096667952289
3,ZnO,Bacillus subtilis,non-pathogenic,"purchased from us research nanomaterials, inc.в ",MBEC,hexagonal,Bacteria,Bacillota,Bacilli,Bacillales,Bacillaceae,Bacillus,p,food,81.3794,12.0,3,0.16,30,8,22.60496136,17.07,0.6865,4.082482905,2.415297644611667,Klebsiella pneumoniae,1.657852311277936,0.757445333333731,260.19421986380405,45.48333605542277
4,ZnO,Bacillus subtilis,non-pathogenic,"purchased from us research nanomaterials, inc.в ",MIC,quasi-spherical,Bacteria,Bacillota,Bacilli,Bacillales,Bacillaceae,Bacillus,p,skin,81.3794,4.7,2,0.16,30,8,22.60496136,17.07,0.6865,4.082482905,1.3590934468231448,Klebsiella pneumoniae,0.6650406510292841,0.6940527957938607,22.86090646895997,4.6242430342318706
5,TiO2,Bacillus subtilis,non-pathogenic,"purchased from us research nanomaterials, inc.в ",MBC,spherical,Bacteria,Bacillota,Bacilli,Bacillales,Bacillaceae,Bacillus,p,water,79.866,5.1,2,0.16,30,16,26.40611331,34.14,1.373,2.878049394,2.9891959801295833,Klebsiella pneumoniae,2.3007805058366357,0.6884154742929476,975.4297117297077,199.88513868397854
6,ZnO,Bacillus subtilis,non-pathogenic,"purchased from us research nanomaterials, inc.в ",MBEC,nanoplates,Bacteria,Bacillota,Bacilli,Bacillales,Bacillaceae,Bacillus,p,carious dentine,81.3794,1.9,2,0.16,30,8,22.60496136,17.07,0.6865,4.082482905,1.657683829481209,Klebsiella pneumoniae,1.0116947761598925,0.6459890533213166,45.46569450513173,10.272940581258899
7,Ag,Bacillus subtilis,non-pathogenic,"purchased from us research nanomaterials, inc.в ",MIC,spheroidal,Bacteria,Bacillota,Bacilli,Bacillales,Bacillaceae,Bacillus,p,soil,107.87,8.7,24,0.16,30,11,23.00188061,0.0,0.0,1.78376517,1.6693384567614633,Klebsiella pneumoniae,1.0726095965110942,0.5967288602503691,46.70232016153741,11.81978553455675
8,CeO2,Bacillus subtilis,non-pathogenic,purchased from sigma aldrich ( citrate capped agnps),MIC,triangular,Bacteria,Bacillota,Bacilli,Bacillales,Bacillaceae,Bacillus,p,urine,172.115,1.4,0,0.16,30,16,39.19032095,34.14,1.373,4.456551526,0.7272718150217685,Klebsiella pneumoniae,0.13669486160700273,0.5905769534147658,5.336688021292115,1.3699189131753915
9,Ag,Bacillus subtilis,non-pathogenic,electrochemical synthesis,MBEC,tetragonal,Bacteria,Bacillota,Bacilli,Bacillales,Bacillaceae,Bacillus,p,mouth,107.87,6.0,18,0.16,30,11,23.00188061,0.0,0.0,1.78376517,0.798287160851692,Klebsiella pneumoniae,0.21113562475255088,0.5871515360991412,6.284737760473772,1.6260564736348004
10,ZnO,Bacillus subtilis,non-pathogenic,electrochemical synthesis,MBEC,quasi-spherical,Bacteria,Bacillota,Bacilli,Bacillales,Bacillaceae,Bacillus,p,urine,81.3794,4.0,18,0.16,30,8,22.60496136,17.07,0.6865,4.082482905,1.840766490101752,Klebsiella pneumoniae,1.2593871902979927,0.5813792998037592,69.30530675333777,18.17134986818183
11,Ag,Bacillus subtilis,non-pathogenic,chemical_synthesis,MIC,quasi-hexagonal,Bacteria,Bacillota,Bacilli,Bacillales,Bacillaceae,Bacillus,p,water,107.87,10.4,3,0.16,30,11,23.00188061,0.0,0.0,1.78376517,0.9276280690131031,Klebsiella pneumoniae,0.35131260614210613,0.576315462870997,8.46502156857088,2.245497656458306
12,ZnO,Bacillus subtilis,non-pathogenic,purchased from sigma aldrich ( citrate capped agnps),MBEC,quasi-spherical,Bacteria,Bacillota,Bacilli,Bacillales,Bacillaceae,Bacillus,p,lungs,81.3794,4.7,3,0.16,30,8,22.60496136,17.07,0.6865,4.082482905,1.9272969228901717,Klebsiella pneumoniae,1.3634768375049269,0.5638200853852449,84.5856951640827,23.092812933134287
13,CuO,Bacillus subtilis,non-pathogenic,"purchased from us research nanomaterials, inc.в ",MBC,spherical,Bacteria,Bacillota,Bacilli,Bacillales,Bacillaceae,Bacillus,p,meat,79.5454,13.5,2,0.16,30,17,20.67942236,17.07,0.6865,1.651411411,3.1799764686988685,Klebsiella pneumoniae,2.618985790306965,0.5609906783919034,1513.4792416363755,415.8970025259997
14,ZnO,Bacillus subtilis,non-pathogenic,electrochemical synthesis,MBEC,quasi-spherical,Bacteria,Bacillota,Bacilli,Bacillales,Bacillaceae,Bacillus,p,blood,81.3794,12.0,2,0.16,30,8,22.60496136,17.07,0.6865,4.082482905,1.2668430244732973,Klebsiella pneumoniae,0.7061837346667821,0.5606592898065152,18.48600322531037,5.083744723676718
15,TiO2,Bacillus subtilis,non-pathogenic,"purchased from us research nanomaterials, inc.в ",MBC,tetragonal,Bacteria,Bacillota,Bacilli,Bacillales,Bacillaceae,Bacillus,p,respiratory tract,79.866,10.0,18,0.16,30,16,26.40611331,34.14,1.373,2.878049394,2.1939865625042687,Klebsiella pneumoniae,1.6599679571846693,0.5340186053195994,156.30992780733632,45.70544662940449
16,Ag,Bacillus subtilis,non-pathogenic,"purchased from us research nanomaterials, inc.в ",MBC,tetragonal,Bacteria,Bacillota,Bacilli,Bacillales,Bacillaceae,Bacillus,p,urine,107.87,1.4,1,0.16,30,11,23.00188061,0.0,0.0,1.78376517,0.6014990526037645,Klebsiella pneumoniae,0.07114037861284506,0.5303586739909194,3.9948368984946545,1.1779866769830958
17,ZnO,Bacillus subtilis,non-pathogenic,green_synthesis,MIC,rod-shaped,Bacteria,Bacillota,Bacilli,Bacillales,Bacillaceae,Bacillus,p,mammary gland,81.3794,4.7,1,0.16,30,8,22.60496136,17.07,0.6865,4.082482905,0.9257374881362382,Klebsiella pneumoniae,0.40831259202792936,0.5174248961083089,8.42825153122984,2.5604281425340916
18,Ag,Bacillus subtilis,non-pathogenic,chemical_synthesis,MIC,cubic,Bacteria,Bacillota,Bacilli,Bacillales,Bacillaceae,Bacillus,p,lungs,107.87,26.06,4,0.16,30,11,23.00188061,0.0,0.0,1.78376517,1.6456240509551086,Klebsiella pneumoniae,1.1292752889000217,0.5163487620550868,44.220540945348496,13.467137332315817
19,Ag,Bacillus subtilis,non-pathogenic,purchased from sigma aldrich ( citrate capped agnps),MIC,cubic,Bacteria,Bacillota,Bacilli,Bacillales,Bacillaceae,Bacillus,p,lungs,107.87,4.7,3,0.16,30,11,23.00188061,0.0,0.0,1.78376517,1.8070407316454238,Klebsiella pneumoniae,1.318545805322761,0.4884949263226628,64.1269717220142,20.823120164475363
20,ZnO,Bacillus subtilis,non-pathogenic,chemical_synthesis,MBC,spherical,Bacteria,Bacillota,Bacilli,Bacillales,Bacillaceae,Bacillus,p,soil,81.3794,8.7,4,0.16,30,8,22.60496136,17.07,0.6865,4.082482905,1.7221513806444841,Klebsiella pneumoniae,1.241720392544726,0.48043098809975815,52.741366828920604,17.446985195222464
21,TiO2,Bacillus subtilis,non-pathogenic,green_synthesis,MBEC,rod-shaped,Bacteria,Bacillota,Bacilli,Bacillales,Bacillaceae,Bacillus,p,mouth,79.866,10.4,2,0.16,30,16,26.40611331,34.14,1.373,2.878049394,2.8345116086561344,Klebsiella pneumoniae,2.362062538306287,0.4724490703498474,683.1429780914187,230.1773248367439
22,ZnO,Bacillus subtilis,non-pathogenic,chemical_synthesis,MBEC,spheroidal,Bacteria,Bacillota,Bacilli,Bacillales,Bacillaceae,Bacillus,p,mouth,81.3794,10.4,18,0.16,30,8,22.60496136,17.07,0.6865,4.082482905,2.2000907441095143,Klebsiella pneumoniae,1.7295878717024529,0.47050287240706146,158.52243842071417,53.65224161511103
23,ZnO,Bacillus subtilis,non-pathogenic,purchased from sigma aldrich ( citrate capped agnps),MIC,quasi-spherical,Bacteria,Bacillota,Bacilli,Bacillales,Bacillaceae,Bacillus,p,mouth,81.3794,10.4,4,0.16,30,8,22.60496136,17.07,0.6865,4.082482905,1.38709873285001,Klebsiella pneumoniae,0.9224784690918654,0.4646202637581446,24.3836509520519,8.365241225820533
24,TiO2,Bacillus subtilis,non-pathogenic,electrochemical synthesis,MBEC,triangular,Bacteria,Bacillota,Bacilli,Bacillales,Bacillaceae,Bacillus,p,water,79.866,12.0,18,0.16,30,16,26.40611331,34.14,1.373,2.878049394,1.2523878046946648,Klebsiella pneumoniae,0.7911789599846151,0.46120884471004975,17.880835372973003,6.182711190002635
25,CeO2,Bacillus subtilis,non-pathogenic,electrochemical synthesis,MIC,rod-shaped,Bacteria,Bacillota,Bacilli,Bacillales,Bacillaceae,Bacillus,p,carious dentine,172.115,5.1,4,0.16,30,16,39.19032095,34.14,1.373,4.456551526,1.8583092453123262,Klebsiella pneumoniae,1.397374696035345,0.4609345492769812,72.16211364604915,24.96747915920997
26,Au,Bacillus subtilis,non-pathogenic,chemical_synthesis,MIC,hexagonal,Bacteria,Bacillota,Bacilli,Bacillales,Bacillaceae,Bacillus,p,meat,196.966569,11.3,4,0.16,30,11,23.00188061,0.0,0.0,2.46797672,2.3866170752907028,Klebsiella pneumoniae,1.9297729310200145,0.4568441442706883,243.56623071203862,85.06931406994147
27,Ag,Bacillus subtilis,non-pathogenic,electrochemical synthesis,MIC,spheroidal,Bacteria,Bacillota,Bacilli,Bacillales,Bacillaceae,Bacillus,p,meat,107.87,30.0,18,0.16,30,11,23.00188061,0.0,0.0,1.78376517,1.1716331014728136,Klebsiella pneumoniae,0.7149634841932346,0.456669617279579,14.846808315656137,5.18756419665182
28,Pd,Bacillus subtilis,non-pathogenic,purchased from sigma aldrich ( citrate capped agnps),MIC,nanoplates,Bacteria,Bacillota,Bacilli,Bacillales,Bacillaceae,Bacillus,p,mouth,195.084,5.1,2,0.16,30,10,21.14774404,0.0,0.0,1.870828693,1.7381946602814062,Klebsiella pneumoniae,1.2836544563004864,0.4545402039809199,54.72612023642336,19.21562241498323
29,ZnO,Bacillus subtilis,non-pathogenic,purchased from sigma aldrich ( citrate capped agnps),MBC,cubic,Bacteria,Bacillota,Bacilli,Bacillales,Bacillaceae,Bacillus,p,food,81.3794,22.5,3,0.16,30,8,22.60496136,17.07,0.6865,4.082482905,2.3765440150133066,Klebsiella pneumoniae,1.9295490975708824,0.44699491744242414,237.98194794253675,85.02548101954828
30,CeO2,Bacillus subtilis,non-pathogenic,purchased from sigma aldrich ( citrate capped agnps),MIC,spherical,Bacteria,Bacillota,Bacilli,Bacillales,Bacillaceae,Bacillus,p,mammary gland,172.115,1.9,18,0.16,30,16,39.19032095,34.14,1.373,4.456551526,1.9331460918170786,Klebsiella pneumoniae,1.4888348775339733,0.4443112142831054,85.73261916926928,30.820159187171132
31,ZnO,Bacillus subtilis,non-pathogenic,purchased from sigma aldrich ( citrate capped agnps),MBEC,quasi-hexagonal,Bacteria,Bacillota,Bacilli,Bacillales,Bacillaceae,Bacillus,p,food,81.3794,18.0,4,0.16,30,8,22.60496136,17.07,0.6865,4.082482905,1.3181529557286344,Klebsiella pneumoniae,0.8796614532336491,0.43849150249498536,20.804292719248387,7.57986469398558
32,Ag,Bacillus subtilis,non-pathogenic,"purchased from us research nanomaterials, inc.в ",MBEC,nanoplates,Bacteria,Bacillota,Bacilli,Bacillales,Bacillaceae,Bacillus,p,nose,107.87,8.7,1,0.16,30,11,23.00188061,0.0,0.0,1.78376517,2.1886526744944104,Klebsiella pneumoniae,1.756582477068291,0.4320701974261194,154.40191216963947,57.0929491363829
33,ZnO,Bacillus subtilis,non-pathogenic,"purchased from us research nanomaterials, inc.в ",MBEC,cubic,Bacteria,Bacillota,Bacilli,Bacillales,Bacillaceae,Bacillus,p,respiratory tract,81.3794,0.8,18,0.16,30,8,22.60496136,17.07,0.6865,4.082482905,1.9721356499868086,Klebsiella pneumoniae,1.544835327899952,0.42730032208685653,93.78548960675619,35.06189040411906
34,TiO2,Bacillus subtilis,non-pathogenic,"purchased from us research nanomaterials, inc.в ",MBC,spheroidal,Bacteria,Bacillota,Bacilli,Bacillales,Bacillaceae,Bacillus,p,meat,79.866,18.0,0,0.16,30,16,26.40611331,34.14,1.373,2.878049394,3.1679390312383773,Klebsiella pneumoniae,2.7444736577748485,0.42346537346352875,1472.1058252282846,555.2309384462618
35,ZnO,Bacillus subtilis,non-pathogenic,green_synthesis,MBEC,quasi-spherical,Bacteria,Bacillota,Bacilli,Bacillales,Bacillaceae,Bacillus,p,food,81.3794,8.7,18,0.16,30,8,22.60496136,17.07,0.6865,4.082482905,2.2083619346944103,Klebsiella pneumoniae,1.7913143272275134,0.41704760746689695,161.5704500496772,61.84638608033862
36,Ag,Bacillus subtilis,non-pathogenic,"purchased from us research nanomaterials, inc.в ",MBEC,tetragonal,Bacteria,Bacillota,Bacilli,Bacillales,Bacillaceae,Bacillus,p,nose,107.8682,0.8,24,0.16,30,11,23.00188061,0.0,0.0,1.78376517,1.0354375063805965,Klebsiella pneumoniae,0.6200136532958604,0.41542385308473606,10.850194074952455,4.168824891641269
37,ZnO,Bacillus subtilis,non-pathogenic,electrochemical synthesis,MBC,cubic,Bacteria,Bacillota,Bacilli,Bacillales,Bacillaceae,Bacillus,p,soil,81.3794,27.43,2,0.16,30,8,22.60496136,17.07,0.6865,4.082482905,1.8589095157615392,Klebsiella pneumoniae,1.4550965609926634,0.4038129547688758,72.2619231892037,28.516522331021932
38,Pt,Bacillus subtilis,non-pathogenic,purchased from sigma aldrich ( citrate capped agnps),MBC,nanoplates,Bacteria,Bacillota,Bacilli,Bacillales,Bacillaceae,Bacillus,p,food,195.084,1.4,3,0.16,30,10,21.75656585,0.0,0.0,2.588435821,1.206675527692883,Klebsiella pneumoniae,0.8065720403991053,0.40010348729377776,16.094427308170932,6.405780312955375
39,ZnO,Bacillus subtilis,non-pathogenic,electrochemical synthesis,MBC,spheroidal,Bacteria,Bacillota,Bacilli,Bacillales,Bacillaceae,Bacillus,p,mouth,81.3794,27.43,18,0.16,30,8,22.60496136,17.07,0.6865,4.082482905,1.7934764071562908,Klebsiella pneumoniae,1.3981805951320077,0.3952958120242831,62.15504813974462,25.01385310666157
40,TiO2,Bacillus subtilis,non-pathogenic,purchased from sigma aldrich ( citrate capped agnps),MBEC,quasi-spherical,Bacteria,Bacillota,Bacilli,Bacillales,Bacillaceae,Bacillus,p,mouth,79.866,20.0,4,0.16,30,16,26.40611331,34.14,1.373,2.878049394,2.820635850932765,Klebsiella pneumoniae,2.425379250528857,0.39525660040390775,661.6614783397815,266.30495703553885
41,Ag,Bacillus subtilis,non-pathogenic,"purchased from us research nanomaterials, inc.в ",MBEC,quasi-spherical,Bacteria,Bacillota,Bacilli,Bacillales,Bacillaceae,Bacillus,p,mouth,107.87,9.0,1,0.16,30,11,23.00188061,0.0,0.0,1.78376517,2.0654306331526655,Klebsiella pneumoniae,1.6702124889870542,0.3952181441656113,116.26008419986788,46.79640479130237
42,ZnO,Bacillus subtilis,non-pathogenic,"purchased from us research nanomaterials, inc.в ",MBEC,spheroidal,Bacteria,Bacillota,Bacilli,Bacillales,Bacillaceae,Bacillus,p,water,81.3794,9.0,2,0.16,30,8,22.60496136,17.07,0.6865,4.082482905,2.4844537933762902,Klebsiella pneumoniae,2.0896869075523963,0.39476688582389396,305.1081393034099,122.93821626124932
43,CuO,Bacillus subtilis,non-pathogenic,purchased from sigma aldrich ( citrate capped agnps),MBC,quasi-hexagonal,Bacteria,Bacillota,Bacilli,Bacillales,Bacillaceae,Bacillus,p,mouth,79.5454,25.0,4,0.16,30,17,20.67942236,17.07,0.6865,1.651411411,2.6736121764805993,Klebsiella pneumoniae,2.283028571103474,0.3905836053771252,471.64167871271155,191.879496904442
44,ZnO,Bacillus subtilis,non-pathogenic,purchased from sigma aldrich ( citrate capped agnps),MBEC,hexagonal,Bacteria,Bacillota,Bacilli,Bacillales,Bacillaceae,Bacillus,p,respiratory tract,81.3794,12.5,2,0.16,30,8,22.60496136,17.07,0.6865,4.082482905,2.438394943421231,Klebsiella pneumoniae,2.0482919773756842,0.39010296604554684,274.4068468324639,111.76143704791177
45,Au,Bacillus subtilis,non-pathogenic,electrochemical synthesis,MIC,quasi-spherical,Bacteria,Bacillota,Bacilli,Bacillales,Bacillaceae,Bacillus,p,mammary gland,196.966569,40.0,3,0.16,30,11,23.00188061,0.0,0.0,2.46797672,1.0540658402713534,Klebsiella pneumoniae,0.6641628479089556,0.3899029923623978,11.325720513461738,4.614905877853988
46,ZnO,Bacillus subtilis,non-pathogenic,"purchased from us research nanomaterials, inc.в ",MBEC,quasi-spherical,Bacteria,Bacillota,Bacilli,Bacillales,Bacillaceae,Bacillus,p,food,81.3794,50.0,4,0.16,30,8,22.60496136,17.07,0.6865,4.082482905,1.670492483171878,Klebsiella pneumoniae,1.2885139998333253,0.38197848333855267,46.826584649432675,19.431843309348746
47,Ag,Bacillus subtilis,non-pathogenic,"purchased from us research nanomaterials, inc.в ",MBC,nanoplates,Bacteria,Bacillota,Bacilli,Bacillales,Bacillaceae,Bacillus,p,respiratory tract,107.87,5.1,3,0.16,30,11,23.00188061,0.0,0.0,1.78376517,1.8389504587162895,Klebsiella pneumoniae,1.461340044488086,0.3776104142282035,69.01610705911104,28.929441171689085
48,ZnO,Bacillus subtilis,non-pathogenic,electrochemical synthesis,MBC,quasi-hexagonal,Bacteria,Bacillota,Bacilli,Bacillales,Bacillaceae,Bacillus,p,urine,81.3794,41.23,3,0.16,30,8,22.60496136,17.07,0.6865,4.082482905,0.08146178000323245,Klebsiella pneumoniae,-0.29502222354220775,0.3764840035454402,1.2063179217643103,0.5069647654142717
49,Au,Bacillus subtilis,non-pathogenic,green_synthesis,MIC,tetragonal,Bacteria,Bacillota,Bacilli,Bacillales,Bacillaceae,Bacillus,p,skin,196.966569,41.23,24,0.16,30,11,23.00188061,0.0,0.0,2.46797672,0.5000753811279937,Klebsiella pneumoniae,0.1269796679643327,0.37309571316366097,3.162826588961684,1.3396139702657186
50,CuO,Bacillus subtilis,non-pathogenic,electrochemical synthesis,MBC,quasi-hexagonal,Bacteria,Bacillota,Bacilli,Bacillales,Bacillaceae,Bacillus,p,urine,79.5454,27.43,0,0.16,30,17,20.67942236,17.07,0.6865,1.651411411,2.082319649409148,Klebsiella pneumoniae,1.7237684877110038,0.35855116169814405,120.87031374347912,52.93811678708601
51,CeO2,Bacillus subtilis,non-pathogenic,green_synthesis,MBC,nanoplates,Bacteria,Bacillota,Bacilli,Bacillales,Bacillaceae,Bacillus,p,mammary gland,172.115,27.43,4,0.16,30,16,39.19032095,34.14,1.373,4.456551526,2.7570283991591373,Klebsiella pneumoniae,2.403562995482943,0.35346540367619417,571.5160077278446,253.2578965448072
52,CuO,Bacillus subtilis,non-pathogenic,purchased from sigma aldrich ( citrate capped agnps),MBEC,rod-shaped,Bacteria,Bacillota,Bacilli,Bacillales,Bacillaceae,Bacillus,p,respiratory tract,79.5454,3.0,4,0.16,30,17,20.67942236,17.07,0.6865,1.651411411,2.7919585497849964,Klebsiella pneumoniae,2.439005192154472,0.35295335763052416,619.3819568020582,274.7927005410675
53,Pt,Bacillus subtilis,non-pathogenic,green_synthesis,MBEC,rod-shaped,Bacteria,Bacillota,Bacilli,Bacillales,Bacillaceae,Bacillus,p,food,195.084,4.7,0,0.16,30,10,21.75656585,0.0,0.0,2.588435821,1.502029202443553,Klebsiella pneumoniae,1.1904956515205474,0.3115335509230057,31.77087694374505,15.505852611033033
54,Au,Bacillus subtilis,non-pathogenic,chemical_synthesis,MIC,tetragonal,Bacteria,Bacillota,Bacilli,Bacillales,Bacillaceae,Bacillus,p,respiratory tract,196.966569,41.23,24,0.16,30,11,23.00188061,0.0,0.0,2.46797672,0.3393865121202373,Klebsiella pneumoniae,0.037353568745703836,0.30203294337453346,2.184673356044946,1.0898169763796104
55,Cu,Bacillus subtilis,non-pathogenic,green_synthesis,MBEC,nanoplates,Bacteria,Bacillota,Bacilli,Bacillales,Bacillaceae,Bacillus,p,water,63.55,5.1,18,0.16,30,11,17.96409803,0.0,0.0,1.243163121,2.3450406014864544,Klebsiella pneumoniae,2.04589214752513,0.2991484539613243,221.33016179108216,111.14556746581323
56,Au,Bacillus subtilis,non-pathogenic,electrochemical synthesis,MBC,rod-shaped,Bacteria,Bacillota,Bacilli,Bacillales,Bacillaceae,Bacillus,p,water,196.966569,4.0,0,0.16,30,11,23.00188061,0.0,0.0,2.46797672,1.1631913359484485,Klebsiella pneumoniae,0.8674459207226407,0.2957454152258078,14.561004495359382,7.369634013658246
57,Ag,Bacillus subtilis,non-pathogenic,purchased from sigma aldrich ( citrate capped agnps),MIC,cubic,Bacteria,Bacillota,Bacilli,Bacillales,Bacillaceae,Bacillus,p,urine,107.8682,10.4,3,0.16,30,11,23.00188061,0.0,0.0,1.78376517,1.9700513397963404,Klebsiella pneumoniae,1.6747656772339377,0.29528566256240274,93.33646312751566,47.289603995252826
58,ZnO,Bacillus subtilis,non-pathogenic,purchased from sigma aldrich ( citrate capped agnps),MBC,spheroidal,Bacteria,Bacillota,Bacilli,Bacillales,Bacillaceae,Bacillus,p,water,81.3794,44.45,18,0.16,30,8,22.60496136,17.07,0.6865,4.082482905,1.7194382169962579,Klebsiella pneumoniae,1.4269921189493053,0.29244609804695254,52.41290327815729,26.729579026178705
59,Ag,Bacillus subtilis,non-pathogenic,"purchased from us research nanomaterials, inc.в ",MBEC,rod-shaped,Bacteria,Bacillota,Bacilli,Bacillales,Bacillaceae,Bacillus,p,urine,107.87,12.0,3,0.16,30,11,23.00188061,0.0,0.0,1.78376517,1.7069015184312977,Klebsiella pneumoniae,1.41849031410427,0.2884112043270277,50.92153871665916,26.21140579735765
60,Al2O3,Bacillus subtilis,non-pathogenic,green_synthesis,MBEC,rod-shaped,Bacteria,Bacillota,Bacilli,Bacillales,Bacillaceae,Bacillus,p,urine,101.961276,9.0,2,0.16,30,24,51.55776403,85.5,13.5675,4.688846487,2.6970335043193403,Klebsiella pneumoniae,2.424128979531602,0.2729045247877382,497.7754851571911,265.53940606643783
61,Ag,Bacillus subtilis,non-pathogenic,purchased from sigma aldrich ( citrate capped agnps),MBEC,spheroidal,Bacteria,Bacillota,Bacilli,Bacillales,Bacillaceae,Bacillus,p,urine,107.8682,0.8,0,0.16,30,11,23.00188061,0.0,0.0,1.78376517,1.5010741508734304,Klebsiella pneumoniae,1.2470434018155396,0.2540307490578908,31.701086770601332,17.662143209206253
62,ZnO,Bacillus subtilis,non-pathogenic,chemical_synthesis,MBEC,tetragonal,Bacteria,Bacillota,Bacilli,Bacillales,Bacillaceae,Bacillus,p,mouth,81.3794,5.1,3,0.16,30,8,22.60496136,17.07,0.6865,4.082482905,0.9964938999757796,Klebsiella pneumoniae,0.746913883480047,0.2495800164957327,9.919594062531662,5.58359466316965
63,Au,Bacillus subtilis,non-pathogenic,"purchased from us research nanomaterials, inc.в ",MBC,quasi-spherical,Bacteria,Bacillota,Bacilli,Bacillales,Bacillaceae,Bacillus,p,blood,196.966569,55.6,0,0.16,30,11,23.00188061,0.0,0.0,2.46797672,0.9180509201508646,Klebsiella pneumoniae,0.6738706217976633,0.24418029835320132,8.280392439499659,4.719224325892637
64,ZnO,Bacillus subtilis,non-pathogenic,purchased from sigma aldrich ( citrate capped agnps),MBEC,nanoplates,Bacteria,Bacillota,Bacilli,Bacillales,Bacillaceae,Bacillus,p,soil,81.3794,28.0,1,0.16,30,8,22.60496136,17.07,0.6865,4.082482905,2.4136035534247826,Klebsiella pneumoniae,2.173514686398601,0.2400888670261816,259.18123409008746,149.1127179574506
65,Ag,Bacillus subtilis,non-pathogenic,"purchased from us research nanomaterials, inc.в ",MBC,spheroidal,Bacteria,Bacillota,Bacilli,Bacillales,Bacillaceae,Bacillus,p,soil,107.8682,100.0,4,0.16,30,11,23.00188061,0.0,0.0,1.78376517,1.20751154312875,Klebsiella pneumoniae,0.9801621675237628,0.22734937560498714,16.125438866304744,9.55349251158325
66,ZnO,Bacillus subtilis,non-pathogenic,chemical_synthesis,MBC,nanoplates,Bacteria,Bacillota,Bacilli,Bacillales,Bacillaceae,Bacillus,p,respiratory tract,81.3794,13.0,0,0.16,30,8,22.60496136,17.07,0.6865,4.082482905,2.0283011876763655,Klebsiella pneumoniae,1.8197680507380691,0.20853313693829634,106.73360731294441,66.03406771392132
67,Au,Bacillus subtilis,non-pathogenic,chemical_synthesis,MBEC,cubic,Bacteria,Bacillota,Bacilli,Bacillales,Bacillaceae,Bacillus,p,soil,196.966569,60.0,1,0.16,30,11,23.00188061,0.0,0.0,2.46797672,2.1734549500571467,Klebsiella pneumoniae,1.9934451568895981,0.18000979316754862,149.09220921042888,98.50202456785271
68,Ag,Bacillus subtilis,non-pathogenic,green_synthesis,MBC,quasi-spherical,Bacteria,Bacillota,Bacilli,Bacillales,Bacillaceae,Bacillus,p,water,107.87,20.0,2,0.16,30,11,23.00188061,0.0,0.0,1.78376517,1.1719577018935463,Klebsiella pneumoniae,1.025315826912811,0.14664187498073522,14.857909266483073,10.600243140736689
69,ZnO,Bacillus subtilis,non-pathogenic,green_synthesis,MIC,tetragonal,Bacteria,Bacillota,Bacilli,Bacillales,Bacillaceae,Bacillus,p,respiratory tract,81.3794,55.6,24,0.16,30,8,22.60496136,17.07,0.6865,4.082482905,0.5843282846695956,Klebsiella pneumoniae,0.4377262209279904,0.14660206374160523,3.8399740074941398,2.7398464292805227
70,TiO2,Bacillus subtilis,non-pathogenic,purchased from sigma aldrich ( citrate capped agnps),MBC,spheroidal,Bacteria,Bacillota,Bacilli,Bacillales,Bacillaceae,Bacillus,p,respiratory tract,79.866,55.6,0,0.16,30,16,26.40611331,34.14,1.373,2.878049394,2.3528904073383683,Klebsiella pneumoniae,2.2589263674033577,0.09396403993501057,225.3670434704685,181.52078766828214
71,Ag,Bacillus subtilis,non-pathogenic,chemical_synthesis,MBEC,triangular,Bacteria,Bacillota,Bacilli,Bacillales,Bacillaceae,Bacillus,p,mouth,107.87,9.0,24,0.16,30,11,23.00188061,0.0,0.0,1.78376517,0.12569799819872873,Klebsiella pneumoniae,0.03562210212992056,0.09007589606880817,1.3356663913666782,1.0854806902222998
72,Al2O3,Bacillus subtilis,non-pathogenic,green_synthesis,MBC,tetragonal,Bacteria,Bacillota,Bacilli,Bacillales,Bacillaceae,Bacillus,p,skin,101.961276,27.43,1,0.16,30,24,51.55776403,85.5,13.5675,4.688846487,1.6143612481603231,Klebsiella pneumoniae,1.5367953442402669,0.07756590392005625,41.1491859622154,34.41876984591331
73,CuO,Bacillus subtilis,non-pathogenic,"purchased from us research nanomaterials, inc.в ",MBC,nanoplates,Bacteria,Bacillota,Bacilli,Bacillales,Bacillaceae,Bacillus,p,urine,79.5454,20.0,24,0.16,30,17,20.67942236,17.07,0.6865,1.651411411,2.9333487624827606,Klebsiella pneumoniae,2.869234559396613,0.06411420308614746,857.7263704338712,740.0048385589245
74,Pt,Bacillus subtilis,non-pathogenic,green_synthesis,MBC,triangular,Bacteria,Bacillota,Bacilli,Bacillales,Bacillaceae,Bacillus,p,mouth,195.084,10.0,1,0.16,30,10,21.75656585,0.0,0.0,2.588435821,0.8693868016247528,Klebsiella pneumoniae,0.8080606301516153,0.06132617147313746,7.402642932353635,6.427774466952542
75,ZnO,Bacillus subtilis,non-pathogenic,purchased from sigma aldrich ( citrate capped agnps),MIC,hexagonal,Bacteria,Bacillota,Bacilli,Bacillales,Bacillaceae,Bacillus,p,food,81.3794,41.23,18,0.16,30,8,22.60496136,17.07,0.6865,4.082482905,1.0965087573122052,Klebsiella pneumoniae,1.103249891203513,-0.006741133891307705,12.488456266298652,12.683814772542386
76,Ag,Bacillus subtilis,non-pathogenic,green_synthesis,MIC,tetragonal,Bacteria,Bacillota,Bacilli,Bacillales,Bacillaceae,Bacillus,p,soil,107.8682,26.38,3,0.16,30,11,23.00188061,0.0,0.0,1.78376517,-0.2414051455713595,Klebsiella pneumoniae,-0.21975770368525582,-0.02164744188610368,0.5735811289461769,0.6028958526112083
77,Ag,Bacillus subtilis,non-pathogenic,chemical_synthesis,MBEC,hexagonal,Bacteria,Bacillota,Bacilli,Bacillales,Bacillaceae,Bacillus,p,water,107.87,55.6,4,0.16,30,11,23.00188061,0.0,0.0,1.78376517,1.8658695274891663,Klebsiella pneumoniae,1.8988766636399719,-0.03300713615080553,73.42932356631393,79.2276298030158
78,CuO,Bacillus subtilis,non-pathogenic,chemical_synthesis,MBC,hexagonal,Bacteria,Bacillota,Bacilli,Bacillales,Bacillaceae,Bacillus,p,urine,79.5454,26.06,1,0.16,30,17,20.67942236,17.07,0.6865,1.651411411,2.6633844723444637,Klebsiella pneumoniae,2.7029448556397946,-0.03956038329533085,460.664210063493,504.5972224743738
79,Ag,Bacillus subtilis,non-pathogenic,green_synthesis,MBC,rod-shaped,Bacteria,Bacillota,Bacilli,Bacillales,Bacillaceae,Bacillus,p,food,107.87,50.0,0,0.16,30,11,23.00188061,0.0,0.0,1.78376517,1.1575424609202432,Klebsiella pneumoniae,1.2033710532254358,-0.04582859230519265,14.372835695321283,15.972432196930471
80,Pd,Bacillus subtilis,non-pathogenic,"purchased from us research nanomaterials, inc.в ",MBEC,triangular,Bacteria,Bacillota,Bacilli,Bacillales,Bacillaceae,Bacillus,p,mammary gland,195.084,100.0,1,0.16,30,10,21.14774404,0.0,0.0,1.870828693,0.7209214591826383,Klebsiella pneumoniae,0.8042737852249126,-0.08335232604227427,5.259221463920503,6.371970921425083
81,Ag,Bacillus subtilis,non-pathogenic,purchased from sigma aldrich ( citrate capped agnps),MBEC,spheroidal,Bacteria,Bacillota,Bacilli,Bacillales,Bacillaceae,Bacillus,p,blood,107.87,55.6,2,0.16,30,11,23.00188061,0.0,0.0,1.78376517,0.9616420552438555,Klebsiella pneumoniae,1.0608811493636099,-0.0992390941197544,9.154656538986996,11.5048549973668
82,Au,Bacillus subtilis,non-pathogenic,"purchased from us research nanomaterials, inc.в ",MBC,rod-shaped,Bacteria,Bacillota,Bacilli,Bacillales,Bacillaceae,Bacillus,p,carious dentine,196.966569,0.8,18,0.16,30,11,23.00188061,0.0,0.0,2.46797672,0.5558664177882766,Klebsiella pneumoniae,0.6570488203287563,-0.10118240254047972,3.5963869888482343,4.539926484398197
83,Al2O3,Bacillus subtilis,non-pathogenic,electrochemical synthesis,MBEC,rod-shaped,Bacteria,Bacillota,Bacilli,Bacillales,Bacillaceae,Bacillus,p,mouth,101.961276,50.0,18,0.16,30,24,51.55776403,85.5,13.5675,4.688846487,2.0137261449273636,Klebsiella pneumoniae,2.1319646705403477,-0.11823852561298409,103.21103779252952,135.50791734134202
84,Ag,Bacillus subtilis,non-pathogenic,electrochemical synthesis,MBEC,rod-shaped,Bacteria,Bacillota,Bacilli,Bacillales,Bacillaceae,Bacillus,p,water,107.8682,45.26,4,0.16,30,11,23.00188061,0.0,0.0,1.78376517,1.3743910072030683,Klebsiella pneumoniae,1.4966210567412455,-0.12223004953817718,23.68050758896453,31.377696409987593
85,Ag,Bacillus subtilis,non-pathogenic,electrochemical synthesis,MIC,quasi-hexagonal,Bacteria,Bacillota,Bacilli,Bacillales,Bacillaceae,Bacillus,p,food,107.8682,28.0,24,0.16,30,11,23.00188061,0.0,0.0,1.78376517,1.013687475536218,Klebsiella pneumoniae,1.170585892355337,-0.15689841681911898,10.320184833588373,14.811051510699151
86,Ag,Bacillus subtilis,non-pathogenic,"purchased from us research nanomaterials, inc.в ",MIC,spherical,Bacteria,Bacillota,Bacilli,Bacillales,Bacillaceae,Bacillus,p,skin,107.8682,30.0,24,0.16,30,11,23.00188061,0.0,0.0,1.78376517,1.8813386921175181,Klebsiella pneumoniae,2.0890230046074865,-0.20768431248996833,76.0919461905581,122.75042504178444
