,np,bacteria,bac_type,np_synthesis,method,shape,kingdom,phylum,class,order,family,genus,gram,isolated_from,mol_weight (g/mol),np_size_avg (nm),time_set,"min_Incub_period, h","growth_temp, C",Valance_electron,labuteASA,tpsa,CrippenMR,chi0v,pred_MIC_norm,pathogenic_bacteria,pred_MIC_pathogen,Fitness,pred_norm_MIC_original,pred_path_MIC_original
0,Pd,Bacillus subtilis,non-pathogenic,chemical_synthesis,MIC,hexagonal,Bacteria,Bacillota,Bacilli,Bacillales,Bacillaceae,Bacillus,p,lungs,107.87,0.8,4,0.16,30,11,23.00188061,0.0,0.0,1.78376517,1.4193873065217752,Klebsiella pneumoniae,0.3574859424839132,1.061901364037862,26.26559881667999,2.277644516438374
1,ZnO,Bacillus subtilis,non-pathogenic,"purchased from us research nanomaterials, inc.в ",MBC,cubic,Bacteria,Bacillota,Bacilli,Bacillales,Bacillaceae,Bacillus,p,mouth,81.3794,1.9,4,0.16,30,8,22.60496136,17.07,0.6865,4.082482905,1.7486495314812616,Klebsiella pneumoniae,0.8966430720445233,0.8520064594367383,56.05954021588033,7.882120537614927
2,Ag,Bacillus subtilis,non-pathogenic,electrochemical synthesis,MIC,quasi-spherical,Bacteria,Bacillota,Bacilli,Bacillales,Bacillaceae,Bacillus,p,lungs,107.87,1.4,0,0.16,30,11,23.00188061,0.0,0.0,1.78376517,1.1932099558326184,Klebsiella pneumoniae,0.45159810468178163,0.7416118511508367,15.603066369892435,2.8287730428057185
3,ZnO,Bacillus subtilis,non-pathogenic,chemical_synthesis,MBC,quasi-hexagonal,Bacteria,Bacillota,Bacilli,Bacillales,Bacillaceae,Bacillus,p,skin,81.3794,6.0,2,0.16,30,8,22.60496136,17.07,0.6865,4.082482905,0.919524773114542,Klebsiella pneumoniae,0.2439858611805834,0.6755389119339585,8.308541111001265,1.7538234037272906
4,Au,Bacillus subtilis,non-pathogenic,chemical_synthesis,MIC,nanoplates,Bacteria,Bacillota,Bacilli,Bacillales,Bacillaceae,Bacillus,p,mammary gland,196.966569,8.0,4,0.16,30,11,23.00188061,0.0,0.0,2.46797672,2.4879818523359107,Klebsiella pneumoniae,1.9431475222775563,0.5448343300583545,307.5968277981212,87.72987736620725
5,ZnO,Bacillus subtilis,non-pathogenic,electrochemical synthesis,MBEC,spheroidal,Bacteria,Bacillota,Bacilli,Bacillales,Bacillaceae,Bacillus,p,mammary gland,81.3794,4.7,24,0.16,30,8,22.60496136,17.07,0.6865,4.082482905,2.7248383652753163,Klebsiella pneumoniae,2.1906942068394915,0.5341441584358249,530.6868976390507,155.12943360601318
6,Ag,Bacillus subtilis,non-pathogenic,purchased from sigma aldrich ( citrate capped agnps),MIC,tetragonal,Bacteria,Bacillota,Bacilli,Bacillales,Bacillaceae,Bacillus,p,food,107.87,55.6,18,0.16,30,11,23.00188061,0.0,0.0,1.78376517,0.18331496804738445,Klebsiella pneumoniae,-0.13317777760109162,0.31649274564847607,1.5251584598331076,0.7359057942250922
7,ZnO,Bacillus subtilis,non-pathogenic,green_synthesis,MIC,quasi-spherical,Bacteria,Bacillota,Bacilli,Bacillales,Bacillaceae,Bacillus,p,food,81.3794,37.86,3,0.16,30,8,22.60496136,17.07,0.6865,4.082482905,0.5032836272477785,Klebsiella pneumoniae,0.3818210221759002,0.12146260507187834,3.1862777234923376,2.4089124831527164
