,np,bacteria,bac_type,np_synthesis,method,shape,kingdom,phylum,class,order,family,genus,gram,isolated_from,mol_weight (g/mol),np_size_avg (nm),time_set,"min_Incub_period, h","growth_temp, C",Valance_electron,labuteASA,tpsa,CrippenMR,chi0v,pred_MIC_norm,pathogenic_bacteria,pred_MIC_pathogen,Fitness,pred_norm_MIC_original,pred_path_MIC_original
0,Pd,Bacillus subtilis,non-pathogenic,chemical_synthesis,MIC,hexagonal,Bacteria,Bacillota,Bacilli,Bacillales,Bacillaceae,Bacillus,p,mouth,195.084,0.8,4,0.16,30,10,21.14774404,0.0,0.0,1.870828693,0.8987060162193384,Klebsiella pneumoniae,0.01774804109793271,0.8809579751214057,7.919650498938463,1.041712897215117
1,ZnO,Bacillus subtilis,non-pathogenic,"purchased from us research nanomaterials, inc.в ",MBC,cubic,Bacteria,Bacillota,Bacilli,Bacillales,Bacillaceae,Bacillus,p,mouth,81.3794,1.9,4,0.16,30,8,22.60496136,17.07,0.6865,4.082482905,1.7486495314812616,Klebsiella pneumoniae,0.8966430720445233,0.8520064594367383,56.05954021588033,7.882120537614927
2,ZnO,Bacillus subtilis,non-pathogenic,purchased from sigma aldrich ( citrate capped agnps),MBC,cubic,Bacteria,Bacillota,Bacilli,Bacillales,Bacillaceae,Bacillus,p,blood,81.3794,9.0,2,0.16,30,8,22.60496136,17.07,0.6865,4.082482905,1.5987679816735567,Klebsiella pneumoniae,0.9132996647525928,0.6854683169209639,39.69794097576028,8.190297266610973
3,Ag,Bacillus subtilis,non-pathogenic,"purchased from us research nanomaterials, inc.в ",MBEC,hexagonal,Bacteria,Bacillota,Bacilli,Bacillales,Bacillaceae,Bacillus,p,meat,107.8682,17.5,0,0.16,30,11,23.00188061,0.0,0.0,1.78376517,2.353458258110608,Klebsiella pneumoniae,1.9407427719812878,0.4127154861293201,225.6619091816962,87.24544697907922
4,Al2O3,Bacillus subtilis,non-pathogenic,green_synthesis,MIC,hexagonal,Bacteria,Bacillota,Bacilli,Bacillales,Bacillaceae,Bacillus,p,skin,101.961276,5.1,4,0.16,30,24,51.55776403,85.5,13.5675,4.688846487,2.655860607745568,Klebsiella pneumoniae,2.2491783507451744,0.40668225700039384,452.7522400774089,177.49182329500556
5,ZnO,Bacillus subtilis,non-pathogenic,electrochemical synthesis,MIC,quasi-hexagonal,Bacteria,Bacillota,Bacilli,Bacillales,Bacillaceae,Bacillus,p,soil,81.3794,13.5,0,0.16,30,8,22.60496136,17.07,0.6865,4.082482905,0.856669080076606,Klebsiella pneumoniae,0.4516168589903604,0.4050522210862456,7.189009873462636,2.8288952014566964
6,Cu,Bacillus subtilis,non-pathogenic,green_synthesis,MIC,spheroidal,Bacteria,Bacillota,Bacilli,Bacillales,Bacillaceae,Bacillus,p,soil,63.55,1.4,3,0.16,30,11,17.96409803,0.0,0.0,1.243163121,1.1841905819443996,Klebsiella pneumoniae,0.9517321518699209,0.23245843007447875,15.282365489045354,8.94812725749026
7,Ag,Bacillus subtilis,non-pathogenic,"purchased from us research nanomaterials, inc.в ",MBEC,triangular,Bacteria,Bacillota,Bacilli,Bacillales,Bacillaceae,Bacillus,p,lungs,107.87,20.0,0,0.16,30,11,23.00188061,0.0,0.0,1.78376517,0.9899671244360133,Klebsiella pneumoniae,0.817342979951124,0.17262414448488927,9.771632480867988,6.5666365547797865
