,np,bacteria,bac_type,np_synthesis,method,shape,kingdom,phylum,class,order,family,genus,gram,isolated_from,mol_weight (g/mol),np_size_avg (nm),time_set,"min_Incub_period, h","growth_temp, C",Valance_electron,labuteASA,tpsa,CrippenMR,chi0v,pred_MIC_norm,pathogenic_bacteria,pred_MIC_pathogen,Fitness,pred_norm_MIC_original,pred_path_MIC_original
0,ZnO,Bacillus subtilis,non-pathogenic,"purchased from us research nanomaterials, inc.в ",MIC,quasi-spherical,Bacteria,Bacillota,Bacilli,Bacillales,Bacillaceae,Bacillus,p,water,81.3794,4.0,1,0.16,30,8,22.60496136,17.07,0.6865,4.082482905,1.2223505756863662,Klebsiella pneumoniae,0.22038507666824092,1.0019654990181253,16.685936084536806,1.6610590689068931
1,ZrO2,Bacillus subtilis,non-pathogenic,green_synthesis,MIC,quasi-spherical,Bacteria,Bacillota,Bacilli,Bacillales,Bacillaceae,Bacillus,p,soil,123.2218,1.4,2,0.16,30,16,29.29254423,34.14,1.373,3.774536472,2.0130633897520296,Klebsiella pneumoniae,1.1268320705080306,0.886231319243999,103.05365268833025,13.391587721737958
2,ZnO,Bacillus subtilis,non-pathogenic,green_synthesis,MIC,quasi-hexagonal,Bacteria,Bacillota,Bacilli,Bacillales,Bacillaceae,Bacillus,p,water,81.3794,5.1,4,0.16,30,8,22.60496136,17.07,0.6865,4.082482905,0.854487124482242,Klebsiella pneumoniae,0.03341179247365811,0.8210753320085838,7.152981873333217,1.079970250885176
3,Ag,Bacillus subtilis,non-pathogenic,electrochemical synthesis,MIC,rod-shaped,Bacteria,Bacillota,Bacilli,Bacillales,Bacillaceae,Bacillus,p,urine,107.87,0.8,4,0.16,30,11,23.00188061,0.0,0.0,1.78376517,1.0585162818389373,Klebsiella pneumoniae,0.25980758452783426,0.798708697311103,11.442377768528488,1.8188948132629381
4,Ag,Bacillus subtilis,non-pathogenic,chemical_synthesis,MIC,hexagonal,Bacteria,Bacillota,Bacilli,Bacillales,Bacillaceae,Bacillus,p,skin,107.87,3.0,0,0.16,30,11,23.00188061,0.0,0.0,1.78376517,1.4589868271249367,Klebsiella pneumoniae,0.6964617454552136,0.7625250816697231,28.773111397723202,4.971205832558982
5,ZnO,Bacillus subtilis,non-pathogenic,electrochemical synthesis,MBC,nanoplates,Bacteria,Bacillota,Bacilli,Bacillales,Bacillaceae,Bacillus,p,nose,81.3794,8.7,4,0.16,30,8,22.60496136,17.07,0.6865,4.082482905,2.0681607241354585,Klebsiella pneumoniae,1.320221448265704,0.7479392758697545,116.99322806192842,20.903617418687592
6,Ag,Bacillus subtilis,non-pathogenic,"purchased from us research nanomaterials, inc.в ",MIC,nanoplates,Bacteria,Bacillota,Bacilli,Bacillales,Bacillaceae,Bacillus,p,lungs,107.8682,1.4,2,0.16,30,11,23.00188061,0.0,0.0,1.78376517,1.7565466683436846,Klebsiella pneumoniae,1.0248629521937982,0.7316837161498864,57.08824186632548,10.589195153203223
7,ZnO,Bacillus subtilis,non-pathogenic,"purchased from us research nanomaterials, inc.в ",MBEC,cubic,Bacteria,Bacillota,Bacilli,Bacillales,Bacillaceae,Bacillus,p,food,81.3794,4.0,1,0.16,30,8,22.60496136,17.07,0.6865,4.082482905,2.0853808100410847,Klebsiella pneumoniae,1.3649101090295668,0.7204707010115179,121.72528780056214,23.169150415330407
8,TiO2,Bacillus subtilis,non-pathogenic,purchased from sigma aldrich ( citrate capped agnps),MIC,cubic,Bacteria,Bacillota,Bacilli,Bacillales,Bacillaceae,Bacillus,p,mammary gland,79.866,5.1,1,0.16,30,16,26.40611331,34.14,1.373,2.878049394,2.5274958010187727,Klebsiella pneumoniae,1.83014684622626,0.6973489547925127,336.89595844326874,67.63116152301912
9,ZnO,Bacillus subtilis,non-pathogenic,"purchased from us research nanomaterials, inc.в ",MIC,cubic,Bacteria,Bacillota,Bacilli,Bacillales,Bacillaceae,Bacillus,p,carious dentine,81.3794,1.9,24,0.16,30,8,22.60496136,17.07,0.6865,4.082482905,1.901465610023034,Klebsiella pneumoniae,1.2148131839622935,0.6866524260607405,79.7013375911149,16.398842091557054
10,CuO,Bacillus subtilis,non-pathogenic,"purchased from us research nanomaterials, inc.в ",MBEC,nanoplates,Bacteria,Bacillota,Bacilli,Bacillales,Bacillaceae,Bacillus,p,food,79.5454,13.5,0,0.16,30,17,20.67942236,17.07,0.6865,1.651411411,3.274440723949702,Klebsiella pneumoniae,2.604833669413366,0.6696070545363364,1881.2249237856968,402.5628271276886
11,Ag,Bacillus subtilis,non-pathogenic,green_synthesis,MIC,cubic,Bacteria,Bacillota,Bacilli,Bacillales,Bacillaceae,Bacillus,p,mammary gland,107.87,3.0,24,0.16,30,11,23.00188061,0.0,0.0,1.78376517,2.2695851156850217,Klebsiella pneumoniae,1.600160603146546,0.6694245125384757,186.0309122240793,39.82544187697487
12,ZnO,Bacillus subtilis,non-pathogenic,electrochemical synthesis,MBEC,triangular,Bacteria,Bacillota,Bacilli,Bacillales,Bacillaceae,Bacillus,p,respiratory tract,81.3794,6.0,18,0.16,30,8,22.60496136,17.07,0.6865,4.082482905,0.7085539342594249,Klebsiella pneumoniae,0.04228571679298487,0.66626821746644,5.111565547194115,1.1022642366186683
13,Pd,Bacillus subtilis,non-pathogenic,green_synthesis,MIC,quasi-spherical,Bacteria,Bacillota,Bacilli,Bacillales,Bacillaceae,Bacillus,p,meat,195.084,4.0,0,0.16,30,10,21.14774404,0.0,0.0,1.870828693,0.9341306867972946,Klebsiella pneumoniae,0.2784793202278555,0.6556513665694391,8.592720525784086,1.8988004248921488
14,Au,Bacillus subtilis,non-pathogenic,green_synthesis,MIC,rod-shaped,Bacteria,Bacillota,Bacilli,Bacillales,Bacillaceae,Bacillus,p,urine,196.966569,3.0,1,0.16,30,11,23.00188061,0.0,0.0,2.46797672,1.5023117335815013,Klebsiella pneumoniae,0.8494183497522699,0.6528933838292313,31.79155227531495,7.069982678144374
15,TiO2,Bacillus subtilis,non-pathogenic,"purchased from us research nanomaterials, inc.в ",MBEC,hexagonal,Bacteria,Bacillota,Bacilli,Bacillales,Bacillaceae,Bacillus,p,food,79.866,13.0,0,0.16,30,16,26.40611331,34.14,1.373,2.878049394,2.872008101812113,Klebsiella pneumoniae,2.223173219074937,0.6488348827371762,744.7458670938107,167.17572645142872
16,ZnO,Bacillus subtilis,non-pathogenic,"purchased from us research nanomaterials, inc.в ",MBC,cubic,Bacteria,Bacillota,Bacilli,Bacillales,Bacillaceae,Bacillus,p,skin,81.3794,13.0,2,0.16,30,8,22.60496136,17.07,0.6865,4.082482905,2.0854883402781206,Klebsiella pneumoniae,1.4602099714540597,0.6252783688240608,121.7554304115096,28.854262035553354
17,ZnO,Bacillus subtilis,non-pathogenic,purchased from sigma aldrich ( citrate capped agnps),MBEC,rod-shaped,Bacteria,Bacillota,Bacilli,Bacillales,Bacillaceae,Bacillus,p,water,81.3794,8.0,1,0.16,30,8,22.60496136,17.07,0.6865,4.082482905,2.0104612161965547,Klebsiella pneumoniae,1.5194916257377984,0.4909695904587563,102.43802959841076,33.0743734447811
18,ZnO,Bacillus subtilis,non-pathogenic,electrochemical synthesis,MBC,quasi-spherical,Bacteria,Bacillota,Bacilli,Bacillales,Bacillaceae,Bacillus,p,mammary gland,81.3794,22.5,3,0.16,30,8,22.60496136,17.07,0.6865,4.082482905,1.610070513959987,Klebsiella pneumoniae,1.171367101453888,0.4387034125060989,40.744642722569495,14.837717612756451
19,Ag,Bacillus subtilis,non-pathogenic,chemical_synthesis,MIC,tetragonal,Bacteria,Bacillota,Bacilli,Bacillales,Bacillaceae,Bacillus,p,food,107.87,8.0,2,0.16,30,11,23.00188061,0.0,0.0,1.78376517,0.12445211837935366,Klebsiella pneumoniae,-0.24896090443946828,0.37341302281882194,1.3318401968309863,0.563688397253435
20,ZnO,Bacillus subtilis,non-pathogenic,purchased from sigma aldrich ( citrate capped agnps),MBC,tetragonal,Bacteria,Bacillota,Bacilli,Bacillales,Bacillaceae,Bacillus,p,mammary gland,81.3794,13.0,24,0.16,30,8,22.60496136,17.07,0.6865,4.082482905,1.5268598978495038,Klebsiella pneumoniae,1.3368544196903238,0.19000547815918,33.64030292195893,21.719729874740185
21,Ag,Bacillus subtilis,non-pathogenic,chemical_synthesis,MIC,hexagonal,Bacteria,Bacillota,Bacilli,Bacillales,Bacillaceae,Bacillus,p,carious dentine,107.87,44.45,24,0.16,30,11,23.00188061,0.0,0.0,1.78376517,0.8081873241468683,Klebsiella pneumoniae,0.6406380739886941,0.16754925015817423,6.429649874671069,4.371576412441853
22,ZnO,Bacillus subtilis,non-pathogenic,purchased from sigma aldrich ( citrate capped agnps),MBEC,triangular,Bacteria,Bacillota,Bacilli,Bacillales,Bacillaceae,Bacillus,p,blood,81.3794,13.0,3,0.16,30,8,22.60496136,17.07,0.6865,4.082482905,0.7499976136523911,Klebsiella pneumoniae,0.652500106096672,0.09749750755571918,5.623382352634773,4.492624344235721
23,Ag,Bacillus subtilis,non-pathogenic,green_synthesis,MBEC,spherical,Bacteria,Bacillota,Bacilli,Bacillales,Bacillaceae,Bacillus,p,meat,107.87,30.0,0,0.16,30,11,23.00188061,0.0,0.0,1.78376517,1.7709229315617343,Klebsiella pneumoniae,1.8220379319268734,-0.05111500036513905,59.00963543653691,66.38010452420025
24,CuO,Bacillus subtilis,non-pathogenic,electrochemical synthesis,MIC,cubic,Bacteria,Bacillota,Bacilli,Bacillales,Bacillaceae,Bacillus,p,respiratory tract,79.5454,100.0,0,0.16,30,17,20.67942236,17.07,0.6865,1.651411411,2.0721442841711206,Klebsiella pneumoniae,2.156800355622323,-0.08465607145120257,118.07128346875425,143.48296931433492
25,ZnO,Bacillus subtilis,non-pathogenic,chemical_synthesis,MIC,quasi-hexagonal,Bacteria,Bacillota,Bacilli,Bacillales,Bacillaceae,Bacillus,p,carious dentine,81.3794,50.0,1,0.16,30,8,22.60496136,17.07,0.6865,4.082482905,0.021581808781724998,Klebsiella pneumoniae,0.11772052410293643,-0.09613871532121143,1.050949405327253,1.311355747673624
