,np,bacteria,bac_type,np_synthesis,method,shape,kingdom,phylum,class,order,family,genus,gram,isolated_from,mol_weight (g/mol),np_size_avg (nm),time_set,"min_Incub_period, h","growth_temp, C",Valance_electron,labuteASA,tpsa,CrippenMR,chi0v,pred_MIC_norm,pathogenic_bacteria,pred_MIC_pathogen,Fitness,pred_norm_MIC_original,pred_path_MIC_original
0,ZnO,Bacillus subtilis,non-pathogenic,electrochemical synthesis,MIC,cubic,Bacteria,Bacillota,Bacilli,Bacillales,Bacillaceae,Bacillus,p,lungs,81.3794,1.9,3,0.16,30,8,22.60496136,17.07,0.6865,4.082482905,1.6687848971870762,Klebsiella pneumoniae,0.741366256381723,0.9274186408053532,46.64283046386834,5.512724085586882
1,Ag,Bacillus subtilis,non-pathogenic,chemical_synthesis,MIC,hexagonal,Bacteria,Bacillota,Bacilli,Bacillales,Bacillaceae,Bacillus,p,skin,107.87,3.0,0,0.16,30,11,23.00188061,0.0,0.0,1.78376517,1.4589868271249367,Klebsiella pneumoniae,0.6964617454552136,0.7625250816697231,28.773111397723202,4.971205832558982
2,ZnO,Bacillus subtilis,non-pathogenic,electrochemical synthesis,MBC,nanoplates,Bacteria,Bacillota,Bacilli,Bacillales,Bacillaceae,Bacillus,p,nose,81.3794,8.7,4,0.16,30,8,22.60496136,17.07,0.6865,4.082482905,2.0681607241354585,Klebsiella pneumoniae,1.320221448265704,0.7479392758697545,116.99322806192842,20.903617418687592
3,TiO2,Bacillus subtilis,non-pathogenic,purchased from sigma aldrich ( citrate capped agnps),MIC,cubic,Bacteria,Bacillota,Bacilli,Bacillales,Bacillaceae,Bacillus,p,mammary gland,79.866,5.1,1,0.16,30,16,26.40611331,34.14,1.373,2.878049394,2.5274958010187727,Klebsiella pneumoniae,1.83014684622626,0.6973489547925127,336.89595844326874,67.63116152301912
4,ZnO,Bacillus subtilis,non-pathogenic,"purchased from us research nanomaterials, inc.в ",MIC,cubic,Bacteria,Bacillota,Bacilli,Bacillales,Bacillaceae,Bacillus,p,carious dentine,81.3794,1.9,24,0.16,30,8,22.60496136,17.07,0.6865,4.082482905,1.901465610023034,Klebsiella pneumoniae,1.2148131839622935,0.6866524260607405,79.7013375911149,16.398842091557054
5,CuO,Bacillus subtilis,non-pathogenic,"purchased from us research nanomaterials, inc.в ",MBEC,nanoplates,Bacteria,Bacillota,Bacilli,Bacillales,Bacillaceae,Bacillus,p,food,79.5454,13.5,0,0.16,30,17,20.67942236,17.07,0.6865,1.651411411,3.274440723949702,Klebsiella pneumoniae,2.604833669413366,0.6696070545363364,1881.2249237856968,402.5628271276886
6,ZnO,Bacillus subtilis,non-pathogenic,green_synthesis,MBC,quasi-hexagonal,Bacteria,Bacillota,Bacilli,Bacillales,Bacillaceae,Bacillus,p,soil,81.3794,0.8,0,0.16,30,8,22.60496136,17.07,0.6865,4.082482905,0.7622515210542125,Klebsiella pneumoniae,0.09870407601671638,0.6635474450374961,5.7843094790880665,1.2551744087627377
7,Au,Bacillus subtilis,non-pathogenic,green_synthesis,MIC,rod-shaped,Bacteria,Bacillota,Bacilli,Bacillales,Bacillaceae,Bacillus,p,urine,196.966569,3.0,1,0.16,30,11,23.00188061,0.0,0.0,2.46797672,1.5023117335815013,Klebsiella pneumoniae,0.8494183497522699,0.6528933838292313,31.79155227531495,7.069982678144374
8,TiO2,Bacillus subtilis,non-pathogenic,"purchased from us research nanomaterials, inc.в ",MBEC,hexagonal,Bacteria,Bacillota,Bacilli,Bacillales,Bacillaceae,Bacillus,p,food,79.866,13.0,0,0.16,30,16,26.40611331,34.14,1.373,2.878049394,2.872008101812113,Klebsiella pneumoniae,2.223173219074937,0.6488348827371762,744.7458670938107,167.17572645142872
9,Au,Bacillus subtilis,non-pathogenic,chemical_synthesis,MIC,quasi-hexagonal,Bacteria,Bacillota,Bacilli,Bacillales,Bacillaceae,Bacillus,p,mouth,196.966569,1.9,4,0.16,30,11,23.00188061,0.0,0.0,2.46797672,1.0131036096820172,Klebsiella pneumoniae,0.3906128640302984,0.6224907456517188,10.30631969095898,2.4581753764547023
10,ZnO,Bacillus subtilis,non-pathogenic,electrochemical synthesis,MBEC,nanoplates,Bacteria,Bacillota,Bacilli,Bacillales,Bacillaceae,Bacillus,p,respiratory tract,81.3794,4.0,2,0.16,30,8,22.60496136,17.07,0.6865,4.082482905,2.0952581296908543,Klebsiella pneumoniae,1.4749802993016716,0.6202778303891827,124.52545282868856,29.85247197468086
11,Ag,Bacillus subtilis,non-pathogenic,"purchased from us research nanomaterials, inc.в ",MBEC,tetragonal,Bacteria,Bacillota,Bacilli,Bacillales,Bacillaceae,Bacillus,p,nose,107.87,12.0,18,0.16,30,11,23.00188061,0.0,0.0,1.78376517,0.8622385670195526,Klebsiella pneumoniae,0.2451708319736723,0.6170677350458803,7.281796989921826,1.7586152382941516
12,ZnO,Bacillus subtilis,non-pathogenic,"purchased from us research nanomaterials, inc.в ",MIC,spheroidal,Bacteria,Bacillota,Bacilli,Bacillales,Bacillaceae,Bacillus,p,nose,81.3794,4.0,4,0.16,30,8,22.60496136,17.07,0.6865,4.082482905,1.0607116643345722,Klebsiella pneumoniae,0.47573729989983615,0.584974364434736,11.500366061089577,2.990455194954458
13,CuO,Bacillus subtilis,non-pathogenic,"purchased from us research nanomaterials, inc.в ",MIC,rod-shaped,Bacteria,Bacillota,Bacilli,Bacillales,Bacillaceae,Bacillus,p,meat,79.5454,0.8,1,0.16,30,17,20.67942236,17.07,0.6865,1.651411411,2.1118449538154977,Klebsiella pneumoniae,1.5363196439538058,0.5755253098616919,129.37338868977199,34.381090216961105
14,ZnO,Bacillus subtilis,non-pathogenic,chemical_synthesis,MBC,cubic,Bacteria,Bacillota,Bacilli,Bacillales,Bacillaceae,Bacillus,p,blood,81.3794,12.0,4,0.16,30,8,22.60496136,17.07,0.6865,4.082482905,1.1278492476513384,Klebsiella pneumoniae,0.5579213168580588,0.5699279307932796,13.42298941302934,3.6134439027272327
15,Ag,Bacillus subtilis,non-pathogenic,"purchased from us research nanomaterials, inc.в ",MBEC,spheroidal,Bacteria,Bacillota,Bacilli,Bacillales,Bacillaceae,Bacillus,p,water,107.8682,6.0,0,0.16,30,11,23.00188061,0.0,0.0,1.78376517,2.1223099185535417,Klebsiella pneumoniae,1.5544082952340759,0.5679016233194658,132.52869409321465,35.843325422636894
16,ZnO,Bacillus subtilis,non-pathogenic,"purchased from us research nanomaterials, inc.в ",MIC,hexagonal,Bacteria,Bacillota,Bacilli,Bacillales,Bacillaceae,Bacillus,p,water,81.3794,8.0,2,0.16,30,8,22.60496136,17.07,0.6865,4.082482905,1.7379774245398865,Klebsiella pneumoniae,1.1802263817760301,0.5577510427638563,54.69875286941234,15.14350418036284
17,Ag,Bacillus subtilis,non-pathogenic,green_synthesis,MBEC,nanoplates,Bacteria,Bacillota,Bacilli,Bacillales,Bacillaceae,Bacillus,p,mammary gland,107.87,17.5,4,0.16,30,11,23.00188061,0.0,0.0,1.78376517,2.135564970491889,Klebsiella pneumoniae,1.8704818592639898,0.2650831112278993,136.63594678955351,74.21331977511693
18,Au,Bacillus subtilis,non-pathogenic,electrochemical synthesis,MBEC,quasi-hexagonal,Bacteria,Bacillota,Bacilli,Bacillales,Bacillaceae,Bacillus,p,nose,196.966569,13.5,2,0.16,30,11,23.00188061,0.0,0.0,2.46797672,1.4651726253325545,Klebsiella pneumoniae,1.221226247528359,0.24394637780419548,29.18586876568351,16.642794379123313
19,Al2O3,Bacillus subtilis,non-pathogenic,electrochemical synthesis,MIC,quasi-spherical,Bacteria,Bacillota,Bacilli,Bacillales,Bacillaceae,Bacillus,p,lungs,101.961276,50.0,0,0.16,30,24,51.55776403,85.5,13.5675,4.688846487,1.7416892486395195,Klebsiella pneumoniae,1.6059819332230625,0.13570731541645698,55.168255180401985,40.36286015509602
20,Ag,Bacillus subtilis,non-pathogenic,green_synthesis,MBEC,hexagonal,Bacteria,Bacillota,Bacilli,Bacillales,Bacillaceae,Bacillus,p,meat,107.87,50.0,2,0.16,30,11,23.00188061,0.0,0.0,1.78376517,1.5847649288146373,Klebsiella pneumoniae,1.474065173962952,0.11069975485168526,38.438366983795966,29.78963444747202
21,Ag,Bacillus subtilis,non-pathogenic,"purchased from us research nanomaterials, inc.в ",MBC,rod-shaped,Bacteria,Bacillota,Bacilli,Bacillales,Bacillaceae,Bacillus,p,food,107.87,10.0,18,0.16,30,11,23.00188061,0.0,0.0,1.78376517,1.490331926851663,Klebsiella pneumoniae,1.4411018660229895,0.04923006082867354,30.92658216666241,27.612254400170293
22,CuO,Bacillus subtilis,non-pathogenic,chemical_synthesis,MBEC,quasi-spherical,Bacteria,Bacillota,Bacilli,Bacillales,Bacillaceae,Bacillus,p,soil,79.5454,55.6,4,0.16,30,17,20.67942236,17.07,0.6865,1.651411411,2.6770030718352897,Klebsiella pneumoniae,2.7829207385909256,-0.10591766675563585,475.3385880778227,606.6256065877316
23,Au,Bacillus subtilis,non-pathogenic,purchased from sigma aldrich ( citrate capped agnps),MBC,triangular,Bacteria,Bacillota,Bacilli,Bacillales,Bacillaceae,Bacillus,p,food,196.966569,28.0,24,0.16,30,11,23.00188061,0.0,0.0,2.46797672,1.0532899037518049,Klebsiella pneumoniae,1.1841660767940363,-0.13087617304223143,11.305503369158682,15.281503202936513
24,ZnO,Bacillus subtilis,non-pathogenic,purchased from sigma aldrich ( citrate capped agnps),MBC,triangular,Bacteria,Bacillota,Bacilli,Bacillales,Bacillaceae,Bacillus,p,food,81.3794,79.0,1,0.16,30,8,22.60496136,17.07,0.6865,4.082482905,0.5461007559152262,Klebsiella pneumoniae,0.6962695212001055,-0.15016876528487932,3.516420116848481,4.96900600057439
25,Ag,Bacillus subtilis,non-pathogenic,green_synthesis,MBEC,rod-shaped,Bacteria,Bacillota,Bacilli,Bacillales,Bacillaceae,Bacillus,p,carious dentine,107.8682,41.23,3,0.16,30,11,23.00188061,0.0,0.0,1.78376517,0.5606405582726213,Klebsiella pneumoniae,0.7142266064589453,-0.15358604818632404,3.636139682136051,5.178769796548294
26,ZnO,Bacillus subtilis,non-pathogenic,chemical_synthesis,MIC,tetragonal,Bacteria,Bacillota,Bacilli,Bacillales,Bacillaceae,Bacillus,p,lungs,81.3794,60.0,2,0.16,30,8,22.60496136,17.07,0.6865,4.082482905,-0.08243828531784625,Klebsiella pneumoniae,0.1914558174209373,-0.27389410273878356,0.8271070348623142,1.554017186115118
