,np,bacteria,bac_type,np_synthesis,method,shape,kingdom,phylum,class,order,family,genus,gram,isolated_from,mol_weight (g/mol),np_size_avg (nm),time_set,"min_Incub_period, h","growth_temp, C",Valance_electron,labuteASA,tpsa,CrippenMR,chi0v,pred_MIC_norm,pathogenic_bacteria,pred_MIC_pathogen,Fitness,pred_norm_MIC_original,pred_path_MIC_original
0,ZnO,Bacillus subtilis,non-pathogenic,"purchased from us research nanomaterials, inc.в ",MBC,hexagonal,Bacteria,Bacillota,Bacilli,Bacillales,Bacillaceae,Bacillus,p,mammary gland,81.3794,8.7,4,0.16,30,8,22.60496136,17.07,0.6865,4.082482905,2.294923474254386,Klebsiella pneumoniae,1.322877529587026,0.9720459446673597,197.20752119597617,21.031852609444467
1,Ag,Bacillus subtilis,non-pathogenic,"purchased from us research nanomaterials, inc.в ",MIC,cubic,Bacteria,Bacillota,Bacilli,Bacillales,Bacillaceae,Bacillus,p,blood,107.87,1.9,1,0.16,30,11,23.00188061,0.0,0.0,1.78376517,0.9021520695360739,Klebsiella pneumoniae,0.016726979818331156,0.8854250897177427,7.982741564647433,1.0392666231756105
2,TiO2,Bacillus subtilis,non-pathogenic,purchased from sigma aldrich ( citrate capped agnps),MBC,hexagonal,Bacteria,Bacillota,Bacilli,Bacillales,Bacillaceae,Bacillus,p,lungs,79.866,10.4,1,0.16,30,16,26.40611331,34.14,1.373,2.878049394,3.2254110136788015,Klebsiella pneumoniae,2.4594585556023483,0.7659524580764532,1680.3935801791592,288.04381585993775
3,Ag,Bacillus subtilis,non-pathogenic,purchased from sigma aldrich ( citrate capped agnps),MIC,hexagonal,Bacteria,Bacillota,Bacilli,Bacillales,Bacillaceae,Bacillus,p,mammary gland,107.87,1.4,2,0.16,30,11,23.00188061,0.0,0.0,1.78376517,1.7734185288694275,Klebsiella pneumoniae,1.0077626893420872,0.7656558395273403,59.34970011461446,10.180349532557344
4,Cu,Bacillus subtilis,non-pathogenic,"purchased from us research nanomaterials, inc.в ",MBC,hexagonal,Bacteria,Bacillota,Bacilli,Bacillales,Bacillaceae,Bacillus,p,food,63.55,8.0,0,0.16,30,11,17.96409803,0.0,0.0,1.243163121,2.0066691389597877,Klebsiella pneumoniae,1.3704469961724175,0.6362221427873702,101.54747731746164,23.466428472507197
5,ZnO,Bacillus subtilis,non-pathogenic,chemical_synthesis,MBC,hexagonal,Bacteria,Bacillota,Bacilli,Bacillales,Bacillaceae,Bacillus,p,mouth,81.3794,5.1,1,0.16,30,8,22.60496136,17.07,0.6865,4.082482905,1.8889305415541213,Klebsiella pneumoniae,1.2528121910721932,0.6361183504819281,77.43379449476448,17.89831681035082
6,CuO,Bacillus subtilis,non-pathogenic,"purchased from us research nanomaterials, inc.в ",MBC,quasi-spherical,Bacteria,Bacillota,Bacilli,Bacillales,Bacillaceae,Bacillus,p,mouth,79.5454,13.0,2,0.16,30,17,20.67942236,17.07,0.6865,1.651411411,3.1708046383846913,Klebsiella pneumoniae,2.5490253370834495,0.6217793013012418,1481.851344012439,354.0179941706546
7,TiO2,Bacillus subtilis,non-pathogenic,green_synthesis,MBEC,cubic,Bacteria,Bacillota,Bacilli,Bacillales,Bacillaceae,Bacillus,p,food,79.866,1.9,3,0.16,30,16,26.40611331,34.14,1.373,2.878049394,2.853731197561011,Klebsiella pneumoniae,2.238991809320784,0.6147393882402268,714.0542321990935,173.37712989770466
8,ZnO,Bacillus subtilis,non-pathogenic,electrochemical synthesis,MBC,spherical,Bacteria,Bacillota,Bacilli,Bacillales,Bacillaceae,Bacillus,p,food,81.3794,8.7,3,0.16,30,8,22.60496136,17.07,0.6865,4.082482905,2.054289788906242,Klebsiella pneumoniae,1.4461932303108822,0.6080965585953597,113.31562249477322,27.93786602077534
9,Ag,Bacillus subtilis,non-pathogenic,chemical_synthesis,MIC,nanoplates,Bacteria,Bacillota,Bacilli,Bacillales,Bacillaceae,Bacillus,p,mouth,107.87,0.8,18,0.16,30,11,23.00188061,0.0,0.0,1.78376517,1.3569716935559648,Klebsiella pneumoniae,0.7694234116290376,0.5875482819269272,22.74949149313063,5.880623994641088
10,ZnO,Bacillus subtilis,non-pathogenic,electrochemical synthesis,MBC,spherical,Bacteria,Bacillota,Bacilli,Bacillales,Bacillaceae,Bacillus,p,food,81.3794,9.0,3,0.16,30,8,22.60496136,17.07,0.6865,4.082482905,2.0468901460329767,Klebsiella pneumoniae,1.474592850438743,0.5722972955942336,111.40127105437637,29.825851446466825
11,CeO2,Bacillus subtilis,non-pathogenic,electrochemical synthesis,MBEC,cubic,Bacteria,Bacillota,Bacilli,Bacillales,Bacillaceae,Bacillus,p,meat,172.115,10.0,4,0.16,30,16,39.19032095,34.14,1.373,4.456551526,3.1424922700809828,Klebsiella pneumoniae,2.5850592204850664,0.5574330495959163,1388.3285991312025,384.6442286357556
12,Au,Bacillus subtilis,non-pathogenic,green_synthesis,MIC,cubic,Bacteria,Bacillota,Bacilli,Bacillales,Bacillaceae,Bacillus,p,mammary gland,196.966569,4.0,3,0.16,30,11,23.00188061,0.0,0.0,2.46797672,1.9930631699024381,Klebsiella pneumoniae,1.4524805890610177,0.5405825808414204,98.41542445967922,28.34526940516617
13,ZnO,Bacillus subtilis,non-pathogenic,"purchased from us research nanomaterials, inc.в ",MBEC,rod-shaped,Bacteria,Bacillota,Bacilli,Bacillales,Bacillaceae,Bacillus,p,food,81.3794,1.4,4,0.16,30,8,22.60496136,17.07,0.6865,4.082482905,1.6755613659490995,Klebsiella pneumoniae,1.1352663007615742,0.5402950651875253,47.37632463434588,13.654201284873999
14,Ag,Bacillus subtilis,non-pathogenic,green_synthesis,MBEC,spheroidal,Bacteria,Bacillota,Bacilli,Bacillales,Bacillaceae,Bacillus,p,nose,107.87,44.45,18,0.16,30,11,23.00188061,0.0,0.0,1.78376517,1.019844860504846,Klebsiella pneumoniae,0.48165831428166084,0.5381865462231852,10.467545576158304,3.0315051773575923
15,Ag,Bacillus subtilis,non-pathogenic,"purchased from us research nanomaterials, inc.в ",MIC,cubic,Bacteria,Bacillota,Bacilli,Bacillales,Bacillaceae,Bacillus,p,blood,107.87,4.7,1,0.16,30,11,23.00188061,0.0,0.0,1.78376517,0.8471671719259848,Klebsiella pneumoniae,0.3226588095222862,0.5245083624036986,7.033430039073551,2.102126318176667
16,Au,Bacillus subtilis,non-pathogenic,purchased from sigma aldrich ( citrate capped agnps),MIC,cubic,Bacteria,Bacillota,Bacilli,Bacillales,Bacillaceae,Bacillus,p,nose,196.966569,3.0,4,0.16,30,11,23.00188061,0.0,0.0,2.46797672,1.7838860155575083,Klebsiella pneumoniae,1.2657948886855799,0.5180911268719284,60.79754117922948,18.441442494936812
17,Ag,Bacillus subtilis,non-pathogenic,chemical_synthesis,MIC,nanoplates,Bacteria,Bacillota,Bacilli,Bacillales,Bacillaceae,Bacillus,p,mouth,107.8682,3.0,4,0.16,30,11,23.00188061,0.0,0.0,1.78376517,1.8455190371860966,Klebsiella pneumoniae,1.330681590083107,0.5148374471029895,70.06788962701346,21.4132008253938
18,ZnO,Bacillus subtilis,non-pathogenic,chemical_synthesis,MBEC,quasi-hexagonal,Bacteria,Bacillota,Bacilli,Bacillales,Bacillaceae,Bacillus,p,soil,81.3794,10.0,3,0.16,30,8,22.60496136,17.07,0.6865,4.082482905,1.3415877869553015,Klebsiella pneumoniae,0.8280666326634231,0.5135211542918784,21.957747514613306,6.730799172491401
19,Al2O3,Bacillus subtilis,non-pathogenic,"purchased from us research nanomaterials, inc.в ",MBEC,cubic,Bacteria,Bacillota,Bacilli,Bacillales,Bacillaceae,Bacillus,p,lungs,101.961276,17.5,2,0.16,30,24,51.55776403,85.5,13.5675,4.688846487,2.9611406147303825,Klebsiella pneumoniae,2.4622351630617354,0.4989054516686471,914.4092585816928,289.89128747171605
20,ZnO,Bacillus subtilis,non-pathogenic,purchased from sigma aldrich ( citrate capped agnps),MBEC,rod-shaped,Bacteria,Bacillota,Bacilli,Bacillales,Bacillaceae,Bacillus,p,soil,81.3794,11.3,2,0.16,30,8,22.60496136,17.07,0.6865,4.082482905,2.0192249879882445,Klebsiella pneumoniae,1.5258675969249984,0.49335739106324605,104.52615809117225,33.56352737368502
21,Ag,Bacillus subtilis,non-pathogenic,"purchased from us research nanomaterials, inc.в ",MIC,hexagonal,Bacteria,Bacillota,Bacilli,Bacillales,Bacillaceae,Bacillus,p,mammary gland,107.87,12.5,3,0.16,30,11,23.00188061,0.0,0.0,1.78376517,2.022654120260116,Klebsiella pneumoniae,1.5308981552156897,0.4917559650444261,105.35474984803545,33.954563766821806
22,ZnO,Bacillus subtilis,non-pathogenic,"purchased from us research nanomaterials, inc.в ",MBC,spherical,Bacteria,Bacillota,Bacilli,Bacillales,Bacillaceae,Bacillus,p,nose,81.3794,8.7,18,0.16,30,8,22.60496136,17.07,0.6865,4.082482905,2.328758560317903,Klebsiella pneumoniae,1.8460532834715913,0.4827052768463116,213.1859407504967,70.15413650589483
23,Ag,Bacillus subtilis,non-pathogenic,chemical_synthesis,MIC,quasi-hexagonal,Bacteria,Bacillota,Bacilli,Bacillales,Bacillaceae,Bacillus,p,soil,107.87,20.0,2,0.16,30,11,23.00188061,0.0,0.0,1.78376517,0.5222832624956237,Klebsiella pneumoniae,0.04725134483527271,0.475031917660351,3.3287659660438527,1.1149396102578846
24,Au,Bacillus subtilis,non-pathogenic,green_synthesis,MBC,nanoplates,Bacteria,Bacillota,Bacilli,Bacillales,Bacillaceae,Bacillus,p,blood,196.966569,60.0,4,0.16,30,11,23.00188061,0.0,0.0,2.46797672,1.0929911929986416,Klebsiella pneumoniae,0.8113117488786,0.28167944412004153,12.387714653900975,6.4760731981456425
25,Ag,Bacillus subtilis,non-pathogenic,purchased from sigma aldrich ( citrate capped agnps),MIC,nanoplates,Bacteria,Bacillota,Bacilli,Bacillales,Bacillaceae,Bacillus,p,skin,107.87,10.4,0,0.16,30,11,23.00188061,0.0,0.0,1.78376517,2.1597487311827805,Klebsiella pneumoniae,1.9164461813434308,0.24330254983934974,144.46037276673695,82.49852452924843
26,Ag,Bacillus subtilis,non-pathogenic,purchased from sigma aldrich ( citrate capped agnps),MBC,quasi-hexagonal,Bacteria,Bacillota,Bacilli,Bacillales,Bacillaceae,Bacillus,p,respiratory tract,107.8682,79.0,0,0.16,30,11,23.00188061,0.0,0.0,1.78376517,0.5562543233899351,Klebsiella pneumoniae,0.3491192562928749,0.2071350670970602,3.599600665110742,2.2341856409824477
27,Pd,Bacillus subtilis,non-pathogenic,purchased from sigma aldrich ( citrate capped agnps),MIC,quasi-hexagonal,Bacteria,Bacillota,Bacilli,Bacillales,Bacillaceae,Bacillus,p,water,195.084,18.0,2,0.16,30,10,21.14774404,0.0,0.0,1.870828693,1.0220218661202305,Klebsiella pneumoniae,0.8261196539552927,0.19590221216493775,10.520148399668113,6.700691970391174
28,ZnO,Bacillus subtilis,non-pathogenic,green_synthesis,MIC,cubic,Bacteria,Bacillota,Bacilli,Bacillales,Bacillaceae,Bacillus,p,respiratory tract,81.3794,44.45,2,0.16,30,8,22.60496136,17.07,0.6865,4.082482905,0.9224057032760422,Klebsiella pneumoniae,0.7666662225318958,0.15573948074414645,8.363839751391136,5.843408157923419
29,Ag,Bacillus subtilis,non-pathogenic,purchased from sigma aldrich ( citrate capped agnps),MBEC,hexagonal,Bacteria,Bacillota,Bacilli,Bacillales,Bacillaceae,Bacillus,p,mammary gland,107.87,37.86,1,0.16,30,11,23.00188061,0.0,0.0,1.78376517,1.7486659169883927,Klebsiella pneumoniae,1.6019185003325789,0.1467474166558138,56.06165532754472,39.98697032034734
30,Ag,Bacillus subtilis,non-pathogenic,"purchased from us research nanomaterials, inc.в ",MIC,rod-shaped,Bacteria,Bacillota,Bacilli,Bacillales,Bacillaceae,Bacillus,p,mammary gland,107.8682,55.6,1,0.16,30,11,23.00188061,0.0,0.0,1.78376517,1.4984742563869797,Klebsiella pneumoniae,1.4676422513770022,0.030832005009977514,31.511875821643414,29.352307693225754
31,ZnO,Bacillus subtilis,non-pathogenic,green_synthesis,MIC,spheroidal,Bacteria,Bacillota,Bacilli,Bacillales,Bacillaceae,Bacillus,p,meat,81.3794,40.0,0,0.16,30,8,22.60496136,17.07,0.6865,4.082482905,0.8802819268305087,Klebsiella pneumoniae,0.8883574328582068,-0.008075506027698132,7.590701735106033,7.733167781031459
32,TiO2,Bacillus subtilis,non-pathogenic,purchased from sigma aldrich ( citrate capped agnps),MIC,tetragonal,Bacteria,Bacillota,Bacilli,Bacillales,Bacillaceae,Bacillus,p,respiratory tract,79.866,55.6,2,0.16,30,16,26.40611331,34.14,1.373,2.878049394,0.5834053903594056,Klebsiella pneumoniae,0.6124326611875379,-0.02902727082813228,3.8318225629853577,4.096685844040925
33,Au,Bacillus subtilis,non-pathogenic,purchased from sigma aldrich ( citrate capped agnps),MBEC,nanoplates,Bacteria,Bacillota,Bacilli,Bacillales,Bacillaceae,Bacillus,p,food,196.966569,55.6,18,0.16,30,11,23.00188061,0.0,0.0,2.46797672,1.9193562455003406,Klebsiella pneumoniae,1.9566357538618757,-0.03727950836153515,83.05317613978929,90.49732744374796
34,Ag,Bacillus subtilis,non-pathogenic,"purchased from us research nanomaterials, inc.в ",MBEC,hexagonal,Bacteria,Bacillota,Bacilli,Bacillales,Bacillaceae,Bacillus,p,soil,107.87,22.5,18,0.16,30,11,23.00188061,0.0,0.0,1.78376517,2.4555599935214314,Klebsiella pneumoniae,2.515809418295218,-0.060249424773786586,285.46968349079685,327.95134644767944
