,np,bacteria,bac_type,np_synthesis,method,shape,kingdom,phylum,class,order,family,genus,gram,isolated_from,mol_weight (g/mol),np_size_avg (nm),time_set,"min_Incub_period, h","growth_temp, C",Valance_electron,labuteASA,tpsa,CrippenMR,chi0v,pred_MIC_norm,pathogenic_bacteria,pred_MIC_pathogen,Fitness,pred_norm_MIC_original,pred_path_MIC_original
0,Pd,Bacillus subtilis,non-pathogenic,chemical_synthesis,MIC,hexagonal,Bacteria,Bacillota,Bacilli,Bacillales,Bacillaceae,Bacillus,p,mouth,195.084,0.8,4,0.16,30,10,21.14774404,0.0,0.0,1.870828693,0.8987060162193384,Klebsiella pneumoniae,0.01774804109793271,0.8809579751214057,7.919650498938463,1.041712897215117
1,ZnO,Bacillus subtilis,non-pathogenic,"purchased from us research nanomaterials, inc.в ",MBC,cubic,Bacteria,Bacillota,Bacilli,Bacillales,Bacillaceae,Bacillus,p,mouth,81.3794,1.9,4,0.16,30,8,22.60496136,17.07,0.6865,4.082482905,1.7486495314812616,Klebsiella pneumoniae,0.8966430720445233,0.8520064594367383,56.05954021588033,7.882120537614927
2,Au,Bacillus subtilis,non-pathogenic,electrochemical synthesis,MIC,spherical,Bacteria,Bacillota,Bacilli,Bacillales,Bacillaceae,Bacillus,p,nose,196.966569,1.4,3,0.16,30,11,23.00188061,0.0,0.0,2.46797672,1.5235745436740629,Klebsiella pneumoniae,0.9797244058195193,0.5438501378545436,33.38678063710309,9.543867599744159
3,Ag,Bacillus subtilis,non-pathogenic,green_synthesis,MIC,spheroidal,Bacteria,Bacillota,Bacilli,Bacillales,Bacillaceae,Bacillus,p,nose,107.8682,5.1,18,0.16,30,11,23.00188061,0.0,0.0,1.78376517,1.3702409016684736,Klebsiella pneumoniae,0.8606920204409377,0.5095488812275358,23.455295117642024,7.255912225521688
4,Ni,Bacillus subtilis,non-pathogenic,green_synthesis,MBC,triangular,Bacteria,Bacillota,Bacilli,Bacillales,Bacillaceae,Bacillus,p,urine,58.6934,5.1,18,0.16,30,10,17.41523038,0.0,0.0,1.303840481,2.00371841809561,Klebsiella pneumoniae,1.5851586221453553,0.4185597959502545,100.85987326101564,38.47322763831241
5,ZnO,Bacillus subtilis,non-pathogenic,electrochemical synthesis,MBC,quasi-hexagonal,Bacteria,Bacillota,Bacilli,Bacillales,Bacillaceae,Bacillus,p,mammary gland,81.3794,60.0,4,0.16,30,8,22.60496136,17.07,0.6865,4.082482905,0.32855554251387464,Klebsiella pneumoniae,-0.0806589339988446,0.40921447651271925,2.130863069102473,0.8305027330855338
6,ZnO,Bacillus subtilis,non-pathogenic,electrochemical synthesis,MBEC,spheroidal,Bacteria,Bacillota,Bacilli,Bacillales,Bacillaceae,Bacillus,p,meat,81.3794,1.9,3,0.16,30,8,22.60496136,17.07,0.6865,4.082482905,1.8535418591337742,Klebsiella pneumoniae,1.588861369373032,0.2646804897607422,71.37429953673316,38.80264847452887
7,Ag,Bacillus subtilis,non-pathogenic,green_synthesis,MBC,nanoplates,Bacteria,Bacillota,Bacilli,Bacillales,Bacillaceae,Bacillus,p,mouth,107.87,50.0,18,0.16,30,11,23.00188061,0.0,0.0,1.78376517,1.2254459830450741,Klebsiella pneumoniae,1.282773385263897,-0.05732740221882282,16.805288908194463,19.176678410289576
