,np,bacteria,bac_type,np_synthesis,method,shape,kingdom,phylum,class,order,family,genus,gram,isolated_from,mol_weight (g/mol),np_size_avg (nm),time_set,"min_Incub_period, h","growth_temp, C",Valance_electron,labuteASA,tpsa,CrippenMR,chi0v,pred_MIC_norm,pathogenic_bacteria,pred_MIC_pathogen,Fitness,pred_norm_MIC_original,pred_path_MIC_original
0,TiO2,Bacillus subtilis,non-pathogenic,purchased from sigma aldrich ( citrate capped agnps),MBC,hexagonal,Bacteria,Bacillota,Bacilli,Bacillales,Bacillaceae,Bacillus,p,lungs,79.866,10.4,1,0.16,30,16,26.40611331,34.14,1.373,2.878049394,3.2254110136788015,Klebsiella pneumoniae,2.4594585556023483,0.7659524580764532,1680.3935801791592,288.04381585993775
1,ZnO,Bacillus subtilis,non-pathogenic,electrochemical synthesis,MIC,spheroidal,Bacteria,Bacillota,Bacilli,Bacillales,Bacillaceae,Bacillus,p,soil,81.3794,5.1,18,0.16,30,8,22.60496136,17.07,0.6865,4.082482905,1.5571471994476216,Klebsiella pneumoniae,0.8480011275597312,0.7091460718878904,36.07008779917855,7.046948985657075
2,CuO,Bacillus subtilis,non-pathogenic,"purchased from us research nanomaterials, inc.в ",MBC,quasi-spherical,Bacteria,Bacillota,Bacilli,Bacillales,Bacillaceae,Bacillus,p,mouth,79.5454,13.0,2,0.16,30,17,20.67942236,17.07,0.6865,1.651411411,3.1708046383846913,Klebsiella pneumoniae,2.5490253370834495,0.6217793013012418,1481.851344012439,354.0179941706546
3,ZnO,Bacillus subtilis,non-pathogenic,electrochemical synthesis,MBC,spherical,Bacteria,Bacillota,Bacilli,Bacillales,Bacillaceae,Bacillus,p,food,81.3794,8.7,3,0.16,30,8,22.60496136,17.07,0.6865,4.082482905,2.054289788906242,Klebsiella pneumoniae,1.4461932303108822,0.6080965585953597,113.31562249477322,27.93786602077534
4,Al2O3,Bacillus subtilis,non-pathogenic,"purchased from us research nanomaterials, inc.в ",MBEC,cubic,Bacteria,Bacillota,Bacilli,Bacillales,Bacillaceae,Bacillus,p,lungs,101.961276,17.5,2,0.16,30,24,51.55776403,85.5,13.5675,4.688846487,2.9611406147303825,Klebsiella pneumoniae,2.4622351630617354,0.4989054516686471,914.4092585816928,289.89128747171605
5,Ag,Bacillus subtilis,non-pathogenic,"purchased from us research nanomaterials, inc.в ",MBC,triangular,Bacteria,Bacillota,Bacilli,Bacillales,Bacillaceae,Bacillus,p,mammary gland,107.87,9.0,18,0.16,30,11,23.00188061,0.0,0.0,1.78376517,0.6864633454603002,Klebsiella pneumoniae,0.2022942527327578,0.4841690927275424,4.858065270407064,1.5932878808111812
6,CuO,Bacillus subtilis,non-pathogenic,electrochemical synthesis,MIC,quasi-spherical,Bacteria,Bacillota,Bacilli,Bacillales,Bacillaceae,Bacillus,p,nose,79.5454,3.0,1,0.16,30,17,20.67942236,17.07,0.6865,1.651411411,2.084285416540948,Klebsiella pneumoniae,1.610255861341167,0.47402955519978085,121.41865467018431,40.76203535559925
7,Pd,Bacillus subtilis,non-pathogenic,chemical_synthesis,MIC,cubic,Bacteria,Bacillota,Bacilli,Bacillales,Bacillaceae,Bacillus,p,soil,195.084,11.3,4,0.16,30,10,21.14774404,0.0,0.0,1.870828693,1.3267382413235667,Klebsiella pneumoniae,0.8530139745648637,0.47372426675870294,21.219651222266172,7.128759684128628
8,Ag,Bacillus subtilis,non-pathogenic,"purchased from us research nanomaterials, inc.в ",MIC,spheroidal,Bacteria,Bacillota,Bacilli,Bacillales,Bacillaceae,Bacillus,p,nose,107.87,9.0,0,0.16,30,11,23.00188061,0.0,0.0,1.78376517,1.6049106435414748,Klebsiella pneumoniae,1.1420028464433956,0.4629077970980793,40.263418347720226,13.867649179464003
9,TiO2,Bacillus subtilis,non-pathogenic,electrochemical synthesis,MBEC,quasi-spherical,Bacteria,Bacillota,Bacilli,Bacillales,Bacillaceae,Bacillus,p,soil,79.866,28.0,4,0.16,30,16,26.40611331,34.14,1.373,2.878049394,2.4800442379563625,Klebsiella pneumoniae,2.023356294829015,0.4566879431273474,302.0259353361684,105.52522694446101
10,Ag,Bacillus subtilis,non-pathogenic,chemical_synthesis,MIC,cubic,Bacteria,Bacillota,Bacilli,Bacillales,Bacillaceae,Bacillus,p,carious dentine,107.87,20.0,3,0.16,30,11,23.00188061,0.0,0.0,1.78376517,1.1304570326936356,Klebsiella pneumoniae,0.6763878451962317,0.4540691874974039,13.503832198948276,4.746656946051467
11,ZnO,Bacillus subtilis,non-pathogenic,chemical_synthesis,MIC,quasi-hexagonal,Bacteria,Bacillota,Bacilli,Bacillales,Bacillaceae,Bacillus,p,mammary gland,81.3794,0.8,24,0.16,30,8,22.60496136,17.07,0.6865,4.082482905,1.5957577038370263,Klebsiella pneumoniae,1.1604379902695534,0.4353197135674729,39.42372927531581,14.468982463346762
12,Ag,Bacillus subtilis,non-pathogenic,"purchased from us research nanomaterials, inc.в ",MBEC,spherical,Bacteria,Bacillota,Bacilli,Bacillales,Bacillaceae,Bacillus,p,respiratory tract,107.87,5.1,1,0.16,30,11,23.00188061,0.0,0.0,1.78376517,2.078985468676617,Klebsiella pneumoniae,1.6539414695312347,0.42504399914538227,119.9459169043615,45.075595144385034
13,CeO2,Bacillus subtilis,non-pathogenic,electrochemical synthesis,MBEC,quasi-spherical,Bacteria,Bacillota,Bacilli,Bacillales,Bacillaceae,Bacillus,p,soil,172.115,13.5,2,0.16,30,16,39.19032095,34.14,1.373,4.456551526,2.768144911008693,Klebsiella pneumoniae,2.3653500749900265,0.4027948360186664,586.3337738260882,231.9263402625103
14,ZnO,Bacillus subtilis,non-pathogenic,green_synthesis,MBC,spherical,Bacteria,Bacillota,Bacilli,Bacillales,Bacillaceae,Bacillus,p,water,81.3794,12.5,1,0.16,30,8,22.60496136,17.07,0.6865,4.082482905,2.3598326503415104,Klebsiella pneumoniae,1.9635637795123704,0.39626887082914,228.99850671481906,91.95255043393728
15,Au,Bacillus subtilis,non-pathogenic,electrochemical synthesis,MIC,quasi-hexagonal,Bacteria,Bacillota,Bacilli,Bacillales,Bacillaceae,Bacillus,p,soil,196.966569,40.0,1,0.16,30,11,23.00188061,0.0,0.0,2.46797672,0.1722537689482082,Klebsiella pneumoniae,-0.21572798849067065,0.38798175743887886,1.4868041647574741,0.6085160135662859
16,ZnO,Bacillus subtilis,non-pathogenic,green_synthesis,MBC,triangular,Bacteria,Bacillota,Bacilli,Bacillales,Bacillaceae,Bacillus,p,carious dentine,81.3794,8.7,24,0.16,30,8,22.60496136,17.07,0.6865,4.082482905,1.456295431227156,Klebsiella pneumoniae,1.073923238756079,0.382372192471077,28.595350964936713,11.855591828965386
17,Ag,Bacillus subtilis,non-pathogenic,chemical_synthesis,MIC,spheroidal,Bacteria,Bacillota,Bacilli,Bacillales,Bacillaceae,Bacillus,p,mouth,107.87,10.0,1,0.16,30,11,23.00188061,0.0,0.0,1.78376517,1.1040107428950388,Klebsiella pneumoniae,0.731094628011534,0.37291611488350473,12.706055350646487,5.383870783854437
18,Ag,Bacillus subtilis,non-pathogenic,green_synthesis,MBC,spheroidal,Bacteria,Bacillota,Bacilli,Bacillales,Bacillaceae,Bacillus,p,nose,107.87,79.0,18,0.16,30,11,23.00188061,0.0,0.0,1.78376517,0.8664454589355162,Klebsiella pneumoniae,0.5177486383053815,0.34869682063013463,7.352676507640097,3.2941899530792096
19,ZnO,Bacillus subtilis,non-pathogenic,green_synthesis,MBC,tetragonal,Bacteria,Bacillota,Bacilli,Bacillales,Bacillaceae,Bacillus,p,soil,81.3794,8.7,3,0.16,30,8,22.60496136,17.07,0.6865,4.082482905,1.774687699092057,Klebsiella pneumoniae,1.4319659236935751,0.3427217753984819,59.52339572026868,27.0374621013762
20,Au,Bacillus subtilis,non-pathogenic,electrochemical synthesis,MIC,spherical,Bacteria,Bacillota,Bacilli,Bacillales,Bacillaceae,Bacillus,p,lungs,196.966569,55.6,3,0.16,30,11,23.00188061,0.0,0.0,2.46797672,1.4031547653989564,Klebsiella pneumoniae,1.0717889215755148,0.3313658438234417,25.301994989665985,11.797471084805801
21,Pd,Bacillus subtilis,non-pathogenic,chemical_synthesis,MIC,spherical,Bacteria,Bacillota,Bacilli,Bacillales,Bacillaceae,Bacillus,p,mammary gland,195.084,3.0,24,0.16,30,10,21.14774404,0.0,0.0,1.870828693,1.129780842848589,Klebsiella pneumoniae,0.8015874736728617,0.3281933691757273,13.482823298912251,6.332678988844828
22,CuO,Bacillus subtilis,non-pathogenic,purchased from sigma aldrich ( citrate capped agnps),MBEC,triangular,Bacteria,Bacillota,Bacilli,Bacillales,Bacillaceae,Bacillus,p,nose,79.5454,6.0,18,0.16,30,17,20.67942236,17.07,0.6865,1.651411411,1.7769372086521922,Klebsiella pneumoniae,1.4852755758755143,0.2916616327766779,59.83250815172128,30.568601885398067
23,Au,Bacillus subtilis,non-pathogenic,green_synthesis,MBEC,nanoplates,Bacteria,Bacillota,Bacilli,Bacillales,Bacillaceae,Bacillus,p,mammary gland,196.966569,11.3,1,0.16,30,11,23.00188061,0.0,0.0,2.46797672,2.3945393211384918,Klebsiella pneumoniae,2.1085644798566583,0.2859748412818335,248.0500512705798,128.3998392020617
24,Ag,Bacillus subtilis,non-pathogenic,purchased from sigma aldrich ( citrate capped agnps),MBC,cubic,Bacteria,Bacillota,Bacilli,Bacillales,Bacillaceae,Bacillus,p,skin,107.8682,3.0,1,0.16,30,11,23.00188061,0.0,0.0,1.78376517,1.5556528495940074,Klebsiella pneumoniae,1.3044668963887773,0.2511859532052301,35.94618868173313,20.158903058237286
25,Au,Bacillus subtilis,non-pathogenic,purchased from sigma aldrich ( citrate capped agnps),MIC,cubic,Bacteria,Bacillota,Bacilli,Bacillales,Bacillaceae,Bacillus,p,nose,196.966569,12.5,0,0.16,30,11,23.00188061,0.0,0.0,2.46797672,2.2347108324378975,Klebsiella pneumoniae,2.012967122631302,0.2217437098065953,171.67649279221698,103.0308120136395
26,ZnO,Bacillus subtilis,non-pathogenic,"purchased from us research nanomaterials, inc.в ",MBC,triangular,Bacteria,Bacillota,Bacilli,Bacillales,Bacillaceae,Bacillus,p,urine,81.3794,13.5,3,0.16,30,8,22.60496136,17.07,0.6865,4.082482905,1.1679552748755961,Klebsiella pneumoniae,0.966373223743775,0.20158205113182115,14.721608864854822,9.254931820846192
27,CuO,Bacillus subtilis,non-pathogenic,electrochemical synthesis,MBC,quasi-hexagonal,Bacteria,Bacillota,Bacilli,Bacillales,Bacillaceae,Bacillus,p,carious dentine,79.5454,13.0,0,0.16,30,17,20.67942236,17.07,0.6865,1.651411411,2.340190892902692,Klebsiella pneumoniae,2.1405597658146696,0.19963112708802244,218.87234597114258,138.21646006035155
28,CeO2,Bacillus subtilis,non-pathogenic,purchased from sigma aldrich ( citrate capped agnps),MBEC,cubic,Bacteria,Bacillota,Bacilli,Bacillales,Bacillaceae,Bacillus,p,nose,172.115,13.0,18,0.16,30,16,39.19032095,34.14,1.373,4.456551526,2.8884660352882365,Klebsiella pneumoniae,2.7178995966318613,0.17056643865637522,773.5101827777524,522.2754315946281
29,Ag,Bacillus subtilis,non-pathogenic,purchased from sigma aldrich ( citrate capped agnps),MBC,quasi-hexagonal,Bacteria,Bacillota,Bacilli,Bacillales,Bacillaceae,Bacillus,p,nose,107.87,35.0,4,0.16,30,11,23.00188061,0.0,0.0,1.78376517,0.4666448439613071,Klebsiella pneumoniae,0.32584576930028875,0.14079907466101838,2.9284974079276322,2.1176089766848123
30,CuO,Bacillus subtilis,non-pathogenic,electrochemical synthesis,MBC,triangular,Bacteria,Bacillota,Bacilli,Bacillales,Bacillaceae,Bacillus,p,nose,79.5454,17.5,2,0.16,30,17,20.67942236,17.07,0.6865,1.651411411,1.7179236807150862,Klebsiella pneumoniae,1.6056184874492607,0.11230519326582544,52.23043955217941,40.32909602733852
31,Ag,Bacillus subtilis,non-pathogenic,green_synthesis,MBEC,spherical,Bacteria,Bacillota,Bacilli,Bacillales,Bacillaceae,Bacillus,p,water,107.87,13.0,1,0.16,30,11,23.00188061,0.0,0.0,1.78376517,2.0745360139670788,Klebsiella pneumoniae,2.0091407322496284,0.06539528171745035,118.72331485361204,102.12703706939119
32,ZnO,Bacillus subtilis,non-pathogenic,purchased from sigma aldrich ( citrate capped agnps),MBC,spheroidal,Bacteria,Bacillota,Bacilli,Bacillales,Bacillaceae,Bacillus,p,mammary gland,81.3794,38.0,4,0.16,30,8,22.60496136,17.07,0.6865,4.082482905,1.6573371968050667,Klebsiella pneumoniae,1.6204263005179773,0.036910896287089434,45.42942048301441,41.72787805276864
33,ZnO,Bacillus subtilis,non-pathogenic,chemical_synthesis,MIC,rod-shaped,Bacteria,Bacillota,Bacilli,Bacillales,Bacillaceae,Bacillus,p,soil,81.3794,100.0,4,0.16,30,8,22.60496136,17.07,0.6865,4.082482905,0.755025912295978,Klebsiella pneumoniae,0.8361935035830873,-0.08116759128710926,5.688868726180903,6.857937195876757
34,Cu,Bacillus subtilis,non-pathogenic,green_synthesis,MIC,hexagonal,Bacteria,Bacillota,Bacilli,Bacillales,Bacillaceae,Bacillus,p,blood,63.55,40.0,4,0.16,30,11,17.96409803,0.0,0.0,1.243163121,0.1613938700168036,Klebsiella pneumoniae,0.24472099993541074,-0.08332712991860713,1.4500863685869505,1.7567946489021615
35,Pd,Bacillus subtilis,non-pathogenic,green_synthesis,MBEC,quasi-hexagonal,Bacteria,Bacillota,Bacilli,Bacillales,Bacillaceae,Bacillus,p,nose,195.084,50.0,24,0.16,30,10,21.14774404,0.0,0.0,1.870828693,0.7928993195488317,Klebsiella pneumoniae,0.9457927237185546,-0.15289340416972286,6.207251177585919,8.826585323093138
36,Ag,Bacillus subtilis,non-pathogenic,green_synthesis,MBEC,cubic,Bacteria,Bacillota,Bacilli,Bacillales,Bacillaceae,Bacillus,p,soil,107.87,40.0,24,0.16,30,11,23.00188061,0.0,0.0,1.78376517,1.609070182225805,Klebsiella pneumoniae,1.8717216763519293,-0.26265149412612443,40.65090159368687,74.42548549818142
