,np,bacteria,bac_type,np_synthesis,method,shape,kingdom,phylum,class,order,family,genus,gram,isolated_from,mol_weight (g/mol),np_size_avg (nm),time_set,"min_Incub_period, h","growth_temp, C",Valance_electron,labuteASA,tpsa,CrippenMR,chi0v,pred_MIC_norm,pathogenic_bacteria,pred_MIC_pathogen,Fitness,pred_norm_MIC_original,pred_path_MIC_original
0,ZnO,Bacillus subtilis,non-pathogenic,"purchased from us research nanomaterials, inc.в ",MBC,quasi-spherical,Bacteria,Bacillota,Bacilli,Bacillales,Bacillaceae,Bacillus,p,urine,81.3794,5.1,4,0.16,30,8,22.60496136,17.07,0.6865,4.082482905,2.0955088310213155,Klebsiella pneumoniae,1.1527565920632263,0.9427522389580891,124.5973572861617,14.215318414341304
1,Ag,Bacillus subtilis,non-pathogenic,chemical_synthesis,MIC,quasi-spherical,Bacteria,Bacillota,Bacilli,Bacillales,Bacillaceae,Bacillus,p,soil,107.87,3.0,0,0.16,30,11,23.00188061,0.0,0.0,1.78376517,1.1323371029626659,Klebsiella pneumoniae,0.31342863904703977,0.8189084639156261,13.562417299181691,2.057920716203131
2,ZnO,Bacillus subtilis,non-pathogenic,electrochemical synthesis,MBC,nanoplates,Bacteria,Bacillota,Bacilli,Bacillales,Bacillaceae,Bacillus,p,mouth,81.3794,3.0,4,0.16,30,8,22.60496136,17.07,0.6865,4.082482905,1.6226994862460955,Klebsiella pneumoniae,0.8896485806351482,0.7330509056109473,41.94686286667907,7.75619252487265
3,CeO2,Bacillus subtilis,non-pathogenic,purchased from sigma aldrich ( citrate capped agnps),MIC,spherical,Bacteria,Bacillota,Bacilli,Bacillales,Bacillaceae,Bacillus,p,lungs,172.115,1.4,3,0.16,30,16,39.19032095,34.14,1.373,4.456551526,1.9861302290938727,Klebsiella pneumoniae,1.3267993561708964,0.6593308729229763,96.85682510534315,21.222637507033557
4,TiO2,Bacillus subtilis,non-pathogenic,green_synthesis,MBC,spherical,Bacteria,Bacillota,Bacilli,Bacillales,Bacillaceae,Bacillus,p,mammary gland,79.866,5.1,3,0.16,30,16,26.40611331,34.14,1.373,2.878049394,3.0276505755168936,Klebsiella pneumoniae,2.3870177721546573,0.6406328033622364,1065.7383048804002,243.79105802565508
5,ZnO,Bacillus subtilis,non-pathogenic,"purchased from us research nanomaterials, inc.в ",MIC,quasi-hexagonal,Bacteria,Bacillota,Bacilli,Bacillales,Bacillaceae,Bacillus,p,lungs,81.3794,10.4,1,0.16,30,8,22.60496136,17.07,0.6865,4.082482905,0.8171794950039653,Klebsiella pneumoniae,0.26026702009938907,0.5569124749045762,6.56416508843967,1.820820021133364
6,ZnO,Bacillus subtilis,non-pathogenic,purchased from sigma aldrich ( citrate capped agnps),MIC,cubic,Bacteria,Bacillota,Bacilli,Bacillales,Bacillaceae,Bacillus,p,nose,81.3794,9.0,4,0.16,30,8,22.60496136,17.07,0.6865,4.082482905,1.7221911043696074,Klebsiella pneumoniae,1.2196017399767203,0.5025893643928872,52.74619115772177,16.580657180438177
7,Ag,Bacillus subtilis,non-pathogenic,"purchased from us research nanomaterials, inc.в ",MIC,nanoplates,Bacteria,Bacillota,Bacilli,Bacillales,Bacillaceae,Bacillus,p,water,107.87,11.3,0,0.16,30,11,23.00188061,0.0,0.0,1.78376517,1.968623104996874,Klebsiella pneumoniae,1.5154401326675186,0.45318297232935545,93.03001800214281,32.7672604145359
8,ZrO2,Bacillus subtilis,non-pathogenic,green_synthesis,MIC,rod-shaped,Bacteria,Bacillota,Bacilli,Bacillales,Bacillaceae,Bacillus,p,blood,123.2218,1.9,24,0.16,30,16,29.29254423,34.14,1.373,3.774536472,2.169744088519514,Klebsiella pneumoniae,1.720113485301685,0.449630603217829,147.82370685178708,52.494461537755264
9,Au,Bacillus subtilis,non-pathogenic,green_synthesis,MIC,spheroidal,Bacteria,Bacillota,Bacilli,Bacillales,Bacillaceae,Bacillus,p,mouth,196.966569,40.0,24,0.16,30,11,23.00188061,0.0,0.0,2.46797672,1.6849662269020829,Klebsiella pneumoniae,1.2494446720927093,0.4355215548093736,48.41347171748337,17.76006995531225
10,ZnO,Bacillus subtilis,non-pathogenic,chemical_synthesis,MBEC,rod-shaped,Bacteria,Bacillota,Bacilli,Bacillales,Bacillaceae,Bacillus,p,soil,81.3794,3.0,2,0.16,30,8,22.60496136,17.07,0.6865,4.082482905,1.4591600057372762,Klebsiella pneumoniae,1.03234593657811,0.4268140691591662,28.784587208097594,10.773230118754453
11,CuO,Bacillus subtilis,non-pathogenic,purchased from sigma aldrich ( citrate capped agnps),MBC,nanoplates,Bacteria,Bacillota,Bacilli,Bacillales,Bacillaceae,Bacillus,p,respiratory tract,79.5454,12.0,0,0.16,30,17,20.67942236,17.07,0.6865,1.651411411,3.4925910086117713,Klebsiella pneumoniae,3.072815646147127,0.4197753624646441,3108.787296633906,1182.5394724746802
12,Ag,Bacillus subtilis,non-pathogenic,purchased from sigma aldrich ( citrate capped agnps),MBEC,spheroidal,Bacteria,Bacillota,Bacilli,Bacillales,Bacillaceae,Bacillus,p,respiratory tract,107.87,50.0,18,0.16,30,11,23.00188061,0.0,0.0,1.78376517,1.8150982567266452,Klebsiella pneumoniae,1.461968567325386,0.3531296894012592,65.32783365428628,28.971338959681642
13,Pd,Bacillus subtilis,non-pathogenic,electrochemical synthesis,MBEC,spherical,Bacteria,Bacillota,Bacilli,Bacillales,Bacillaceae,Bacillus,p,skin,195.084,44.45,1,0.16,30,10,21.14774404,0.0,0.0,1.870828693,1.5991438137239,Klebsiella pneumoniae,1.3442312967926375,0.2549125169312625,39.732309858409266,22.091809865839945
14,Ag,Bacillus subtilis,non-pathogenic,green_synthesis,MBC,quasi-hexagonal,Bacteria,Bacillota,Bacilli,Bacillales,Bacillaceae,Bacillus,p,nose,107.8682,79.0,3,0.16,30,11,23.00188061,0.0,0.0,1.78376517,0.24067997025370613,Klebsiella pneumoniae,-0.004133339489958532,0.24481330974366466,1.7405238161538472,0.9905277808932302
15,Ag,Bacillus subtilis,non-pathogenic,green_synthesis,MBEC,spherical,Bacteria,Bacillota,Bacilli,Bacillales,Bacillaceae,Bacillus,p,blood,107.8682,6.0,3,0.16,30,11,23.00188061,0.0,0.0,1.78376517,1.1194685091677956,Klebsiella pneumoniae,0.9405731288773309,0.1788953802904647,13.166444389495968,8.72113740199724
16,CuO,Bacillus subtilis,non-pathogenic,electrochemical synthesis,MBC,triangular,Bacteria,Bacillota,Bacilli,Bacillales,Bacillaceae,Bacillus,p,urine,79.5454,12.0,3,0.16,30,17,20.67942236,17.07,0.6865,1.651411411,1.8618505415329407,Klebsiella pneumoniae,1.7338748681875291,0.1279756733454116,72.7529388876412,54.18447479983874
17,Ag,Bacillus subtilis,non-pathogenic,green_synthesis,MIC,quasi-hexagonal,Bacteria,Bacillota,Bacilli,Bacillales,Bacillaceae,Bacillus,p,meat,107.87,17.5,18,0.16,30,11,23.00188061,0.0,0.0,1.78376517,0.8282162454729902,Klebsiella pneumoniae,0.8563365471456369,-0.028120301672646675,6.73311830684134,7.183507460606665
