,np,bacteria,bac_type,np_synthesis,method,shape,kingdom,phylum,class,order,family,genus,gram,isolated_from,mol_weight (g/mol),np_size_avg (nm),time_set,"min_Incub_period, h","growth_temp, C",Valance_electron,labuteASA,tpsa,CrippenMR,chi0v,pred_MIC_norm,pathogenic_bacteria,pred_MIC_pathogen,Fitness,pred_norm_MIC_original,pred_path_MIC_original
0,Pd,Bacillus subtilis,non-pathogenic,chemical_synthesis,MIC,hexagonal,Bacteria,Bacillota,Bacilli,Bacillales,Bacillaceae,Bacillus,p,mouth,195.084,0.8,4,0.16,30,10,21.14774404,0.0,0.0,1.870828693,0.8987060162193384,Klebsiella pneumoniae,0.01774804109793271,0.8809579751214057,7.919650498938463,1.041712897215117
1,ZnO,Bacillus subtilis,non-pathogenic,"purchased from us research nanomaterials, inc.в ",MBC,cubic,Bacteria,Bacillota,Bacilli,Bacillales,Bacillaceae,Bacillus,p,mouth,81.3794,1.9,4,0.16,30,8,22.60496136,17.07,0.6865,4.082482905,1.7486495314812616,Klebsiella pneumoniae,0.8966430720445233,0.8520064594367383,56.05954021588033,7.882120537614927
2,Au,Bacillus subtilis,non-pathogenic,electrochemical synthesis,MIC,spherical,Bacteria,Bacillota,Bacilli,Bacillales,Bacillaceae,Bacillus,p,nose,196.966569,1.4,3,0.16,30,11,23.00188061,0.0,0.0,2.46797672,1.5235745436740629,Klebsiella pneumoniae,0.9797244058195193,0.5438501378545436,33.38678063710309,9.543867599744159
3,Ag,Bacillus subtilis,non-pathogenic,green_synthesis,MIC,spheroidal,Bacteria,Bacillota,Bacilli,Bacillales,Bacillaceae,Bacillus,p,nose,107.8682,5.1,18,0.16,30,11,23.00188061,0.0,0.0,1.78376517,1.3702409016684736,Klebsiella pneumoniae,0.8606920204409377,0.5095488812275358,23.455295117642024,7.255912225521688
4,Ni,Bacillus subtilis,non-pathogenic,green_synthesis,MBC,triangular,Bacteria,Bacillota,Bacilli,Bacillales,Bacillaceae,Bacillus,p,urine,58.6934,5.1,18,0.16,30,10,17.41523038,0.0,0.0,1.303840481,2.00371841809561,Klebsiella pneumoniae,1.5851586221453553,0.4185597959502545,100.85987326101564,38.47322763831241
5,Au,Bacillus subtilis,non-pathogenic,"purchased from us research nanomaterials, inc.в ",MIC,nanoplates,Bacteria,Bacillota,Bacilli,Bacillales,Bacillaceae,Bacillus,p,respiratory tract,196.966569,13.5,4,0.16,30,11,23.00188061,0.0,0.0,2.46797672,1.9324106272306139,Klebsiella pneumoniae,1.5782178378417362,0.35419278938887766,85.58755643276184,37.86324554110443
6,Ag,Bacillus subtilis,non-pathogenic,electrochemical synthesis,MBC,quasi-hexagonal,Bacteria,Bacillota,Bacilli,Bacillales,Bacillaceae,Bacillus,p,skin,107.87,45.26,3,0.16,30,11,23.00188061,0.0,0.0,1.78376517,-0.22497315526620332,Klebsiella pneumoniae,-0.4068741166651364,0.18190096139893308,0.5956989639044783,0.3918554427265402
7,CuO,Bacillus subtilis,non-pathogenic,chemical_synthesis,MIC,cubic,Bacteria,Bacillota,Bacilli,Bacillales,Bacillaceae,Bacillus,p,nose,79.5454,9.0,0,0.16,30,17,20.67942236,17.07,0.6865,1.651411411,2.7712171396749428,Klebsiella pneumoniae,2.8507008460453056,-0.07948370637036284,590.4962442121035,709.0891596311538
8,TiO2,Bacillus subtilis,non-pathogenic,chemical_synthesis,MIC,spheroidal,Bacteria,Bacillota,Bacilli,Bacillales,Bacillaceae,Bacillus,p,mammary gland,79.866,25.0,0,0.16,30,16,26.40611331,34.14,1.373,2.878049394,2.4243292589285814,Klebsiella pneumoniae,2.505618946575358,-0.0812896876467768,265.66189055324264,320.34573521615323
9,Ag,Bacillus subtilis,non-pathogenic,chemical_synthesis,MBEC,spheroidal,Bacteria,Bacillota,Bacilli,Bacillales,Bacillaceae,Bacillus,p,respiratory tract,107.8682,22.5,2,0.16,30,11,23.00188061,0.0,0.0,1.78376517,2.0122424523697227,Klebsiella pneumoniae,2.0969351288174134,-0.08469267644769074,102.85903661461785,125.00722912006063
