,np,bacteria,bac_type,np_synthesis,method,shape,kingdom,phylum,class,order,family,genus,gram,isolated_from,mol_weight (g/mol),np_size_avg (nm),time_set,"min_Incub_period, h","growth_temp, C",Valance_electron,labuteASA,tpsa,CrippenMR,chi0v,pred_MIC_norm,pathogenic_bacteria,pred_MIC_pathogen,Fitness,pred_norm_MIC_original,pred_path_MIC_original
0,ZnO,Bacillus subtilis,non-pathogenic,"purchased from us research nanomaterials, inc.в ",MIC,quasi-spherical,Bacteria,Bacillota,Bacilli,Bacillales,Bacillaceae,Bacillus,p,water,81.3794,4.0,1,0.16,30,8,22.60496136,17.07,0.6865,4.082482905,1.2223505756863662,Klebsiella pneumoniae,0.22038507666824092,1.0019654990181253,16.685936084536806,1.6610590689068931
1,Ag,Bacillus subtilis,non-pathogenic,chemical_synthesis,MIC,hexagonal,Bacteria,Bacillota,Bacilli,Bacillales,Bacillaceae,Bacillus,p,skin,107.87,3.0,0,0.16,30,11,23.00188061,0.0,0.0,1.78376517,1.4589868271249367,Klebsiella pneumoniae,0.6964617454552136,0.7625250816697231,28.773111397723202,4.971205832558982
2,ZnO,Bacillus subtilis,non-pathogenic,electrochemical synthesis,MBC,nanoplates,Bacteria,Bacillota,Bacilli,Bacillales,Bacillaceae,Bacillus,p,nose,81.3794,8.7,4,0.16,30,8,22.60496136,17.07,0.6865,4.082482905,2.0681607241354585,Klebsiella pneumoniae,1.320221448265704,0.7479392758697545,116.99322806192842,20.903617418687592
3,TiO2,Bacillus subtilis,non-pathogenic,purchased from sigma aldrich ( citrate capped agnps),MIC,cubic,Bacteria,Bacillota,Bacilli,Bacillales,Bacillaceae,Bacillus,p,mammary gland,79.866,5.1,1,0.16,30,16,26.40611331,34.14,1.373,2.878049394,2.5274958010187727,Klebsiella pneumoniae,1.83014684622626,0.6973489547925127,336.89595844326874,67.63116152301912
4,ZnO,Bacillus subtilis,non-pathogenic,"purchased from us research nanomaterials, inc.в ",MIC,cubic,Bacteria,Bacillota,Bacilli,Bacillales,Bacillaceae,Bacillus,p,carious dentine,81.3794,1.9,24,0.16,30,8,22.60496136,17.07,0.6865,4.082482905,1.901465610023034,Klebsiella pneumoniae,1.2148131839622935,0.6866524260607405,79.7013375911149,16.398842091557054
5,CuO,Bacillus subtilis,non-pathogenic,"purchased from us research nanomaterials, inc.в ",MBEC,nanoplates,Bacteria,Bacillota,Bacilli,Bacillales,Bacillaceae,Bacillus,p,food,79.5454,13.5,0,0.16,30,17,20.67942236,17.07,0.6865,1.651411411,3.274440723949702,Klebsiella pneumoniae,2.604833669413366,0.6696070545363364,1881.2249237856968,402.5628271276886
6,ZnO,Bacillus subtilis,non-pathogenic,green_synthesis,MBC,quasi-hexagonal,Bacteria,Bacillota,Bacilli,Bacillales,Bacillaceae,Bacillus,p,soil,81.3794,0.8,0,0.16,30,8,22.60496136,17.07,0.6865,4.082482905,0.7622515210542125,Klebsiella pneumoniae,0.09870407601671638,0.6635474450374961,5.7843094790880665,1.2551744087627377
7,Au,Bacillus subtilis,non-pathogenic,green_synthesis,MIC,rod-shaped,Bacteria,Bacillota,Bacilli,Bacillales,Bacillaceae,Bacillus,p,urine,196.966569,3.0,1,0.16,30,11,23.00188061,0.0,0.0,2.46797672,1.5023117335815013,Klebsiella pneumoniae,0.8494183497522699,0.6528933838292313,31.79155227531495,7.069982678144374
8,TiO2,Bacillus subtilis,non-pathogenic,"purchased from us research nanomaterials, inc.в ",MBEC,hexagonal,Bacteria,Bacillota,Bacilli,Bacillales,Bacillaceae,Bacillus,p,food,79.866,13.0,0,0.16,30,16,26.40611331,34.14,1.373,2.878049394,2.872008101812113,Klebsiella pneumoniae,2.223173219074937,0.6488348827371762,744.7458670938107,167.17572645142872
9,Au,Bacillus subtilis,non-pathogenic,chemical_synthesis,MIC,nanoplates,Bacteria,Bacillota,Bacilli,Bacillales,Bacillaceae,Bacillus,p,food,196.966569,1.4,1,0.16,30,11,23.00188061,0.0,0.0,2.46797672,1.9529711020121279,Klebsiella pneumoniae,1.3197070612481094,0.6332640407640184,89.7369081507151,20.878873415216734
10,ZnO,Bacillus subtilis,non-pathogenic,electrochemical synthesis,MBEC,nanoplates,Bacteria,Bacillota,Bacilli,Bacillales,Bacillaceae,Bacillus,p,respiratory tract,81.3794,4.0,2,0.16,30,8,22.60496136,17.07,0.6865,4.082482905,2.0952581296908543,Klebsiella pneumoniae,1.4749802993016716,0.6202778303891827,124.52545282868856,29.85247197468086
11,Ag,Bacillus subtilis,non-pathogenic,"purchased from us research nanomaterials, inc.в ",MBEC,tetragonal,Bacteria,Bacillota,Bacilli,Bacillales,Bacillaceae,Bacillus,p,nose,107.87,12.0,18,0.16,30,11,23.00188061,0.0,0.0,1.78376517,0.8622385670195526,Klebsiella pneumoniae,0.2451708319736723,0.6170677350458803,7.281796989921826,1.7586152382941516
12,ZnO,Bacillus subtilis,non-pathogenic,"purchased from us research nanomaterials, inc.в ",MIC,spheroidal,Bacteria,Bacillota,Bacilli,Bacillales,Bacillaceae,Bacillus,p,nose,81.3794,4.0,4,0.16,30,8,22.60496136,17.07,0.6865,4.082482905,1.0607116643345722,Klebsiella pneumoniae,0.47573729989983615,0.584974364434736,11.500366061089577,2.990455194954458
13,CuO,Bacillus subtilis,non-pathogenic,"purchased from us research nanomaterials, inc.в ",MIC,rod-shaped,Bacteria,Bacillota,Bacilli,Bacillales,Bacillaceae,Bacillus,p,meat,79.5454,0.8,1,0.16,30,17,20.67942236,17.07,0.6865,1.651411411,2.1118449538154977,Klebsiella pneumoniae,1.5363196439538058,0.5755253098616919,129.37338868977199,34.381090216961105
14,Ag,Bacillus subtilis,non-pathogenic,"purchased from us research nanomaterials, inc.в ",MBEC,spheroidal,Bacteria,Bacillota,Bacilli,Bacillales,Bacillaceae,Bacillus,p,lungs,107.8682,5.1,24,0.16,30,11,23.00188061,0.0,0.0,1.78376517,2.2095218785403183,Klebsiella pneumoniae,1.7235033172661,0.4860185612742183,162.00256042031162,52.9058038291534
15,Ag,Bacillus subtilis,non-pathogenic,chemical_synthesis,MIC,cubic,Bacteria,Bacillota,Bacilli,Bacillales,Bacillaceae,Bacillus,p,lungs,107.87,26.38,3,0.16,30,11,23.00188061,0.0,0.0,1.78376517,1.679597226820755,Klebsiella pneumoniae,1.2163106393877654,0.46328658743298967,47.818640720585094,16.45548319679929
16,Au,Bacillus subtilis,non-pathogenic,purchased from sigma aldrich ( citrate capped agnps),MIC,rod-shaped,Bacteria,Bacillota,Bacilli,Bacillales,Bacillaceae,Bacillus,p,respiratory tract,196.966569,40.0,0,0.16,30,11,23.00188061,0.0,0.0,2.46797672,1.4930897051044254,Klebsiella pneumoniae,1.2311050321024712,0.26198467300195416,31.12359139814651,17.02570217303954
17,Ag,Bacillus subtilis,non-pathogenic,purchased from sigma aldrich ( citrate capped agnps),MBEC,quasi-hexagonal,Bacteria,Bacillota,Bacilli,Bacillales,Bacillaceae,Bacillus,p,mammary gland,107.87,4.7,0,0.16,30,11,23.00188061,0.0,0.0,1.78376517,1.1051838646315635,Klebsiella pneumoniae,0.8573096851206131,0.24787417951095037,12.740423504693869,7.199621830047932
18,ZnO,Bacillus subtilis,non-pathogenic,chemical_synthesis,MBEC,spherical,Bacteria,Bacillota,Bacilli,Bacillales,Bacillaceae,Bacillus,p,mouth,81.3794,13.0,3,0.16,30,8,22.60496136,17.07,0.6865,4.082482905,2.1091005306715767,Klebsiella pneumoniae,1.9304832029280221,0.17861732774355454,128.55842130844195,85.20855548951442
19,Ni,Bacillus subtilis,non-pathogenic,"purchased from us research nanomaterials, inc.в ",MBEC,hexagonal,Bacteria,Bacillota,Bacilli,Bacillales,Bacillaceae,Bacillus,p,respiratory tract,58.6934,22.5,4,0.16,30,10,17.41523038,0.0,0.0,1.303840481,2.6717779907747605,Klebsiella pneumoniae,2.5041300142795953,0.16764797649516527,469.65396241009813,319.24934454419247
20,Ag,Bacillus subtilis,non-pathogenic,"purchased from us research nanomaterials, inc.в ",MIC,quasi-hexagonal,Bacteria,Bacillota,Bacilli,Bacillales,Bacillaceae,Bacillus,p,mammary gland,107.8682,26.38,3,0.16,30,11,23.00188061,0.0,0.0,1.78376517,1.386142260194705,Klebsiella pneumoniae,1.2588620987063897,0.12728016148831545,24.3300084740911,18.149392745746788
21,Pd,Bacillus subtilis,non-pathogenic,green_synthesis,MIC,quasi-hexagonal,Bacteria,Bacillota,Bacilli,Bacillales,Bacillaceae,Bacillus,p,lungs,195.084,20.0,4,0.16,30,10,21.14774404,0.0,0.0,1.870828693,0.9058492407830144,Klebsiella pneumoniae,0.7901697934569287,0.1156794473260857,8.050989139281583,6.168361153677975
22,ZnO,Bacillus subtilis,non-pathogenic,purchased from sigma aldrich ( citrate capped agnps),MIC,spherical,Bacteria,Bacillota,Bacilli,Bacillales,Bacillaceae,Bacillus,p,carious dentine,81.3794,26.38,4,0.16,30,8,22.60496136,17.07,0.6865,4.082482905,0.8145194953754945,Klebsiella pneumoniae,0.8221121773330676,-0.007592681957573122,6.524083267947496,6.639145359568332
23,CuO,Bacillus subtilis,non-pathogenic,green_synthesis,MIC,hexagonal,Bacteria,Bacillota,Bacilli,Bacillales,Bacillaceae,Bacillus,p,food,79.5454,37.86,1,0.16,30,17,20.67942236,17.07,0.6865,1.651411411,1.944124328634777,Klebsiella pneumoniae,1.9712555047022178,-0.027131176067440865,87.92741970128588,93.59561551610943
24,Ag,Bacillus subtilis,non-pathogenic,electrochemical synthesis,MBC,nanoplates,Bacteria,Bacillota,Bacilli,Bacillales,Bacillaceae,Bacillus,p,food,107.8682,30.0,18,0.16,30,11,23.00188061,0.0,0.0,1.78376517,1.7018418317519293,Klebsiella pneumoniae,1.7475039598982711,-0.04566212814634185,50.33172693433737,55.91186255924721
25,ZnO,Bacillus subtilis,non-pathogenic,green_synthesis,MBC,tetragonal,Bacteria,Bacillota,Bacilli,Bacillales,Bacillaceae,Bacillus,p,urine,81.3794,37.86,3,0.16,30,8,22.60496136,17.07,0.6865,4.082482905,0.887212694666483,Klebsiella pneumoniae,0.9468728987717651,-0.059660204105282055,7.712811096306042,8.848566085647956
26,CuO,Bacillus subtilis,non-pathogenic,electrochemical synthesis,MBEC,spheroidal,Bacteria,Bacillota,Bacilli,Bacillales,Bacillaceae,Bacillus,p,blood,79.5454,100.0,1,0.16,30,17,20.67942236,17.07,0.6865,1.651411411,1.50186553235384,Klebsiella pneumoniae,1.6410780664260207,-0.13921253407218082,31.758905890040626,43.76007588333316
27,Ag,Bacillus subtilis,non-pathogenic,purchased from sigma aldrich ( citrate capped agnps),MIC,rod-shaped,Bacteria,Bacillota,Bacilli,Bacillales,Bacillaceae,Bacillus,p,carious dentine,107.87,22.5,24,0.16,30,11,23.00188061,0.0,0.0,1.78376517,1.0734621982878734,Klebsiella pneumoniae,1.3282429779636495,-0.25478077967577617,11.843012789628764,21.293300248936404
28,Pd,Bacillus subtilis,non-pathogenic,chemical_synthesis,MBEC,nanoplates,Bacteria,Bacillota,Bacilli,Bacillales,Bacillaceae,Bacillus,p,blood,195.084,40.0,24,0.16,30,10,21.14774404,0.0,0.0,1.870828693,1.1394714545011015,Klebsiella pneumoniae,1.4448717128016735,-0.30540025830057194,13.787053298397566,27.852982917364894
