,np,bacteria,bac_type,np_synthesis,method,shape,kingdom,phylum,class,order,family,genus,gram,isolated_from,mol_weight (g/mol),np_size_avg (nm),time_set,"min_Incub_period, h","growth_temp, C",Valance_electron,labuteASA,tpsa,CrippenMR,chi0v,pred_MIC_norm,pathogenic_bacteria,pred_MIC_pathogen,Fitness,pred_norm_MIC_original,pred_path_MIC_original
0,ZnO,Bacillus subtilis,non-pathogenic,"purchased from us research nanomaterials, inc.в ",MBC,hexagonal,Bacteria,Bacillota,Bacilli,Bacillales,Bacillaceae,Bacillus,p,mammary gland,81.3794,8.7,4,0.16,30,8,22.60496136,17.07,0.6865,4.082482905,2.294923474254386,Klebsiella pneumoniae,1.322877529587026,0.9720459446673597,197.20752119597617,21.031852609444467
1,Ag,Bacillus subtilis,non-pathogenic,"purchased from us research nanomaterials, inc.в ",MIC,cubic,Bacteria,Bacillota,Bacilli,Bacillales,Bacillaceae,Bacillus,p,blood,107.87,1.9,1,0.16,30,11,23.00188061,0.0,0.0,1.78376517,0.9021520695360739,Klebsiella pneumoniae,0.016726979818331156,0.8854250897177427,7.982741564647433,1.0392666231756105
2,ZnO,Bacillus subtilis,non-pathogenic,electrochemical synthesis,MIC,hexagonal,Bacteria,Bacillota,Bacilli,Bacillales,Bacillaceae,Bacillus,p,lungs,81.3794,4.7,4,0.16,30,8,22.60496136,17.07,0.6865,4.082482905,1.626081560177283,Klebsiella pneumoniae,0.8035736310195191,0.8225079291577638,42.27479985676044,6.3617065314095305
3,Ag,Bacillus subtilis,non-pathogenic,chemical_synthesis,MIC,nanoplates,Bacteria,Bacillota,Bacilli,Bacillales,Bacillaceae,Bacillus,p,blood,107.87,0.8,2,0.16,30,11,23.00188061,0.0,0.0,1.78376517,0.8292340806409071,Klebsiella pneumoniae,0.04017351394802815,0.7890605666928789,6.748916899569149,1.0969163602920133
4,TiO2,Bacillus subtilis,non-pathogenic,purchased from sigma aldrich ( citrate capped agnps),MBC,hexagonal,Bacteria,Bacillota,Bacilli,Bacillales,Bacillaceae,Bacillus,p,lungs,79.866,10.4,1,0.16,30,16,26.40611331,34.14,1.373,2.878049394,3.2254110136788015,Klebsiella pneumoniae,2.4594585556023483,0.7659524580764532,1680.3935801791592,288.04381585993775
5,Ag,Bacillus subtilis,non-pathogenic,purchased from sigma aldrich ( citrate capped agnps),MIC,hexagonal,Bacteria,Bacillota,Bacilli,Bacillales,Bacillaceae,Bacillus,p,mammary gland,107.87,1.4,2,0.16,30,11,23.00188061,0.0,0.0,1.78376517,1.7734185288694275,Klebsiella pneumoniae,1.0077626893420872,0.7656558395273403,59.34970011461446,10.180349532557344
6,ZnO,Bacillus subtilis,non-pathogenic,"purchased from us research nanomaterials, inc.в ",MBEC,hexagonal,Bacteria,Bacillota,Bacilli,Bacillales,Bacillaceae,Bacillus,p,food,81.3794,0.8,1,0.16,30,8,22.60496136,17.07,0.6865,4.082482905,2.09274000301239,Klebsiella pneumoniae,1.370787678106987,0.721952324905403,123.80551840871908,23.484843914279427
7,TiO2,Bacillus subtilis,non-pathogenic,purchased from sigma aldrich ( citrate capped agnps),MBC,cubic,Bacteria,Bacillota,Bacilli,Bacillales,Bacillaceae,Bacillus,p,carious dentine,79.866,11.3,3,0.16,30,16,26.40611331,34.14,1.373,2.878049394,2.7474229632340963,Klebsiella pneumoniae,2.0376358183485497,0.7097871448855466,559.0143587351372,109.05254827009269
8,TiO2,Bacillus subtilis,non-pathogenic,green_synthesis,MBC,quasi-hexagonal,Bacteria,Bacillota,Bacilli,Bacillales,Bacillaceae,Bacillus,p,lungs,79.866,9.0,0,0.16,30,16,26.40611331,34.14,1.373,2.878049394,2.548773905777245,Klebsiella pneumoniae,1.8611479542557146,0.6876259515215304,353.81309761034396,72.63533673669325
9,ZnO,Bacillus subtilis,non-pathogenic,green_synthesis,MBEC,nanoplates,Bacteria,Bacillota,Bacilli,Bacillales,Bacillaceae,Bacillus,p,food,81.3794,10.0,0,0.16,30,8,22.60496136,17.07,0.6865,4.082482905,2.607608943909373,Klebsiella pneumoniae,1.9401590169241407,0.6674499269852321,405.1435637154374,87.12825516640756
10,Ag,Bacillus subtilis,non-pathogenic,green_synthesis,MIC,nanoplates,Bacteria,Bacillota,Bacilli,Bacillales,Bacillaceae,Bacillus,p,meat,107.87,1.9,1,0.16,30,11,23.00188061,0.0,0.0,1.78376517,1.87366088060176,Klebsiella pneumoniae,1.2183448483873027,0.6553160322144573,74.75855194365124,16.532740474500446
11,ZnO,Bacillus subtilis,non-pathogenic,"purchased from us research nanomaterials, inc.в ",MBC,spherical,Bacteria,Bacillota,Bacilli,Bacillales,Bacillaceae,Bacillus,p,nose,81.3794,11.3,3,0.16,30,8,22.60496136,17.07,0.6865,4.082482905,2.4349039295217443,Klebsiella pneumoniae,1.784553844216501,0.6503500853052433,272.2099084704827,60.89110344138586
12,CuO,Bacillus subtilis,non-pathogenic,purchased from sigma aldrich ( citrate capped agnps),MBC,cubic,Bacteria,Bacillota,Bacilli,Bacillales,Bacillaceae,Bacillus,p,lungs,79.5454,10.4,0,0.16,30,17,20.67942236,17.07,0.6865,1.651411411,3.4307636563191126,Klebsiella pneumoniae,2.7913928942950452,0.6393707620240674,2696.2717181729877,618.575755587761
13,Cu,Bacillus subtilis,non-pathogenic,"purchased from us research nanomaterials, inc.в ",MBC,hexagonal,Bacteria,Bacillota,Bacilli,Bacillales,Bacillaceae,Bacillus,p,food,63.55,8.0,0,0.16,30,11,17.96409803,0.0,0.0,1.243163121,2.0066691389597877,Klebsiella pneumoniae,1.3704469961724175,0.6362221427873702,101.54747731746164,23.466428472507197
14,ZnO,Bacillus subtilis,non-pathogenic,chemical_synthesis,MBC,hexagonal,Bacteria,Bacillota,Bacilli,Bacillales,Bacillaceae,Bacillus,p,mouth,81.3794,5.1,1,0.16,30,8,22.60496136,17.07,0.6865,4.082482905,1.8889305415541213,Klebsiella pneumoniae,1.2528121910721932,0.6361183504819281,77.43379449476448,17.89831681035082
15,Cu,Bacillus subtilis,non-pathogenic,"purchased from us research nanomaterials, inc.в ",MIC,cubic,Bacteria,Bacillota,Bacilli,Bacillales,Bacillaceae,Bacillus,p,food,63.55,4.0,0,0.16,30,11,17.96409803,0.0,0.0,1.243163121,1.4016843207499228,Klebsiella pneumoniae,0.7677932847969892,0.6338910359529336,25.216471754589794,5.858592412405589
16,CuO,Bacillus subtilis,non-pathogenic,"purchased from us research nanomaterials, inc.в ",MBC,quasi-spherical,Bacteria,Bacillota,Bacilli,Bacillales,Bacillaceae,Bacillus,p,mouth,79.5454,13.0,2,0.16,30,17,20.67942236,17.07,0.6865,1.651411411,3.1708046383846913,Klebsiella pneumoniae,2.5490253370834495,0.6217793013012418,1481.851344012439,354.0179941706546
17,Au,Bacillus subtilis,non-pathogenic,electrochemical synthesis,MIC,spheroidal,Bacteria,Bacillota,Bacilli,Bacillales,Bacillaceae,Bacillus,p,respiratory tract,196.966569,1.4,24,0.16,30,11,23.00188061,0.0,0.0,2.46797672,3.5670806284616603,Klebsiella pneumoniae,2.9500986439283814,0.6169819845332789,3690.4610705732,891.4533963334994
18,Al2O3,Bacillus subtilis,non-pathogenic,"purchased from us research nanomaterials, inc.в ",MBC,cubic,Bacteria,Bacillota,Bacilli,Bacillales,Bacillaceae,Bacillus,p,nose,101.961276,6.0,1,0.16,30,24,51.55776403,85.5,13.5675,4.688846487,2.799091701602088,Klebsiella pneumoniae,2.182525884311521,0.6165658172905673,629.6391175889236,152.23898658758745
19,TiO2,Bacillus subtilis,non-pathogenic,green_synthesis,MBEC,cubic,Bacteria,Bacillota,Bacilli,Bacillales,Bacillaceae,Bacillus,p,food,79.866,1.9,3,0.16,30,16,26.40611331,34.14,1.373,2.878049394,2.853731197561011,Klebsiella pneumoniae,2.238991809320784,0.6147393882402268,714.0542321990935,173.37712989770466
20,ZnO,Bacillus subtilis,non-pathogenic,green_synthesis,MIC,hexagonal,Bacteria,Bacillota,Bacilli,Bacillales,Bacillaceae,Bacillus,p,urine,81.3794,1.9,18,0.16,30,8,22.60496136,17.07,0.6865,4.082482905,1.4760580121158713,Klebsiella pneumoniae,0.8663842948238932,0.6096737172919781,29.926643635314967,7.351641062156482
21,Ag,Bacillus subtilis,non-pathogenic,purchased from sigma aldrich ( citrate capped agnps),MIC,rod-shaped,Bacteria,Bacillota,Bacilli,Bacillales,Bacillaceae,Bacillus,p,mammary gland,107.87,3.0,3,0.16,30,11,23.00188061,0.0,0.0,1.78376517,1.032861328825338,Klebsiella pneumoniae,0.42801189882226787,0.6048494300030702,10.786022671852935,2.679241729814411
22,Ag,Bacillus subtilis,non-pathogenic,green_synthesis,MIC,tetragonal,Bacteria,Bacillota,Bacilli,Bacillales,Bacillaceae,Bacillus,p,nose,107.87,1.9,1,0.16,30,11,23.00188061,0.0,0.0,1.78376517,0.25677996094105415,Klebsiella pneumoniae,-0.2650309492775511,0.5218109102186053,1.8062587375096042,0.543211619035975
23,ZnO,Bacillus subtilis,non-pathogenic,chemical_synthesis,MBEC,cubic,Bacteria,Bacillota,Bacilli,Bacillales,Bacillaceae,Bacillus,p,skin,81.3794,8.7,4,0.16,30,8,22.60496136,17.07,0.6865,4.082482905,2.487081771291285,Klebsiella pneumoniae,1.9692962171374329,0.5177855541538521,306.959989469382,93.17431683454322
24,Ag,Bacillus subtilis,non-pathogenic,electrochemical synthesis,MIC,spheroidal,Bacteria,Bacillota,Bacilli,Bacillales,Bacillaceae,Bacillus,p,mammary gland,107.87,5.1,4,0.16,30,11,23.00188061,0.0,0.0,1.78376517,1.412403731108173,Klebsiella pneumoniae,0.9008205842472823,0.5115831468608907,25.846618410059122,7.9583050896666725
25,TiO2,Bacillus subtilis,non-pathogenic,green_synthesis,MBEC,rod-shaped,Bacteria,Bacillota,Bacilli,Bacillales,Bacillaceae,Bacillus,p,blood,79.866,11.3,1,0.16,30,16,26.40611331,34.14,1.373,2.878049394,1.6869764448178102,Klebsiella pneumoniae,1.2816201974128105,0.40535624740499965,48.63808247446177,19.125825868421618
26,ZnO,Bacillus subtilis,non-pathogenic,electrochemical synthesis,MBC,nanoplates,Bacteria,Bacillota,Bacilli,Bacillales,Bacillaceae,Bacillus,p,soil,81.3794,26.38,0,0.16,30,8,22.60496136,17.07,0.6865,4.082482905,1.9605289205262622,Klebsiella pneumoniae,1.5573135158198357,0.4032154047064265,91.31222398798315,36.083903758706086
27,Au,Bacillus subtilis,non-pathogenic,chemical_synthesis,MIC,spherical,Bacteria,Bacillota,Bacilli,Bacillales,Bacillaceae,Bacillus,p,urine,196.966569,3.0,18,0.16,30,11,23.00188061,0.0,0.0,2.46797672,1.3744613944979256,Klebsiella pneumoniae,0.9776124346445247,0.39684895985340085,23.68434586464789,9.497568502470717
28,Ag,Bacillus subtilis,non-pathogenic,"purchased from us research nanomaterials, inc.в ",MIC,spherical,Bacteria,Bacillota,Bacilli,Bacillales,Bacillaceae,Bacillus,p,mouth,107.87,10.0,0,0.16,30,11,23.00188061,0.0,0.0,1.78376517,1.7117946283006007,Klebsiella pneumoniae,1.34781219369936,0.3639824346012408,51.498505786388506,22.27471693134089
29,ZnO,Bacillus subtilis,non-pathogenic,"purchased from us research nanomaterials, inc.в ",MBEC,spherical,Bacteria,Bacillota,Bacilli,Bacillales,Bacillaceae,Bacillus,p,nose,81.3794,0.8,18,0.16,30,8,22.60496136,17.07,0.6865,4.082482905,1.8577316321960646,Klebsiella pneumoniae,1.5544778962270138,0.3032537359690508,72.0662015889001,35.849070213463875
30,Au,Bacillus subtilis,non-pathogenic,electrochemical synthesis,MIC,cubic,Bacteria,Bacillota,Bacilli,Bacillales,Bacillaceae,Bacillus,p,respiratory tract,196.966569,38.0,4,0.16,30,11,23.00188061,0.0,0.0,2.46797672,1.6103630826174586,Klebsiella pneumoniae,1.3506896729808802,0.2596734096365785,40.772100178424736,22.422791208655607
31,CuO,Bacillus subtilis,non-pathogenic,green_synthesis,MBEC,spherical,Bacteria,Bacillota,Bacilli,Bacillales,Bacillaceae,Bacillus,p,blood,79.5454,12.0,4,0.16,30,17,20.67942236,17.07,0.6865,1.651411411,2.229813427812139,Klebsiella pneumoniae,2.033091157708538,0.1967222701036011,169.7514246497231,107.91732151692037
32,Ag,Bacillus subtilis,non-pathogenic,"purchased from us research nanomaterials, inc.в ",MBC,quasi-spherical,Bacteria,Bacillota,Bacilli,Bacillales,Bacillaceae,Bacillus,p,carious dentine,107.87,44.45,3,0.16,30,11,23.00188061,0.0,0.0,1.78376517,0.8649556687269487,Klebsiella pneumoniae,0.6848366512054278,0.18011901752152093,7.327497327723211,4.8399029273829886
33,ZnO,Bacillus subtilis,non-pathogenic,green_synthesis,MIC,tetragonal,Bacteria,Bacillota,Bacilli,Bacillales,Bacillaceae,Bacillus,p,nose,81.3794,8.0,4,0.16,30,8,22.60496136,17.07,0.6865,4.082482905,0.3055473211073674,Klebsiella pneumoniae,0.14293944304478723,0.16260787806258015,2.0209116202973756,1.389758833146151
34,Ag,Bacillus subtilis,non-pathogenic,green_synthesis,MBEC,tetragonal,Bacteria,Bacillota,Bacilli,Bacillales,Bacillaceae,Bacillus,p,soil,107.87,37.86,2,0.16,30,11,23.00188061,0.0,0.0,1.78376517,0.2800968659423524,Klebsiella pneumoniae,0.1586738732914479,0.1214229926509045,1.905885763275115,1.4410328238625307
35,ZnO,Bacillus subtilis,non-pathogenic,green_synthesis,MBC,hexagonal,Bacteria,Bacillota,Bacilli,Bacillales,Bacillaceae,Bacillus,p,skin,81.3794,100.0,18,0.16,30,8,22.60496136,17.07,0.6865,4.082482905,1.290448669590756,Klebsiella pneumoniae,1.223845901059744,0.06660276853101199,19.51860024929739,16.74348668301402
36,Au,Bacillus subtilis,non-pathogenic,electrochemical synthesis,MBC,hexagonal,Bacteria,Bacillota,Bacilli,Bacillales,Bacillaceae,Bacillus,p,food,196.966569,17.5,18,0.16,30,11,23.00188061,0.0,0.0,2.46797672,1.654421719570804,Klebsiella pneumoniae,1.6153950395612873,0.0390266800095167,45.12546805500381,41.24725385656214
37,Ag,Bacillus subtilis,non-pathogenic,purchased from sigma aldrich ( citrate capped agnps),MBC,cubic,Bacteria,Bacillota,Bacilli,Bacillales,Bacillaceae,Bacillus,p,urine,107.87,37.86,3,0.16,30,11,23.00188061,0.0,0.0,1.78376517,1.5015268903503027,Klebsiella pneumoniae,1.4734208403114497,0.028106050038853025,31.73415147113593,29.74547033070763
