,np,bacteria,bac_type,np_synthesis,method,shape,kingdom,phylum,class,order,family,genus,gram,isolated_from,mol_weight (g/mol),np_size_avg (nm),time_set,"min_Incub_period, h","growth_temp, C",Valance_electron,labuteASA,tpsa,CrippenMR,chi0v,pred_MIC_norm,pathogenic_bacteria,pred_MIC_pathogen,Fitness,pred_norm_MIC_original,pred_path_MIC_original
0,ZnO,Bacillus subtilis,non-pathogenic,"purchased from us research nanomaterials, inc.в ",MIC,cubic,Bacteria,Bacillota,Bacilli,Bacillales,Bacillaceae,Bacillus,p,water,81.3794,1.9,3,0.16,30,8,22.60496136,17.07,0.6865,4.082482905,1.6372486083720257,Klebsiella pneumoniae,0.6390853272500518,0.9981632811219738,43.37591092341386,4.355974485268537
1,Ag,Bacillus subtilis,non-pathogenic,green_synthesis,MIC,tetragonal,Bacteria,Bacillota,Bacilli,Bacillales,Bacillaceae,Bacillus,p,water,107.87,1.4,24,0.16,30,11,23.00188061,0.0,0.0,1.78376517,1.6858020264635334,Klebsiella pneumoniae,0.719078239163673,0.9667237872998604,48.50673313696569,5.236947729226177
2,ZnO,Bacillus subtilis,non-pathogenic,"purchased from us research nanomaterials, inc.в ",MBC,cubic,Bacteria,Bacillota,Bacilli,Bacillales,Bacillaceae,Bacillus,p,food,81.3794,4.7,2,0.16,30,8,22.60496136,17.07,0.6865,4.082482905,2.236779290389594,Klebsiella pneumoniae,1.2877560236651269,0.9490232667244671,172.49610394131116,19.397958401678736
3,Ag,Bacillus subtilis,non-pathogenic,"purchased from us research nanomaterials, inc.в ",MIC,cubic,Bacteria,Bacillota,Bacilli,Bacillales,Bacillaceae,Bacillus,p,lungs,107.87,4.0,4,0.16,30,11,23.00188061,0.0,0.0,1.78376517,1.6969672315018516,Klebsiella pneumoniae,0.7730605389088289,0.9239066925930227,49.76995310100835,5.930079817529373
4,TiO2,Bacillus subtilis,non-pathogenic,electrochemical synthesis,MBC,quasi-spherical,Bacteria,Bacillota,Bacilli,Bacillales,Bacillaceae,Bacillus,p,mammary gland,79.866,5.1,4,0.16,30,16,26.40611331,34.14,1.373,2.878049394,2.7109058455417436,Klebsiella pneumoniae,1.8094361700419428,0.9014696754998008,513.9322196912619,64.481654169501
5,Ag,Bacillus subtilis,non-pathogenic,chemical_synthesis,MIC,cubic,Bacteria,Bacillota,Bacilli,Bacillales,Bacillaceae,Bacillus,p,lungs,107.87,1.9,0,0.16,30,11,23.00188061,0.0,0.0,1.78376517,1.548877140423301,Klebsiella pneumoniae,0.6481211248037342,0.9007560156195669,35.389721130042176,4.447552924985651
6,ZnO,Bacillus subtilis,non-pathogenic,electrochemical synthesis,MIC,hexagonal,Bacteria,Bacillota,Bacilli,Bacillales,Bacillaceae,Bacillus,p,meat,81.3794,1.9,3,0.16,30,8,22.60496136,17.07,0.6865,4.082482905,1.6213555024686783,Klebsiella pneumoniae,0.748107743804314,0.8732477586643643,41.8172532032197,5.598964885816248
7,CeO2,Bacillus subtilis,non-pathogenic,electrochemical synthesis,MIC,quasi-hexagonal,Bacteria,Bacillota,Bacilli,Bacillales,Bacillaceae,Bacillus,p,water,172.115,1.9,3,0.16,30,16,39.19032095,34.14,1.373,4.456551526,2.1588296424896973,Klebsiella pneumoniae,1.2870491047690453,0.871780537720652,144.15497744503503,19.366409235078137
8,Ag,Bacillus subtilis,non-pathogenic,green_synthesis,MIC,spheroidal,Bacteria,Bacillota,Bacilli,Bacillales,Bacillaceae,Bacillus,p,food,107.87,3.0,18,0.16,30,11,23.00188061,0.0,0.0,1.78376517,1.1250777192133343,Klebsiella pneumoniae,0.25741698845872985,0.8676607307546045,13.337600939815578,1.8089101200695687
9,ZnO,Bacillus subtilis,non-pathogenic,electrochemical synthesis,MBC,cubic,Bacteria,Bacillota,Bacilli,Bacillales,Bacillaceae,Bacillus,p,mouth,81.3794,6.0,2,0.16,30,8,22.60496136,17.07,0.6865,4.082482905,2.141723025508434,Klebsiella pneumoniae,1.2759230375675736,0.8657999879408602,138.58716971303082,18.8765680297941
10,Ag,Bacillus subtilis,non-pathogenic,"purchased from us research nanomaterials, inc.в ",MIC,quasi-hexagonal,Bacteria,Bacillota,Bacilli,Bacillales,Bacillaceae,Bacillus,p,mouth,107.87,0.8,0,0.16,30,11,23.00188061,0.0,0.0,1.78376517,1.0707411716846518,Klebsiella pneumoniae,0.20504539925115517,0.8656957724334966,11.769043598112138,1.603412995731537
11,CuO,Bacillus subtilis,non-pathogenic,"purchased from us research nanomaterials, inc.в ",MIC,quasi-spherical,Bacteria,Bacillota,Bacilli,Bacillales,Bacillaceae,Bacillus,p,urine,79.5454,1.4,4,0.16,30,17,20.67942236,17.07,0.6865,1.651411411,2.3511793104235643,Klebsiella pneumoniae,1.4977964286790666,0.8533828817444977,224.48085634415898,31.462731834006508
12,TiO2,Bacillus subtilis,non-pathogenic,electrochemical synthesis,MBC,hexagonal,Bacteria,Bacillota,Bacilli,Bacillales,Bacillaceae,Bacillus,p,meat,79.866,9.0,4,0.16,30,16,26.40611331,34.14,1.373,2.878049394,3.0494192845977772,Klebsiella pneumoniae,2.2027176000873077,0.8467016845104696,1120.5191537245041,159.48417644093288
13,ZnO,Bacillus subtilis,non-pathogenic,green_synthesis,MIC,cubic,Bacteria,Bacillota,Bacilli,Bacillales,Bacillaceae,Bacillus,p,water,81.3794,0.8,4,0.16,30,8,22.60496136,17.07,0.6865,4.082482905,1.4998801864097118,Klebsiella pneumoniae,0.6700421248424586,0.8298380615672531,31.61405368216442,4.677805119413523
14,ZnO,Bacillus subtilis,non-pathogenic,green_synthesis,MIC,tetragonal,Bacteria,Bacillota,Bacilli,Bacillales,Bacillaceae,Bacillus,p,skin,81.3794,0.8,24,0.16,30,8,22.60496136,17.07,0.6865,4.082482905,1.6631893613159074,Klebsiella pneumoniae,0.8567137005951231,0.8064756607207844,46.04572986595283,7.189748528547721
15,TiO2,Bacillus subtilis,non-pathogenic,green_synthesis,MBC,quasi-hexagonal,Bacteria,Bacillota,Bacilli,Bacillales,Bacillaceae,Bacillus,p,mouth,79.866,4.7,4,0.16,30,16,26.40611331,34.14,1.373,2.878049394,2.207450894508524,Klebsiella pneumoniae,1.40450408161723,0.8029468128912938,161.23187128429765,25.380728393480243
16,ZnO,Bacillus subtilis,non-pathogenic,green_synthesis,MBC,quasi-spherical,Bacteria,Bacillota,Bacilli,Bacillales,Bacillaceae,Bacillus,p,respiratory tract,81.3794,4.7,2,0.16,30,8,22.60496136,17.07,0.6865,4.082482905,2.0847291549658067,Klebsiella pneumoniae,1.2906475961127268,0.7940815588530798,121.54277703198963,19.527542699179868
17,Ag,Bacillus subtilis,non-pathogenic,chemical_synthesis,MIC,hexagonal,Bacteria,Bacillota,Bacilli,Bacillales,Bacillaceae,Bacillus,p,mouth,107.87,4.0,2,0.16,30,11,23.00188061,0.0,0.0,1.78376517,1.3628037902934953,Klebsiella pneumoniae,0.5772617678868213,0.785542022406674,23.05705259840569,3.7779983845738854
18,CeO2,Bacillus subtilis,non-pathogenic,chemical_synthesis,MIC,rod-shaped,Bacteria,Bacillota,Bacilli,Bacillales,Bacillaceae,Bacillus,p,soil,172.115,3.0,4,0.16,30,16,39.19032095,34.14,1.373,4.456551526,2.0568552728001137,Klebsiella pneumoniae,1.275143271398374,0.7817120014017398,113.98698663975114,18.842705976370762
19,ZnO,Bacillus subtilis,non-pathogenic,"purchased from us research nanomaterials, inc.в ",MBEC,cubic,Bacteria,Bacillota,Bacilli,Bacillales,Bacillaceae,Bacillus,p,lungs,81.3794,11.3,1,0.16,30,8,22.60496136,17.07,0.6865,4.082482905,2.355497396636077,Klebsiella pneumoniae,1.579274116360068,0.776223280276009,226.7239486212247,37.95544751536623
20,Ag,Bacillus subtilis,non-pathogenic,"purchased from us research nanomaterials, inc.в ",MIC,cubic,Bacteria,Bacillota,Bacilli,Bacillales,Bacillaceae,Bacillus,p,soil,107.87,4.0,1,0.16,30,11,23.00188061,0.0,0.0,1.78376517,1.5681356822740442,Klebsiella pneumoniae,0.7933472625378755,0.7747884197361687,36.99437395440372,6.2136568060101744
21,ZnO,Bacillus subtilis,non-pathogenic,electrochemical synthesis,MBC,quasi-spherical,Bacteria,Bacillota,Bacilli,Bacillales,Bacillaceae,Bacillus,p,lungs,81.3794,5.1,2,0.16,30,8,22.60496136,17.07,0.6865,4.082482905,1.8227165123762479,Klebsiella pneumoniae,1.0521832491619132,0.7705332632143347,66.4839037939175,11.276731738788977
22,ZnO,Bacillus subtilis,non-pathogenic,green_synthesis,MBC,quasi-spherical,Bacteria,Bacillota,Bacilli,Bacillales,Bacillaceae,Bacillus,p,urine,81.3794,1.9,1,0.16,30,8,22.60496136,17.07,0.6865,4.082482905,1.5642695209556168,Klebsiella pneumoniae,0.7963830125472701,0.7678865084083467,36.66650545296564,6.257242876355682
23,TiO2,Bacillus subtilis,non-pathogenic,electrochemical synthesis,MBC,quasi-hexagonal,Bacteria,Bacillota,Bacilli,Bacillales,Bacillaceae,Bacillus,p,water,79.866,8.0,0,0.16,30,16,26.40611331,34.14,1.373,2.878049394,2.2545515803513982,Klebsiella pneumoniae,1.5000330644107438,0.7545185159406544,179.70144955837335,31.62518424976871
24,ZnO,Bacillus subtilis,non-pathogenic,electrochemical synthesis,MIC,rod-shaped,Bacteria,Bacillota,Bacilli,Bacillales,Bacillaceae,Bacillus,p,lungs,81.3794,1.9,1,0.16,30,8,22.60496136,17.07,0.6865,4.082482905,0.8778555152760463,Klebsiella pneumoniae,0.12835606834059998,0.7494994469354463,7.54841059044605,1.3438663155491781
25,Ag,Bacillus subtilis,non-pathogenic,electrochemical synthesis,MIC,cubic,Bacteria,Bacillota,Bacilli,Bacillales,Bacillaceae,Bacillus,p,meat,107.87,0.8,3,0.16,30,11,23.00188061,0.0,0.0,1.78376517,1.53376563469774,Klebsiella pneumoniae,0.7861176510763851,0.7476479836213549,34.17949444442357,6.111075525064169
26,ZnO,Bacillus subtilis,non-pathogenic,"purchased from us research nanomaterials, inc.в ",MBC,spheroidal,Bacteria,Bacillota,Bacilli,Bacillales,Bacillaceae,Bacillus,p,mouth,81.3794,6.0,24,0.16,30,8,22.60496136,17.07,0.6865,4.082482905,2.8172209823209613,Klebsiella pneumoniae,2.0701546781285907,0.7470663041923706,656.4792180464004,117.5316080454147
27,Ag,Bacillus subtilis,non-pathogenic,chemical_synthesis,MIC,nanoplates,Bacteria,Bacillota,Bacilli,Bacillales,Bacillaceae,Bacillus,p,soil,107.87,0.8,2,0.16,30,11,23.00188061,0.0,0.0,1.78376517,1.4781752088334827,Klebsiella pneumoniae,0.7321409827425911,0.7460342260908917,30.072892984201154,5.396857894524909
28,Al2O3,Bacillus subtilis,non-pathogenic,"purchased from us research nanomaterials, inc.в ",MIC,rod-shaped,Bacteria,Bacillota,Bacilli,Bacillales,Bacillaceae,Bacillus,p,urine,101.961276,1.9,4,0.16,30,24,51.55776403,85.5,13.5675,4.688846487,2.138521545843844,Klebsiella pneumoniae,1.3933152078232212,0.7452063380206226,137.56930582816932,24.73518755869611
29,ZnO,Bacillus subtilis,non-pathogenic,"purchased from us research nanomaterials, inc.в ",MBEC,quasi-hexagonal,Bacteria,Bacillota,Bacilli,Bacillales,Bacillaceae,Bacillus,p,skin,81.3794,12.0,0,0.16,30,8,22.60496136,17.07,0.6865,4.082482905,1.58737875607751,Klebsiella pneumoniae,0.8444672551235642,0.7429115009539456,38.6704081663359,6.989840328718263
30,CuO,Bacillus subtilis,non-pathogenic,"purchased from us research nanomaterials, inc.в ",MBC,hexagonal,Bacteria,Bacillota,Bacilli,Bacillales,Bacillaceae,Bacillus,p,blood,79.5454,8.7,4,0.16,30,17,20.67942236,17.07,0.6865,1.651411411,2.5680861112714624,Klebsiella pneumoniae,1.8284987820226415,0.7395873292488209,369.901516038371,67.37500059383935
31,Ag,Bacillus subtilis,non-pathogenic,"purchased from us research nanomaterials, inc.в ",MIC,spheroidal,Bacteria,Bacillota,Bacilli,Bacillales,Bacillaceae,Bacillus,p,respiratory tract,107.87,12.0,18,0.16,30,11,23.00188061,0.0,0.0,1.78376517,1.5190267526115808,Klebsiella pneumoniae,0.7899582873616003,0.7290684652499805,33.038989248174936,6.165357826673428
32,ZnO,Bacillus subtilis,non-pathogenic,"purchased from us research nanomaterials, inc.в ",MIC,rod-shaped,Bacteria,Bacillota,Bacilli,Bacillales,Bacillaceae,Bacillus,p,urine,81.3794,4.0,18,0.16,30,8,22.60496136,17.07,0.6865,4.082482905,0.8536166859528881,Klebsiella pneumoniae,0.12805837684290156,0.7255583091099865,7.138659803956727,1.3429454645772327
33,CuO,Bacillus subtilis,non-pathogenic,purchased from sigma aldrich ( citrate capped agnps),MBC,cubic,Bacteria,Bacillota,Bacilli,Bacillales,Bacillaceae,Bacillus,p,lungs,79.5454,5.1,2,0.16,30,17,20.67942236,17.07,0.6865,1.651411411,3.3933904130255392,Klebsiella pneumoniae,2.6730903857306068,0.7203000272949325,2473.9471232412616,471.0753567925495
34,Ag,Bacillus subtilis,non-pathogenic,"purchased from us research nanomaterials, inc.в ",MBEC,cubic,Bacteria,Bacillota,Bacilli,Bacillales,Bacillaceae,Bacillus,p,mammary gland,107.8682,8.7,4,0.16,30,11,23.00188061,0.0,0.0,1.78376517,2.311860874681744,Klebsiella pneumoniae,1.6026926510179216,0.7091682236638226,205.05051985988274,40.0583125740312
35,ZnO,Bacillus subtilis,non-pathogenic,electrochemical synthesis,MIC,spherical,Bacteria,Bacillota,Bacilli,Bacillales,Bacillaceae,Bacillus,p,food,81.3794,0.8,2,0.16,30,8,22.60496136,17.07,0.6865,4.082482905,0.9009457108565117,Klebsiella pneumoniae,0.1958191496460342,0.7051265612104775,7.960598324414148,1.5697090047648146
36,TiO2,Bacillus subtilis,non-pathogenic,electrochemical synthesis,MBC,cubic,Bacteria,Bacillota,Bacilli,Bacillales,Bacillaceae,Bacillus,p,carious dentine,79.866,13.5,4,0.16,30,16,26.40611331,34.14,1.373,2.878049394,2.4640235716731915,Klebsiella pneumoniae,1.7653216258488333,0.6987019458243582,291.0875103805537,58.2534466131324
37,ZnO,Bacillus subtilis,non-pathogenic,purchased from sigma aldrich ( citrate capped agnps),MIC,spheroidal,Bacteria,Bacillota,Bacilli,Bacillales,Bacillaceae,Bacillus,p,mouth,81.3794,4.0,18,0.16,30,8,22.60496136,17.07,0.6865,4.082482905,0.8134091632768627,Klebsiella pneumoniae,0.11556816036042927,0.6978410029164335,6.5074248777200765,1.304872745862151
38,CuO,Bacillus subtilis,non-pathogenic,electrochemical synthesis,MBC,cubic,Bacteria,Bacillota,Bacilli,Bacillales,Bacillaceae,Bacillus,p,mammary gland,79.5454,6.0,4,0.16,30,17,20.67942236,17.07,0.6865,1.651411411,3.1608944978024587,Klebsiella pneumoniae,2.4700602020127835,0.6908342957896751,1448.4199493494086,295.16183524043504
39,TiO2,Bacillus subtilis,non-pathogenic,electrochemical synthesis,MIC,rod-shaped,Bacteria,Bacillota,Bacilli,Bacillales,Bacillaceae,Bacillus,p,mammary gland,79.866,0.8,3,0.16,30,16,26.40611331,34.14,1.373,2.878049394,1.9489097339057477,Klebsiella pneumoniae,1.2597034299963288,0.689206303909419,88.90163207340802,18.184586497151304
40,ZrO2,Bacillus subtilis,non-pathogenic,purchased from sigma aldrich ( citrate capped agnps),MIC,spheroidal,Bacteria,Bacillota,Bacilli,Bacillales,Bacillaceae,Bacillus,p,respiratory tract,123.2218,1.9,1,0.16,30,16,29.29254423,34.14,1.373,3.774536472,1.7263717215419778,Klebsiella pneumoniae,1.0377361362777378,0.6886355852642401,53.25638965910134,10.907774128975603
41,ZnO,Bacillus subtilis,non-pathogenic,electrochemical synthesis,MBC,spherical,Bacteria,Bacillota,Bacilli,Bacillales,Bacillaceae,Bacillus,p,urine,81.3794,4.7,4,0.16,30,8,22.60496136,17.07,0.6865,4.082482905,1.8505183313459135,Klebsiella pneumoniae,1.1620003804636605,0.688517950882253,70.87912235314778,14.52112889710614
42,TiO2,Bacillus subtilis,non-pathogenic,"purchased from us research nanomaterials, inc.в ",MBC,spherical,Bacteria,Bacillota,Bacilli,Bacillales,Bacillaceae,Bacillus,p,water,79.866,5.1,2,0.16,30,16,26.40611331,34.14,1.373,2.878049394,2.9891959801295833,Klebsiella pneumoniae,2.3007805058366357,0.6884154742929476,975.4297117297077,199.88513868397854
43,ZnO,Bacillus subtilis,non-pathogenic,"purchased from us research nanomaterials, inc.в ",MBC,quasi-hexagonal,Bacteria,Bacillota,Bacilli,Bacillales,Bacillaceae,Bacillus,p,skin,81.3794,25.0,4,0.16,30,8,22.60496136,17.07,0.6865,4.082482905,1.5857479549530598,Klebsiella pneumoniae,0.89737499769831,0.6883729572547498,38.52547082131422,7.895415641779411
44,Ag,Bacillus subtilis,non-pathogenic,"purchased from us research nanomaterials, inc.в ",MIC,spherical,Bacteria,Bacillota,Bacilli,Bacillales,Bacillaceae,Bacillus,p,mammary gland,107.87,4.0,3,0.16,30,11,23.00188061,0.0,0.0,1.78376517,1.3478705794768033,Klebsiella pneumoniae,0.66168424489801,0.6861863345787933,22.277711705955184,4.588642728862459
45,CuO,Bacillus subtilis,non-pathogenic,"purchased from us research nanomaterials, inc.в ",MBC,quasi-spherical,Bacteria,Bacillota,Bacilli,Bacillales,Bacillaceae,Bacillus,p,skin,79.5454,0.8,2,0.16,30,17,20.67942236,17.07,0.6865,1.651411411,2.7882731438991444,Klebsiella pneumoniae,2.1026032162003383,0.6856699276988061,614.1481442581194,126.6494231937157
46,Ag,Bacillus subtilis,non-pathogenic,electrochemical synthesis,MIC,nanoplates,Bacteria,Bacillota,Bacilli,Bacillales,Bacillaceae,Bacillus,p,respiratory tract,107.87,1.4,24,0.16,30,11,23.00188061,0.0,0.0,1.78376517,2.595355824462829,Klebsiella pneumoniae,1.9106395773078477,0.6847162471549815,393.8726494972718,81.4028438225743
47,ZnO,Bacillus subtilis,non-pathogenic,chemical_synthesis,MBEC,hexagonal,Bacteria,Bacillota,Bacilli,Bacillales,Bacillaceae,Bacillus,p,carious dentine,81.3794,5.1,4,0.16,30,8,22.60496136,17.07,0.6865,4.082482905,1.7953468012339087,Klebsiella pneumoniae,1.1112749223631138,0.6840718788707949,62.42331112133214,12.92036915676656
48,Ag,Bacillus subtilis,non-pathogenic,chemical_synthesis,MIC,rod-shaped,Bacteria,Bacillota,Bacilli,Bacillales,Bacillaceae,Bacillus,p,respiratory tract,107.87,4.0,0,0.16,30,11,23.00188061,0.0,0.0,1.78376517,0.89425982699816,Klebsiella pneumoniae,0.21565994448778314,0.6785998825103768,7.83898488409292,1.6430846730011108
49,ZnO,Bacillus subtilis,non-pathogenic,electrochemical synthesis,MBEC,hexagonal,Bacteria,Bacillota,Bacilli,Bacillales,Bacillaceae,Bacillus,p,lungs,81.3794,1.4,0,0.16,30,8,22.60496136,17.07,0.6865,4.082482905,2.196801554726927,Klebsiella pneumoniae,1.5185457628806747,0.6782557918462522,157.32638175494392,33.00241816926526
50,Ag,Bacillus subtilis,non-pathogenic,chemical_synthesis,MIC,spheroidal,Bacteria,Bacillota,Bacilli,Bacillales,Bacillaceae,Bacillus,p,nose,107.87,22.5,18,0.16,30,11,23.00188061,0.0,0.0,1.78376517,0.7853077476082728,Klebsiella pneumoniae,0.10752585521047764,0.6777818923977952,6.09968977333411,1.280931351005666
51,ZnO,Bacillus subtilis,non-pathogenic,chemical_synthesis,MIC,cubic,Bacteria,Bacillota,Bacilli,Bacillales,Bacillaceae,Bacillus,p,blood,81.3794,3.0,3,0.16,30,8,22.60496136,17.07,0.6865,4.082482905,0.5373148249986843,Klebsiella pneumoniae,-0.13430588517679665,0.671620710175481,3.4459964443533435,0.7339967126108508
52,CeO2,Bacillus subtilis,non-pathogenic,"purchased from us research nanomaterials, inc.в ",MIC,cubic,Bacteria,Bacillota,Bacilli,Bacillales,Bacillaceae,Bacillus,p,lungs,172.115,8.7,4,0.16,30,16,39.19032095,34.14,1.373,4.456551526,2.760462196695208,Klebsiella pneumoniae,2.1121239723455107,0.6483382243496973,576.0526736846292,129.45653312843552
53,ZnO,Bacillus subtilis,non-pathogenic,purchased from sigma aldrich ( citrate capped agnps),MBC,rod-shaped,Bacteria,Bacillota,Bacilli,Bacillales,Bacillaceae,Bacillus,p,nose,81.3794,4.7,1,0.16,30,8,22.60496136,17.07,0.6865,4.082482905,1.7322626126936405,Klebsiella pneumoniae,1.1062663563863437,0.6259962563072967,53.983695680943136,12.772218993699408
54,ZnO,Bacillus subtilis,non-pathogenic,"purchased from us research nanomaterials, inc.в ",MIC,rod-shaped,Bacteria,Bacillota,Bacilli,Bacillales,Bacillaceae,Bacillus,p,water,81.3794,9.0,0,0.16,30,8,22.60496136,17.07,0.6865,4.082482905,1.388063439582675,Klebsiella pneumoniae,0.8509935842701393,0.5370698553125357,24.437875029734034,7.095672856159538
55,CuO,Bacillus subtilis,non-pathogenic,"purchased from us research nanomaterials, inc.в ",MBC,triangular,Bacteria,Bacillota,Bacilli,Bacillales,Bacillaceae,Bacillus,p,carious dentine,79.5454,8.7,3,0.16,30,17,20.67942236,17.07,0.6865,1.651411411,2.2552121619014476,Klebsiella pneumoniae,1.8203493409487053,0.4348628209527423,179.9749915731713,66.12251152050005
56,ZnO,Bacillus subtilis,non-pathogenic,"purchased from us research nanomaterials, inc.в ",MBEC,hexagonal,Bacteria,Bacillota,Bacilli,Bacillales,Bacillaceae,Bacillus,p,food,81.3794,50.0,4,0.16,30,8,22.60496136,17.07,0.6865,4.082482905,1.9479480863444179,Klebsiella pneumoniae,1.5224762972026478,0.4254717891417701,88.70499716412982,33.302458609417755
57,ZnO,Bacillus subtilis,non-pathogenic,"purchased from us research nanomaterials, inc.в ",MBC,triangular,Bacteria,Bacillota,Bacilli,Bacillales,Bacillaceae,Bacillus,p,blood,81.3794,10.0,24,0.16,30,8,22.60496136,17.07,0.6865,4.082482905,1.4301105509668892,Klebsiella pneumoniae,1.0462689433203787,0.38384160764651054,26.92220029417807,11.124203969091326
58,ZnO,Bacillus subtilis,non-pathogenic,electrochemical synthesis,MBC,spheroidal,Bacteria,Bacillota,Bacilli,Bacillales,Bacillaceae,Bacillus,p,mammary gland,81.3794,3.0,4,0.16,30,8,22.60496136,17.07,0.6865,4.082482905,1.5654295708259558,Klebsiella pneumoniae,1.2175258762322234,0.3479036945937324,36.76457677359902,16.501593185576308
59,CuO,Bacillus subtilis,non-pathogenic,"purchased from us research nanomaterials, inc.в ",MBEC,quasi-hexagonal,Bacteria,Bacillota,Bacilli,Bacillales,Bacillaceae,Bacillus,p,urine,79.5454,22.5,2,0.16,30,17,20.67942236,17.07,0.6865,1.651411411,2.997974132589638,Klebsiella pneumoniae,2.655158459910805,0.34281567267883295,995.3461308657933,452.0208419724313
60,Ag,Bacillus subtilis,non-pathogenic,electrochemical synthesis,MBC,nanoplates,Bacteria,Bacillota,Bacilli,Bacillales,Bacillaceae,Bacillus,p,meat,107.87,6.0,3,0.16,30,11,23.00188061,0.0,0.0,1.78376517,2.0776119554028085,Klebsiella pneumoniae,1.7483623118993556,0.32924964350345287,119.56717143833407,56.022477634528
61,Ag,Bacillus subtilis,non-pathogenic,"purchased from us research nanomaterials, inc.в ",MBEC,spheroidal,Bacteria,Bacillota,Bacilli,Bacillales,Bacillaceae,Bacillus,p,mammary gland,107.87,18.5,4,0.16,30,11,23.00188061,0.0,0.0,1.78376517,2.4799451413771516,Klebsiella pneumoniae,2.1685061122854496,0.31143902909170196,301.9570274318013,147.40292864005528
62,Pd,Bacillus subtilis,non-pathogenic,electrochemical synthesis,MIC,spherical,Bacteria,Bacillota,Bacilli,Bacillales,Bacillaceae,Bacillus,p,blood,195.084,9.0,3,0.16,30,10,21.14774404,0.0,0.0,1.870828693,0.1314999295414061,Klebsiella pneumoniae,-0.1446313472768126,0.2761312768182187,1.3536298710627124,0.716751569683806
63,ZnO,Bacillus subtilis,non-pathogenic,purchased from sigma aldrich ( citrate capped agnps),MBEC,quasi-hexagonal,Bacteria,Bacillota,Bacilli,Bacillales,Bacillaceae,Bacillus,p,meat,81.3794,22.5,0,0.16,30,8,22.60496136,17.07,0.6865,4.082482905,1.4420302484219816,Klebsiella pneumoniae,1.183926479867907,0.2581037685540746,27.671343684064514,15.273074840272812
64,Ag,Bacillus subtilis,non-pathogenic,green_synthesis,MIC,quasi-hexagonal,Bacteria,Bacillota,Bacilli,Bacillales,Bacillaceae,Bacillus,p,urine,107.87,50.0,3,0.16,30,11,23.00188061,0.0,0.0,1.78376517,0.10928913069040558,Klebsiella pneumoniae,-0.1481114760014779,0.25740060669188347,1.2861426218854592,0.7110309806773324
65,CuO,Bacillus subtilis,non-pathogenic,electrochemical synthesis,MBEC,quasi-hexagonal,Bacteria,Bacillota,Bacilli,Bacillales,Bacillaceae,Bacillus,p,food,79.5454,11.3,18,0.16,30,17,20.67942236,17.07,0.6865,1.651411411,2.8544701944449713,Klebsiella pneumoniae,2.6005426669946905,0.2539275274502808,715.2703035138462,398.6049310864909
66,ZnO,Bacillus subtilis,non-pathogenic,electrochemical synthesis,MIC,spheroidal,Bacteria,Bacillota,Bacilli,Bacillales,Bacillaceae,Bacillus,p,meat,81.3794,8.7,2,0.16,30,8,22.60496136,17.07,0.6865,4.082482905,1.5127453198952676,Klebsiella pneumoniae,1.2646153048426398,0.24813001505262777,32.56456790077962,18.39142179848512
67,Ag,Bacillus subtilis,non-pathogenic,chemical_synthesis,MIC,quasi-spherical,Bacteria,Bacillota,Bacilli,Bacillales,Bacillaceae,Bacillus,p,skin,107.87,60.0,4,0.16,30,11,23.00188061,0.0,0.0,1.78376517,0.5031974082568549,Klebsiella pneumoniae,0.26523539625404036,0.23796201200281453,3.1856452255122867,1.841770006980232
68,CuO,Bacillus subtilis,non-pathogenic,purchased from sigma aldrich ( citrate capped agnps),MIC,quasi-hexagonal,Bacteria,Bacillota,Bacilli,Bacillales,Bacillaceae,Bacillus,p,food,79.5454,9.0,0,0.16,30,17,20.67942236,17.07,0.6865,1.651411411,1.9783310443698188,Klebsiella pneumoniae,1.75819436726128,0.22013667710853868,95.13296758429563,57.30524415954738
69,ZnO,Bacillus subtilis,non-pathogenic,"purchased from us research nanomaterials, inc.в ",MIC,rod-shaped,Bacteria,Bacillota,Bacilli,Bacillales,Bacillaceae,Bacillus,p,carious dentine,81.3794,17.5,3,0.16,30,8,22.60496136,17.07,0.6865,4.082482905,0.912931602329075,Klebsiella pneumoniae,0.6928000437727604,0.2201315585563146,8.183358970723077,4.929467909965598
70,Ag,Bacillus subtilis,non-pathogenic,electrochemical synthesis,MIC,quasi-spherical,Bacteria,Bacillota,Bacilli,Bacillales,Bacillaceae,Bacillus,p,respiratory tract,107.8682,9.0,3,0.16,30,11,23.00188061,0.0,0.0,1.78376517,1.8363550870984886,Klebsiella pneumoniae,1.642215502959694,0.1941395841387945,68.60489233301819,43.874835680214076
71,Al2O3,Bacillus subtilis,non-pathogenic,green_synthesis,MBEC,triangular,Bacteria,Bacillota,Bacilli,Bacillales,Bacillaceae,Bacillus,p,mouth,101.961276,12.0,1,0.16,30,24,51.55776403,85.5,13.5675,4.688846487,1.2284407492000224,Klebsiella pneumoniae,1.0401812651078517,0.18825948409217075,16.92157367642996,10.96935937906398
72,CuO,Bacillus subtilis,non-pathogenic,electrochemical synthesis,MBEC,rod-shaped,Bacteria,Bacillota,Bacilli,Bacillales,Bacillaceae,Bacillus,p,soil,79.5454,9.0,18,0.16,30,17,20.67942236,17.07,0.6865,1.651411411,3.2682100105921617,Klebsiella pneumoniae,3.0836302864275518,0.18457972416460988,1854.428147368543,1212.3563357752187
73,Ag,Bacillus subtilis,non-pathogenic,purchased from sigma aldrich ( citrate capped agnps),MIC,tetragonal,Bacteria,Bacillota,Bacilli,Bacillales,Bacillaceae,Bacillus,p,food,107.87,17.5,0,0.16,30,11,23.00188061,0.0,0.0,1.78376517,0.47577575160183394,Klebsiella pneumoniae,0.3153784813003222,0.16039727030151174,2.990719976542441,2.0671808890043466
74,Au,Bacillus subtilis,non-pathogenic,chemical_synthesis,MBC,quasi-spherical,Bacteria,Bacillota,Bacilli,Bacillales,Bacillaceae,Bacillus,p,skin,196.966569,45.26,2,0.16,30,11,23.00188061,0.0,0.0,2.46797672,0.9628970681737136,Klebsiella pneumoniae,0.8231498034228872,0.13974726475082633,9.181149689189008,6.655026718650417
75,Ag,Bacillus subtilis,non-pathogenic,purchased from sigma aldrich ( citrate capped agnps),MBC,hexagonal,Bacteria,Bacillota,Bacilli,Bacillales,Bacillaceae,Bacillus,p,mammary gland,107.87,1.9,24,0.16,30,11,23.00188061,0.0,0.0,1.78376517,1.8127964259775335,Klebsiella pneumoniae,1.6858058284953443,0.12699059748218922,64.98250157332097,48.50715779110566
76,CuO,Bacillus subtilis,non-pathogenic,"purchased from us research nanomaterials, inc.в ",MBEC,quasi-spherical,Bacteria,Bacillota,Bacilli,Bacillales,Bacillaceae,Bacillus,p,carious dentine,79.5454,38.0,0,0.16,30,17,20.67942236,17.07,0.6865,1.651411411,2.4038133020685377,Klebsiella pneumoniae,2.278976998584048,0.12483630348448971,253.40390436578008,190.09775963176986
77,Ag,Bacillus subtilis,non-pathogenic,green_synthesis,MBC,spheroidal,Bacteria,Bacillota,Bacilli,Bacillales,Bacillaceae,Bacillus,p,urine,107.87,27.43,2,0.16,30,11,23.00188061,0.0,0.0,1.78376517,1.1754197406491484,Klebsiella pneumoniae,1.0582021625537432,0.11721757809540523,14.97682449783741,11.434104644773084
78,ZnO,Bacillus subtilis,non-pathogenic,"purchased from us research nanomaterials, inc.в ",MBC,triangular,Bacteria,Bacillota,Bacilli,Bacillales,Bacillaceae,Bacillus,p,blood,81.3794,25.0,2,0.16,30,8,22.60496136,17.07,0.6865,4.082482905,1.4853725335957073,Klebsiella pneumoniae,1.3831721140278752,0.1022004195678321,30.57542719159597,24.164182886630496
79,CuO,Bacillus subtilis,non-pathogenic,"purchased from us research nanomaterials, inc.в ",MIC,quasi-spherical,Bacteria,Bacillota,Bacilli,Bacillales,Bacillaceae,Bacillus,p,water,79.5454,37.86,4,0.16,30,17,20.67942236,17.07,0.6865,1.651411411,2.346002765602665,Klebsiella pneumoniae,2.2439333709220906,0.10206939468057463,221.8210545398676,175.3611443675719
80,ZnO,Bacillus subtilis,non-pathogenic,"purchased from us research nanomaterials, inc.в ",MIC,triangular,Bacteria,Bacillota,Bacilli,Bacillales,Bacillaceae,Bacillus,p,carious dentine,81.3794,17.5,0,0.16,30,8,22.60496136,17.07,0.6865,4.082482905,0.12509372532604823,Klebsiella pneumoniae,0.02530860634761356,0.09978511897843467,1.3338092511979,1.0600066902921965
81,Ag,Bacillus subtilis,non-pathogenic,electrochemical synthesis,MBEC,rod-shaped,Bacteria,Bacillota,Bacilli,Bacillales,Bacillaceae,Bacillus,p,mammary gland,107.87,17.5,2,0.16,30,11,23.00188061,0.0,0.0,1.78376517,1.406774098908186,Klebsiella pneumoniae,1.3070669689845649,0.09970712992362118,25.513738437936663,20.279954159257176
82,ZnO,Bacillus subtilis,non-pathogenic,purchased from sigma aldrich ( citrate capped agnps),MIC,quasi-spherical,Bacteria,Bacillota,Bacilli,Bacillales,Bacillaceae,Bacillus,p,mouth,81.3794,37.86,1,0.16,30,8,22.60496136,17.07,0.6865,4.082482905,0.6819054516060876,Klebsiella pneumoniae,0.5845238700642312,0.09738158154185639,4.807346783660726,3.8417037369868337
83,Ag,Bacillus subtilis,non-pathogenic,"purchased from us research nanomaterials, inc.в ",MIC,hexagonal,Bacteria,Bacillota,Bacilli,Bacillales,Bacillaceae,Bacillus,p,food,107.87,100.0,18,0.16,30,11,23.00188061,0.0,0.0,1.78376517,1.6965228524128293,Klebsiella pneumoniae,1.604770952776093,0.09175189963673636,49.719053501650386,40.25046970685797
84,Ag,Bacillus subtilis,non-pathogenic,purchased from sigma aldrich ( citrate capped agnps),MIC,quasi-hexagonal,Bacteria,Bacillota,Bacilli,Bacillales,Bacillaceae,Bacillus,p,mammary gland,107.87,27.43,2,0.16,30,11,23.00188061,0.0,0.0,1.78376517,1.1030573045828187,Klebsiella pneumoniae,1.0290532650048183,0.07400403957800039,12.678191418815931,10.691860038576039
85,Ag,Bacillus subtilis,non-pathogenic,green_synthesis,MBC,spherical,Bacteria,Bacillota,Bacilli,Bacillales,Bacillaceae,Bacillus,p,meat,107.87,26.38,0,0.16,30,11,23.00188061,0.0,0.0,1.78376517,1.5625076034486747,Klebsiella pneumoniae,1.5246683763800772,0.037839227068597436,36.51805206288164,33.47097599906067
86,Cu,Bacillus subtilis,non-pathogenic,purchased from sigma aldrich ( citrate capped agnps),MBC,nanoplates,Bacteria,Bacillota,Bacilli,Bacillales,Bacillaceae,Bacillus,p,skin,63.55,38.0,3,0.16,30,11,17.96409803,0.0,0.0,1.243163121,1.1036183391326078,Klebsiella pneumoniae,1.1146693736984765,-0.011051034565868756,12.69458006757995,13.021750613904876
87,Ag,Bacillus subtilis,non-pathogenic,green_synthesis,MIC,cubic,Bacteria,Bacillota,Bacilli,Bacillales,Bacillaceae,Bacillus,p,skin,107.87,17.5,18,0.16,30,11,23.00188061,0.0,0.0,1.78376517,1.7640059465621876,Klebsiella pneumoniae,1.8507025660160266,-0.086696619453839,58.07723696724744,70.90919678984909
88,Cu,Bacillus subtilis,non-pathogenic,purchased from sigma aldrich ( citrate capped agnps),MBC,tetragonal,Bacteria,Bacillota,Bacilli,Bacillales,Bacillaceae,Bacillus,p,blood,63.55,38.0,4,0.16,30,11,17.96409803,0.0,0.0,1.243163121,0.619906380313896,Klebsiella pneumoniae,0.8518379705967839,-0.2319315902828879,4.1677952975065145,7.109482189929701
89,Ag,Bacillus subtilis,non-pathogenic,chemical_synthesis,MBC,rod-shaped,Bacteria,Bacillota,Bacilli,Bacillales,Bacillaceae,Bacillus,p,nose,107.8682,28.0,1,0.16,30,11,23.00188061,0.0,0.0,1.78376517,1.2475580991734943,Klebsiella pneumoniae,1.480195155700536,-0.2326370565270417,17.68308763235598,30.21309078729906
