,np,bacteria,bac_type,np_synthesis,method,shape,kingdom,phylum,class,order,family,genus,gram,isolated_from,mol_weight (g/mol),np_size_avg (nm),time_set,"min_Incub_period, h","growth_temp, C",Valance_electron,labuteASA,tpsa,CrippenMR,chi0v,pred_MIC_norm,pathogenic_bacteria,pred_MIC_pathogen,Fitness,pred_norm_MIC_original,pred_path_MIC_original
0,ZnO,Bacillus subtilis,non-pathogenic,"purchased from us research nanomaterials, inc.в ",MBC,quasi-spherical,Bacteria,Bacillota,Bacilli,Bacillales,Bacillaceae,Bacillus,p,urine,81.3794,5.1,4,0.16,30,8,22.60496136,17.07,0.6865,4.082482905,2.0955088310213155,Klebsiella pneumoniae,1.1527565920632263,0.9427522389580891,124.5973572861617,14.215318414341304
1,Ag,Bacillus subtilis,non-pathogenic,"purchased from us research nanomaterials, inc.в ",MIC,quasi-spherical,Bacteria,Bacillota,Bacilli,Bacillales,Bacillaceae,Bacillus,p,mammary gland,107.87,1.9,24,0.16,30,11,23.00188061,0.0,0.0,1.78376517,2.074008408816142,Klebsiella pneumoniae,1.2106960087412726,0.8633124000748693,118.5791707261357,16.244113254391117
2,Pt,Bacillus subtilis,non-pathogenic,chemical_synthesis,MIC,spheroidal,Bacteria,Bacillota,Bacilli,Bacillales,Bacillaceae,Bacillus,p,nose,195.084,3.0,24,0.16,30,10,21.75656585,0.0,0.0,2.588435821,1.001422727269751,Klebsiella pneumoniae,0.1735382247674233,0.8278845025023276,10.032813223932052,1.491207999511559
3,Ag,Bacillus subtilis,non-pathogenic,chemical_synthesis,MIC,quasi-spherical,Bacteria,Bacillota,Bacilli,Bacillales,Bacillaceae,Bacillus,p,soil,107.87,3.0,0,0.16,30,11,23.00188061,0.0,0.0,1.78376517,1.1323371029626659,Klebsiella pneumoniae,0.31342863904703977,0.8189084639156261,13.562417299181691,2.057920716203131
4,ZnO,Bacillus subtilis,non-pathogenic,"purchased from us research nanomaterials, inc.в ",MBC,nanoplates,Bacteria,Bacillota,Bacilli,Bacillales,Bacillaceae,Bacillus,p,meat,81.3794,1.9,0,0.16,30,8,22.60496136,17.07,0.6865,4.082482905,1.8194028934554876,Klebsiella pneumoniae,1.015890434132794,0.8035124593226937,65.97856922736361,10.372666962544491
5,Ag,Bacillus subtilis,non-pathogenic,green_synthesis,MIC,cubic,Bacteria,Bacillota,Bacilli,Bacillales,Bacillaceae,Bacillus,p,blood,107.87,1.9,1,0.16,30,11,23.00188061,0.0,0.0,1.78376517,0.8042997366937515,Klebsiella pneumoniae,0.12219564314773335,0.6821040935460182,6.372351692888782,1.324938265584162
6,CeO2,Bacillus subtilis,non-pathogenic,purchased from sigma aldrich ( citrate capped agnps),MIC,spherical,Bacteria,Bacillota,Bacilli,Bacillales,Bacillaceae,Bacillus,p,lungs,172.115,1.4,3,0.16,30,16,39.19032095,34.14,1.373,4.456551526,1.9861302290938727,Klebsiella pneumoniae,1.3267993561708964,0.6593308729229763,96.85682510534315,21.222637507033557
7,Au,Bacillus subtilis,non-pathogenic,electrochemical synthesis,MIC,hexagonal,Bacteria,Bacillota,Bacilli,Bacillales,Bacillaceae,Bacillus,p,mammary gland,196.966569,1.9,4,0.16,30,11,23.00188061,0.0,0.0,2.46797672,2.0082212373935304,Klebsiella pneumoniae,1.3577136727551886,0.6505075646383418,101.91104089528368,22.78839154272672
8,ZnO,Bacillus subtilis,non-pathogenic,purchased from sigma aldrich ( citrate capped agnps),MBC,cubic,Bacteria,Bacillota,Bacilli,Bacillales,Bacillaceae,Bacillus,p,mouth,81.3794,4.0,0,0.16,30,8,22.60496136,17.07,0.6865,4.082482905,1.9716822866746575,Klebsiella pneumoniae,1.3306608854459547,0.6410214012287028,93.68763730425304,21.412179992747372
9,TiO2,Bacillus subtilis,non-pathogenic,green_synthesis,MBC,spherical,Bacteria,Bacillota,Bacilli,Bacillales,Bacillaceae,Bacillus,p,mammary gland,79.866,5.1,3,0.16,30,16,26.40611331,34.14,1.373,2.878049394,3.0276505755168936,Klebsiella pneumoniae,2.3870177721546573,0.6406328033622364,1065.7383048804002,243.79105802565508
10,TiO2,Bacillus subtilis,non-pathogenic,electrochemical synthesis,MBEC,triangular,Bacteria,Bacillota,Bacilli,Bacillales,Bacillaceae,Bacillus,p,mammary gland,79.866,18.0,18,0.16,30,16,26.40611331,34.14,1.373,2.878049394,1.0254015322839227,Klebsiella pneumoniae,0.6773688707849346,0.34803266149898815,10.602335240588882,4.757391264485978
11,TiO2,Bacillus subtilis,non-pathogenic,electrochemical synthesis,MBEC,triangular,Bacteria,Bacillota,Bacilli,Bacillales,Bacillaceae,Bacillus,p,mammary gland,79.866,18.0,18,0.16,30,16,26.40611331,34.14,1.373,2.878049394,1.0254015322839227,Klebsiella pneumoniae,0.6773688707849346,0.34803266149898815,10.602335240588882,4.757391264485978
12,Au,Bacillus subtilis,non-pathogenic,purchased from sigma aldrich ( citrate capped agnps),MBC,triangular,Bacteria,Bacillota,Bacilli,Bacillales,Bacillaceae,Bacillus,p,soil,196.966569,5.1,24,0.16,30,11,23.00188061,0.0,0.0,2.46797672,1.0823692335432886,Klebsiella pneumoniae,0.9137612191585304,0.16860801438475825,12.08841144990558,8.199006281883173
13,CuO,Bacillus subtilis,non-pathogenic,electrochemical synthesis,MIC,spheroidal,Bacteria,Bacillota,Bacilli,Bacillales,Bacillaceae,Bacillus,p,water,79.5454,18.5,1,0.16,30,17,20.67942236,17.07,0.6865,1.651411411,2.476080870695341,Klebsiella pneumoniae,2.376343949476322,0.09973692121901934,299.282188304729,237.87234254063162
14,Ag,Bacillus subtilis,non-pathogenic,"purchased from us research nanomaterials, inc.в ",MBEC,hexagonal,Bacteria,Bacillota,Bacilli,Bacillales,Bacillaceae,Bacillus,p,urine,107.87,35.0,0,0.16,30,11,23.00188061,0.0,0.0,1.78376517,2.3505023520073003,Klebsiella pneumoniae,2.258271569634081,0.09223078237321936,224.13121840170157,181.247309986653
15,Ag,Bacillus subtilis,non-pathogenic,electrochemical synthesis,MBC,spherical,Bacteria,Bacillota,Bacilli,Bacillales,Bacillaceae,Bacillus,p,lungs,107.87,40.0,4,0.16,30,11,23.00188061,0.0,0.0,1.78376517,1.1767422243761827,Klebsiella pneumoniae,1.1675004119389647,0.009241812437218,15.022500404395293,14.706198103228475
16,Au,Bacillus subtilis,non-pathogenic,purchased from sigma aldrich ( citrate capped agnps),MBEC,hexagonal,Bacteria,Bacillota,Bacilli,Bacillales,Bacillaceae,Bacillus,p,respiratory tract,196.966569,27.43,0,0.16,30,11,23.00188061,0.0,0.0,2.46797672,2.328946153094079,Klebsiella pneumoniae,2.331189243381189,-0.0022430902871102276,213.27804595249034,214.38245670044734
17,Cu,Bacillus subtilis,non-pathogenic,purchased from sigma aldrich ( citrate capped agnps),MIC,triangular,Bacteria,Bacillota,Bacilli,Bacillales,Bacillaceae,Bacillus,p,urine,63.55,9.0,2,0.16,30,11,17.96409803,0.0,0.0,1.243163121,-0.2146906134518627,Klebsiella pneumoniae,-0.15680805723408398,-0.05788255621777871,0.6099712792377664,0.6969344663826261
