,np,bacteria,bac_type,np_synthesis,method,shape,kingdom,phylum,class,order,family,genus,gram,isolated_from,mol_weight (g/mol),np_size_avg (nm),time_set,"min_Incub_period, h","growth_temp, C",Valance_electron,labuteASA,tpsa,CrippenMR,chi0v,pred_MIC_norm,pathogenic_bacteria,pred_MIC_pathogen,Fitness,pred_norm_MIC_original,pred_path_MIC_original
0,Pd,Bacillus subtilis,non-pathogenic,chemical_synthesis,MIC,hexagonal,Bacteria,Bacillota,Bacilli,Bacillales,Bacillaceae,Bacillus,p,mouth,195.084,0.8,4,0.16,30,10,21.14774404,0.0,0.0,1.870828693,0.8987060162193384,Klebsiella pneumoniae,0.01774804109793271,0.8809579751214057,7.919650498938463,1.041712897215117
1,ZnO,Bacillus subtilis,non-pathogenic,"purchased from us research nanomaterials, inc.в ",MBC,cubic,Bacteria,Bacillota,Bacilli,Bacillales,Bacillaceae,Bacillus,p,mouth,81.3794,1.9,4,0.16,30,8,22.60496136,17.07,0.6865,4.082482905,1.7486495314812616,Klebsiella pneumoniae,0.8966430720445233,0.8520064594367383,56.05954021588033,7.882120537614927
2,ZnO,Bacillus subtilis,non-pathogenic,green_synthesis,MIC,quasi-spherical,Bacteria,Bacillota,Bacilli,Bacillales,Bacillaceae,Bacillus,p,blood,81.3794,5.1,1,0.16,30,8,22.60496136,17.07,0.6865,4.082482905,0.4147106262415221,Klebsiella pneumoniae,-0.18636406868471989,0.601074694926242,2.5984276338833983,0.6510823634479236
3,Al2O3,Bacillus subtilis,non-pathogenic,green_synthesis,MIC,hexagonal,Bacteria,Bacillota,Bacilli,Bacillales,Bacillaceae,Bacillus,p,skin,101.961276,5.1,4,0.16,30,24,51.55776403,85.5,13.5675,4.688846487,2.655860607745568,Klebsiella pneumoniae,2.2491783507451744,0.40668225700039384,452.7522400774089,177.49182329500556
4,ZnO,Bacillus subtilis,non-pathogenic,chemical_synthesis,MBEC,hexagonal,Bacteria,Bacillota,Bacilli,Bacillales,Bacillaceae,Bacillus,p,lungs,81.3794,18.0,3,0.16,30,8,22.60496136,17.07,0.6865,4.082482905,2.211577185152781,Klebsiella pneumoniae,1.910450683044823,0.3011265021079579,162.77105754211877,81.36744575203922
5,Au,Bacillus subtilis,non-pathogenic,green_synthesis,MBEC,quasi-spherical,Bacteria,Bacillota,Bacilli,Bacillales,Bacillaceae,Bacillus,p,lungs,196.966569,3.0,1,0.16,30,11,23.00188061,0.0,0.0,2.46797672,1.4245525410808297,Klebsiella pneumoniae,1.206513674495664,0.2180388665851658,26.57985093962931,16.088430342329616
6,Ag,Bacillus subtilis,non-pathogenic,electrochemical synthesis,MBEC,triangular,Bacteria,Bacillota,Bacilli,Bacillales,Bacillaceae,Bacillus,p,food,107.8682,40.0,18,0.16,30,11,23.00188061,0.0,0.0,1.78376517,-0.11189434778466123,Klebsiella pneumoniae,-0.32334645371656867,0.21145210593190744,0.7728685804528322,0.4749561836259819
7,ZnO,Bacillus subtilis,non-pathogenic,chemical_synthesis,MIC,nanoplates,Bacteria,Bacillota,Bacilli,Bacillales,Bacillaceae,Bacillus,p,mouth,81.3794,18.0,4,0.16,30,8,22.60496136,17.07,0.6865,4.082482905,1.7713156928207416,Klebsiella pneumoniae,1.593865925230169,0.17744976759057263,59.063025896111036,39.252373732706516
8,Ag,Bacillus subtilis,non-pathogenic,electrochemical synthesis,MBC,nanoplates,Bacteria,Bacillota,Bacilli,Bacillales,Bacillaceae,Bacillus,p,nose,107.87,40.0,1,0.16,30,11,23.00188061,0.0,0.0,1.78376517,0.913127651465852,Klebsiella pneumoniae,0.7614628289122307,0.15166482255362124,8.187053935082629,5.773814527557895
9,Ag,Bacillus subtilis,non-pathogenic,purchased from sigma aldrich ( citrate capped agnps),MBC,quasi-spherical,Bacteria,Bacillota,Bacilli,Bacillales,Bacillaceae,Bacillus,p,urine,107.87,60.0,2,0.16,30,11,23.00188061,0.0,0.0,1.78376517,1.071367966966829,Klebsiella pneumoniae,0.9529690706268528,0.11839889633997625,11.786041527259636,8.973648841292167
10,Cu,Bacillus subtilis,non-pathogenic,green_synthesis,MBC,spherical,Bacteria,Bacillota,Bacilli,Bacillales,Bacillaceae,Bacillus,p,soil,63.55,100.0,2,0.16,30,11,17.96409803,0.0,0.0,1.243163121,0.694285002487637,Klebsiella pneumoniae,0.6376166704927266,0.05666833199491039,4.946351811194783,4.341268734465604
