,np,bacteria,bac_type,np_synthesis,method,shape,kingdom,phylum,class,order,family,genus,gram,isolated_from,mol_weight (g/mol),np_size_avg (nm),time_set,"min_Incub_period, h","growth_temp, C",Valance_electron,labuteASA,tpsa,CrippenMR,chi0v,pred_MIC_norm,pathogenic_bacteria,pred_MIC_pathogen,Fitness,pred_norm_MIC_original,pred_path_MIC_original
0,ZnO,Bacillus subtilis,non-pathogenic,"purchased from us research nanomaterials, inc.в ",MBC,hexagonal,Bacteria,Bacillota,Bacilli,Bacillales,Bacillaceae,Bacillus,p,mammary gland,81.3794,8.7,4,0.16,30,8,22.60496136,17.07,0.6865,4.082482905,2.294923474254386,Klebsiella pneumoniae,1.322877529587026,0.9720459446673597,197.20752119597617,21.031852609444467
1,Ag,Bacillus subtilis,non-pathogenic,"purchased from us research nanomaterials, inc.в ",MIC,cubic,Bacteria,Bacillota,Bacilli,Bacillales,Bacillaceae,Bacillus,p,blood,107.87,1.9,1,0.16,30,11,23.00188061,0.0,0.0,1.78376517,0.9021520695360739,Klebsiella pneumoniae,0.016726979818331156,0.8854250897177427,7.982741564647433,1.0392666231756105
2,ZnO,Bacillus subtilis,non-pathogenic,electrochemical synthesis,MIC,hexagonal,Bacteria,Bacillota,Bacilli,Bacillales,Bacillaceae,Bacillus,p,lungs,81.3794,4.7,4,0.16,30,8,22.60496136,17.07,0.6865,4.082482905,1.626081560177283,Klebsiella pneumoniae,0.8035736310195191,0.8225079291577638,42.27479985676044,6.3617065314095305
3,Ag,Bacillus subtilis,non-pathogenic,"purchased from us research nanomaterials, inc.в ",MIC,spheroidal,Bacteria,Bacillota,Bacilli,Bacillales,Bacillaceae,Bacillus,p,mouth,107.87,5.1,18,0.16,30,11,23.00188061,0.0,0.0,1.78376517,1.6308399862008354,Klebsiella pneumoniae,0.8083707931381949,0.8224691930626404,42.74053815955299,6.432366673140413
4,TiO2,Bacillus subtilis,non-pathogenic,purchased from sigma aldrich ( citrate capped agnps),MBC,hexagonal,Bacteria,Bacillota,Bacilli,Bacillales,Bacillaceae,Bacillus,p,lungs,79.866,10.4,1,0.16,30,16,26.40611331,34.14,1.373,2.878049394,3.2254110136788015,Klebsiella pneumoniae,2.4594585556023483,0.7659524580764532,1680.3935801791592,288.04381585993775
5,Ag,Bacillus subtilis,non-pathogenic,purchased from sigma aldrich ( citrate capped agnps),MIC,hexagonal,Bacteria,Bacillota,Bacilli,Bacillales,Bacillaceae,Bacillus,p,mammary gland,107.87,1.4,2,0.16,30,11,23.00188061,0.0,0.0,1.78376517,1.7734185288694275,Klebsiella pneumoniae,1.0077626893420872,0.7656558395273403,59.34970011461446,10.180349532557344
6,ZnO,Bacillus subtilis,non-pathogenic,electrochemical synthesis,MBC,hexagonal,Bacteria,Bacillota,Bacilli,Bacillales,Bacillaceae,Bacillus,p,soil,81.3794,4.7,2,0.16,30,8,22.60496136,17.07,0.6865,4.082482905,1.915007021826614,Klebsiella pneumoniae,1.1708831369083594,0.7441238849182545,82.22559443641973,14.821192121548133
7,TiO2,Bacillus subtilis,non-pathogenic,purchased from sigma aldrich ( citrate capped agnps),MBC,cubic,Bacteria,Bacillota,Bacilli,Bacillales,Bacillaceae,Bacillus,p,carious dentine,79.866,11.3,3,0.16,30,16,26.40611331,34.14,1.373,2.878049394,2.7474229632340963,Klebsiella pneumoniae,2.0376358183485497,0.7097871448855466,559.0143587351372,109.05254827009269
8,ZnO,Bacillus subtilis,non-pathogenic,green_synthesis,MBEC,nanoplates,Bacteria,Bacillota,Bacilli,Bacillales,Bacillaceae,Bacillus,p,food,81.3794,10.0,0,0.16,30,8,22.60496136,17.07,0.6865,4.082482905,2.607608943909373,Klebsiella pneumoniae,1.9401590169241407,0.6674499269852321,405.1435637154374,87.12825516640756
9,Ag,Bacillus subtilis,non-pathogenic,green_synthesis,MIC,nanoplates,Bacteria,Bacillota,Bacilli,Bacillales,Bacillaceae,Bacillus,p,meat,107.87,1.9,1,0.16,30,11,23.00188061,0.0,0.0,1.78376517,1.87366088060176,Klebsiella pneumoniae,1.2183448483873027,0.6553160322144573,74.75855194365124,16.532740474500446
10,ZnO,Bacillus subtilis,non-pathogenic,"purchased from us research nanomaterials, inc.в ",MBC,spherical,Bacteria,Bacillota,Bacilli,Bacillales,Bacillaceae,Bacillus,p,nose,81.3794,11.3,3,0.16,30,8,22.60496136,17.07,0.6865,4.082482905,2.4349039295217443,Klebsiella pneumoniae,1.784553844216501,0.6503500853052433,272.2099084704827,60.89110344138586
11,CuO,Bacillus subtilis,non-pathogenic,purchased from sigma aldrich ( citrate capped agnps),MBC,cubic,Bacteria,Bacillota,Bacilli,Bacillales,Bacillaceae,Bacillus,p,lungs,79.5454,10.4,0,0.16,30,17,20.67942236,17.07,0.6865,1.651411411,3.4307636563191126,Klebsiella pneumoniae,2.7913928942950452,0.6393707620240674,2696.2717181729877,618.575755587761
12,Cu,Bacillus subtilis,non-pathogenic,"purchased from us research nanomaterials, inc.в ",MBC,hexagonal,Bacteria,Bacillota,Bacilli,Bacillales,Bacillaceae,Bacillus,p,food,63.55,8.0,0,0.16,30,11,17.96409803,0.0,0.0,1.243163121,2.0066691389597877,Klebsiella pneumoniae,1.3704469961724175,0.6362221427873702,101.54747731746164,23.466428472507197
13,ZnO,Bacillus subtilis,non-pathogenic,chemical_synthesis,MBC,hexagonal,Bacteria,Bacillota,Bacilli,Bacillales,Bacillaceae,Bacillus,p,mouth,81.3794,5.1,1,0.16,30,8,22.60496136,17.07,0.6865,4.082482905,1.8889305415541213,Klebsiella pneumoniae,1.2528121910721932,0.6361183504819281,77.43379449476448,17.89831681035082
14,Cu,Bacillus subtilis,non-pathogenic,"purchased from us research nanomaterials, inc.в ",MIC,cubic,Bacteria,Bacillota,Bacilli,Bacillales,Bacillaceae,Bacillus,p,food,63.55,4.0,0,0.16,30,11,17.96409803,0.0,0.0,1.243163121,1.4016843207499228,Klebsiella pneumoniae,0.7677932847969892,0.6338910359529336,25.216471754589794,5.858592412405589
15,CuO,Bacillus subtilis,non-pathogenic,"purchased from us research nanomaterials, inc.в ",MBC,quasi-spherical,Bacteria,Bacillota,Bacilli,Bacillales,Bacillaceae,Bacillus,p,mouth,79.5454,13.0,2,0.16,30,17,20.67942236,17.07,0.6865,1.651411411,3.1708046383846913,Klebsiella pneumoniae,2.5490253370834495,0.6217793013012418,1481.851344012439,354.0179941706546
16,Au,Bacillus subtilis,non-pathogenic,electrochemical synthesis,MIC,spheroidal,Bacteria,Bacillota,Bacilli,Bacillales,Bacillaceae,Bacillus,p,respiratory tract,196.966569,1.4,24,0.16,30,11,23.00188061,0.0,0.0,2.46797672,3.5670806284616603,Klebsiella pneumoniae,2.9500986439283814,0.6169819845332789,3690.4610705732,891.4533963334994
17,Al2O3,Bacillus subtilis,non-pathogenic,"purchased from us research nanomaterials, inc.в ",MBC,cubic,Bacteria,Bacillota,Bacilli,Bacillales,Bacillaceae,Bacillus,p,nose,101.961276,6.0,1,0.16,30,24,51.55776403,85.5,13.5675,4.688846487,2.799091701602088,Klebsiella pneumoniae,2.182525884311521,0.6165658172905673,629.6391175889236,152.23898658758745
18,TiO2,Bacillus subtilis,non-pathogenic,green_synthesis,MBEC,cubic,Bacteria,Bacillota,Bacilli,Bacillales,Bacillaceae,Bacillus,p,food,79.866,1.9,3,0.16,30,16,26.40611331,34.14,1.373,2.878049394,2.853731197561011,Klebsiella pneumoniae,2.238991809320784,0.6147393882402268,714.0542321990935,173.37712989770466
19,ZnO,Bacillus subtilis,non-pathogenic,green_synthesis,MIC,hexagonal,Bacteria,Bacillota,Bacilli,Bacillales,Bacillaceae,Bacillus,p,urine,81.3794,1.9,18,0.16,30,8,22.60496136,17.07,0.6865,4.082482905,1.4760580121158713,Klebsiella pneumoniae,0.8663842948238932,0.6096737172919781,29.926643635314967,7.351641062156482
20,ZnO,Bacillus subtilis,non-pathogenic,purchased from sigma aldrich ( citrate capped agnps),MBC,nanoplates,Bacteria,Bacillota,Bacilli,Bacillales,Bacillaceae,Bacillus,p,meat,81.3794,26.38,4,0.16,30,8,22.60496136,17.07,0.6865,4.082482905,2.349874387965541,Klebsiella pneumoniae,1.8676695294356636,0.48220485852987727,223.8073721516381,73.7342945374844
21,TiO2,Bacillus subtilis,non-pathogenic,green_synthesis,MBEC,spheroidal,Bacteria,Bacillota,Bacilli,Bacillales,Bacillaceae,Bacillus,p,respiratory tract,79.866,12.0,3,0.16,30,16,26.40611331,34.14,1.373,2.878049394,3.060093659591037,Klebsiella pneumoniae,2.5882541894882096,0.47183947010282745,1148.4012580648605,387.4843704258082
22,CuO,Bacillus subtilis,non-pathogenic,green_synthesis,MBC,tetragonal,Bacteria,Bacillota,Bacilli,Bacillales,Bacillaceae,Bacillus,p,urine,79.5454,4.0,4,0.16,30,17,20.67942236,17.07,0.6865,1.651411411,2.267039211091755,Klebsiella pneumoniae,1.8898481060074177,0.3771911050843375,184.94355912009655,77.59756725691312
23,Cu,Bacillus subtilis,non-pathogenic,green_synthesis,MBC,cubic,Bacteria,Bacillota,Bacilli,Bacillales,Bacillaceae,Bacillus,p,lungs,63.55,1.9,0,0.16,30,11,17.96409803,0.0,0.0,1.243163121,1.5340108858093062,Klebsiella pneumoniae,1.1676088419749124,0.3664020438343938,34.19880145076193,14.709870249047981
24,Ag,Bacillus subtilis,non-pathogenic,chemical_synthesis,MIC,cubic,Bacteria,Bacillota,Bacilli,Bacillales,Bacillaceae,Bacillus,p,soil,107.87,17.5,1,0.16,30,11,23.00188061,0.0,0.0,1.78376517,1.536084499466156,Klebsiella pneumoniae,1.1888223473538644,0.3472621521122916,34.36247995150166,15.446224665065067
25,TiO2,Bacillus subtilis,non-pathogenic,purchased from sigma aldrich ( citrate capped agnps),MBEC,cubic,Bacteria,Bacillota,Bacilli,Bacillales,Bacillaceae,Bacillus,p,soil,79.866,27.43,4,0.16,30,16,26.40611331,34.14,1.373,2.878049394,2.9652892202900554,Klebsiella pneumoniae,2.6650042024443428,0.3002850178457126,923.1860222134079,462.38549564424824
26,Au,Bacillus subtilis,non-pathogenic,"purchased from us research nanomaterials, inc.в ",MBEC,rod-shaped,Bacteria,Bacillota,Bacilli,Bacillales,Bacillaceae,Bacillus,p,nose,196.966569,44.45,3,0.16,30,11,23.00188061,0.0,0.0,2.46797672,1.7186928730150957,Klebsiella pneumoniae,1.4247926421242338,0.2939002308908618,52.32302845770398,26.594549754944687
27,ZnO,Bacillus subtilis,non-pathogenic,green_synthesis,MBEC,hexagonal,Bacteria,Bacillota,Bacilli,Bacillales,Bacillaceae,Bacillus,p,soil,81.3794,18.0,1,0.16,30,8,22.60496136,17.07,0.6865,4.082482905,2.323351317239345,Klebsiella pneumoniae,2.040489149810594,0.28286216742875103,210.54809542710112,109.77138652139206
28,ZnO,Bacillus subtilis,non-pathogenic,"purchased from us research nanomaterials, inc.в ",MBEC,quasi-spherical,Bacteria,Bacillota,Bacilli,Bacillales,Bacillaceae,Bacillus,p,carious dentine,81.3794,45.26,0,0.16,30,8,22.60496136,17.07,0.6865,4.082482905,1.2366288999443622,Klebsiella pneumoniae,1.043294453717937,0.19333444622642526,17.24363811591295,11.048274442659027
29,ZnO,Bacillus subtilis,non-pathogenic,purchased from sigma aldrich ( citrate capped agnps),MBC,tetragonal,Bacteria,Bacillota,Bacilli,Bacillales,Bacillaceae,Bacillus,p,urine,81.3794,12.5,1,0.16,30,8,22.60496136,17.07,0.6865,4.082482905,1.4597002257145313,Klebsiella pneumoniae,1.2859291349552668,0.17377109075926445,28.82041470546134,19.316530980638714
30,Cu,Bacillus subtilis,non-pathogenic,purchased from sigma aldrich ( citrate capped agnps),MBEC,tetragonal,Bacteria,Bacillota,Bacilli,Bacillales,Bacillaceae,Bacillus,p,urine,63.55,4.7,1,0.16,30,11,17.96409803,0.0,0.0,1.243163121,0.8658501859961188,Klebsiella pneumoniae,0.720010581634476,0.1458396043616429,7.342605343237129,5.248202473990462
31,Ag,Bacillus subtilis,non-pathogenic,chemical_synthesis,MBEC,triangular,Bacteria,Bacillota,Bacilli,Bacillales,Bacillaceae,Bacillus,p,food,107.87,27.43,4,0.16,30,11,23.00188061,0.0,0.0,1.78376517,-0.18389014660063485,Klebsiella pneumoniae,-0.3017785191223803,0.11788837252174544,0.654801783136793,0.4991389727416247
32,Ag,Bacillus subtilis,non-pathogenic,"purchased from us research nanomaterials, inc.в ",MBEC,spherical,Bacteria,Bacillota,Bacilli,Bacillales,Bacillaceae,Bacillus,p,carious dentine,107.8682,6.0,18,0.16,30,11,23.00188061,0.0,0.0,1.78376517,1.4739139982657476,Klebsiella pneumoniae,1.3842166325265313,0.08969736573921638,29.779266632041814,24.22236993165216
33,TiO2,Bacillus subtilis,non-pathogenic,"purchased from us research nanomaterials, inc.в ",MBEC,tetragonal,Bacteria,Bacillota,Bacilli,Bacillales,Bacillaceae,Bacillus,p,mammary gland,79.866,44.45,3,0.16,30,16,26.40611331,34.14,1.373,2.878049394,1.4307928006755515,Klebsiella pneumoniae,1.3486097183572292,0.08218308231832228,26.96452663923001,22.315659098321504
34,ZnO,Bacillus subtilis,non-pathogenic,chemical_synthesis,MBEC,spheroidal,Bacteria,Bacillota,Bacilli,Bacillales,Bacillaceae,Bacillus,p,blood,81.3794,4.0,1,0.16,30,8,22.60496136,17.07,0.6865,4.082482905,0.63980462675071,Klebsiella pneumoniae,0.6010757634635024,0.03872886328720759,4.363195038501715,3.9909451905544753
35,Ag,Bacillus subtilis,non-pathogenic,electrochemical synthesis,MBC,triangular,Bacteria,Bacillota,Bacilli,Bacillales,Bacillaceae,Bacillus,p,blood,107.8682,1.9,1,0.16,30,11,23.00188061,0.0,0.0,1.78376517,-0.1564832743169695,Klebsiella pneumoniae,-0.17031163795698712,0.013828363640017605,0.6974558569995795,0.6755980105807252
