,np,bacteria,bac_type,np_synthesis,method,shape,kingdom,phylum,class,order,family,genus,gram,isolated_from,mol_weight (g/mol),np_size_avg (nm),time_set,"min_Incub_period, h","growth_temp, C",Valance_electron,labuteASA,tpsa,CrippenMR,chi0v,pred_MIC_norm,pathogenic_bacteria,pred_MIC_pathogen,Fitness,pred_norm_MIC_original,pred_path_MIC_original
0,Pd,Bacillus subtilis,non-pathogenic,chemical_synthesis,MIC,hexagonal,Bacteria,Bacillota,Bacilli,Bacillales,Bacillaceae,Bacillus,p,mouth,195.084,0.8,4,0.16,30,10,21.14774404,0.0,0.0,1.870828693,0.8987060162193384,Klebsiella pneumoniae,0.01774804109793271,0.8809579751214057,7.919650498938463,1.041712897215117
9,ZnO,Bacillus subtilis,non-pathogenic,green_synthesis,MIC,quasi-spherical,Bacteria,Bacillota,Bacilli,Bacillales,Bacillaceae,Bacillus,p,blood,81.3794,5.1,1,0.16,30,8,22.60496136,17.07,0.6865,4.082482905,0.4147106262415221,Klebsiella pneumoniae,-0.18636406868471989,0.601074694926242,2.5984276338833983,0.6510823634479236
4,ZnO,Bacillus subtilis,non-pathogenic,chemical_synthesis,MBEC,cubic,Bacteria,Bacillota,Bacilli,Bacillales,Bacillaceae,Bacillus,p,carious dentine,81.3794,1.9,0,0.16,30,8,22.60496136,17.07,0.6865,4.082482905,1.4500679884499275,Klebsiella pneumoniae,1.018264483702716,0.4318035047472115,28.18824181370886,10.429523901042485
5,Au,Bacillus subtilis,non-pathogenic,green_synthesis,MBEC,quasi-spherical,Bacteria,Bacillota,Bacilli,Bacillales,Bacillaceae,Bacillus,p,lungs,196.966569,3.0,1,0.16,30,11,23.00188061,0.0,0.0,2.46797672,1.4245525410808297,Klebsiella pneumoniae,1.206513674495664,0.2180388665851658,26.57985093962931,16.088430342329616
8,Ag,Bacillus subtilis,non-pathogenic,electrochemical synthesis,MBEC,triangular,Bacteria,Bacillota,Bacilli,Bacillales,Bacillaceae,Bacillus,p,food,107.8682,40.0,18,0.16,30,11,23.00188061,0.0,0.0,1.78376517,-0.11189434778466123,Klebsiella pneumoniae,-0.32334645371656867,0.21145210593190744,0.7728685804528322,0.4749561836259819
3,Ag,Bacillus subtilis,non-pathogenic,"purchased from us research nanomaterials, inc.в ",MBC,quasi-spherical,Bacteria,Bacillota,Bacilli,Bacillales,Bacillaceae,Bacillus,p,urine,107.87,8.0,24,0.16,30,11,23.00188061,0.0,0.0,1.78376517,1.460866694175945,Klebsiella pneumoniae,1.2628685379517706,0.19799815622417438,28.897927301092384,18.317598600564388
6,ZnO,Bacillus subtilis,non-pathogenic,chemical_synthesis,MIC,nanoplates,Bacteria,Bacillota,Bacilli,Bacillales,Bacillaceae,Bacillus,p,mouth,81.3794,18.0,4,0.16,30,8,22.60496136,17.07,0.6865,4.082482905,1.7713156928207416,Klebsiella pneumoniae,1.593865925230169,0.17744976759057263,59.063025896111036,39.252373732706516
7,Ag,Bacillus subtilis,non-pathogenic,electrochemical synthesis,MBC,nanoplates,Bacteria,Bacillota,Bacilli,Bacillales,Bacillaceae,Bacillus,p,nose,107.87,40.0,1,0.16,30,11,23.00188061,0.0,0.0,1.78376517,0.913127651465852,Klebsiella pneumoniae,0.7614628289122307,0.15166482255362124,8.187053935082629,5.773814527557895
2,Cu,Bacillus subtilis,non-pathogenic,"purchased from us research nanomaterials, inc.в ",MBEC,spherical,Bacteria,Bacillota,Bacilli,Bacillales,Bacillaceae,Bacillus,p,urine,63.55,50.0,2,0.16,30,11,17.96409803,0.0,0.0,1.243163121,2.3873210856422196,Klebsiella pneumoniae,2.332651526824355,0.054669558817864505,243.9613824183532,215.10550588662304
1,Ag,Bacillus subtilis,non-pathogenic,chemical_synthesis,MBC,hexagonal,Bacteria,Bacillota,Bacilli,Bacillales,Bacillaceae,Bacillus,p,skin,107.87,13.0,18,0.16,30,11,23.00188061,0.0,0.0,1.78376517,1.9336785615340215,Klebsiella pneumoniae,2.1893758179744465,-0.25569725644042496,85.83779669642486,154.65922086334902
