,np,bacteria,bac_type,np_synthesis,method,shape,kingdom,phylum,class,order,family,genus,gram,isolated_from,mol_weight (g/mol),np_size_avg (nm),time_set,"min_Incub_period, h","growth_temp, C",Valance_electron,labuteASA,tpsa,CrippenMR,chi0v,pred_MIC_norm,pathogenic_bacteria,pred_MIC_pathogen,Fitness,pred_norm_MIC_original,pred_path_MIC_original
0,ZnO,Bacillus subtilis,non-pathogenic,"purchased from us research nanomaterials, inc.в ",MIC,cubic,Bacteria,Bacillota,Bacilli,Bacillales,Bacillaceae,Bacillus,p,water,81.3794,1.9,3,0.16,30,8,22.60496136,17.07,0.6865,4.082482905,1.6372486083720257,Klebsiella pneumoniae,0.6390853272500518,0.9981632811219738,43.37591092341386,4.355974485268537
1,Ag,Bacillus subtilis,non-pathogenic,green_synthesis,MIC,tetragonal,Bacteria,Bacillota,Bacilli,Bacillales,Bacillaceae,Bacillus,p,water,107.87,1.4,24,0.16,30,11,23.00188061,0.0,0.0,1.78376517,1.6858020264635334,Klebsiella pneumoniae,0.719078239163673,0.9667237872998604,48.50673313696569,5.236947729226177
2,ZnO,Bacillus subtilis,non-pathogenic,"purchased from us research nanomaterials, inc.в ",MBC,cubic,Bacteria,Bacillota,Bacilli,Bacillales,Bacillaceae,Bacillus,p,food,81.3794,4.7,2,0.16,30,8,22.60496136,17.07,0.6865,4.082482905,2.236779290389594,Klebsiella pneumoniae,1.2877560236651269,0.9490232667244671,172.49610394131116,19.397958401678736
3,Ag,Bacillus subtilis,non-pathogenic,"purchased from us research nanomaterials, inc.в ",MIC,cubic,Bacteria,Bacillota,Bacilli,Bacillales,Bacillaceae,Bacillus,p,lungs,107.87,4.0,4,0.16,30,11,23.00188061,0.0,0.0,1.78376517,1.6969672315018516,Klebsiella pneumoniae,0.7730605389088289,0.9239066925930227,49.76995310100835,5.930079817529373
4,CeO2,Bacillus subtilis,non-pathogenic,electrochemical synthesis,MIC,quasi-hexagonal,Bacteria,Bacillota,Bacilli,Bacillales,Bacillaceae,Bacillus,p,water,172.115,1.9,3,0.16,30,16,39.19032095,34.14,1.373,4.456551526,2.1588296424896973,Klebsiella pneumoniae,1.2870491047690453,0.871780537720652,144.15497744503503,19.366409235078137
5,Ag,Bacillus subtilis,non-pathogenic,green_synthesis,MIC,spheroidal,Bacteria,Bacillota,Bacilli,Bacillales,Bacillaceae,Bacillus,p,food,107.87,3.0,18,0.16,30,11,23.00188061,0.0,0.0,1.78376517,1.1250777192133343,Klebsiella pneumoniae,0.25741698845872985,0.8676607307546045,13.337600939815578,1.8089101200695687
6,ZnO,Bacillus subtilis,non-pathogenic,electrochemical synthesis,MBC,cubic,Bacteria,Bacillota,Bacilli,Bacillales,Bacillaceae,Bacillus,p,mouth,81.3794,6.0,2,0.16,30,8,22.60496136,17.07,0.6865,4.082482905,2.141723025508434,Klebsiella pneumoniae,1.2759230375675736,0.8657999879408602,138.58716971303082,18.8765680297941
7,CuO,Bacillus subtilis,non-pathogenic,"purchased from us research nanomaterials, inc.в ",MIC,quasi-spherical,Bacteria,Bacillota,Bacilli,Bacillales,Bacillaceae,Bacillus,p,urine,79.5454,1.4,4,0.16,30,17,20.67942236,17.07,0.6865,1.651411411,2.3511793104235643,Klebsiella pneumoniae,1.4977964286790666,0.8533828817444977,224.48085634415898,31.462731834006508
8,ZnO,Bacillus subtilis,non-pathogenic,green_synthesis,MIC,cubic,Bacteria,Bacillota,Bacilli,Bacillales,Bacillaceae,Bacillus,p,water,81.3794,0.8,4,0.16,30,8,22.60496136,17.07,0.6865,4.082482905,1.4998801864097118,Klebsiella pneumoniae,0.6700421248424586,0.8298380615672531,31.61405368216442,4.677805119413523
9,TiO2,Bacillus subtilis,non-pathogenic,"purchased from us research nanomaterials, inc.в ",MIC,quasi-hexagonal,Bacteria,Bacillota,Bacilli,Bacillales,Bacillaceae,Bacillus,p,nose,79.866,0.8,2,0.16,30,16,26.40611331,34.14,1.373,2.878049394,1.67083900981942,Klebsiella pneumoniae,0.8692499179699464,0.8015890918494735,46.863962823635404,7.400310088650686
10,ZnO,Bacillus subtilis,non-pathogenic,green_synthesis,MBC,quasi-spherical,Bacteria,Bacillota,Bacilli,Bacillales,Bacillaceae,Bacillus,p,respiratory tract,81.3794,4.7,2,0.16,30,8,22.60496136,17.07,0.6865,4.082482905,2.0847291549658067,Klebsiella pneumoniae,1.2906475961127268,0.7940815588530798,121.54277703198963,19.527542699179868
11,CeO2,Bacillus subtilis,non-pathogenic,chemical_synthesis,MIC,rod-shaped,Bacteria,Bacillota,Bacilli,Bacillales,Bacillaceae,Bacillus,p,soil,172.115,3.0,4,0.16,30,16,39.19032095,34.14,1.373,4.456551526,2.0568552728001137,Klebsiella pneumoniae,1.275143271398374,0.7817120014017398,113.98698663975114,18.842705976370762
12,ZnO,Bacillus subtilis,non-pathogenic,"purchased from us research nanomaterials, inc.в ",MBC,cubic,Bacteria,Bacillota,Bacilli,Bacillales,Bacillaceae,Bacillus,p,soil,81.3794,8.0,1,0.16,30,8,22.60496136,17.07,0.6865,4.082482905,2.2126248835521074,Klebsiella pneumoniae,1.4366493102002995,0.7759755733518079,163.16420286082098,27.330609071890695
13,Ag,Bacillus subtilis,non-pathogenic,"purchased from us research nanomaterials, inc.в ",MIC,cubic,Bacteria,Bacillota,Bacilli,Bacillales,Bacillaceae,Bacillus,p,soil,107.87,4.0,1,0.16,30,11,23.00188061,0.0,0.0,1.78376517,1.5681356822740442,Klebsiella pneumoniae,0.7933472625378755,0.7747884197361687,36.99437395440372,6.2136568060101744
14,Ag,Bacillus subtilis,non-pathogenic,electrochemical synthesis,MIC,quasi-spherical,Bacteria,Bacillota,Bacilli,Bacillales,Bacillaceae,Bacillus,p,meat,107.87,1.4,24,0.16,30,11,23.00188061,0.0,0.0,1.78376517,1.961341184536262,Klebsiella pneumoniae,1.1885324862581412,0.7728086982781208,91.4831656866826,15.435918833430703
15,ZnO,Bacillus subtilis,non-pathogenic,electrochemical synthesis,MBC,quasi-spherical,Bacteria,Bacillota,Bacilli,Bacillales,Bacillaceae,Bacillus,p,lungs,81.3794,5.1,2,0.16,30,8,22.60496136,17.07,0.6865,4.082482905,1.8227165123762479,Klebsiella pneumoniae,1.0521832491619132,0.7705332632143347,66.4839037939175,11.276731738788977
16,TiO2,Bacillus subtilis,non-pathogenic,electrochemical synthesis,MBC,quasi-hexagonal,Bacteria,Bacillota,Bacilli,Bacillales,Bacillaceae,Bacillus,p,water,79.866,8.0,0,0.16,30,16,26.40611331,34.14,1.373,2.878049394,2.2545515803513982,Klebsiella pneumoniae,1.5000330644107438,0.7545185159406544,179.70144955837335,31.62518424976871
17,ZnO,Bacillus subtilis,non-pathogenic,electrochemical synthesis,MIC,rod-shaped,Bacteria,Bacillota,Bacilli,Bacillales,Bacillaceae,Bacillus,p,lungs,81.3794,1.9,1,0.16,30,8,22.60496136,17.07,0.6865,4.082482905,0.8778555152760463,Klebsiella pneumoniae,0.12835606834059998,0.7494994469354463,7.54841059044605,1.3438663155491781
18,Ag,Bacillus subtilis,non-pathogenic,electrochemical synthesis,MIC,cubic,Bacteria,Bacillota,Bacilli,Bacillales,Bacillaceae,Bacillus,p,meat,107.87,0.8,3,0.16,30,11,23.00188061,0.0,0.0,1.78376517,1.53376563469774,Klebsiella pneumoniae,0.7861176510763851,0.7476479836213549,34.17949444442357,6.111075525064169
19,Al2O3,Bacillus subtilis,non-pathogenic,"purchased from us research nanomaterials, inc.в ",MIC,rod-shaped,Bacteria,Bacillota,Bacilli,Bacillales,Bacillaceae,Bacillus,p,urine,101.961276,1.9,4,0.16,30,24,51.55776403,85.5,13.5675,4.688846487,2.138521545843844,Klebsiella pneumoniae,1.3933152078232212,0.7452063380206226,137.56930582816932,24.73518755869611
20,ZnO,Bacillus subtilis,non-pathogenic,green_synthesis,MBEC,cubic,Bacteria,Bacillota,Bacilli,Bacillales,Bacillaceae,Bacillus,p,lungs,81.3794,8.0,3,0.16,30,8,22.60496136,17.07,0.6865,4.082482905,2.5756272504539846,Klebsiella pneumoniae,1.8439072340899907,0.7317200163639939,376.380617515083,69.80832765845577
21,Ag,Bacillus subtilis,non-pathogenic,"purchased from us research nanomaterials, inc.в ",MIC,spheroidal,Bacteria,Bacillota,Bacilli,Bacillales,Bacillaceae,Bacillus,p,respiratory tract,107.87,12.0,18,0.16,30,11,23.00188061,0.0,0.0,1.78376517,1.5190267526115808,Klebsiella pneumoniae,0.7899582873616003,0.7290684652499805,33.038989248174936,6.165357826673428
22,ZnO,Bacillus subtilis,non-pathogenic,"purchased from us research nanomaterials, inc.в ",MIC,rod-shaped,Bacteria,Bacillota,Bacilli,Bacillales,Bacillaceae,Bacillus,p,urine,81.3794,4.0,18,0.16,30,8,22.60496136,17.07,0.6865,4.082482905,0.8536166859528881,Klebsiella pneumoniae,0.12805837684290156,0.7255583091099865,7.138659803956727,1.3429454645772327
23,Ag,Bacillus subtilis,non-pathogenic,"purchased from us research nanomaterials, inc.в ",MBEC,cubic,Bacteria,Bacillota,Bacilli,Bacillales,Bacillaceae,Bacillus,p,mammary gland,107.8682,8.7,4,0.16,30,11,23.00188061,0.0,0.0,1.78376517,2.311860874681744,Klebsiella pneumoniae,1.6026926510179216,0.7091682236638226,205.05051985988274,40.0583125740312
24,ZnO,Bacillus subtilis,non-pathogenic,"purchased from us research nanomaterials, inc.в ",MIC,nanoplates,Bacteria,Bacillota,Bacilli,Bacillales,Bacillaceae,Bacillus,p,soil,81.3794,4.0,24,0.16,30,8,22.60496136,17.07,0.6865,4.082482905,2.213982026827688,Klebsiella pneumoniae,1.5126705818743464,0.7013114449533417,163.67487835728,32.55896432520502
25,TiO2,Bacillus subtilis,non-pathogenic,"purchased from us research nanomaterials, inc.в ",MBEC,cubic,Bacteria,Bacillota,Bacilli,Bacillales,Bacillaceae,Bacillus,p,skin,79.866,5.1,3,0.16,30,16,26.40611331,34.14,1.373,2.878049394,3.1204346552777853,Klebsiella pneumoniae,2.428639577837475,0.6917950774403101,1319.576750898472,268.311679555062
26,CuO,Bacillus subtilis,non-pathogenic,electrochemical synthesis,MBC,cubic,Bacteria,Bacillota,Bacilli,Bacillales,Bacillaceae,Bacillus,p,mammary gland,79.5454,6.0,4,0.16,30,17,20.67942236,17.07,0.6865,1.651411411,3.1608944978024587,Klebsiella pneumoniae,2.4700602020127835,0.6908342957896751,1448.4199493494086,295.16183524043504
27,ZrO2,Bacillus subtilis,non-pathogenic,purchased from sigma aldrich ( citrate capped agnps),MIC,spheroidal,Bacteria,Bacillota,Bacilli,Bacillales,Bacillaceae,Bacillus,p,respiratory tract,123.2218,1.9,1,0.16,30,16,29.29254423,34.14,1.373,3.774536472,1.7263717215419778,Klebsiella pneumoniae,1.0377361362777378,0.6886355852642401,53.25638965910134,10.907774128975603
28,ZnO,Bacillus subtilis,non-pathogenic,electrochemical synthesis,MBC,spherical,Bacteria,Bacillota,Bacilli,Bacillales,Bacillaceae,Bacillus,p,urine,81.3794,4.7,4,0.16,30,8,22.60496136,17.07,0.6865,4.082482905,1.8505183313459135,Klebsiella pneumoniae,1.1620003804636605,0.688517950882253,70.87912235314778,14.52112889710614
29,TiO2,Bacillus subtilis,non-pathogenic,"purchased from us research nanomaterials, inc.в ",MBC,spherical,Bacteria,Bacillota,Bacilli,Bacillales,Bacillaceae,Bacillus,p,water,79.866,5.1,2,0.16,30,16,26.40611331,34.14,1.373,2.878049394,2.9891959801295833,Klebsiella pneumoniae,2.3007805058366357,0.6884154742929476,975.4297117297077,199.88513868397854
30,ZnO,Bacillus subtilis,non-pathogenic,"purchased from us research nanomaterials, inc.в ",MBC,quasi-hexagonal,Bacteria,Bacillota,Bacilli,Bacillales,Bacillaceae,Bacillus,p,skin,81.3794,25.0,4,0.16,30,8,22.60496136,17.07,0.6865,4.082482905,1.5857479549530598,Klebsiella pneumoniae,0.89737499769831,0.6883729572547498,38.52547082131422,7.895415641779411
31,Ag,Bacillus subtilis,non-pathogenic,"purchased from us research nanomaterials, inc.в ",MIC,spherical,Bacteria,Bacillota,Bacilli,Bacillales,Bacillaceae,Bacillus,p,mammary gland,107.87,4.0,3,0.16,30,11,23.00188061,0.0,0.0,1.78376517,1.3478705794768033,Klebsiella pneumoniae,0.66168424489801,0.6861863345787933,22.277711705955184,4.588642728862459
32,CuO,Bacillus subtilis,non-pathogenic,"purchased from us research nanomaterials, inc.в ",MBC,quasi-spherical,Bacteria,Bacillota,Bacilli,Bacillales,Bacillaceae,Bacillus,p,skin,79.5454,0.8,2,0.16,30,17,20.67942236,17.07,0.6865,1.651411411,2.7882731438991444,Klebsiella pneumoniae,2.1026032162003383,0.6856699276988061,614.1481442581194,126.6494231937157
33,Ag,Bacillus subtilis,non-pathogenic,electrochemical synthesis,MIC,nanoplates,Bacteria,Bacillota,Bacilli,Bacillales,Bacillaceae,Bacillus,p,respiratory tract,107.87,1.4,24,0.16,30,11,23.00188061,0.0,0.0,1.78376517,2.595355824462829,Klebsiella pneumoniae,1.9106395773078477,0.6847162471549815,393.8726494972718,81.4028438225743
34,ZnO,Bacillus subtilis,non-pathogenic,chemical_synthesis,MBEC,hexagonal,Bacteria,Bacillota,Bacilli,Bacillales,Bacillaceae,Bacillus,p,carious dentine,81.3794,5.1,4,0.16,30,8,22.60496136,17.07,0.6865,4.082482905,1.7953468012339087,Klebsiella pneumoniae,1.1112749223631138,0.6840718788707949,62.42331112133214,12.92036915676656
35,Ag,Bacillus subtilis,non-pathogenic,chemical_synthesis,MIC,rod-shaped,Bacteria,Bacillota,Bacilli,Bacillales,Bacillaceae,Bacillus,p,respiratory tract,107.87,4.0,0,0.16,30,11,23.00188061,0.0,0.0,1.78376517,0.89425982699816,Klebsiella pneumoniae,0.21565994448778314,0.6785998825103768,7.83898488409292,1.6430846730011108
36,ZnO,Bacillus subtilis,non-pathogenic,electrochemical synthesis,MBEC,hexagonal,Bacteria,Bacillota,Bacilli,Bacillales,Bacillaceae,Bacillus,p,lungs,81.3794,1.4,0,0.16,30,8,22.60496136,17.07,0.6865,4.082482905,2.196801554726927,Klebsiella pneumoniae,1.5185457628806747,0.6782557918462522,157.32638175494392,33.00241816926526
37,Ag,Bacillus subtilis,non-pathogenic,electrochemical synthesis,MIC,spheroidal,Bacteria,Bacillota,Bacilli,Bacillales,Bacillaceae,Bacillus,p,mouth,107.87,0.8,2,0.16,30,11,23.00188061,0.0,0.0,1.78376517,0.8941241914546478,Klebsiella pneumoniae,0.2436609681975539,0.6504632232570939,7.836537054326174,1.7525118700549305
38,CeO2,Bacillus subtilis,non-pathogenic,"purchased from us research nanomaterials, inc.в ",MIC,cubic,Bacteria,Bacillota,Bacilli,Bacillales,Bacillaceae,Bacillus,p,lungs,172.115,8.7,4,0.16,30,16,39.19032095,34.14,1.373,4.456551526,2.760462196695208,Klebsiella pneumoniae,2.1121239723455107,0.6483382243496973,576.0526736846292,129.45653312843552
39,ZnO,Bacillus subtilis,non-pathogenic,purchased from sigma aldrich ( citrate capped agnps),MBC,cubic,Bacteria,Bacillota,Bacilli,Bacillales,Bacillaceae,Bacillus,p,soil,81.3794,8.0,2,0.16,30,8,22.60496136,17.07,0.6865,4.082482905,2.391720268041475,Klebsiella pneumoniae,1.745046924975101,0.646673343066374,246.4451456365516,55.59643252745746
40,CuO,Bacillus subtilis,non-pathogenic,green_synthesis,MBC,nanoplates,Bacteria,Bacillota,Bacilli,Bacillales,Bacillaceae,Bacillus,p,food,79.5454,4.7,0,0.16,30,17,20.67942236,17.07,0.6865,1.651411411,3.31688777084327,Klebsiella pneumoniae,2.67102936303729,0.6458584078059801,2074.377393422982,468.84508010774124
41,Al2O3,Bacillus subtilis,non-pathogenic,"purchased from us research nanomaterials, inc.в ",MIC,cubic,Bacteria,Bacillota,Bacilli,Bacillales,Bacillaceae,Bacillus,p,mouth,101.961276,4.0,2,0.16,30,24,51.55776403,85.5,13.5675,4.688846487,2.22100328545977,Klebsiella pneumoniae,1.5752131628913064,0.6457901225684637,166.3425234218787,37.60219202228266
42,Ag,Bacillus subtilis,non-pathogenic,purchased from sigma aldrich ( citrate capped agnps),MIC,hexagonal,Bacteria,Bacillota,Bacilli,Bacillales,Bacillaceae,Bacillus,p,mouth,107.87,4.0,0,0.16,30,11,23.00188061,0.0,0.0,1.78376517,1.7008263739470566,Klebsiella pneumoniae,1.0582234088530167,0.6426029650940399,50.21417987404157,11.434664031
43,ZnO,Bacillus subtilis,non-pathogenic,"purchased from us research nanomaterials, inc.в ",MBC,cubic,Bacteria,Bacillota,Bacilli,Bacillales,Bacillaceae,Bacillus,p,lungs,81.3794,18.5,2,0.16,30,8,22.60496136,17.07,0.6865,4.082482905,2.375244253523147,Klebsiella pneumoniae,1.7343090476407863,0.6409352058823605,237.270777578421,54.23867201007637
44,CuO,Bacillus subtilis,non-pathogenic,"purchased from us research nanomaterials, inc.в ",MBEC,quasi-hexagonal,Bacteria,Bacillota,Bacilli,Bacillales,Bacillaceae,Bacillus,p,urine,79.5454,0.8,0,0.16,30,17,20.67942236,17.07,0.6865,1.651411411,2.6446838909733326,Klebsiella pneumoniae,2.00763829572852,0.6370455952448126,441.24915932652607,101.7743402436063
45,Au,Bacillus subtilis,non-pathogenic,"purchased from us research nanomaterials, inc.в ",MIC,quasi-hexagonal,Bacteria,Bacillota,Bacilli,Bacillales,Bacillaceae,Bacillus,p,lungs,196.966569,1.4,3,0.16,30,11,23.00188061,0.0,0.0,2.46797672,1.2206585958281067,Klebsiella pneumoniae,0.584616963543849,0.6360416322842577,16.621055353006295,3.842527316187118
46,ZnO,Bacillus subtilis,non-pathogenic,green_synthesis,MBC,spherical,Bacteria,Bacillota,Bacilli,Bacillales,Bacillaceae,Bacillus,p,water,81.3794,1.9,0,0.16,30,8,22.60496136,17.07,0.6865,4.082482905,1.917178979588509,Klebsiella pneumoniae,1.2851620145734266,0.6320169650150824,82.63784429683237,19.28244115014954
47,Ag,Bacillus subtilis,non-pathogenic,"purchased from us research nanomaterials, inc.в ",MBEC,nanoplates,Bacteria,Bacillota,Bacilli,Bacillales,Bacillaceae,Bacillus,p,mouth,107.8682,8.7,4,0.16,30,11,23.00188061,0.0,0.0,1.78376517,2.224984692858731,Klebsiella pneumoniae,1.5989367790891824,0.6260479137695485,167.8744848046784,39.71337338973991
48,ZnO,Bacillus subtilis,non-pathogenic,chemical_synthesis,MIC,rod-shaped,Bacteria,Bacillota,Bacilli,Bacillales,Bacillaceae,Bacillus,p,respiratory tract,81.3794,0.8,0,0.16,30,8,22.60496136,17.07,0.6865,4.082482905,0.9521392029378427,Klebsiella pneumoniae,0.32657508061198826,0.6255641223258545,8.956517997808277,2.121168067864517
49,TiO2,Bacillus subtilis,non-pathogenic,chemical_synthesis,MIC,quasi-hexagonal,Bacteria,Bacillota,Bacilli,Bacillales,Bacillaceae,Bacillus,p,skin,79.866,1.4,2,0.16,30,16,26.40611331,34.14,1.373,2.878049394,1.7556996158446545,Klebsiella pneumoniae,1.1446959783934822,0.6110036374511723,56.97700487656048,13.953911955310335
50,Cu,Bacillus subtilis,non-pathogenic,"purchased from us research nanomaterials, inc.в ",MBC,quasi-spherical,Bacteria,Bacillota,Bacilli,Bacillales,Bacillaceae,Bacillus,p,skin,63.55,5.1,2,0.16,30,11,17.96409803,0.0,0.0,1.243163121,1.9491080242430192,Klebsiella pneumoniae,1.3469058589179903,0.6022021653250289,88.94223208176851,22.22828000772916
51,CuO,Bacillus subtilis,non-pathogenic,purchased from sigma aldrich ( citrate capped agnps),MBC,hexagonal,Bacteria,Bacillota,Bacilli,Bacillales,Bacillaceae,Bacillus,p,meat,79.5454,8.0,1,0.16,30,17,20.67942236,17.07,0.6865,1.651411411,3.3109223009065945,Klebsiella pneumoniae,2.7143146522747488,0.5966076486318457,2046.0785425729239,517.9819810429888
52,TiO2,Bacillus subtilis,non-pathogenic,green_synthesis,MBC,tetragonal,Bacteria,Bacillota,Bacilli,Bacillales,Bacillaceae,Bacillus,p,respiratory tract,79.866,4.7,18,0.16,30,16,26.40611331,34.14,1.373,2.878049394,2.0654682294923536,Klebsiella pneumoniae,1.498425552164348,0.5670426773280057,116.27014912815822,31.50834210103598
53,Pd,Bacillus subtilis,non-pathogenic,green_synthesis,MIC,quasi-spherical,Bacteria,Bacillota,Bacilli,Bacillales,Bacillaceae,Bacillus,p,water,195.084,4.0,24,0.16,30,10,21.14774404,0.0,0.0,1.870828693,2.001521753959611,Klebsiella pneumoniae,1.4347877670072213,0.5667339869523897,100.35101140548669,27.213710911360213
54,ZnO,Bacillus subtilis,non-pathogenic,green_synthesis,MIC,hexagonal,Bacteria,Bacillota,Bacilli,Bacillales,Bacillaceae,Bacillus,p,carious dentine,81.3794,0.8,18,0.16,30,8,22.60496136,17.07,0.6865,4.082482905,1.2742978951457102,Klebsiella pneumoniae,0.7090970812116462,0.5652008139340641,18.806063367700762,5.1179622853202185
55,CuO,Bacillus subtilis,non-pathogenic,purchased from sigma aldrich ( citrate capped agnps),MIC,nanoplates,Bacteria,Bacillota,Bacilli,Bacillales,Bacillaceae,Bacillus,p,food,79.5454,6.0,0,0.16,30,17,20.67942236,17.07,0.6865,1.651411411,2.7130314381512375,Klebsiella pneumoniae,2.2162557440501853,0.49677569410105216,516.453753499211,164.53403335658453
56,ZnO,Bacillus subtilis,non-pathogenic,chemical_synthesis,MBEC,nanoplates,Bacteria,Bacillota,Bacilli,Bacillales,Bacillaceae,Bacillus,p,soil,81.3794,4.7,1,0.16,30,8,22.60496136,17.07,0.6865,4.082482905,2.1603261538616167,Klebsiella pneumoniae,1.6767377776239658,0.48358837623765094,144.65256994195914,47.50483102302963
57,Ag,Bacillus subtilis,non-pathogenic,chemical_synthesis,MIC,hexagonal,Bacteria,Bacillota,Bacilli,Bacillales,Bacillaceae,Bacillus,p,blood,107.8682,3.0,3,0.16,30,11,23.00188061,0.0,0.0,1.78376517,0.8142567171529728,Klebsiella pneumoniae,0.37075858280608687,0.4434981343468859,6.52013694000795,2.3483270613810117
58,ZnO,Bacillus subtilis,non-pathogenic,purchased from sigma aldrich ( citrate capped agnps),MIC,nanoplates,Bacteria,Bacillota,Bacilli,Bacillales,Bacillaceae,Bacillus,p,lungs,81.3794,13.0,3,0.16,30,8,22.60496136,17.07,0.6865,4.082482905,1.6531407766668118,Klebsiella pneumoniae,1.231387861122665,0.42175291554414684,44.99256747801945,17.03679356650218
59,TiO2,Bacillus subtilis,non-pathogenic,"purchased from us research nanomaterials, inc.в ",MBC,quasi-spherical,Bacteria,Bacillota,Bacilli,Bacillales,Bacillaceae,Bacillus,p,blood,79.866,27.43,2,0.16,30,16,26.40611331,34.14,1.373,2.878049394,2.380645039387725,Klebsiella pneumoniae,1.9897805731946685,0.3908644661930565,240.2398452204625,97.67435976455342
60,ZrO2,Bacillus subtilis,non-pathogenic,green_synthesis,MBC,tetragonal,Bacteria,Bacillota,Bacilli,Bacillales,Bacillaceae,Bacillus,p,respiratory tract,123.2218,0.8,24,0.16,30,16,29.29254423,34.14,1.373,3.774536472,2.3838037556944607,Klebsiella pneumoniae,1.9961651016331436,0.38763865406131703,241.99353053799751,99.1208691726722
61,ZnO,Bacillus subtilis,non-pathogenic,purchased from sigma aldrich ( citrate capped agnps),MIC,hexagonal,Bacteria,Bacillota,Bacilli,Bacillales,Bacillaceae,Bacillus,p,water,81.3794,11.3,2,0.16,30,8,22.60496136,17.07,0.6865,4.082482905,1.861812643367934,Klebsiella pneumoniae,1.478805382153186,0.38300726121474815,72.74659047038256,30.116561258974397
62,Pd,Bacillus subtilis,non-pathogenic,green_synthesis,MBC,rod-shaped,Bacteria,Bacillota,Bacilli,Bacillales,Bacillaceae,Bacillus,p,nose,195.084,4.7,1,0.16,30,10,21.14774404,0.0,0.0,1.870828693,1.3367677689003095,Klebsiella pneumoniae,0.9726219223332662,0.3641458465670433,21.715396768769033,9.389055847885196
63,Ag,Bacillus subtilis,non-pathogenic,chemical_synthesis,MIC,hexagonal,Bacteria,Bacillota,Bacilli,Bacillales,Bacillaceae,Bacillus,p,food,107.87,55.6,2,0.16,30,11,23.00188061,0.0,0.0,1.78376517,1.4167937687009347,Klebsiella pneumoniae,1.088828968369659,0.3279648003312756,26.109212245679178,12.269559424912506
64,Au,Bacillus subtilis,non-pathogenic,chemical_synthesis,MBEC,nanoplates,Bacteria,Bacillota,Bacilli,Bacillales,Bacillaceae,Bacillus,p,blood,196.966569,20.0,4,0.16,30,11,23.00188061,0.0,0.0,2.46797672,1.4825718752840267,Klebsiella pneumoniae,1.1567901457697556,0.3257817295142711,30.378888177771657,14.34795962050642
65,Ag,Bacillus subtilis,non-pathogenic,"purchased from us research nanomaterials, inc.в ",MBEC,quasi-spherical,Bacteria,Bacillota,Bacilli,Bacillales,Bacillaceae,Bacillus,p,meat,107.8682,27.43,4,0.16,30,11,23.00188061,0.0,0.0,1.78376517,2.0649206477703768,Klebsiella pneumoniae,1.814808054260789,0.2501125935095878,116.12364188399191,65.28419514056368
66,CeO2,Bacillus subtilis,non-pathogenic,"purchased from us research nanomaterials, inc.в ",MBC,cubic,Bacteria,Bacillota,Bacilli,Bacillales,Bacillaceae,Bacillus,p,urine,172.115,26.38,4,0.16,30,16,39.19032095,34.14,1.373,4.456551526,3.1695915836983626,Klebsiella pneumoniae,2.941933375502762,0.22765820819560068,1477.7180688256062,874.8495555095487
67,Ag,Bacillus subtilis,non-pathogenic,"purchased from us research nanomaterials, inc.в ",MBC,triangular,Bacteria,Bacillota,Bacilli,Bacillales,Bacillaceae,Bacillus,p,skin,107.87,13.5,24,0.16,30,11,23.00188061,0.0,0.0,1.78376517,0.40616084516055895,Klebsiella pneumoniae,0.18490877503914738,0.22125207012141157,2.547773670485532,1.530765885582917
68,Ag,Bacillus subtilis,non-pathogenic,green_synthesis,MBC,cubic,Bacteria,Bacillota,Bacilli,Bacillales,Bacillaceae,Bacillus,p,food,107.87,79.0,2,0.16,30,11,23.00188061,0.0,0.0,1.78376517,1.6044968941357565,Klebsiella pneumoniae,1.4178163202844591,0.18668057385129733,40.225077928522744,26.17075912808921
69,Ag,Bacillus subtilis,non-pathogenic,"purchased from us research nanomaterials, inc.в ",MBEC,cubic,Bacteria,Bacillota,Bacilli,Bacillales,Bacillaceae,Bacillus,p,nose,107.87,1.9,18,0.16,30,11,23.00188061,0.0,0.0,1.78376517,1.8622662817770381,Klebsiella pneumoniae,1.6895620547202248,0.17270422705681332,72.82261696901989,48.928517227497586
70,Ag,Bacillus subtilis,non-pathogenic,"purchased from us research nanomaterials, inc.в ",MBEC,cubic,Bacteria,Bacillota,Bacilli,Bacillales,Bacillaceae,Bacillus,p,nose,107.87,1.9,18,0.16,30,11,23.00188061,0.0,0.0,1.78376517,1.8622662817770381,Klebsiella pneumoniae,1.6895620547202248,0.17270422705681332,72.82261696901989,48.928517227497586
71,ZnO,Bacillus subtilis,non-pathogenic,"purchased from us research nanomaterials, inc.в ",MIC,nanoplates,Bacteria,Bacillota,Bacilli,Bacillales,Bacillaceae,Bacillus,p,respiratory tract,81.3794,37.86,2,0.16,30,8,22.60496136,17.07,0.6865,4.082482905,1.4149498722546485,Klebsiella pneumoniae,1.2633443131952475,0.15160555905940098,25.998594612297765,18.33767676358926
72,Ag,Bacillus subtilis,non-pathogenic,chemical_synthesis,MBEC,cubic,Bacteria,Bacillota,Bacilli,Bacillales,Bacillaceae,Bacillus,p,mouth,107.87,35.0,4,0.16,30,11,23.00188061,0.0,0.0,1.78376517,1.9415646512142573,Klebsiella pneumoniae,1.7966541033327375,0.1449105478815198,87.41071067920693,62.611499267201175
73,CuO,Bacillus subtilis,non-pathogenic,purchased from sigma aldrich ( citrate capped agnps),MBC,spheroidal,Bacteria,Bacillota,Bacilli,Bacillales,Bacillaceae,Bacillus,p,soil,79.5454,44.45,3,0.16,30,17,20.67942236,17.07,0.6865,1.651411411,2.534120219538917,Klebsiella pneumoniae,2.3964920160320338,0.1376282035068832,342.0741209023253,249.16785643981152
74,CeO2,Bacillus subtilis,non-pathogenic,chemical_synthesis,MBEC,quasi-hexagonal,Bacteria,Bacillota,Bacilli,Bacillales,Bacillaceae,Bacillus,p,blood,172.115,1.4,24,0.16,30,16,39.19032095,34.14,1.373,4.456551526,2.129629153932444,Klebsiella pneumoniae,2.0132645933740285,0.1163645605584156,134.78114886049136,103.10140731768097
75,Ag,Bacillus subtilis,non-pathogenic,purchased from sigma aldrich ( citrate capped agnps),MIC,hexagonal,Bacteria,Bacillota,Bacilli,Bacillales,Bacillaceae,Bacillus,p,food,107.87,35.0,0,0.16,30,11,23.00188061,0.0,0.0,1.78376517,1.9562480787564576,Klebsiella pneumoniae,1.847557925928695,0.10869015282776262,90.41658060417322,70.39761175728809
76,Pd,Bacillus subtilis,non-pathogenic,green_synthesis,MIC,rod-shaped,Bacteria,Bacillota,Bacilli,Bacillales,Bacillaceae,Bacillus,p,nose,195.084,22.5,0,0.16,30,10,21.14774404,0.0,0.0,1.870828693,1.1796734958982344,Klebsiella pneumoniae,1.1025373115078527,0.07713618439038172,15.124237754578303,12.66302054547132
77,Ag,Bacillus subtilis,non-pathogenic,"purchased from us research nanomaterials, inc.в ",MBC,tetragonal,Bacteria,Bacillota,Bacilli,Bacillales,Bacillaceae,Bacillus,p,nose,107.87,20.0,24,0.16,30,11,23.00188061,0.0,0.0,1.78376517,1.4128569526519539,Klebsiella pneumoniae,1.3385766788729148,0.07428027377903912,25.87360553353156,21.80603369723168
78,Al2O3,Bacillus subtilis,non-pathogenic,purchased from sigma aldrich ( citrate capped agnps),MBC,triangular,Bacteria,Bacillota,Bacilli,Bacillales,Bacillaceae,Bacillus,p,urine,101.961276,40.0,18,0.16,30,24,51.55776403,85.5,13.5675,4.688846487,1.2762184779715102,Klebsiella pneumoniae,1.2141324717388842,0.062086006232626056,18.88941368743913,16.37315871553294
79,Ag,Bacillus subtilis,non-pathogenic,"purchased from us research nanomaterials, inc.в ",MBEC,spherical,Bacteria,Bacillota,Bacilli,Bacillales,Bacillaceae,Bacillus,p,nose,107.87,55.6,0,0.16,30,11,23.00188061,0.0,0.0,1.78376517,2.2051080685004756,Klebsiella pneumoniae,2.1506679736079852,0.054440094892490354,160.3644386972651,141.4711792335627
80,Ag,Bacillus subtilis,non-pathogenic,green_synthesis,MBC,spherical,Bacteria,Bacillota,Bacilli,Bacillales,Bacillaceae,Bacillus,p,mouth,107.87,3.0,2,0.16,30,11,23.00188061,0.0,0.0,1.78376517,1.4230184992643284,Klebsiella pneumoniae,1.3862553873150474,0.03676311194928106,26.486129568664293,24.336346897486997
81,Ag,Bacillus subtilis,non-pathogenic,"purchased from us research nanomaterials, inc.в ",MBC,tetragonal,Bacteria,Bacillota,Bacilli,Bacillales,Bacillaceae,Bacillus,p,nose,107.87,79.0,0,0.16,30,11,23.00188061,0.0,0.0,1.78376517,1.4720754346417984,Klebsiella pneumoniae,1.4397927576328622,0.03228267700893617,29.65346409695678,27.529147177078567
82,ZnO,Bacillus subtilis,non-pathogenic,electrochemical synthesis,MBEC,spheroidal,Bacteria,Bacillota,Bacilli,Bacillales,Bacillaceae,Bacillus,p,respiratory tract,81.3794,55.6,2,0.16,30,8,22.60496136,17.07,0.6865,4.082482905,1.6445464164164292,Klebsiella pneumoniae,1.622140240352674,0.02240617606375528,44.110950539295814,41.892882182375054
83,Ag,Bacillus subtilis,non-pathogenic,green_synthesis,MBEC,spherical,Bacteria,Bacillota,Bacilli,Bacillales,Bacillaceae,Bacillus,p,nose,107.8682,55.6,1,0.16,30,11,23.00188061,0.0,0.0,1.78376517,1.3112621654544718,Klebsiella pneumoniae,1.3482487285119094,-0.03698656305743753,20.476803628889698,22.29711780988795
84,ZnO,Bacillus subtilis,non-pathogenic,chemical_synthesis,MBEC,quasi-hexagonal,Bacteria,Bacillota,Bacilli,Bacillales,Bacillaceae,Bacillus,p,blood,81.3794,79.0,2,0.16,30,8,22.60496136,17.07,0.6865,4.082482905,0.34431707662285627,Klebsiella pneumoniae,0.39377182756886353,-0.049454750946007264,2.2096173768536715,2.476120795544258
85,Cu,Bacillus subtilis,non-pathogenic,"purchased from us research nanomaterials, inc.в ",MIC,hexagonal,Bacteria,Bacillota,Bacilli,Bacillales,Bacillaceae,Bacillus,p,respiratory tract,63.55,26.38,1,0.16,30,11,17.96409803,0.0,0.0,1.243163121,1.7753509202899709,Klebsiella pneumoniae,1.8294384300838709,-0.05408750979389998,59.61436472417657,67.52093228031845
86,CuO,Bacillus subtilis,non-pathogenic,electrochemical synthesis,MIC,tetragonal,Bacteria,Bacillota,Bacilli,Bacillales,Bacillaceae,Bacillus,p,food,79.5454,11.3,18,0.16,30,17,20.67942236,17.07,0.6865,1.651411411,1.4777281105252618,Klebsiella pneumoniae,1.5455183641491843,-0.06779025362392255,30.041949415859612,35.117077346417446
87,Ag2O,Bacillus subtilis,non-pathogenic,electrochemical synthesis,MBC,hexagonal,Bacteria,Bacillota,Bacilli,Bacillales,Bacillaceae,Bacillus,p,respiratory tract,231.7358,11.3,2,0.16,30,28,46.55109718,17.07,0.6865,3.975778631,2.5058814820514757,Klebsiella pneumoniae,2.592053078967126,-0.08617159691565046,320.5394460484193,390.8886668319079
88,Ag,Bacillus subtilis,non-pathogenic,purchased from sigma aldrich ( citrate capped agnps),MBEC,rod-shaped,Bacteria,Bacillota,Bacilli,Bacillales,Bacillaceae,Bacillus,p,blood,107.87,25.0,1,0.16,30,11,23.00188061,0.0,0.0,1.78376517,0.9570043830555369,Klebsiella pneumoniae,1.0615314163074947,-0.10452703325195778,9.057417419222967,11.522094061663154
89,CeO2,Bacillus subtilis,non-pathogenic,chemical_synthesis,MBC,hexagonal,Bacteria,Bacillota,Bacilli,Bacillales,Bacillaceae,Bacillus,p,blood,172.115,4.7,24,0.16,30,16,39.19032095,34.14,1.373,4.456551526,2.3230079106467048,Klebsiella pneumoniae,2.4411951809863455,-0.11818727033964072,210.38167603075948,276.18187962419097
90,Au,Bacillus subtilis,non-pathogenic,"purchased from us research nanomaterials, inc.в ",MBC,rod-shaped,Bacteria,Bacillota,Bacilli,Bacillales,Bacillaceae,Bacillus,p,urine,196.966569,10.4,24,0.16,30,11,23.00188061,0.0,0.0,2.46797672,1.8544563467303283,Klebsiella pneumoniae,1.972873324794513,-0.11841697806418461,71.52474970966358,93.94492516268747
91,ZnO,Bacillus subtilis,non-pathogenic,purchased from sigma aldrich ( citrate capped agnps),MIC,spherical,Bacteria,Bacillota,Bacilli,Bacillales,Bacillaceae,Bacillus,p,mammary gland,81.3794,45.26,18,0.16,30,8,22.60496136,17.07,0.6865,4.082482905,1.058460942257105,Klebsiella pneumoniae,1.2813035564211015,-0.22284261416399653,11.440919826773614,19.111886448147157
92,CuO,Bacillus subtilis,non-pathogenic,electrochemical synthesis,MIC,rod-shaped,Bacteria,Bacillota,Bacilli,Bacillales,Bacillaceae,Bacillus,p,respiratory tract,79.5454,44.45,24,0.16,30,17,20.67942236,17.07,0.6865,1.651411411,2.089724601160627,Klebsiella pneumoniae,2.418145245398057,-0.32842064423743,122.9488868689991,261.9058779490304
93,ZnO,Bacillus subtilis,non-pathogenic,chemical_synthesis,MBC,spherical,Bacteria,Bacillota,Bacilli,Bacillales,Bacillaceae,Bacillus,p,soil,81.3794,18.0,24,0.16,30,8,22.60496136,17.07,0.6865,4.082482905,1.7346248870396797,Klebsiella pneumoniae,2.0864861868640565,-0.35186129982437686,54.27813127312987,122.03550056122542
