,np,bacteria,bac_type,np_synthesis,method,shape,kingdom,phylum,class,order,family,genus,gram,isolated_from,mol_weight (g/mol),np_size_avg (nm),time_set,"min_Incub_period, h","growth_temp, C",Valance_electron,labuteASA,tpsa,CrippenMR,chi0v,pred_MIC_norm,pathogenic_bacteria,pred_MIC_pathogen,Fitness,pred_norm_MIC_original,pred_path_MIC_original
0,ZnO,Bacillus subtilis,non-pathogenic,green_synthesis,MIC,cubic,Bacteria,Bacillota,Bacilli,Bacillales,Bacillaceae,Bacillus,p,mammary gland,81.3794,1.4,4,0.16,30,8,22.60496136,17.07,0.6865,4.082482905,1.5778520373426488,Klebsiella pneumoniae,0.6560719256670666,0.9217801116755822,37.83136725729394,4.529725927336345
1,Ag,Bacillus subtilis,non-pathogenic,chemical_synthesis,MIC,quasi-spherical,Bacteria,Bacillota,Bacilli,Bacillales,Bacillaceae,Bacillus,p,soil,107.87,3.0,0,0.16,30,11,23.00188061,0.0,0.0,1.78376517,1.1323371029626659,Klebsiella pneumoniae,0.31342863904703977,0.8189084639156261,13.562417299181691,2.057920716203131
2,ZnO,Bacillus subtilis,non-pathogenic,electrochemical synthesis,MBC,quasi-hexagonal,Bacteria,Bacillota,Bacilli,Bacillales,Bacillaceae,Bacillus,p,respiratory tract,81.3794,0.8,4,0.16,30,8,22.60496136,17.07,0.6865,4.082482905,0.31608920483166214,Klebsiella pneumoniae,-0.34860250116633695,0.6646917059979991,2.0705666030481176,0.4481232725093305
3,ZnO,Bacillus subtilis,non-pathogenic,green_synthesis,MBC,cubic,Bacteria,Bacillota,Bacilli,Bacillales,Bacillaceae,Bacillus,p,mouth,81.3794,18.0,0,0.16,30,8,22.60496136,17.07,0.6865,4.082482905,2.1754180479407856,Klebsiella pneumoniae,1.70656427557446,0.4688537723663255,149.76766124204477,50.88201194396643
4,ZrO2,Bacillus subtilis,non-pathogenic,green_synthesis,MIC,rod-shaped,Bacteria,Bacillota,Bacilli,Bacillales,Bacillaceae,Bacillus,p,blood,123.2218,1.9,24,0.16,30,16,29.29254423,34.14,1.373,3.774536472,2.169744088519514,Klebsiella pneumoniae,1.720113485301685,0.449630603217829,147.82370685178708,52.494461537755264
5,ZnO,Bacillus subtilis,non-pathogenic,green_synthesis,MIC,cubic,Bacteria,Bacillota,Bacilli,Bacillales,Bacillaceae,Bacillus,p,food,81.3794,13.5,1,0.16,30,8,22.60496136,17.07,0.6865,4.082482905,1.7913369061185842,Klebsiella pneumoniae,1.3797242027956669,0.41161270332291733,61.849601546279665,23.973100320980986
6,Ag,Bacillus subtilis,non-pathogenic,purchased from sigma aldrich ( citrate capped agnps),MBC,spheroidal,Bacteria,Bacillota,Bacilli,Bacillales,Bacillaceae,Bacillus,p,soil,107.8682,8.7,4,0.16,30,11,23.00188061,0.0,0.0,1.78376517,1.6735634777117103,Klebsiella pneumoniae,1.265314040255276,0.40824943745643427,47.1588795053447,18.42103553189197
7,Ag,Bacillus subtilis,non-pathogenic,purchased from sigma aldrich ( citrate capped agnps),MIC,rod-shaped,Bacteria,Bacillota,Bacilli,Bacillales,Bacillaceae,Bacillus,p,nose,107.87,5.1,1,0.16,30,11,23.00188061,0.0,0.0,1.78376517,1.4676847691054098,Klebsiella pneumoniae,1.0614750839736549,0.4062096851317549,29.355181445000973,11.52059962785642
8,ZnO,Bacillus subtilis,non-pathogenic,purchased from sigma aldrich ( citrate capped agnps),MBC,rod-shaped,Bacteria,Bacillota,Bacilli,Bacillales,Bacillaceae,Bacillus,p,urine,81.3794,17.5,0,0.16,30,8,22.60496136,17.07,0.6865,4.082482905,1.9897339932798332,Klebsiella pneumoniae,1.6072343218912648,0.38249967138856844,97.6638843393007,40.47942379380827
9,Ag,Bacillus subtilis,non-pathogenic,"purchased from us research nanomaterials, inc.в ",MIC,triangular,Bacteria,Bacillota,Bacilli,Bacillales,Bacillaceae,Bacillus,p,lungs,107.87,18.0,24,0.16,30,11,23.00188061,0.0,0.0,1.78376517,0.25893125928740646,Klebsiella pneumoniae,-0.10021272975505857,0.35914398904246503,1.815228323261901,0.793939245502268
10,Au,Bacillus subtilis,non-pathogenic,purchased from sigma aldrich ( citrate capped agnps),MIC,quasi-hexagonal,Bacteria,Bacillota,Bacilli,Bacillales,Bacillaceae,Bacillus,p,skin,196.966569,8.0,0,0.16,30,11,23.00188061,0.0,0.0,2.46797672,1.3426120841110278,Klebsiella pneumoniae,0.9912061626621538,0.35140592144887406,22.009596670651312,9.799550666122549
11,Pd,Bacillus subtilis,non-pathogenic,electrochemical synthesis,MBEC,hexagonal,Bacteria,Bacillota,Bacilli,Bacillales,Bacillaceae,Bacillus,p,urine,195.084,6.0,0,0.16,30,10,21.14774404,0.0,0.0,1.870828693,2.167950021938288,Klebsiella pneumoniae,1.8225730145849925,0.34537700735329535,147.21430803138657,66.46194008544936
12,Ag,Bacillus subtilis,non-pathogenic,electrochemical synthesis,MIC,spheroidal,Bacteria,Bacillota,Bacilli,Bacillales,Bacillaceae,Bacillus,p,meat,107.8682,4.7,24,0.16,30,11,23.00188061,0.0,0.0,1.78376517,1.7549030063825584,Klebsiella pneumoniae,1.4225269891543315,0.33237601722822685,56.87258996587418,26.45617101025765
13,ZnO,Bacillus subtilis,non-pathogenic,electrochemical synthesis,MBC,nanoplates,Bacteria,Bacillota,Bacilli,Bacillales,Bacillaceae,Bacillus,p,respiratory tract,81.3794,6.0,24,0.16,30,8,22.60496136,17.07,0.6865,4.082482905,2.4730139216388225,Klebsiella pneumoniae,2.1925998085998253,0.2804141130389972,297.17612922720804,155.81160764875207
14,ZnO,Bacillus subtilis,non-pathogenic,"purchased from us research nanomaterials, inc.в ",MIC,spheroidal,Bacteria,Bacillota,Bacilli,Bacillales,Bacillaceae,Bacillus,p,meat,81.3794,45.26,1,0.16,30,8,22.60496136,17.07,0.6865,4.082482905,1.5378100936875336,Klebsiella pneumoniae,1.495113377418021,0.04269671626951266,34.499284944656836,31.268955715417068
15,Al2O3,Bacillus subtilis,non-pathogenic,green_synthesis,MIC,cubic,Bacteria,Bacillota,Bacilli,Bacillales,Bacillaceae,Bacillus,p,carious dentine,101.961276,50.0,24,0.16,30,24,51.55776403,85.5,13.5675,4.688846487,1.926714235585808,Klebsiella pneumoniae,2.112611743131138,-0.1858975075453302,84.47228372630445,129.60201180934237
