,np,bacteria,bac_type,np_synthesis,method,shape,kingdom,phylum,class,order,family,genus,gram,isolated_from,mol_weight (g/mol),np_size_avg (nm),time_set,"min_Incub_period, h","growth_temp, C",Valance_electron,labuteASA,tpsa,CrippenMR,chi0v,pred_MIC_norm,pathogenic_bacteria,pred_MIC_pathogen,Fitness,pred_norm_MIC_original,pred_path_MIC_original
0,TiO2,Bacillus subtilis,non-pathogenic,purchased from sigma aldrich ( citrate capped agnps),MBC,hexagonal,Bacteria,Bacillota,Bacilli,Bacillales,Bacillaceae,Bacillus,p,lungs,79.866,10.4,1,0.16,30,16,26.40611331,34.14,1.373,2.878049394,3.2254110136788015,Klebsiella pneumoniae,2.4594585556023483,0.7659524580764532,1680.3935801791592,288.04381585993775
1,Ag,Bacillus subtilis,non-pathogenic,purchased from sigma aldrich ( citrate capped agnps),MIC,hexagonal,Bacteria,Bacillota,Bacilli,Bacillales,Bacillaceae,Bacillus,p,mammary gland,107.87,1.4,2,0.16,30,11,23.00188061,0.0,0.0,1.78376517,1.7734185288694275,Klebsiella pneumoniae,1.0077626893420872,0.7656558395273403,59.34970011461446,10.180349532557344
2,ZnO,Bacillus subtilis,non-pathogenic,"purchased from us research nanomaterials, inc.в ",MBC,quasi-hexagonal,Bacteria,Bacillota,Bacilli,Bacillales,Bacillaceae,Bacillus,p,respiratory tract,81.3794,17.5,4,0.16,30,8,22.60496136,17.07,0.6865,4.082482905,1.4217018560340446,Klebsiella pneumoniae,0.6771943648660774,0.7445074911679672,26.405953613384963,4.755480058612953
3,Cu,Bacillus subtilis,non-pathogenic,"purchased from us research nanomaterials, inc.в ",MBC,hexagonal,Bacteria,Bacillota,Bacilli,Bacillales,Bacillaceae,Bacillus,p,food,63.55,8.0,0,0.16,30,11,17.96409803,0.0,0.0,1.243163121,2.0066691389597877,Klebsiella pneumoniae,1.3704469961724175,0.6362221427873702,101.54747731746164,23.466428472507197
4,ZnO,Bacillus subtilis,non-pathogenic,chemical_synthesis,MBC,hexagonal,Bacteria,Bacillota,Bacilli,Bacillales,Bacillaceae,Bacillus,p,mouth,81.3794,5.1,1,0.16,30,8,22.60496136,17.07,0.6865,4.082482905,1.8889305415541213,Klebsiella pneumoniae,1.2528121910721932,0.6361183504819281,77.43379449476448,17.89831681035082
5,CuO,Bacillus subtilis,non-pathogenic,"purchased from us research nanomaterials, inc.в ",MBC,quasi-spherical,Bacteria,Bacillota,Bacilli,Bacillales,Bacillaceae,Bacillus,p,mouth,79.5454,13.0,2,0.16,30,17,20.67942236,17.07,0.6865,1.651411411,3.1708046383846913,Klebsiella pneumoniae,2.5490253370834495,0.6217793013012418,1481.851344012439,354.0179941706546
6,TiO2,Bacillus subtilis,non-pathogenic,green_synthesis,MBEC,cubic,Bacteria,Bacillota,Bacilli,Bacillales,Bacillaceae,Bacillus,p,food,79.866,1.9,3,0.16,30,16,26.40611331,34.14,1.373,2.878049394,2.853731197561011,Klebsiella pneumoniae,2.238991809320784,0.6147393882402268,714.0542321990935,173.37712989770466
7,ZnO,Bacillus subtilis,non-pathogenic,electrochemical synthesis,MBC,spherical,Bacteria,Bacillota,Bacilli,Bacillales,Bacillaceae,Bacillus,p,food,81.3794,8.7,3,0.16,30,8,22.60496136,17.07,0.6865,4.082482905,2.054289788906242,Klebsiella pneumoniae,1.4461932303108822,0.6080965585953597,113.31562249477322,27.93786602077534
8,Ag,Bacillus subtilis,non-pathogenic,chemical_synthesis,MIC,nanoplates,Bacteria,Bacillota,Bacilli,Bacillales,Bacillaceae,Bacillus,p,mouth,107.87,0.8,18,0.16,30,11,23.00188061,0.0,0.0,1.78376517,1.3569716935559648,Klebsiella pneumoniae,0.7694234116290376,0.5875482819269272,22.74949149313063,5.880623994641088
9,Au,Bacillus subtilis,non-pathogenic,green_synthesis,MIC,cubic,Bacteria,Bacillota,Bacilli,Bacillales,Bacillaceae,Bacillus,p,mammary gland,196.966569,4.0,3,0.16,30,11,23.00188061,0.0,0.0,2.46797672,1.9930631699024381,Klebsiella pneumoniae,1.4524805890610177,0.5405825808414204,98.41542445967922,28.34526940516617
10,ZnO,Bacillus subtilis,non-pathogenic,"purchased from us research nanomaterials, inc.в ",MBEC,rod-shaped,Bacteria,Bacillota,Bacilli,Bacillales,Bacillaceae,Bacillus,p,food,81.3794,1.4,4,0.16,30,8,22.60496136,17.07,0.6865,4.082482905,1.6755613659490995,Klebsiella pneumoniae,1.1352663007615742,0.5402950651875253,47.37632463434588,13.654201284873999
11,Au,Bacillus subtilis,non-pathogenic,purchased from sigma aldrich ( citrate capped agnps),MIC,cubic,Bacteria,Bacillota,Bacilli,Bacillales,Bacillaceae,Bacillus,p,nose,196.966569,3.0,4,0.16,30,11,23.00188061,0.0,0.0,2.46797672,1.7838860155575083,Klebsiella pneumoniae,1.2657948886855799,0.5180911268719284,60.79754117922948,18.441442494936812
12,ZnO,Bacillus subtilis,non-pathogenic,purchased from sigma aldrich ( citrate capped agnps),MBC,nanoplates,Bacteria,Bacillota,Bacilli,Bacillales,Bacillaceae,Bacillus,p,mammary gland,81.3794,20.0,4,0.16,30,8,22.60496136,17.07,0.6865,4.082482905,2.380414970069003,Klebsiella pneumoniae,1.8687834743410532,0.5116314957279497,240.1126108618213,73.92366228842636
13,ZnO,Bacillus subtilis,non-pathogenic,purchased from sigma aldrich ( citrate capped agnps),MIC,spheroidal,Bacteria,Bacillota,Bacilli,Bacillales,Bacillaceae,Bacillus,p,water,81.3794,0.8,4,0.16,30,8,22.60496136,17.07,0.6865,4.082482905,0.9832043972780439,Klebsiella pneumoniae,0.47875280694403055,0.5044515903340133,9.620649601474414,3.0112915602085613
14,Al2O3,Bacillus subtilis,non-pathogenic,"purchased from us research nanomaterials, inc.в ",MBEC,cubic,Bacteria,Bacillota,Bacilli,Bacillales,Bacillaceae,Bacillus,p,lungs,101.961276,17.5,2,0.16,30,24,51.55776403,85.5,13.5675,4.688846487,2.9611406147303825,Klebsiella pneumoniae,2.4622351630617354,0.4989054516686471,914.4092585816928,289.89128747171605
15,Ag,Bacillus subtilis,non-pathogenic,"purchased from us research nanomaterials, inc.в ",MIC,hexagonal,Bacteria,Bacillota,Bacilli,Bacillales,Bacillaceae,Bacillus,p,mammary gland,107.87,12.5,3,0.16,30,11,23.00188061,0.0,0.0,1.78376517,2.022654120260116,Klebsiella pneumoniae,1.5308981552156897,0.4917559650444261,105.35474984803545,33.954563766821806
16,Ag,Bacillus subtilis,non-pathogenic,"purchased from us research nanomaterials, inc.в ",MBC,triangular,Bacteria,Bacillota,Bacilli,Bacillales,Bacillaceae,Bacillus,p,mammary gland,107.87,9.0,18,0.16,30,11,23.00188061,0.0,0.0,1.78376517,0.6864633454603002,Klebsiella pneumoniae,0.2022942527327578,0.4841690927275424,4.858065270407064,1.5932878808111812
17,ZnO,Bacillus subtilis,non-pathogenic,"purchased from us research nanomaterials, inc.в ",MBC,spherical,Bacteria,Bacillota,Bacilli,Bacillales,Bacillaceae,Bacillus,p,nose,81.3794,8.7,18,0.16,30,8,22.60496136,17.07,0.6865,4.082482905,2.328758560317903,Klebsiella pneumoniae,1.8460532834715913,0.4827052768463116,213.1859407504967,70.15413650589483
18,Ag,Bacillus subtilis,non-pathogenic,chemical_synthesis,MIC,quasi-hexagonal,Bacteria,Bacillota,Bacilli,Bacillales,Bacillaceae,Bacillus,p,soil,107.87,20.0,2,0.16,30,11,23.00188061,0.0,0.0,1.78376517,0.5222832624956237,Klebsiella pneumoniae,0.04725134483527271,0.475031917660351,3.3287659660438527,1.1149396102578846
19,ZnO,Bacillus subtilis,non-pathogenic,chemical_synthesis,MBEC,cubic,Bacteria,Bacillota,Bacilli,Bacillales,Bacillaceae,Bacillus,p,mouth,81.3794,3.0,3,0.16,30,8,22.60496136,17.07,0.6865,4.082482905,1.9786650107178174,Klebsiella pneumoniae,1.5039874245131095,0.4746775862047079,95.20615163341753,31.914454418580053
20,CuO,Bacillus subtilis,non-pathogenic,electrochemical synthesis,MIC,quasi-spherical,Bacteria,Bacillota,Bacilli,Bacillales,Bacillaceae,Bacillus,p,nose,79.5454,3.0,1,0.16,30,17,20.67942236,17.07,0.6865,1.651411411,2.084285416540948,Klebsiella pneumoniae,1.610255861341167,0.47402955519978085,121.41865467018431,40.76203535559925
21,Pd,Bacillus subtilis,non-pathogenic,chemical_synthesis,MIC,cubic,Bacteria,Bacillota,Bacilli,Bacillales,Bacillaceae,Bacillus,p,soil,195.084,11.3,4,0.16,30,10,21.14774404,0.0,0.0,1.870828693,1.3267382413235667,Klebsiella pneumoniae,0.8530139745648637,0.47372426675870294,21.219651222266172,7.128759684128628
22,ZnO,Bacillus subtilis,non-pathogenic,"purchased from us research nanomaterials, inc.в ",MBC,quasi-spherical,Bacteria,Bacillota,Bacilli,Bacillales,Bacillaceae,Bacillus,p,urine,81.3794,50.0,3,0.16,30,8,22.60496136,17.07,0.6865,4.082482905,1.424704857001115,Klebsiella pneumoniae,0.9544943606408396,0.47021049636027534,26.589174669633703,9.005220693017005
23,Au,Bacillus subtilis,non-pathogenic,"purchased from us research nanomaterials, inc.в ",MIC,hexagonal,Bacteria,Bacillota,Bacilli,Bacillales,Bacillaceae,Bacillus,p,meat,196.966569,11.3,4,0.16,30,11,23.00188061,0.0,0.0,2.46797672,2.1340261833304623,Klebsiella pneumoniae,1.6646523881573818,0.46937379517308053,136.1526765550369,46.20110769987896
24,ZnO,Bacillus subtilis,non-pathogenic,electrochemical synthesis,MBC,quasi-spherical,Bacteria,Bacillota,Bacilli,Bacillales,Bacillaceae,Bacillus,p,meat,81.3794,30.0,4,0.16,30,8,22.60496136,17.07,0.6865,4.082482905,1.226463231906262,Klebsiella pneumoniae,0.7796395404419362,0.4468236914643259,16.844698107190386,6.020596758521977
25,ZnO,Bacillus subtilis,non-pathogenic,green_synthesis,MBC,nanoplates,Bacteria,Bacillota,Bacilli,Bacillales,Bacillaceae,Bacillus,p,respiratory tract,81.3794,44.45,1,0.16,30,8,22.60496136,17.07,0.6865,4.082482905,1.1594719126046362,Klebsiella pneumoniae,0.8110685300921351,0.34840338251250114,14.436832330537072,6.472447405605466
26,Ag,Bacillus subtilis,non-pathogenic,"purchased from us research nanomaterials, inc.в ",MBC,tetragonal,Bacteria,Bacillota,Bacilli,Bacillales,Bacillaceae,Bacillus,p,blood,107.87,8.0,4,0.16,30,11,23.00188061,0.0,0.0,1.78376517,0.5564564481431258,Klebsiella pneumoniae,0.30260777521029447,0.2538486729328313,3.6012763431615005,2.0072791578076163
27,ZnO,Bacillus subtilis,non-pathogenic,electrochemical synthesis,MIC,hexagonal,Bacteria,Bacillota,Bacilli,Bacillales,Bacillaceae,Bacillus,p,food,81.3794,40.0,1,0.16,30,8,22.60496136,17.07,0.6865,4.082482905,1.0616466795878088,Klebsiella pneumoniae,0.8104103406190456,0.2512363389687632,11.525152471719862,6.4626455997171455
28,Pd,Bacillus subtilis,non-pathogenic,green_synthesis,MIC,rod-shaped,Bacteria,Bacillota,Bacilli,Bacillales,Bacillaceae,Bacillus,p,nose,195.084,38.0,4,0.16,30,10,21.14774404,0.0,0.0,1.870828693,0.9182378603712225,Klebsiella pneumoniae,0.6877348724276706,0.23050298794355184,8.283957466575462,4.872309551264737
29,ZnO,Bacillus subtilis,non-pathogenic,electrochemical synthesis,MIC,quasi-spherical,Bacteria,Bacillota,Bacilli,Bacillales,Bacillaceae,Bacillus,p,water,81.3794,40.0,1,0.16,30,8,22.60496136,17.07,0.6865,4.082482905,0.5641857762110694,Klebsiella pneumoniae,0.38746728524058693,0.17671849097048242,3.665943575434874,2.4404352267505125
30,Pt,Bacillus subtilis,non-pathogenic,chemical_synthesis,MBEC,spheroidal,Bacteria,Bacillota,Bacilli,Bacillales,Bacillaceae,Bacillus,p,respiratory tract,195.084,1.4,18,0.16,30,10,21.75656585,0.0,0.0,2.588435821,1.073847006703287,Klebsiella pneumoniae,0.9212462746729807,0.15260073203030633,11.853510990216062,8.34154072934762
31,Ag,Bacillus subtilis,non-pathogenic,"purchased from us research nanomaterials, inc.в ",MIC,spherical,Bacteria,Bacillota,Bacilli,Bacillales,Bacillaceae,Bacillus,p,blood,107.87,18.5,0,0.16,30,11,23.00188061,0.0,0.0,1.78376517,1.2319671428537815,Klebsiella pneumoniae,1.1093619829004502,0.12260515995333132,17.059533178765705,12.863583883657032
32,Pd,Bacillus subtilis,non-pathogenic,green_synthesis,MIC,quasi-hexagonal,Bacteria,Bacillota,Bacilli,Bacillales,Bacillaceae,Bacillus,p,nose,195.084,79.0,18,0.16,30,10,21.14774404,0.0,0.0,1.870828693,0.4095737000129751,Klebsiella pneumoniae,0.3108168166680725,0.09875688334490262,2.5678739407562836,2.0455816381977567
33,ZnO,Bacillus subtilis,non-pathogenic,purchased from sigma aldrich ( citrate capped agnps),MBEC,rod-shaped,Bacteria,Bacillota,Bacilli,Bacillales,Bacillaceae,Bacillus,p,carious dentine,81.3794,22.5,2,0.16,30,8,22.60496136,17.07,0.6865,4.082482905,1.4781735002957095,Klebsiella pneumoniae,1.3884670085259696,0.08970649176973988,30.07277467606074,24.460594524326897
34,Ag,Bacillus subtilis,non-pathogenic,purchased from sigma aldrich ( citrate capped agnps),MIC,rod-shaped,Bacteria,Bacillota,Bacilli,Bacillales,Bacillaceae,Bacillus,p,food,107.87,22.5,3,0.16,30,11,23.00188061,0.0,0.0,1.78376517,1.5883658564721017,Klebsiella pneumoniae,1.6096993353673348,-0.02133347889523307,38.75840142757296,40.709834363737485
35,ZnO,Bacillus subtilis,non-pathogenic,electrochemical synthesis,MBEC,triangular,Bacteria,Bacillota,Bacilli,Bacillales,Bacillaceae,Bacillus,p,skin,81.3794,100.0,2,0.16,30,8,22.60496136,17.07,0.6865,4.082482905,-0.03506052068977761,Klebsiella pneumoniae,-0.00899491164660926,-0.026065609043168347,0.9224428720584977,0.9795014615397422
36,CuO,Bacillus subtilis,non-pathogenic,green_synthesis,MBC,tetragonal,Bacteria,Bacillota,Bacilli,Bacillales,Bacillaceae,Bacillus,p,meat,79.5454,41.23,3,0.16,30,17,20.67942236,17.07,0.6865,1.651411411,1.662344114201739,Klebsiella pneumoniae,1.6902195817226733,-0.027875467520934283,45.956200359230806,49.00265168962795
