,np,bacteria,bac_type,np_synthesis,method,shape,kingdom,phylum,class,order,family,genus,gram,isolated_from,mol_weight (g/mol),np_size_avg (nm),time_set,"min_Incub_period, h","growth_temp, C",Valance_electron,labuteASA,tpsa,CrippenMR,chi0v,pred_MIC_norm,pathogenic_bacteria,pred_MIC_pathogen,Fitness,pred_norm_MIC_original,pred_path_MIC_original
0,ZnO,Bacillus subtilis,non-pathogenic,purchased from sigma aldrich ( citrate capped agnps),MIC,cubic,Bacteria,Bacillota,Bacilli,Bacillales,Bacillaceae,Bacillus,p,mouth,81.3794,1.4,4,0.16,30,8,22.60496136,17.07,0.6865,4.082482905,1.4365721666729083,Klebsiella pneumoniae,0.6054591832432115,0.8311129834296969,27.32575477962302,4.031430556435206
1,Ag,Bacillus subtilis,non-pathogenic,chemical_synthesis,MIC,hexagonal,Bacteria,Bacillota,Bacilli,Bacillales,Bacillaceae,Bacillus,p,skin,107.87,3.0,0,0.16,30,11,23.00188061,0.0,0.0,1.78376517,1.4589868271249367,Klebsiella pneumoniae,0.6964617454552136,0.7625250816697231,28.773111397723202,4.971205832558982
2,ZnO,Bacillus subtilis,non-pathogenic,electrochemical synthesis,MBC,nanoplates,Bacteria,Bacillota,Bacilli,Bacillales,Bacillaceae,Bacillus,p,nose,81.3794,8.7,4,0.16,30,8,22.60496136,17.07,0.6865,4.082482905,2.0681607241354585,Klebsiella pneumoniae,1.320221448265704,0.7479392758697545,116.99322806192842,20.903617418687592
3,TiO2,Bacillus subtilis,non-pathogenic,purchased from sigma aldrich ( citrate capped agnps),MIC,cubic,Bacteria,Bacillota,Bacilli,Bacillales,Bacillaceae,Bacillus,p,mammary gland,79.866,5.1,1,0.16,30,16,26.40611331,34.14,1.373,2.878049394,2.5274958010187727,Klebsiella pneumoniae,1.83014684622626,0.6973489547925127,336.89595844326874,67.63116152301912
4,CuO,Bacillus subtilis,non-pathogenic,"purchased from us research nanomaterials, inc.в ",MBEC,nanoplates,Bacteria,Bacillota,Bacilli,Bacillales,Bacillaceae,Bacillus,p,food,79.5454,13.5,0,0.16,30,17,20.67942236,17.07,0.6865,1.651411411,3.274440723949702,Klebsiella pneumoniae,2.604833669413366,0.6696070545363364,1881.2249237856968,402.5628271276886
5,ZnO,Bacillus subtilis,non-pathogenic,green_synthesis,MBC,quasi-hexagonal,Bacteria,Bacillota,Bacilli,Bacillales,Bacillaceae,Bacillus,p,soil,81.3794,0.8,0,0.16,30,8,22.60496136,17.07,0.6865,4.082482905,0.7622515210542125,Klebsiella pneumoniae,0.09870407601671638,0.6635474450374961,5.7843094790880665,1.2551744087627377
6,Ag,Bacillus subtilis,non-pathogenic,"purchased from us research nanomaterials, inc.в ",MBC,spheroidal,Bacteria,Bacillota,Bacilli,Bacillales,Bacillaceae,Bacillus,p,water,107.8682,1.9,1,0.16,30,11,23.00188061,0.0,0.0,1.78376517,1.3458391972951302,Klebsiella pneumoniae,0.7634132378533163,0.582425959441814,22.173752581863415,5.799802940941028
7,CuO,Bacillus subtilis,non-pathogenic,"purchased from us research nanomaterials, inc.в ",MIC,rod-shaped,Bacteria,Bacillota,Bacilli,Bacillales,Bacillaceae,Bacillus,p,meat,79.5454,0.8,1,0.16,30,17,20.67942236,17.07,0.6865,1.651411411,2.1118449538154977,Klebsiella pneumoniae,1.5363196439538058,0.5755253098616919,129.37338868977199,34.381090216961105
8,ZnO,Bacillus subtilis,non-pathogenic,chemical_synthesis,MBC,cubic,Bacteria,Bacillota,Bacilli,Bacillales,Bacillaceae,Bacillus,p,blood,81.3794,12.0,4,0.16,30,8,22.60496136,17.07,0.6865,4.082482905,1.1278492476513384,Klebsiella pneumoniae,0.5579213168580588,0.5699279307932796,13.42298941302934,3.6134439027272327
9,Pt,Bacillus subtilis,non-pathogenic,green_synthesis,MIC,nanoplates,Bacteria,Bacillota,Bacilli,Bacillales,Bacillaceae,Bacillus,p,meat,195.084,6.0,0,0.16,30,10,21.75656585,0.0,0.0,2.588435821,1.6420447985918116,Klebsiella pneumoniae,1.0788271607169753,0.5632176378748364,43.85759356765131,11.990220248066343
10,ZnO,Bacillus subtilis,non-pathogenic,chemical_synthesis,MIC,spherical,Bacteria,Bacillota,Bacilli,Bacillales,Bacillaceae,Bacillus,p,food,81.3794,1.4,1,0.16,30,8,22.60496136,17.07,0.6865,4.082482905,0.857190719557456,Klebsiella pneumoniae,0.29821971869107045,0.5589710008663855,7.19764991974018,1.9870999786690837
11,Ag,Bacillus subtilis,non-pathogenic,"purchased from us research nanomaterials, inc.в ",MBC,quasi-spherical,Bacteria,Bacillota,Bacilli,Bacillales,Bacillaceae,Bacillus,p,water,107.8682,1.4,2,0.16,30,11,23.00188061,0.0,0.0,1.78376517,1.124637029834974,Klebsiella pneumoniae,0.5986511962106851,0.5259858336242889,13.324073809777246,3.9687267298539037
12,Ag,Bacillus subtilis,non-pathogenic,"purchased from us research nanomaterials, inc.в ",MBEC,quasi-hexagonal,Bacteria,Bacillota,Bacilli,Bacillales,Bacillaceae,Bacillus,p,respiratory tract,107.87,13.5,0,0.16,30,11,23.00188061,0.0,0.0,1.78376517,1.197640140607977,Klebsiella pneumoniae,0.6797333785155759,0.5179067620924012,15.763045915964799,4.783363425583308
13,ZnO,Bacillus subtilis,non-pathogenic,green_synthesis,MBC,hexagonal,Bacteria,Bacillota,Bacilli,Bacillales,Bacillaceae,Bacillus,p,mammary gland,81.3794,44.45,1,0.16,30,8,22.60496136,17.07,0.6865,4.082482905,1.0998596900111708,Klebsiella pneumoniae,0.6030821282298713,0.4967775617812995,12.585187492946805,4.009425315932645
14,CuO,Bacillus subtilis,non-pathogenic,green_synthesis,MBC,nanoplates,Bacteria,Bacillota,Bacilli,Bacillales,Bacillaceae,Bacillus,p,lungs,79.5454,13.5,0,0.16,30,17,20.67942236,17.07,0.6865,1.651411411,3.4672472189291375,Klebsiella pneumoniae,2.9751306840611713,0.49211653486796614,2932.562109552216,944.3449974953178
15,ZnO,Bacillus subtilis,non-pathogenic,"purchased from us research nanomaterials, inc.в ",MBC,cubic,Bacteria,Bacillota,Bacilli,Bacillales,Bacillaceae,Bacillus,p,blood,81.3794,44.45,2,0.16,30,8,22.60496136,17.07,0.6865,4.082482905,1.0095659863533208,Klebsiella pneumoniae,0.55452214127566,0.4550438450776608,10.222708718126427,3.5852722630708236
16,ZnO,Bacillus subtilis,non-pathogenic,electrochemical synthesis,MBEC,nanoplates,Bacteria,Bacillota,Bacilli,Bacillales,Bacillaceae,Bacillus,p,food,81.3794,50.0,1,0.16,30,8,22.60496136,17.07,0.6865,4.082482905,1.6376623742820375,Klebsiella pneumoniae,1.2736560287826202,0.36400634549941735,43.4172562001301,18.778289439571974
17,Ag,Bacillus subtilis,non-pathogenic,"purchased from us research nanomaterials, inc.в ",MBC,nanoplates,Bacteria,Bacillota,Bacilli,Bacillales,Bacillaceae,Bacillus,p,blood,107.8682,22.5,4,0.16,30,11,23.00188061,0.0,0.0,1.78376517,1.484313681213853,Klebsiella pneumoniae,1.1700327388725502,0.3142809423413029,30.500972113832994,14.792198935367606
18,Au,Bacillus subtilis,non-pathogenic,purchased from sigma aldrich ( citrate capped agnps),MBEC,quasi-hexagonal,Bacteria,Bacillota,Bacilli,Bacillales,Bacillaceae,Bacillus,p,skin,196.966569,3.0,3,0.16,30,11,23.00188061,0.0,0.0,2.46797672,0.8374297734790421,Klebsiella pneumoniae,0.6222883119777756,0.21514146150126656,6.877486926061199,4.190716789172081
19,Ag,Bacillus subtilis,non-pathogenic,green_synthesis,MBEC,quasi-hexagonal,Bacteria,Bacillota,Bacilli,Bacillales,Bacillaceae,Bacillus,p,food,107.8682,18.0,2,0.16,30,11,23.00188061,0.0,0.0,1.78376517,0.9984697030258062,Klebsiella pneumoniae,0.8240714191072499,0.17439828391855627,9.964825617300871,6.669164336512578
20,ZnO,Bacillus subtilis,non-pathogenic,chemical_synthesis,MBC,nanoplates,Bacteria,Bacillota,Bacilli,Bacillales,Bacillaceae,Bacillus,p,mouth,81.3794,50.0,2,0.16,30,8,22.60496136,17.07,0.6865,4.082482905,1.8359868279028724,Klebsiella pneumoniae,1.702489177379679,0.1334976505231933,68.54674359960768,50.40680575680325
21,Al2O3,Bacillus subtilis,non-pathogenic,electrochemical synthesis,MBEC,nanoplates,Bacteria,Bacillota,Bacilli,Bacillales,Bacillaceae,Bacillus,p,soil,101.961276,55.6,1,0.16,30,24,51.55776403,85.5,13.5675,4.688846487,2.5230325961039703,Klebsiella pneumoniae,2.4294170727228774,0.09361552338109291,333.45143912287244,268.7924542630545
22,ZnO,Bacillus subtilis,non-pathogenic,green_synthesis,MIC,nanoplates,Bacteria,Bacillota,Bacilli,Bacillales,Bacillaceae,Bacillus,p,respiratory tract,81.3794,100.0,1,0.16,30,8,22.60496136,17.07,0.6865,4.082482905,1.026526593372554,Klebsiella pneumoniae,0.9550099444708668,0.07151664890168719,10.629836714969452,9.015917820095456
23,Ag,Bacillus subtilis,non-pathogenic,electrochemical synthesis,MBEC,hexagonal,Bacteria,Bacillota,Bacilli,Bacillales,Bacillaceae,Bacillus,p,mammary gland,107.87,44.45,24,0.16,30,11,23.00188061,0.0,0.0,1.78376517,1.7107283766401464,Klebsiella pneumoniae,1.697216761771287,0.013511614868859434,51.37222507472023,49.798557374834175
24,Cu,Bacillus subtilis,non-pathogenic,electrochemical synthesis,MBC,spherical,Bacteria,Bacillota,Bacilli,Bacillales,Bacillaceae,Bacillus,p,mammary gland,63.55,10.0,18,0.16,30,11,17.96409803,0.0,0.0,1.243163121,1.666536952652565,Klebsiella pneumoniae,1.6685143449081308,-0.001977392255565702,46.40202702221078,46.61378244531794
25,Ag,Bacillus subtilis,non-pathogenic,"purchased from us research nanomaterials, inc.в ",MBEC,spherical,Bacteria,Bacillota,Bacilli,Bacillales,Bacillaceae,Bacillus,p,mammary gland,107.87,18.5,18,0.16,30,11,23.00188061,0.0,0.0,1.78376517,2.443456233885549,Klebsiella pneumoniae,2.4992508421912514,-0.055794608305702376,277.62350563572284,315.68274346308124
26,ZnO,Bacillus subtilis,non-pathogenic,chemical_synthesis,MIC,quasi-hexagonal,Bacteria,Bacillota,Bacilli,Bacillales,Bacillaceae,Bacillus,p,meat,81.3794,30.0,0,0.16,30,8,22.60496136,17.07,0.6865,4.082482905,0.9069250191536031,Klebsiella pneumoniae,1.012981830546046,-0.10605681139244294,8.070956733294414,10.303430133741042
