,np,bacteria,bac_type,np_synthesis,method,shape,kingdom,phylum,class,order,family,genus,gram,isolated_from,mol_weight (g/mol),np_size_avg (nm),time_set,"min_Incub_period, h","growth_temp, C",Valance_electron,labuteASA,tpsa,CrippenMR,chi0v,pred_MIC_norm,pathogenic_bacteria,pred_MIC_pathogen,Fitness,pred_norm_MIC_original,pred_path_MIC_original
0,TiO2,Bacillus subtilis,non-pathogenic,purchased from sigma aldrich ( citrate capped agnps),MBC,hexagonal,Bacteria,Bacillota,Bacilli,Bacillales,Bacillaceae,Bacillus,p,lungs,79.866,10.4,1,0.16,30,16,26.40611331,34.14,1.373,2.878049394,3.2254110136788015,Klebsiella pneumoniae,2.4594585556023483,0.7659524580764532,1680.3935801791592,288.04381585993775
1,Ag,Bacillus subtilis,non-pathogenic,purchased from sigma aldrich ( citrate capped agnps),MIC,hexagonal,Bacteria,Bacillota,Bacilli,Bacillales,Bacillaceae,Bacillus,p,mammary gland,107.87,1.4,2,0.16,30,11,23.00188061,0.0,0.0,1.78376517,1.7734185288694275,Klebsiella pneumoniae,1.0077626893420872,0.7656558395273403,59.34970011461446,10.180349532557344
2,ZnO,Bacillus subtilis,non-pathogenic,"purchased from us research nanomaterials, inc.в ",MBC,quasi-hexagonal,Bacteria,Bacillota,Bacilli,Bacillales,Bacillaceae,Bacillus,p,respiratory tract,81.3794,17.5,4,0.16,30,8,22.60496136,17.07,0.6865,4.082482905,1.4217018560340446,Klebsiella pneumoniae,0.6771943648660774,0.7445074911679672,26.405953613384963,4.755480058612953
3,Cu,Bacillus subtilis,non-pathogenic,"purchased from us research nanomaterials, inc.в ",MBC,hexagonal,Bacteria,Bacillota,Bacilli,Bacillales,Bacillaceae,Bacillus,p,food,63.55,8.0,0,0.16,30,11,17.96409803,0.0,0.0,1.243163121,2.0066691389597877,Klebsiella pneumoniae,1.3704469961724175,0.6362221427873702,101.54747731746164,23.466428472507197
4,ZnO,Bacillus subtilis,non-pathogenic,chemical_synthesis,MBC,hexagonal,Bacteria,Bacillota,Bacilli,Bacillales,Bacillaceae,Bacillus,p,mouth,81.3794,5.1,1,0.16,30,8,22.60496136,17.07,0.6865,4.082482905,1.8889305415541213,Klebsiella pneumoniae,1.2528121910721932,0.6361183504819281,77.43379449476448,17.89831681035082
5,CuO,Bacillus subtilis,non-pathogenic,"purchased from us research nanomaterials, inc.в ",MBC,quasi-spherical,Bacteria,Bacillota,Bacilli,Bacillales,Bacillaceae,Bacillus,p,mouth,79.5454,13.0,2,0.16,30,17,20.67942236,17.07,0.6865,1.651411411,3.1708046383846913,Klebsiella pneumoniae,2.5490253370834495,0.6217793013012418,1481.851344012439,354.0179941706546
6,TiO2,Bacillus subtilis,non-pathogenic,green_synthesis,MBEC,cubic,Bacteria,Bacillota,Bacilli,Bacillales,Bacillaceae,Bacillus,p,food,79.866,1.9,3,0.16,30,16,26.40611331,34.14,1.373,2.878049394,2.853731197561011,Klebsiella pneumoniae,2.238991809320784,0.6147393882402268,714.0542321990935,173.37712989770466
7,ZnO,Bacillus subtilis,non-pathogenic,electrochemical synthesis,MBC,spherical,Bacteria,Bacillota,Bacilli,Bacillales,Bacillaceae,Bacillus,p,food,81.3794,8.7,3,0.16,30,8,22.60496136,17.07,0.6865,4.082482905,2.054289788906242,Klebsiella pneumoniae,1.4461932303108822,0.6080965585953597,113.31562249477322,27.93786602077534
8,Ag,Bacillus subtilis,non-pathogenic,chemical_synthesis,MIC,nanoplates,Bacteria,Bacillota,Bacilli,Bacillales,Bacillaceae,Bacillus,p,mouth,107.87,0.8,18,0.16,30,11,23.00188061,0.0,0.0,1.78376517,1.3569716935559648,Klebsiella pneumoniae,0.7694234116290376,0.5875482819269272,22.74949149313063,5.880623994641088
9,Au,Bacillus subtilis,non-pathogenic,green_synthesis,MIC,cubic,Bacteria,Bacillota,Bacilli,Bacillales,Bacillaceae,Bacillus,p,mammary gland,196.966569,4.0,3,0.16,30,11,23.00188061,0.0,0.0,2.46797672,1.9930631699024381,Klebsiella pneumoniae,1.4524805890610177,0.5405825808414204,98.41542445967922,28.34526940516617
10,ZnO,Bacillus subtilis,non-pathogenic,"purchased from us research nanomaterials, inc.в ",MBEC,rod-shaped,Bacteria,Bacillota,Bacilli,Bacillales,Bacillaceae,Bacillus,p,food,81.3794,1.4,4,0.16,30,8,22.60496136,17.07,0.6865,4.082482905,1.6755613659490995,Klebsiella pneumoniae,1.1352663007615742,0.5402950651875253,47.37632463434588,13.654201284873999
11,Au,Bacillus subtilis,non-pathogenic,purchased from sigma aldrich ( citrate capped agnps),MIC,cubic,Bacteria,Bacillota,Bacilli,Bacillales,Bacillaceae,Bacillus,p,nose,196.966569,3.0,4,0.16,30,11,23.00188061,0.0,0.0,2.46797672,1.7838860155575083,Klebsiella pneumoniae,1.2657948886855799,0.5180911268719284,60.79754117922948,18.441442494936812
12,ZnO,Bacillus subtilis,non-pathogenic,purchased from sigma aldrich ( citrate capped agnps),MBC,nanoplates,Bacteria,Bacillota,Bacilli,Bacillales,Bacillaceae,Bacillus,p,mammary gland,81.3794,20.0,4,0.16,30,8,22.60496136,17.07,0.6865,4.082482905,2.380414970069003,Klebsiella pneumoniae,1.8687834743410532,0.5116314957279497,240.1126108618213,73.92366228842636
13,Al2O3,Bacillus subtilis,non-pathogenic,"purchased from us research nanomaterials, inc.в ",MBEC,cubic,Bacteria,Bacillota,Bacilli,Bacillales,Bacillaceae,Bacillus,p,lungs,101.961276,17.5,2,0.16,30,24,51.55776403,85.5,13.5675,4.688846487,2.9611406147303825,Klebsiella pneumoniae,2.4622351630617354,0.4989054516686471,914.4092585816928,289.89128747171605
14,Ag,Bacillus subtilis,non-pathogenic,"purchased from us research nanomaterials, inc.в ",MBC,triangular,Bacteria,Bacillota,Bacilli,Bacillales,Bacillaceae,Bacillus,p,mammary gland,107.87,9.0,18,0.16,30,11,23.00188061,0.0,0.0,1.78376517,0.6864633454603002,Klebsiella pneumoniae,0.2022942527327578,0.4841690927275424,4.858065270407064,1.5932878808111812
15,ZnO,Bacillus subtilis,non-pathogenic,"purchased from us research nanomaterials, inc.в ",MBC,spherical,Bacteria,Bacillota,Bacilli,Bacillales,Bacillaceae,Bacillus,p,nose,81.3794,8.7,18,0.16,30,8,22.60496136,17.07,0.6865,4.082482905,2.328758560317903,Klebsiella pneumoniae,1.8460532834715913,0.4827052768463116,213.1859407504967,70.15413650589483
16,Ag,Bacillus subtilis,non-pathogenic,chemical_synthesis,MIC,quasi-hexagonal,Bacteria,Bacillota,Bacilli,Bacillales,Bacillaceae,Bacillus,p,soil,107.87,20.0,2,0.16,30,11,23.00188061,0.0,0.0,1.78376517,0.5222832624956237,Klebsiella pneumoniae,0.04725134483527271,0.475031917660351,3.3287659660438527,1.1149396102578846
17,ZnO,Bacillus subtilis,non-pathogenic,chemical_synthesis,MBEC,cubic,Bacteria,Bacillota,Bacilli,Bacillales,Bacillaceae,Bacillus,p,mouth,81.3794,3.0,3,0.16,30,8,22.60496136,17.07,0.6865,4.082482905,1.9786650107178174,Klebsiella pneumoniae,1.5039874245131095,0.4746775862047079,95.20615163341753,31.914454418580053
18,CuO,Bacillus subtilis,non-pathogenic,electrochemical synthesis,MIC,quasi-spherical,Bacteria,Bacillota,Bacilli,Bacillales,Bacillaceae,Bacillus,p,nose,79.5454,3.0,1,0.16,30,17,20.67942236,17.07,0.6865,1.651411411,2.084285416540948,Klebsiella pneumoniae,1.610255861341167,0.47402955519978085,121.41865467018431,40.76203535559925
19,Pd,Bacillus subtilis,non-pathogenic,chemical_synthesis,MIC,cubic,Bacteria,Bacillota,Bacilli,Bacillales,Bacillaceae,Bacillus,p,soil,195.084,11.3,4,0.16,30,10,21.14774404,0.0,0.0,1.870828693,1.3267382413235667,Klebsiella pneumoniae,0.8530139745648637,0.47372426675870294,21.219651222266172,7.128759684128628
20,Ag,Bacillus subtilis,non-pathogenic,"purchased from us research nanomaterials, inc.в ",MIC,spheroidal,Bacteria,Bacillota,Bacilli,Bacillales,Bacillaceae,Bacillus,p,nose,107.87,9.0,0,0.16,30,11,23.00188061,0.0,0.0,1.78376517,1.6049106435414748,Klebsiella pneumoniae,1.1420028464433956,0.4629077970980793,40.263418347720226,13.867649179464003
21,CuO,Bacillus subtilis,non-pathogenic,purchased from sigma aldrich ( citrate capped agnps),MBEC,quasi-spherical,Bacteria,Bacillota,Bacilli,Bacillales,Bacillaceae,Bacillus,p,soil,79.5454,12.0,0,0.16,30,17,20.67942236,17.07,0.6865,1.651411411,3.451389513182755,Klebsiella pneumoniae,2.991439803668059,0.45994970951469627,2827.4147102587162,980.4824030054797
22,ZnO,Bacillus subtilis,non-pathogenic,chemical_synthesis,MIC,rod-shaped,Bacteria,Bacillota,Bacilli,Bacillales,Bacillaceae,Bacillus,p,urine,81.3794,10.4,4,0.16,30,8,22.60496136,17.07,0.6865,4.082482905,1.2892921763624343,Klebsiella pneumoniae,0.9876972377842296,0.30159493857820474,19.46669284234137,9.72069323219021
23,CuO,Bacillus subtilis,non-pathogenic,green_synthesis,MBC,quasi-spherical,Bacteria,Bacillota,Bacilli,Bacillales,Bacillaceae,Bacillus,p,lungs,79.5454,79.0,2,0.16,30,17,20.67942236,17.07,0.6865,1.651411411,1.7952957442543256,Klebsiella pneumoniae,1.4992087911905398,0.29608695306378574,62.4159728784663,31.565217864319035
24,Ag,Bacillus subtilis,non-pathogenic,chemical_synthesis,MBEC,nanoplates,Bacteria,Bacillota,Bacilli,Bacillales,Bacillaceae,Bacillus,p,water,107.87,0.8,1,0.16,30,11,23.00188061,0.0,0.0,1.78376517,1.7245158068548256,Klebsiella pneumoniae,1.519217248011818,0.20529855884300763,53.02928931512915,33.053484380555545
25,Ag,Bacillus subtilis,non-pathogenic,"purchased from us research nanomaterials, inc.в ",MBC,tetragonal,Bacteria,Bacillota,Bacilli,Bacillales,Bacillaceae,Bacillus,p,food,107.87,17.5,1,0.16,30,11,23.00188061,0.0,0.0,1.78376517,1.3271746555624844,Klebsiella pneumoniae,1.1443191528700192,0.1828555026924652,21.24098516216699,13.941809776118157
26,Au,Bacillus subtilis,non-pathogenic,"purchased from us research nanomaterials, inc.в ",MBEC,tetragonal,Bacteria,Bacillota,Bacilli,Bacillales,Bacillaceae,Bacillus,p,water,196.966569,44.45,0,0.16,30,11,23.00188061,0.0,0.0,2.46797672,1.4550286989882777,Klebsiella pneumoniae,1.3736661631456688,0.08136253584260889,28.512066743263787,23.64101742772332
27,ZnO,Bacillus subtilis,non-pathogenic,purchased from sigma aldrich ( citrate capped agnps),MBEC,spheroidal,Bacteria,Bacillota,Bacilli,Bacillales,Bacillaceae,Bacillus,p,carious dentine,81.3794,18.0,1,0.16,30,8,22.60496136,17.07,0.6865,4.082482905,1.7275084632080941,Klebsiella pneumoniae,1.6538371818225293,0.07367128138556489,53.39596788821722,45.06477238156201
28,CuO,Bacillus subtilis,non-pathogenic,purchased from sigma aldrich ( citrate capped agnps),MBEC,quasi-spherical,Bacteria,Bacillota,Bacilli,Bacillales,Bacillaceae,Bacillus,p,lungs,79.5454,8.7,24,0.16,30,17,20.67942236,17.07,0.6865,1.651411411,3.0824221553486297,Klebsiella pneumoniae,3.009080558096589,0.07334159725204081,1208.9884596731747,1021.1288772489823
29,Ag,Bacillus subtilis,non-pathogenic,"purchased from us research nanomaterials, inc.в ",MBEC,tetragonal,Bacteria,Bacillota,Bacilli,Bacillales,Bacillaceae,Bacillus,p,carious dentine,107.87,25.0,0,0.16,30,11,23.00188061,0.0,0.0,1.78376517,1.3258615638182858,Klebsiella pneumoniae,1.304817596601327,0.021043967216958892,21.176859917579733,20.175188291218607
30,Cu,Bacillus subtilis,non-pathogenic,purchased from sigma aldrich ( citrate capped agnps),MBEC,quasi-hexagonal,Bacteria,Bacillota,Bacilli,Bacillales,Bacillaceae,Bacillus,p,mammary gland,63.55,9.0,24,0.16,30,11,17.96409803,0.0,0.0,1.243163121,1.7803386977936049,Klebsiella pneumoniae,1.7732399110507981,0.007098786742806729,60.30296938300582,59.32529562704933
31,Ag,Bacillus subtilis,non-pathogenic,"purchased from us research nanomaterials, inc.в ",MBC,rod-shaped,Bacteria,Bacillota,Bacilli,Bacillales,Bacillaceae,Bacillus,p,soil,107.87,55.6,18,0.16,30,11,23.00188061,0.0,0.0,1.78376517,1.5224142119626016,Klebsiella pneumoniae,1.5888583317732117,-0.06644411981061005,33.29769814516542,38.802377076869575
32,ZnO,Bacillus subtilis,non-pathogenic,chemical_synthesis,MBEC,triangular,Bacteria,Bacillota,Bacilli,Bacillales,Bacillaceae,Bacillus,p,water,81.3794,55.6,24,0.16,30,8,22.60496136,17.07,0.6865,4.082482905,0.7256949718812473,Klebsiella pneumoniae,0.8182386828708712,-0.09254371098962388,5.3173466254237125,6.5801937730114295
33,Ag,Bacillus subtilis,non-pathogenic,purchased from sigma aldrich ( citrate capped agnps),MBEC,tetragonal,Bacteria,Bacillota,Bacilli,Bacillales,Bacillaceae,Bacillus,p,meat,107.8682,35.0,24,0.16,30,11,23.00188061,0.0,0.0,1.78376517,0.8380762032794173,Klebsiella pneumoniae,0.9316021453732621,-0.0935259420938448,6.887731410010505,8.542837499745591
34,CeO2,Bacillus subtilis,non-pathogenic,chemical_synthesis,MBC,spheroidal,Bacteria,Bacillota,Bacilli,Bacillales,Bacillaceae,Bacillus,p,skin,172.115,13.0,0,0.16,30,16,39.19032095,34.14,1.373,4.456551526,2.8258753928245186,Klebsiella pneumoniae,2.9203335364546072,-0.09445814363008864,669.6924346162389,832.4028077660856
35,Cu,Bacillus subtilis,non-pathogenic,chemical_synthesis,MBC,spheroidal,Bacteria,Bacillota,Bacilli,Bacillales,Bacillaceae,Bacillus,p,mammary gland,63.55,26.06,1,0.16,30,11,17.96409803,0.0,0.0,1.243163121,1.4339620028506668,Klebsiella pneumoniae,1.6600089272757403,-0.22604692442507357,27.162016134285867,45.709758553035684
