,np,bacteria,bac_type,np_synthesis,method,shape,kingdom,phylum,class,order,family,genus,gram,isolated_from,mol_weight (g/mol),np_size_avg (nm),time_set,"min_Incub_period, h","growth_temp, C",Valance_electron,labuteASA,tpsa,CrippenMR,chi0v,pred_MIC_norm,pathogenic_bacteria,pred_MIC_pathogen,Fitness,pred_norm_MIC_original,pred_path_MIC_original
0,ZnO,Bacillus subtilis,non-pathogenic,"purchased from us research nanomaterials, inc.в ",MIC,quasi-spherical,Bacteria,Bacillota,Bacilli,Bacillales,Bacillaceae,Bacillus,p,water,81.3794,4.0,1,0.16,30,8,22.60496136,17.07,0.6865,4.082482905,1.2223505756863662,Klebsiella pneumoniae,0.22038507666824092,1.0019654990181253,16.685936084536806,1.6610590689068931
1,ZrO2,Bacillus subtilis,non-pathogenic,green_synthesis,MIC,quasi-spherical,Bacteria,Bacillota,Bacilli,Bacillales,Bacillaceae,Bacillus,p,soil,123.2218,1.4,2,0.16,30,16,29.29254423,34.14,1.373,3.774536472,2.0130633897520296,Klebsiella pneumoniae,1.1268320705080306,0.886231319243999,103.05365268833025,13.391587721737958
2,ZnO,Bacillus subtilis,non-pathogenic,green_synthesis,MIC,quasi-hexagonal,Bacteria,Bacillota,Bacilli,Bacillales,Bacillaceae,Bacillus,p,water,81.3794,5.1,4,0.16,30,8,22.60496136,17.07,0.6865,4.082482905,0.854487124482242,Klebsiella pneumoniae,0.03341179247365811,0.8210753320085838,7.152981873333217,1.079970250885176
3,Ag,Bacillus subtilis,non-pathogenic,chemical_synthesis,MIC,hexagonal,Bacteria,Bacillota,Bacilli,Bacillales,Bacillaceae,Bacillus,p,skin,107.87,3.0,0,0.16,30,11,23.00188061,0.0,0.0,1.78376517,1.4589868271249367,Klebsiella pneumoniae,0.6964617454552136,0.7625250816697231,28.773111397723202,4.971205832558982
4,ZnO,Bacillus subtilis,non-pathogenic,electrochemical synthesis,MBC,nanoplates,Bacteria,Bacillota,Bacilli,Bacillales,Bacillaceae,Bacillus,p,nose,81.3794,8.7,4,0.16,30,8,22.60496136,17.07,0.6865,4.082482905,2.0681607241354585,Klebsiella pneumoniae,1.320221448265704,0.7479392758697545,116.99322806192842,20.903617418687592
5,Ag,Bacillus subtilis,non-pathogenic,"purchased from us research nanomaterials, inc.в ",MIC,nanoplates,Bacteria,Bacillota,Bacilli,Bacillales,Bacillaceae,Bacillus,p,lungs,107.8682,1.4,2,0.16,30,11,23.00188061,0.0,0.0,1.78376517,1.7565466683436846,Klebsiella pneumoniae,1.0248629521937982,0.7316837161498864,57.08824186632548,10.589195153203223
6,TiO2,Bacillus subtilis,non-pathogenic,purchased from sigma aldrich ( citrate capped agnps),MIC,cubic,Bacteria,Bacillota,Bacilli,Bacillales,Bacillaceae,Bacillus,p,mammary gland,79.866,5.1,1,0.16,30,16,26.40611331,34.14,1.373,2.878049394,2.5274958010187727,Klebsiella pneumoniae,1.83014684622626,0.6973489547925127,336.89595844326874,67.63116152301912
7,ZnO,Bacillus subtilis,non-pathogenic,"purchased from us research nanomaterials, inc.в ",MIC,cubic,Bacteria,Bacillota,Bacilli,Bacillales,Bacillaceae,Bacillus,p,carious dentine,81.3794,1.9,24,0.16,30,8,22.60496136,17.07,0.6865,4.082482905,1.901465610023034,Klebsiella pneumoniae,1.2148131839622935,0.6866524260607405,79.7013375911149,16.398842091557054
8,CuO,Bacillus subtilis,non-pathogenic,"purchased from us research nanomaterials, inc.в ",MBEC,nanoplates,Bacteria,Bacillota,Bacilli,Bacillales,Bacillaceae,Bacillus,p,food,79.5454,13.5,0,0.16,30,17,20.67942236,17.07,0.6865,1.651411411,3.274440723949702,Klebsiella pneumoniae,2.604833669413366,0.6696070545363364,1881.2249237856968,402.5628271276886
9,ZnO,Bacillus subtilis,non-pathogenic,electrochemical synthesis,MBEC,triangular,Bacteria,Bacillota,Bacilli,Bacillales,Bacillaceae,Bacillus,p,respiratory tract,81.3794,6.0,18,0.16,30,8,22.60496136,17.07,0.6865,4.082482905,0.7085539342594249,Klebsiella pneumoniae,0.04228571679298487,0.66626821746644,5.111565547194115,1.1022642366186683
10,Pd,Bacillus subtilis,non-pathogenic,green_synthesis,MIC,quasi-spherical,Bacteria,Bacillota,Bacilli,Bacillales,Bacillaceae,Bacillus,p,meat,195.084,4.0,0,0.16,30,10,21.14774404,0.0,0.0,1.870828693,0.9341306867972946,Klebsiella pneumoniae,0.2784793202278555,0.6556513665694391,8.592720525784086,1.8988004248921488
11,Au,Bacillus subtilis,non-pathogenic,green_synthesis,MIC,rod-shaped,Bacteria,Bacillota,Bacilli,Bacillales,Bacillaceae,Bacillus,p,urine,196.966569,3.0,1,0.16,30,11,23.00188061,0.0,0.0,2.46797672,1.5023117335815013,Klebsiella pneumoniae,0.8494183497522699,0.6528933838292313,31.79155227531495,7.069982678144374
12,TiO2,Bacillus subtilis,non-pathogenic,"purchased from us research nanomaterials, inc.в ",MBEC,hexagonal,Bacteria,Bacillota,Bacilli,Bacillales,Bacillaceae,Bacillus,p,food,79.866,13.0,0,0.16,30,16,26.40611331,34.14,1.373,2.878049394,2.872008101812113,Klebsiella pneumoniae,2.223173219074937,0.6488348827371762,744.7458670938107,167.17572645142872
13,ZnO,Bacillus subtilis,non-pathogenic,"purchased from us research nanomaterials, inc.в ",MIC,quasi-hexagonal,Bacteria,Bacillota,Bacilli,Bacillales,Bacillaceae,Bacillus,p,water,81.3794,10.0,2,0.16,30,8,22.60496136,17.07,0.6865,4.082482905,0.8310121792653152,Klebsiella pneumoniae,0.1974920194802252,0.63352015978509,6.776605115165039,1.5757670664566559
14,Au,Bacillus subtilis,non-pathogenic,chemical_synthesis,MIC,nanoplates,Bacteria,Bacillota,Bacilli,Bacillales,Bacillaceae,Bacillus,p,food,196.966569,1.4,1,0.16,30,11,23.00188061,0.0,0.0,2.46797672,1.9529711020121279,Klebsiella pneumoniae,1.3197070612481094,0.6332640407640184,89.7369081507151,20.878873415216734
15,CuO,Bacillus subtilis,non-pathogenic,purchased from sigma aldrich ( citrate capped agnps),MBEC,cubic,Bacteria,Bacillota,Bacilli,Bacillales,Bacillaceae,Bacillus,p,blood,79.5454,4.7,4,0.16,30,17,20.67942236,17.07,0.6865,1.651411411,2.2237485750000996,Klebsiella pneumoniae,1.6292885607465606,0.594460014253539,167.39734862372305,42.58812898682843
16,ZnO,Bacillus subtilis,non-pathogenic,purchased from sigma aldrich ( citrate capped agnps),MBEC,cubic,Bacteria,Bacillota,Bacilli,Bacillales,Bacillaceae,Bacillus,p,respiratory tract,81.3794,10.4,3,0.16,30,8,22.60496136,17.07,0.6865,4.082482905,2.5503532116818324,Klebsiella pneumoniae,2.0449021059364645,0.5054511057453679,355.10207632514084,110.89248249963026
17,Au,Bacillus subtilis,non-pathogenic,chemical_synthesis,MIC,nanoplates,Bacteria,Bacillota,Bacilli,Bacillales,Bacillaceae,Bacillus,p,water,196.966569,6.0,18,0.16,30,11,23.00188061,0.0,0.0,2.46797672,2.6309521061843135,Klebsiella pneumoniae,2.3479662809674458,0.28298582521686777,427.51573729331875,222.82621381832345
18,Pd,Bacillus subtilis,non-pathogenic,purchased from sigma aldrich ( citrate capped agnps),MBC,quasi-hexagonal,Bacteria,Bacillota,Bacilli,Bacillales,Bacillaceae,Bacillus,p,soil,195.084,5.1,18,0.16,30,10,21.14774404,0.0,0.0,1.870828693,1.0543683796005472,Klebsiella pneumoniae,0.8046188168387249,0.24974956276182225,11.333613014488057,6.377035238520738
19,ZnO,Bacillus subtilis,non-pathogenic,purchased from sigma aldrich ( citrate capped agnps),MBEC,quasi-spherical,Bacteria,Bacillota,Bacilli,Bacillales,Bacillaceae,Bacillus,p,mammary gland,81.3794,79.0,4,0.16,30,8,22.60496136,17.07,0.6865,4.082482905,1.3735066201396389,Klebsiella pneumoniae,1.145040249361938,0.22846637077770082,23.63233422674159,13.964977790945301
20,Au,Bacillus subtilis,non-pathogenic,green_synthesis,MBC,quasi-spherical,Bacteria,Bacillota,Bacilli,Bacillales,Bacillaceae,Bacillus,p,skin,196.966569,20.0,2,0.16,30,11,23.00188061,0.0,0.0,2.46797672,1.237947012328489,Klebsiella pneumoniae,1.0207334795425154,0.21721353278597366,17.29605319578467,10.488985367174175
21,Ag,Bacillus subtilis,non-pathogenic,electrochemical synthesis,MIC,hexagonal,Bacteria,Bacillota,Bacilli,Bacillales,Bacillaceae,Bacillus,p,water,107.87,37.86,2,0.16,30,11,23.00188061,0.0,0.0,1.78376517,1.4151053096376538,Klebsiella pneumoniae,1.2522211338244733,0.1628841758131805,26.00790137750718,17.873974492339052
22,Ag,Bacillus subtilis,non-pathogenic,green_synthesis,MBC,triangular,Bacteria,Bacillota,Bacilli,Bacillales,Bacillaceae,Bacillus,p,food,107.87,6.0,24,0.16,30,11,23.00188061,0.0,0.0,1.78376517,0.7504075060272477,Klebsiella pneumoniae,0.6671398312947749,0.08326767473247276,5.628692274174953,4.646648608907737
23,Ag,Bacillus subtilis,non-pathogenic,green_synthesis,MBC,rod-shaped,Bacteria,Bacillota,Bacilli,Bacillales,Bacillaceae,Bacillus,p,soil,107.8682,35.0,4,0.16,30,11,23.00188061,0.0,0.0,1.78376517,0.849313894142423,Klebsiella pneumoniae,0.8089419326612635,0.04037196148115951,7.068282425023567,6.44083142628556
24,Au,Bacillus subtilis,non-pathogenic,electrochemical synthesis,MBC,tetragonal,Bacteria,Bacillota,Bacilli,Bacillales,Bacillaceae,Bacillus,p,mouth,196.966569,8.0,0,0.16,30,11,23.00188061,0.0,0.0,2.46797672,1.3976592051240022,Klebsiella pneumoniae,1.4535557460134507,-0.05589654088944851,24.983840873005004,28.41552903134062
25,ZnO,Bacillus subtilis,non-pathogenic,chemical_synthesis,MBC,triangular,Bacteria,Bacillota,Bacilli,Bacillales,Bacillaceae,Bacillus,p,water,81.3794,27.43,2,0.16,30,8,22.60496136,17.07,0.6865,4.082482905,0.505714101175422,Klebsiella pneumoniae,0.5897378314371813,-0.08402373026175924,3.2041593115738287,3.8881036276372707
26,Ag,Bacillus subtilis,non-pathogenic,chemical_synthesis,MBC,nanoplates,Bacteria,Bacillota,Bacilli,Bacillales,Bacillaceae,Bacillus,p,water,107.87,0.8,18,0.16,30,11,23.00188061,0.0,0.0,1.78376517,1.22457665044324,Klebsiella pneumoniae,1.3795629347183027,-0.15498628427506267,16.771683200552758,23.964199959033632
