,np,bacteria,bac_type,np_synthesis,method,shape,kingdom,phylum,class,order,family,genus,gram,isolated_from,mol_weight (g/mol),np_size_avg (nm),time_set,"min_Incub_period, h","growth_temp, C",Valance_electron,labuteASA,tpsa,CrippenMR,chi0v,pred_MIC_norm,pathogenic_bacteria,pred_MIC_pathogen,Fitness,pred_norm_MIC_original,pred_path_MIC_original
0,ZnO,Bacillus subtilis,non-pathogenic,"purchased from us research nanomaterials, inc.в ",MIC,cubic,Bacteria,Bacillota,Bacilli,Bacillales,Bacillaceae,Bacillus,p,water,81.3794,1.9,3,0.16,30,8,22.60496136,17.07,0.6865,4.082482905,1.6372486083720257,Klebsiella pneumoniae,0.6390853272500518,0.9981632811219738,43.37591092341386,4.355974485268537
1,Ag,Bacillus subtilis,non-pathogenic,green_synthesis,MIC,tetragonal,Bacteria,Bacillota,Bacilli,Bacillales,Bacillaceae,Bacillus,p,water,107.87,1.4,24,0.16,30,11,23.00188061,0.0,0.0,1.78376517,1.6858020264635334,Klebsiella pneumoniae,0.719078239163673,0.9667237872998604,48.50673313696569,5.236947729226177
2,ZnO,Bacillus subtilis,non-pathogenic,"purchased from us research nanomaterials, inc.в ",MBC,cubic,Bacteria,Bacillota,Bacilli,Bacillales,Bacillaceae,Bacillus,p,food,81.3794,4.7,2,0.16,30,8,22.60496136,17.07,0.6865,4.082482905,2.236779290389594,Klebsiella pneumoniae,1.2877560236651269,0.9490232667244671,172.49610394131116,19.397958401678736
3,ZnO,Bacillus subtilis,non-pathogenic,electrochemical synthesis,MIC,cubic,Bacteria,Bacillota,Bacilli,Bacillales,Bacillaceae,Bacillus,p,mammary gland,81.3794,4.0,1,0.16,30,8,22.60496136,17.07,0.6865,4.082482905,1.4781383275441464,Klebsiella pneumoniae,0.5486672404027995,0.929471087141347,30.070339233186434,3.537262096254551
4,Ag,Bacillus subtilis,non-pathogenic,"purchased from us research nanomaterials, inc.в ",MIC,cubic,Bacteria,Bacillota,Bacilli,Bacillales,Bacillaceae,Bacillus,p,lungs,107.87,4.0,4,0.16,30,11,23.00188061,0.0,0.0,1.78376517,1.6969672315018516,Klebsiella pneumoniae,0.7730605389088289,0.9239066925930227,49.76995310100835,5.930079817529373
5,TiO2,Bacillus subtilis,non-pathogenic,electrochemical synthesis,MBC,quasi-spherical,Bacteria,Bacillota,Bacilli,Bacillales,Bacillaceae,Bacillus,p,mammary gland,79.866,5.1,4,0.16,30,16,26.40611331,34.14,1.373,2.878049394,2.7109058455417436,Klebsiella pneumoniae,1.8094361700419428,0.9014696754998008,513.9322196912619,64.481654169501
6,CeO2,Bacillus subtilis,non-pathogenic,electrochemical synthesis,MIC,quasi-hexagonal,Bacteria,Bacillota,Bacilli,Bacillales,Bacillaceae,Bacillus,p,water,172.115,1.9,3,0.16,30,16,39.19032095,34.14,1.373,4.456551526,2.1588296424896973,Klebsiella pneumoniae,1.2870491047690453,0.871780537720652,144.15497744503503,19.366409235078137
7,Ag,Bacillus subtilis,non-pathogenic,green_synthesis,MIC,spheroidal,Bacteria,Bacillota,Bacilli,Bacillales,Bacillaceae,Bacillus,p,food,107.87,3.0,18,0.16,30,11,23.00188061,0.0,0.0,1.78376517,1.1250777192133343,Klebsiella pneumoniae,0.25741698845872985,0.8676607307546045,13.337600939815578,1.8089101200695687
8,ZnO,Bacillus subtilis,non-pathogenic,electrochemical synthesis,MBC,cubic,Bacteria,Bacillota,Bacilli,Bacillales,Bacillaceae,Bacillus,p,mouth,81.3794,6.0,2,0.16,30,8,22.60496136,17.07,0.6865,4.082482905,2.141723025508434,Klebsiella pneumoniae,1.2759230375675736,0.8657999879408602,138.58716971303082,18.8765680297941
9,CuO,Bacillus subtilis,non-pathogenic,"purchased from us research nanomaterials, inc.в ",MIC,quasi-spherical,Bacteria,Bacillota,Bacilli,Bacillales,Bacillaceae,Bacillus,p,urine,79.5454,1.4,4,0.16,30,17,20.67942236,17.07,0.6865,1.651411411,2.3511793104235643,Klebsiella pneumoniae,1.4977964286790666,0.8533828817444977,224.48085634415898,31.462731834006508
10,ZnO,Bacillus subtilis,non-pathogenic,green_synthesis,MIC,cubic,Bacteria,Bacillota,Bacilli,Bacillales,Bacillaceae,Bacillus,p,water,81.3794,0.8,4,0.16,30,8,22.60496136,17.07,0.6865,4.082482905,1.4998801864097118,Klebsiella pneumoniae,0.6700421248424586,0.8298380615672531,31.61405368216442,4.677805119413523
11,TiO2,Bacillus subtilis,non-pathogenic,green_synthesis,MBC,quasi-hexagonal,Bacteria,Bacillota,Bacilli,Bacillales,Bacillaceae,Bacillus,p,mouth,79.866,4.7,4,0.16,30,16,26.40611331,34.14,1.373,2.878049394,2.207450894508524,Klebsiella pneumoniae,1.40450408161723,0.8029468128912938,161.23187128429765,25.380728393480243
12,ZnO,Bacillus subtilis,non-pathogenic,green_synthesis,MBC,quasi-spherical,Bacteria,Bacillota,Bacilli,Bacillales,Bacillaceae,Bacillus,p,respiratory tract,81.3794,4.7,2,0.16,30,8,22.60496136,17.07,0.6865,4.082482905,2.0847291549658067,Klebsiella pneumoniae,1.2906475961127268,0.7940815588530798,121.54277703198963,19.527542699179868
13,Ag,Bacillus subtilis,non-pathogenic,chemical_synthesis,MIC,hexagonal,Bacteria,Bacillota,Bacilli,Bacillales,Bacillaceae,Bacillus,p,mouth,107.87,4.0,2,0.16,30,11,23.00188061,0.0,0.0,1.78376517,1.3628037902934953,Klebsiella pneumoniae,0.5772617678868213,0.785542022406674,23.05705259840569,3.7779983845738854
14,CeO2,Bacillus subtilis,non-pathogenic,chemical_synthesis,MIC,rod-shaped,Bacteria,Bacillota,Bacilli,Bacillales,Bacillaceae,Bacillus,p,soil,172.115,3.0,4,0.16,30,16,39.19032095,34.14,1.373,4.456551526,2.0568552728001137,Klebsiella pneumoniae,1.275143271398374,0.7817120014017398,113.98698663975114,18.842705976370762
15,ZnO,Bacillus subtilis,non-pathogenic,"purchased from us research nanomaterials, inc.в ",MBEC,cubic,Bacteria,Bacillota,Bacilli,Bacillales,Bacillaceae,Bacillus,p,lungs,81.3794,11.3,1,0.16,30,8,22.60496136,17.07,0.6865,4.082482905,2.355497396636077,Klebsiella pneumoniae,1.579274116360068,0.776223280276009,226.7239486212247,37.95544751536623
16,Ag,Bacillus subtilis,non-pathogenic,"purchased from us research nanomaterials, inc.в ",MIC,cubic,Bacteria,Bacillota,Bacilli,Bacillales,Bacillaceae,Bacillus,p,soil,107.87,4.0,1,0.16,30,11,23.00188061,0.0,0.0,1.78376517,1.5681356822740442,Klebsiella pneumoniae,0.7933472625378755,0.7747884197361687,36.99437395440372,6.2136568060101744
17,ZnO,Bacillus subtilis,non-pathogenic,electrochemical synthesis,MBC,quasi-spherical,Bacteria,Bacillota,Bacilli,Bacillales,Bacillaceae,Bacillus,p,lungs,81.3794,5.1,2,0.16,30,8,22.60496136,17.07,0.6865,4.082482905,1.8227165123762479,Klebsiella pneumoniae,1.0521832491619132,0.7705332632143347,66.4839037939175,11.276731738788977
18,TiO2,Bacillus subtilis,non-pathogenic,electrochemical synthesis,MBC,quasi-hexagonal,Bacteria,Bacillota,Bacilli,Bacillales,Bacillaceae,Bacillus,p,water,79.866,8.0,0,0.16,30,16,26.40611331,34.14,1.373,2.878049394,2.2545515803513982,Klebsiella pneumoniae,1.5000330644107438,0.7545185159406544,179.70144955837335,31.62518424976871
19,ZnO,Bacillus subtilis,non-pathogenic,electrochemical synthesis,MIC,rod-shaped,Bacteria,Bacillota,Bacilli,Bacillales,Bacillaceae,Bacillus,p,lungs,81.3794,1.9,1,0.16,30,8,22.60496136,17.07,0.6865,4.082482905,0.8778555152760463,Klebsiella pneumoniae,0.12835606834059998,0.7494994469354463,7.54841059044605,1.3438663155491781
20,Ag,Bacillus subtilis,non-pathogenic,electrochemical synthesis,MIC,cubic,Bacteria,Bacillota,Bacilli,Bacillales,Bacillaceae,Bacillus,p,meat,107.87,0.8,3,0.16,30,11,23.00188061,0.0,0.0,1.78376517,1.53376563469774,Klebsiella pneumoniae,0.7861176510763851,0.7476479836213549,34.17949444442357,6.111075525064169
21,Al2O3,Bacillus subtilis,non-pathogenic,"purchased from us research nanomaterials, inc.в ",MIC,rod-shaped,Bacteria,Bacillota,Bacilli,Bacillales,Bacillaceae,Bacillus,p,urine,101.961276,1.9,4,0.16,30,24,51.55776403,85.5,13.5675,4.688846487,2.138521545843844,Klebsiella pneumoniae,1.3933152078232212,0.7452063380206226,137.56930582816932,24.73518755869611
22,ZnO,Bacillus subtilis,non-pathogenic,green_synthesis,MBEC,cubic,Bacteria,Bacillota,Bacilli,Bacillales,Bacillaceae,Bacillus,p,lungs,81.3794,8.0,3,0.16,30,8,22.60496136,17.07,0.6865,4.082482905,2.5756272504539846,Klebsiella pneumoniae,1.8439072340899907,0.7317200163639939,376.380617515083,69.80832765845577
23,Ag,Bacillus subtilis,non-pathogenic,"purchased from us research nanomaterials, inc.в ",MIC,spheroidal,Bacteria,Bacillota,Bacilli,Bacillales,Bacillaceae,Bacillus,p,respiratory tract,107.87,12.0,18,0.16,30,11,23.00188061,0.0,0.0,1.78376517,1.5190267526115808,Klebsiella pneumoniae,0.7899582873616003,0.7290684652499805,33.038989248174936,6.165357826673428
24,ZnO,Bacillus subtilis,non-pathogenic,"purchased from us research nanomaterials, inc.в ",MIC,rod-shaped,Bacteria,Bacillota,Bacilli,Bacillales,Bacillaceae,Bacillus,p,urine,81.3794,4.0,18,0.16,30,8,22.60496136,17.07,0.6865,4.082482905,0.8536166859528881,Klebsiella pneumoniae,0.12805837684290156,0.7255583091099865,7.138659803956727,1.3429454645772327
25,Ag,Bacillus subtilis,non-pathogenic,"purchased from us research nanomaterials, inc.в ",MBEC,cubic,Bacteria,Bacillota,Bacilli,Bacillales,Bacillaceae,Bacillus,p,mammary gland,107.8682,8.7,4,0.16,30,11,23.00188061,0.0,0.0,1.78376517,2.311860874681744,Klebsiella pneumoniae,1.6026926510179216,0.7091682236638226,205.05051985988274,40.0583125740312
26,ZnO,Bacillus subtilis,non-pathogenic,"purchased from us research nanomaterials, inc.в ",MIC,nanoplates,Bacteria,Bacillota,Bacilli,Bacillales,Bacillaceae,Bacillus,p,soil,81.3794,4.0,24,0.16,30,8,22.60496136,17.07,0.6865,4.082482905,2.213982026827688,Klebsiella pneumoniae,1.5126705818743464,0.7013114449533417,163.67487835728,32.55896432520502
27,TiO2,Bacillus subtilis,non-pathogenic,electrochemical synthesis,MBC,cubic,Bacteria,Bacillota,Bacilli,Bacillales,Bacillaceae,Bacillus,p,carious dentine,79.866,13.5,4,0.16,30,16,26.40611331,34.14,1.373,2.878049394,2.4640235716731915,Klebsiella pneumoniae,1.7653216258488333,0.6987019458243582,291.0875103805537,58.2534466131324
28,ZnO,Bacillus subtilis,non-pathogenic,purchased from sigma aldrich ( citrate capped agnps),MIC,spheroidal,Bacteria,Bacillota,Bacilli,Bacillales,Bacillaceae,Bacillus,p,mouth,81.3794,4.0,18,0.16,30,8,22.60496136,17.07,0.6865,4.082482905,0.8134091632768627,Klebsiella pneumoniae,0.11556816036042927,0.6978410029164335,6.5074248777200765,1.304872745862151
29,CuO,Bacillus subtilis,non-pathogenic,electrochemical synthesis,MBC,cubic,Bacteria,Bacillota,Bacilli,Bacillales,Bacillaceae,Bacillus,p,mammary gland,79.5454,6.0,4,0.16,30,17,20.67942236,17.07,0.6865,1.651411411,3.1608944978024587,Klebsiella pneumoniae,2.4700602020127835,0.6908342957896751,1448.4199493494086,295.16183524043504
30,ZrO2,Bacillus subtilis,non-pathogenic,purchased from sigma aldrich ( citrate capped agnps),MIC,spheroidal,Bacteria,Bacillota,Bacilli,Bacillales,Bacillaceae,Bacillus,p,respiratory tract,123.2218,1.9,1,0.16,30,16,29.29254423,34.14,1.373,3.774536472,1.7263717215419778,Klebsiella pneumoniae,1.0377361362777378,0.6886355852642401,53.25638965910134,10.907774128975603
31,ZnO,Bacillus subtilis,non-pathogenic,electrochemical synthesis,MBC,spherical,Bacteria,Bacillota,Bacilli,Bacillales,Bacillaceae,Bacillus,p,urine,81.3794,4.7,4,0.16,30,8,22.60496136,17.07,0.6865,4.082482905,1.8505183313459135,Klebsiella pneumoniae,1.1620003804636605,0.688517950882253,70.87912235314778,14.52112889710614
32,TiO2,Bacillus subtilis,non-pathogenic,"purchased from us research nanomaterials, inc.в ",MBC,spherical,Bacteria,Bacillota,Bacilli,Bacillales,Bacillaceae,Bacillus,p,water,79.866,5.1,2,0.16,30,16,26.40611331,34.14,1.373,2.878049394,2.9891959801295833,Klebsiella pneumoniae,2.3007805058366357,0.6884154742929476,975.4297117297077,199.88513868397854
33,ZnO,Bacillus subtilis,non-pathogenic,"purchased from us research nanomaterials, inc.в ",MBC,quasi-hexagonal,Bacteria,Bacillota,Bacilli,Bacillales,Bacillaceae,Bacillus,p,skin,81.3794,25.0,4,0.16,30,8,22.60496136,17.07,0.6865,4.082482905,1.5857479549530598,Klebsiella pneumoniae,0.89737499769831,0.6883729572547498,38.52547082131422,7.895415641779411
34,Ag,Bacillus subtilis,non-pathogenic,"purchased from us research nanomaterials, inc.в ",MIC,spherical,Bacteria,Bacillota,Bacilli,Bacillales,Bacillaceae,Bacillus,p,mammary gland,107.87,4.0,3,0.16,30,11,23.00188061,0.0,0.0,1.78376517,1.3478705794768033,Klebsiella pneumoniae,0.66168424489801,0.6861863345787933,22.277711705955184,4.588642728862459
35,CuO,Bacillus subtilis,non-pathogenic,"purchased from us research nanomaterials, inc.в ",MBC,quasi-spherical,Bacteria,Bacillota,Bacilli,Bacillales,Bacillaceae,Bacillus,p,skin,79.5454,0.8,2,0.16,30,17,20.67942236,17.07,0.6865,1.651411411,2.7882731438991444,Klebsiella pneumoniae,2.1026032162003383,0.6856699276988061,614.1481442581194,126.6494231937157
36,Ag,Bacillus subtilis,non-pathogenic,electrochemical synthesis,MIC,nanoplates,Bacteria,Bacillota,Bacilli,Bacillales,Bacillaceae,Bacillus,p,respiratory tract,107.87,1.4,24,0.16,30,11,23.00188061,0.0,0.0,1.78376517,2.595355824462829,Klebsiella pneumoniae,1.9106395773078477,0.6847162471549815,393.8726494972718,81.4028438225743
37,ZnO,Bacillus subtilis,non-pathogenic,chemical_synthesis,MBEC,hexagonal,Bacteria,Bacillota,Bacilli,Bacillales,Bacillaceae,Bacillus,p,carious dentine,81.3794,5.1,4,0.16,30,8,22.60496136,17.07,0.6865,4.082482905,1.7953468012339087,Klebsiella pneumoniae,1.1112749223631138,0.6840718788707949,62.42331112133214,12.92036915676656
38,Ag,Bacillus subtilis,non-pathogenic,chemical_synthesis,MIC,rod-shaped,Bacteria,Bacillota,Bacilli,Bacillales,Bacillaceae,Bacillus,p,respiratory tract,107.87,4.0,0,0.16,30,11,23.00188061,0.0,0.0,1.78376517,0.89425982699816,Klebsiella pneumoniae,0.21565994448778314,0.6785998825103768,7.83898488409292,1.6430846730011108
39,ZnO,Bacillus subtilis,non-pathogenic,electrochemical synthesis,MBEC,hexagonal,Bacteria,Bacillota,Bacilli,Bacillales,Bacillaceae,Bacillus,p,lungs,81.3794,1.4,0,0.16,30,8,22.60496136,17.07,0.6865,4.082482905,2.196801554726927,Klebsiella pneumoniae,1.5185457628806747,0.6782557918462522,157.32638175494392,33.00241816926526
40,Ag,Bacillus subtilis,non-pathogenic,"purchased from us research nanomaterials, inc.в ",MIC,cubic,Bacteria,Bacillota,Bacilli,Bacillales,Bacillaceae,Bacillus,p,soil,107.87,5.1,4,0.16,30,11,23.00188061,0.0,0.0,1.78376517,1.9676899491250366,Klebsiella pneumoniae,1.3117905327630761,0.6558994163619605,92.83034171506999,20.50173108748083
41,CeO2,Bacillus subtilis,non-pathogenic,"purchased from us research nanomaterials, inc.в ",MIC,cubic,Bacteria,Bacillota,Bacilli,Bacillales,Bacillaceae,Bacillus,p,lungs,172.115,8.7,4,0.16,30,16,39.19032095,34.14,1.373,4.456551526,2.760462196695208,Klebsiella pneumoniae,2.1121239723455107,0.6483382243496973,576.0526736846292,129.45653312843552
42,ZnO,Bacillus subtilis,non-pathogenic,purchased from sigma aldrich ( citrate capped agnps),MBC,cubic,Bacteria,Bacillota,Bacilli,Bacillales,Bacillaceae,Bacillus,p,soil,81.3794,8.0,2,0.16,30,8,22.60496136,17.07,0.6865,4.082482905,2.391720268041475,Klebsiella pneumoniae,1.745046924975101,0.646673343066374,246.4451456365516,55.59643252745746
43,TiO2,Bacillus subtilis,non-pathogenic,"purchased from us research nanomaterials, inc.в ",MBEC,quasi-spherical,Bacteria,Bacillota,Bacilli,Bacillales,Bacillaceae,Bacillus,p,soil,79.866,3.0,1,0.16,30,16,26.40611331,34.14,1.373,2.878049394,2.522892195987742,Klebsiella pneumoniae,1.8765152171806523,0.6463769788070899,333.3436572926596,75.25150969777599
44,CuO,Bacillus subtilis,non-pathogenic,green_synthesis,MBC,nanoplates,Bacteria,Bacillota,Bacilli,Bacillales,Bacillaceae,Bacillus,p,food,79.5454,4.7,0,0.16,30,17,20.67942236,17.07,0.6865,1.651411411,3.31688777084327,Klebsiella pneumoniae,2.67102936303729,0.6458584078059801,2074.377393422982,468.84508010774124
45,Al2O3,Bacillus subtilis,non-pathogenic,"purchased from us research nanomaterials, inc.в ",MIC,cubic,Bacteria,Bacillota,Bacilli,Bacillales,Bacillaceae,Bacillus,p,mouth,101.961276,4.0,2,0.16,30,24,51.55776403,85.5,13.5675,4.688846487,2.22100328545977,Klebsiella pneumoniae,1.5752131628913064,0.6457901225684637,166.3425234218787,37.60219202228266
46,Ag,Bacillus subtilis,non-pathogenic,purchased from sigma aldrich ( citrate capped agnps),MIC,hexagonal,Bacteria,Bacillota,Bacilli,Bacillales,Bacillaceae,Bacillus,p,mouth,107.87,4.0,0,0.16,30,11,23.00188061,0.0,0.0,1.78376517,1.7008263739470566,Klebsiella pneumoniae,1.0582234088530167,0.6426029650940399,50.21417987404157,11.434664031
47,ZnO,Bacillus subtilis,non-pathogenic,electrochemical synthesis,MBC,cubic,Bacteria,Bacillota,Bacilli,Bacillales,Bacillaceae,Bacillus,p,skin,81.3794,4.0,1,0.16,30,8,22.60496136,17.07,0.6865,4.082482905,1.6063386173240402,Klebsiella pneumoniae,0.9647268910496426,0.6416117262743976,40.39602360689168,9.219914444079052
48,CuO,Bacillus subtilis,non-pathogenic,"purchased from us research nanomaterials, inc.в ",MBEC,quasi-hexagonal,Bacteria,Bacillota,Bacilli,Bacillales,Bacillaceae,Bacillus,p,urine,79.5454,0.8,0,0.16,30,17,20.67942236,17.07,0.6865,1.651411411,2.6446838909733326,Klebsiella pneumoniae,2.00763829572852,0.6370455952448126,441.24915932652607,101.7743402436063
49,Au,Bacillus subtilis,non-pathogenic,"purchased from us research nanomaterials, inc.в ",MIC,quasi-hexagonal,Bacteria,Bacillota,Bacilli,Bacillales,Bacillaceae,Bacillus,p,lungs,196.966569,1.4,3,0.16,30,11,23.00188061,0.0,0.0,2.46797672,1.2206585958281067,Klebsiella pneumoniae,0.584616963543849,0.6360416322842577,16.621055353006295,3.842527316187118
50,Ag,Bacillus subtilis,non-pathogenic,chemical_synthesis,MIC,hexagonal,Bacteria,Bacillota,Bacilli,Bacillales,Bacillaceae,Bacillus,p,blood,107.87,6.0,0,0.16,30,11,23.00188061,0.0,0.0,1.78376517,0.9471621438827817,Klebsiella pneumoniae,0.3141744079687325,0.6329877359140492,8.854461295170744,2.061457606150632
51,ZnO,Bacillus subtilis,non-pathogenic,"purchased from us research nanomaterials, inc.в ",MBEC,cubic,Bacteria,Bacillota,Bacilli,Bacillales,Bacillaceae,Bacillus,p,food,81.3794,4.7,18,0.16,30,8,22.60496136,17.07,0.6865,4.082482905,2.1873489565297626,Klebsiella pneumoniae,1.5595456658102687,0.6278032907194939,153.9391047453432,36.26984217663903
52,Ag,Bacillus subtilis,non-pathogenic,chemical_synthesis,MIC,spheroidal,Bacteria,Bacillota,Bacilli,Bacillales,Bacillaceae,Bacillus,p,urine,107.87,8.7,1,0.16,30,11,23.00188061,0.0,0.0,1.78376517,1.201364475769231,Klebsiella pneumoniae,0.6794252522188999,0.5219392235503311,15.898804745456996,4.779970894953469
53,ZnO,Bacillus subtilis,non-pathogenic,electrochemical synthesis,MIC,quasi-spherical,Bacteria,Bacillota,Bacilli,Bacillales,Bacillaceae,Bacillus,p,meat,81.3794,12.0,4,0.16,30,8,22.60496136,17.07,0.6865,4.082482905,1.545453345806373,Klebsiella pneumoniae,1.0271979719592301,0.5182553738471429,35.111820352916936,10.646282155065261
54,ZnO,Bacillus subtilis,non-pathogenic,"purchased from us research nanomaterials, inc.в ",MBC,quasi-spherical,Bacteria,Bacillota,Bacilli,Bacillales,Bacillaceae,Bacillus,p,mouth,81.3794,55.6,4,0.16,30,8,22.60496136,17.07,0.6865,4.082482905,1.1759369418660035,Klebsiella pneumoniae,0.6603880851836972,0.5155488566823063,14.994671019917043,4.574968257878873
55,Ag,Bacillus subtilis,non-pathogenic,electrochemical synthesis,MIC,quasi-hexagonal,Bacteria,Bacillota,Bacilli,Bacillales,Bacillaceae,Bacillus,p,soil,107.87,4.7,3,0.16,30,11,23.00188061,0.0,0.0,1.78376517,0.6916605894249834,Klebsiella pneumoniae,0.19498194908926503,0.4966786403357184,4.916551463159671,1.566685951399165
56,ZnO,Bacillus subtilis,non-pathogenic,purchased from sigma aldrich ( citrate capped agnps),MIC,spherical,Bacteria,Bacillota,Bacilli,Bacillales,Bacillaceae,Bacillus,p,blood,81.3794,6.0,2,0.16,30,8,22.60496136,17.07,0.6865,4.082482905,0.37730609982193797,Klebsiella pneumoniae,-0.06702732198944417,0.44433342181138213,2.3839991697545373,0.8569839296422421
57,Ag,Bacillus subtilis,non-pathogenic,"purchased from us research nanomaterials, inc.в ",MBEC,tetragonal,Bacteria,Bacillota,Bacilli,Bacillales,Bacillaceae,Bacillus,p,food,107.87,5.1,0,0.16,30,11,23.00188061,0.0,0.0,1.78376517,1.008460129500215,Klebsiella pneumoniae,0.6008773317015579,0.407582797798657,10.196711446154062,3.9891221202008964
58,ZnO,Bacillus subtilis,non-pathogenic,"purchased from us research nanomaterials, inc.в ",MBC,hexagonal,Bacteria,Bacillota,Bacilli,Bacillales,Bacillaceae,Bacillus,p,nose,81.3794,60.0,3,0.16,30,8,22.60496136,17.07,0.6865,4.082482905,1.913821097766496,Klebsiella pneumoniae,1.5196188883426511,0.3942022094238449,82.00136802646266,33.08406674704764
59,Ag,Bacillus subtilis,non-pathogenic,"purchased from us research nanomaterials, inc.в ",MBEC,triangular,Bacteria,Bacillota,Bacilli,Bacillales,Bacillaceae,Bacillus,p,soil,107.87,13.5,0,0.16,30,11,23.00188061,0.0,0.0,1.78376517,0.2704691563129882,Klebsiella pneumoniae,-0.08932343037631019,0.35979258668929837,1.8640997847857532,0.8140977784565214
60,ZnO,Bacillus subtilis,non-pathogenic,chemical_synthesis,MBEC,cubic,Bacteria,Bacillota,Bacilli,Bacillales,Bacillaceae,Bacillus,p,food,81.3794,20.0,4,0.16,30,8,22.60496136,17.07,0.6865,4.082482905,2.215999077036209,Klebsiella pneumoniae,1.8576038200975815,0.3583952569386275,164.43682285954742,72.04499575371011
61,Ag,Bacillus subtilis,non-pathogenic,electrochemical synthesis,MIC,quasi-hexagonal,Bacteria,Bacillota,Bacilli,Bacillales,Bacillaceae,Bacillus,p,respiratory tract,107.87,25.0,4,0.16,30,11,23.00188061,0.0,0.0,1.78376517,0.47220797177598484,Klebsiella pneumoniae,0.12524035981996184,0.346967611956023,2.966251506370399,1.3342596724545959
62,ZnO,Bacillus subtilis,non-pathogenic,electrochemical synthesis,MIC,hexagonal,Bacteria,Bacillota,Bacilli,Bacillales,Bacillaceae,Bacillus,p,blood,81.3794,17.5,0,0.16,30,8,22.60496136,17.07,0.6865,4.082482905,0.8331895040617556,Klebsiella pneumoniae,0.5414441154327887,0.29174538862896693,6.810664766965135,3.4789173841767234
63,Ag,Bacillus subtilis,non-pathogenic,electrochemical synthesis,MBEC,nanoplates,Bacteria,Bacillota,Bacilli,Bacillales,Bacillaceae,Bacillus,p,mammary gland,107.87,25.0,0,0.16,30,11,23.00188061,0.0,0.0,1.78376517,2.0804332425225054,Klebsiella pneumoniae,1.7913174910845036,0.28911575143800183,120.34643853183869,61.846836635991096
64,ZnO,Bacillus subtilis,non-pathogenic,electrochemical synthesis,MBEC,spherical,Bacteria,Bacillota,Bacilli,Bacillales,Bacillaceae,Bacillus,p,nose,81.3794,26.38,1,0.16,30,8,22.60496136,17.07,0.6865,4.082482905,1.9818915089457871,Klebsiella pneumoniae,1.693764733813041,0.2881267751327461,95.91609936885123,49.40429813137142
65,Ag,Bacillus subtilis,non-pathogenic,green_synthesis,MBC,quasi-hexagonal,Bacteria,Bacillota,Bacilli,Bacillales,Bacillaceae,Bacillus,p,soil,107.87,37.86,4,0.16,30,11,23.00188061,0.0,0.0,1.78376517,-0.28218202997743047,Klebsiella pneumoniae,-0.5659918880582171,0.2838098580807866,0.5221772779954564,0.27164900081505877
66,TiO2,Bacillus subtilis,non-pathogenic,electrochemical synthesis,MBC,quasi-hexagonal,Bacteria,Bacillota,Bacilli,Bacillales,Bacillaceae,Bacillus,p,carious dentine,79.866,35.0,4,0.16,30,16,26.40611331,34.14,1.373,2.878049394,1.4200986580389567,Klebsiella pneumoniae,1.1575553482915155,0.2625433097474412,26.30865573881437,14.373262205041856
67,Ag,Bacillus subtilis,non-pathogenic,purchased from sigma aldrich ( citrate capped agnps),MIC,triangular,Bacteria,Bacillota,Bacilli,Bacillales,Bacillaceae,Bacillus,p,skin,107.87,13.0,1,0.16,30,11,23.00188061,0.0,0.0,1.78376517,-0.48985262365761484,Klebsiella pneumoniae,-0.7418540681250918,0.25200144446747696,0.3237034859608677,0.1811948842401927
68,TiO2,Bacillus subtilis,non-pathogenic,purchased from sigma aldrich ( citrate capped agnps),MBEC,nanoplates,Bacteria,Bacillota,Bacilli,Bacillales,Bacillaceae,Bacillus,p,mouth,79.866,79.0,4,0.16,30,16,26.40611331,34.14,1.373,2.878049394,2.508123911913286,Klebsiella pneumoniae,2.2635303704088705,0.2445935415044156,322.19879504209865,183.45534537820217
69,ZnO,Bacillus subtilis,non-pathogenic,purchased from sigma aldrich ( citrate capped agnps),MIC,cubic,Bacteria,Bacillota,Bacilli,Bacillales,Bacillaceae,Bacillus,p,mammary gland,81.3794,100.0,4,0.16,30,8,22.60496136,17.07,0.6865,4.082482905,1.1855383061118663,Klebsiella pneumoniae,0.9511377463407209,0.23440055977114538,15.329864145266209,8.935888607567222
70,Ag,Bacillus subtilis,non-pathogenic,"purchased from us research nanomaterials, inc.в ",MBC,triangular,Bacteria,Bacillota,Bacilli,Bacillales,Bacillaceae,Bacillus,p,soil,107.87,12.5,0,0.16,30,11,23.00188061,0.0,0.0,1.78376517,0.5196935487002421,Klebsiella pneumoniae,0.28977412500977273,0.22991942369046936,3.3089754778293656,1.948830756300676
71,Ag,Bacillus subtilis,non-pathogenic,"purchased from us research nanomaterials, inc.в ",MBEC,triangular,Bacteria,Bacillota,Bacilli,Bacillales,Bacillaceae,Bacillus,p,mouth,107.87,1.9,1,0.16,30,11,23.00188061,0.0,0.0,1.78376517,0.060865036571930764,Klebsiella pneumoniae,-0.11070811930986735,0.1715731558817981,1.1504428162809084,0.7749824731333653
72,ZnO,Bacillus subtilis,non-pathogenic,chemical_synthesis,MBC,quasi-hexagonal,Bacteria,Bacillota,Bacilli,Bacillales,Bacillaceae,Bacillus,p,water,81.3794,50.0,3,0.16,30,8,22.60496136,17.07,0.6865,4.082482905,0.6019123130114841,Klebsiella pneumoniae,0.44225225050104755,0.15966006251043652,3.9986400636704382,2.7685492300871375
73,Ag,Bacillus subtilis,non-pathogenic,chemical_synthesis,MBC,hexagonal,Bacteria,Bacillota,Bacilli,Bacillales,Bacillaceae,Bacillus,p,lungs,107.87,18.0,0,0.16,30,11,23.00188061,0.0,0.0,1.78376517,1.858356154610631,Klebsiella pneumoniae,1.7006288350791117,0.15772731953151942,72.16990848820899,50.191345145266226
74,Au,Bacillus subtilis,non-pathogenic,chemical_synthesis,MBC,quasi-hexagonal,Bacteria,Bacillota,Bacilli,Bacillales,Bacillaceae,Bacillus,p,urine,196.966569,13.0,0,0.16,30,11,23.00188061,0.0,0.0,2.46797672,0.9254480963882072,Klebsiella pneumoniae,0.7839578775524181,0.14149021883578916,8.42263724394174,6.0807602080910454
75,Pt,Bacillus subtilis,non-pathogenic,purchased from sigma aldrich ( citrate capped agnps),MBEC,hexagonal,Bacteria,Bacillota,Bacilli,Bacillales,Bacillaceae,Bacillus,p,respiratory tract,195.084,79.0,4,0.16,30,10,21.75656585,0.0,0.0,2.588435821,1.9341086520029613,Klebsiella pneumoniae,1.8103860276291825,0.12372262437377879,85.92284568077326,64.62283813313205
76,ZnO,Bacillus subtilis,non-pathogenic,electrochemical synthesis,MIC,nanoplates,Bacteria,Bacillota,Bacilli,Bacillales,Bacillaceae,Bacillus,p,blood,81.3794,18.0,18,0.16,30,8,22.60496136,17.07,0.6865,4.082482905,0.6927284028144345,Klebsiella pneumoniae,0.5870726557601325,0.10565574705430203,4.928654814949273,3.86431620138102
77,Au,Bacillus subtilis,non-pathogenic,chemical_synthesis,MBEC,nanoplates,Bacteria,Bacillota,Bacilli,Bacillales,Bacillaceae,Bacillus,p,mouth,196.966569,1.4,24,0.16,30,11,23.00188061,0.0,0.0,2.46797672,3.1544173771270696,Klebsiella pneumoniae,3.061955052362494,0.0924623247645755,1426.9783271416331,1153.3338864767704
78,ZnO,Bacillus subtilis,non-pathogenic,chemical_synthesis,MBEC,quasi-hexagonal,Bacteria,Bacillota,Bacilli,Bacillales,Bacillaceae,Bacillus,p,urine,81.3794,44.45,3,0.16,30,8,22.60496136,17.07,0.6865,4.082482905,0.6390503392088778,Klebsiella pneumoniae,0.5561860970486907,0.08286424216018706,4.355623569284153,3.599035223218125
79,TiO2,Bacillus subtilis,non-pathogenic,"purchased from us research nanomaterials, inc.в ",MIC,triangular,Bacteria,Bacillota,Bacilli,Bacillales,Bacillaceae,Bacillus,p,urine,79.866,79.0,4,0.16,30,16,26.40611331,34.14,1.373,2.878049394,0.20019918889790222,Klebsiella pneumoniae,0.1241315513943857,0.07606763750351653,1.5856202694762636,1.3308574846800656
80,Ag,Bacillus subtilis,non-pathogenic,purchased from sigma aldrich ( citrate capped agnps),MBEC,nanoplates,Bacteria,Bacillota,Bacilli,Bacillales,Bacillaceae,Bacillus,p,mouth,107.87,100.0,4,0.16,30,11,23.00188061,0.0,0.0,1.78376517,1.7837923112806227,Klebsiella pneumoniae,1.7210380298669332,0.06275428141368944,60.78442479088691,52.60633301639426
81,ZnO,Bacillus subtilis,non-pathogenic,electrochemical synthesis,MBC,triangular,Bacteria,Bacillota,Bacilli,Bacillales,Bacillaceae,Bacillus,p,water,81.3794,22.5,1,0.16,30,8,22.60496136,17.07,0.6865,4.082482905,0.7777479907198322,Klebsiella pneumoniae,0.7293552982725968,0.04839269244723543,5.994431347614495,5.362351745250923
82,Ag,Bacillus subtilis,non-pathogenic,green_synthesis,MBEC,spherical,Bacteria,Bacillota,Bacilli,Bacillales,Bacillaceae,Bacillus,p,blood,107.8682,10.4,2,0.16,30,11,23.00188061,0.0,0.0,1.78376517,1.0239324414734976,Klebsiella pneumoniae,0.9891605952421612,0.034771846231336445,10.566531242542991,9.753502401593549
83,Ag,Bacillus subtilis,non-pathogenic,green_synthesis,MBC,spheroidal,Bacteria,Bacillota,Bacilli,Bacillales,Bacillaceae,Bacillus,p,mouth,107.87,20.0,24,0.16,30,11,23.00188061,0.0,0.0,1.78376517,1.1422259083746935,Klebsiella pneumoniae,1.1397113534556476,0.0025145549190459526,13.874773698134838,13.794671201663219
84,ZnO,Bacillus subtilis,non-pathogenic,chemical_synthesis,MBEC,hexagonal,Bacteria,Bacillota,Bacilli,Bacillales,Bacillaceae,Bacillus,p,water,81.3794,37.86,4,0.16,30,8,22.60496136,17.07,0.6865,4.082482905,2.1395178102520207,Klebsiella pneumoniae,2.164168176495088,-0.024650366243067268,137.88524980274946,145.9379281909551
85,Ag,Bacillus subtilis,non-pathogenic,purchased from sigma aldrich ( citrate capped agnps),MBC,spherical,Bacteria,Bacillota,Bacilli,Bacillales,Bacillaceae,Bacillus,p,mouth,107.8682,79.0,1,0.16,30,11,23.00188061,0.0,0.0,1.78376517,1.0840149676199442,Klebsiella pneumoniae,1.1315448018697516,-0.04752983424980739,12.134306696841485,13.537697385134832
86,ZnO,Bacillus subtilis,non-pathogenic,electrochemical synthesis,MIC,tetragonal,Bacteria,Bacillota,Bacilli,Bacillales,Bacillaceae,Bacillus,p,urine,81.3794,28.0,2,0.16,30,8,22.60496136,17.07,0.6865,4.082482905,0.020719865812200755,Klebsiella pneumoniae,0.06908866701901295,-0.048368801206812195,1.0488656576489588,1.1724347093198881
87,Ag,Bacillus subtilis,non-pathogenic,"purchased from us research nanomaterials, inc.в ",MBEC,quasi-hexagonal,Bacteria,Bacillota,Bacilli,Bacillales,Bacillaceae,Bacillus,p,mammary gland,107.87,100.0,24,0.16,30,11,23.00188061,0.0,0.0,1.78376517,1.751171173293252,Klebsiella pneumoniae,1.8730058589406469,-0.12183468564739486,56.385985236212235,74.64588286012707
88,ZnO,Bacillus subtilis,non-pathogenic,chemical_synthesis,MBC,spheroidal,Bacteria,Bacillota,Bacilli,Bacillales,Bacillaceae,Bacillus,p,carious dentine,81.3794,60.0,2,0.16,30,8,22.60496136,17.07,0.6865,4.082482905,1.0298057500619748,Klebsiella pneumoniae,1.302371499603216,-0.27256574954124124,10.710401464512188,20.061874052470852
89,Cu,Bacillus subtilis,non-pathogenic,"purchased from us research nanomaterials, inc.в ",MIC,quasi-hexagonal,Bacteria,Bacillota,Bacilli,Bacillales,Bacillaceae,Bacillus,p,blood,63.55,25.0,24,0.16,30,11,17.96409803,0.0,0.0,1.243163121,1.1730700646576042,Klebsiella pneumoniae,1.4509829420536713,-0.27791287739606707,14.896013754726214,28.247690232303995
