,np,bacteria,bac_type,np_synthesis,method,shape,kingdom,phylum,class,order,family,genus,gram,isolated_from,mol_weight (g/mol),np_size_avg (nm),time_set,"min_Incub_period, h","growth_temp, C",Valance_electron,labuteASA,tpsa,CrippenMR,chi0v,pred_MIC_norm,pathogenic_bacteria,pred_MIC_pathogen,Fitness,pred_norm_MIC_original,pred_path_MIC_original
0,ZnO,Bacillus subtilis,non-pathogenic,green_synthesis,MIC,cubic,Bacteria,Bacillota,Bacilli,Bacillales,Bacillaceae,Bacillus,p,lungs,81.3794,5.1,1,0.16,30,8,22.60496136,17.07,0.6865,4.082482905,1.8378268167820515,Klebsiella pneumoniae,1.0275355470729644,0.8102912697090872,68.83777378369633,10.654560678486304
1,Ag,Bacillus subtilis,non-pathogenic,"purchased from us research nanomaterials, inc.в ",MIC,spherical,Bacteria,Bacillota,Bacilli,Bacillales,Bacillaceae,Bacillus,p,mammary gland,107.87,3.0,1,0.16,30,11,23.00188061,0.0,0.0,1.78376517,1.2697412350858244,Klebsiella pneumoniae,0.5110243129445375,0.7587169221412868,18.609779830380663,3.2435777524034344
2,ZnO,Bacillus subtilis,non-pathogenic,green_synthesis,MBC,nanoplates,Bacteria,Bacillota,Bacilli,Bacillales,Bacillaceae,Bacillus,p,urine,81.3794,12.0,4,0.16,30,8,22.60496136,17.07,0.6865,4.082482905,2.429744119837684,Klebsiella pneumoniae,1.8245321691370182,0.6052119507006659,268.99494567907243,66.7624351520864
3,CuO,Bacillus subtilis,non-pathogenic,"purchased from us research nanomaterials, inc.в ",MIC,rod-shaped,Bacteria,Bacillota,Bacilli,Bacillales,Bacillaceae,Bacillus,p,meat,79.5454,0.8,1,0.16,30,17,20.67942236,17.07,0.6865,1.651411411,2.1118449538154977,Klebsiella pneumoniae,1.5363196439538058,0.5755253098616919,129.37338868977199,34.381090216961105
4,Ag,Bacillus subtilis,non-pathogenic,"purchased from us research nanomaterials, inc.в ",MBEC,quasi-hexagonal,Bacteria,Bacillota,Bacilli,Bacillales,Bacillaceae,Bacillus,p,respiratory tract,107.87,13.5,0,0.16,30,11,23.00188061,0.0,0.0,1.78376517,1.197640140607977,Klebsiella pneumoniae,0.6797333785155759,0.5179067620924012,15.763045915964799,4.783363425583308
5,ZnO,Bacillus subtilis,non-pathogenic,chemical_synthesis,MBEC,quasi-hexagonal,Bacteria,Bacillota,Bacilli,Bacillales,Bacillaceae,Bacillus,p,respiratory tract,81.3794,11.3,2,0.16,30,8,22.60496136,17.07,0.6865,4.082482905,1.3461462478271513,Klebsiella pneumoniae,0.8586336106764744,0.48751263715067694,22.18943518941142,7.221603013469558
6,Au,Bacillus subtilis,non-pathogenic,electrochemical synthesis,MIC,spheroidal,Bacteria,Bacillota,Bacilli,Bacillales,Bacillaceae,Bacillus,p,meat,196.966569,55.6,24,0.16,30,11,23.00188061,0.0,0.0,2.46797672,1.7717171740027098,Klebsiella pneumoniae,1.2925479908213533,0.4791691831813565,59.11765163590214,19.613178949147375
7,ZnO,Bacillus subtilis,non-pathogenic,chemical_synthesis,MBC,spherical,Bacteria,Bacillota,Bacilli,Bacillales,Bacillaceae,Bacillus,p,nose,81.3794,4.7,3,0.16,30,8,22.60496136,17.07,0.6865,4.082482905,1.5453916525078712,Klebsiella pneumoniae,1.073828136450262,0.47156351605760927,35.106832930199616,11.852995962046123
8,Ag,Bacillus subtilis,non-pathogenic,electrochemical synthesis,MBC,spheroidal,Bacteria,Bacillota,Bacilli,Bacillales,Bacillaceae,Bacillus,p,lungs,107.87,11.3,18,0.16,30,11,23.00188061,0.0,0.0,1.78376517,1.911412853455095,Klebsiella pneumoniae,1.4535974163994902,0.4578154370556047,81.54791347664107,28.41825562106651
9,ZnO,Bacillus subtilis,non-pathogenic,"purchased from us research nanomaterials, inc.в ",MBC,quasi-spherical,Bacteria,Bacillota,Bacilli,Bacillales,Bacillaceae,Bacillus,p,soil,81.3794,26.38,18,0.16,30,8,22.60496136,17.07,0.6865,4.082482905,2.2795138018518246,Klebsiella pneumoniae,1.839811638164353,0.4397021636874716,190.33287242845728,69.15309756364836
10,Ag,Bacillus subtilis,non-pathogenic,green_synthesis,MIC,quasi-hexagonal,Bacteria,Bacillota,Bacilli,Bacillales,Bacillaceae,Bacillus,p,mouth,107.87,6.0,3,0.16,30,11,23.00188061,0.0,0.0,1.78376517,1.334452770132739,Klebsiella pneumoniae,0.9235908976986532,0.4108618724340859,21.599951208293238,8.386695935360645
11,ZnO,Bacillus subtilis,non-pathogenic,electrochemical synthesis,MBEC,quasi-spherical,Bacteria,Bacillota,Bacilli,Bacillales,Bacillaceae,Bacillus,p,lungs,81.3794,44.45,4,0.16,30,8,22.60496136,17.07,0.6865,4.082482905,1.177480133456232,Klebsiella pneumoniae,0.7808039284596204,0.3966762049966115,15.048046808294771,6.036760253805853
12,Ag,Bacillus subtilis,non-pathogenic,"purchased from us research nanomaterials, inc.в ",MBEC,spheroidal,Bacteria,Bacillota,Bacilli,Bacillales,Bacillaceae,Bacillus,p,skin,107.87,44.45,24,0.16,30,11,23.00188061,0.0,0.0,1.78376517,2.1534513650925566,Klebsiella pneumoniae,1.7743066887863914,0.3791446763061652,142.38077911603804,59.47119823032243
13,ZnO,Bacillus subtilis,non-pathogenic,chemical_synthesis,MBEC,hexagonal,Bacteria,Bacillota,Bacilli,Bacillales,Bacillaceae,Bacillus,p,blood,81.3794,8.0,18,0.16,30,8,22.60496136,17.07,0.6865,4.082482905,1.3423366624959194,Klebsiella pneumoniae,1.0064601793415666,0.3358764831543528,21.995643012148278,10.149862977510411
14,Ag,Bacillus subtilis,non-pathogenic,"purchased from us research nanomaterials, inc.в ",MBEC,nanoplates,Bacteria,Bacillota,Bacilli,Bacillales,Bacillaceae,Bacillus,p,blood,107.87,17.5,1,0.16,30,11,23.00188061,0.0,0.0,1.78376517,1.6277970099827428,Klebsiella pneumoniae,1.3289903437524466,0.29880666623029617,42.44211423779154,21.329974868457573
15,Au,Bacillus subtilis,non-pathogenic,purchased from sigma aldrich ( citrate capped agnps),MBEC,hexagonal,Bacteria,Bacillota,Bacilli,Bacillales,Bacillaceae,Bacillus,p,food,196.966569,4.0,4,0.16,30,11,23.00188061,0.0,0.0,2.46797672,1.7570508184363625,Klebsiella pneumoniae,1.4735430398007845,0.28350777863557797,57.15455114564735,29.75384113177866
16,ZnO,Bacillus subtilis,non-pathogenic,chemical_synthesis,MBEC,quasi-hexagonal,Bacteria,Bacillota,Bacilli,Bacillales,Bacillaceae,Bacillus,p,water,81.3794,17.5,1,0.16,30,8,22.60496136,17.07,0.6865,4.082482905,1.1842820182206697,Klebsiella pneumoniae,0.9324216440691088,0.25186037415156093,15.285583374055868,8.558972757765364
17,Ag,Bacillus subtilis,non-pathogenic,"purchased from us research nanomaterials, inc.в ",MIC,spherical,Bacteria,Bacillota,Bacilli,Bacillales,Bacillaceae,Bacillus,p,meat,107.87,18.0,3,0.16,30,11,23.00188061,0.0,0.0,1.78376517,1.9787538695905496,Klebsiella pneumoniae,1.7342258064224345,0.24452806316811504,95.22563329204655,54.2282770806658
18,CuO,Bacillus subtilis,non-pathogenic,purchased from sigma aldrich ( citrate capped agnps),MBEC,tetragonal,Bacteria,Bacillota,Bacilli,Bacillales,Bacillaceae,Bacillus,p,meat,79.5454,13.5,4,0.16,30,17,20.67942236,17.07,0.6865,1.651411411,1.920209598651247,Klebsiella pneumoniae,1.6897468125942048,0.2304627860570423,83.21652927605778,48.949336861077946
19,ZrO2,Bacillus subtilis,non-pathogenic,chemical_synthesis,MBEC,tetragonal,Bacteria,Bacillota,Bacilli,Bacillales,Bacillaceae,Bacillus,p,nose,123.2218,10.4,4,0.16,30,16,29.29254423,34.14,1.373,3.774536472,1.3832970175292518,Klebsiella pneumoniae,1.156846946511196,0.22645007101805592,24.171133527808617,14.349836291925389
20,Ag,Bacillus subtilis,non-pathogenic,green_synthesis,MIC,nanoplates,Bacteria,Bacillota,Bacilli,Bacillales,Bacillaceae,Bacillus,p,soil,107.87,8.0,1,0.16,30,11,23.00188061,0.0,0.0,1.78376517,2.2762879478397524,Klebsiella pneumoniae,2.0549014789469595,0.2213864688927929,188.92435485076143,113.47533641440225
21,ZnO,Bacillus subtilis,non-pathogenic,chemical_synthesis,MBC,cubic,Bacteria,Bacillota,Bacilli,Bacillales,Bacillaceae,Bacillus,p,mammary gland,81.3794,40.0,1,0.16,30,8,22.60496136,17.07,0.6865,4.082482905,1.8373011096466454,Klebsiella pneumoniae,1.6351885731049927,0.20211253654165273,68.75449707543832,43.17064855202843
22,Ag,Bacillus subtilis,non-pathogenic,purchased from sigma aldrich ( citrate capped agnps),MBC,quasi-hexagonal,Bacteria,Bacillota,Bacilli,Bacillales,Bacillaceae,Bacillus,p,water,107.87,30.0,4,0.16,30,11,23.00188061,0.0,0.0,1.78376517,0.6866631370027667,Klebsiella pneumoniae,0.5049175256738707,0.181745611328896,4.86030067445782,3.198287683900343
23,ZnO,Bacillus subtilis,non-pathogenic,chemical_synthesis,MBC,nanoplates,Bacteria,Bacillota,Bacilli,Bacillales,Bacillaceae,Bacillus,p,carious dentine,81.3794,60.0,4,0.16,30,8,22.60496136,17.07,0.6865,4.082482905,1.5330875086035982,Klebsiella pneumoniae,1.3534181250556003,0.17966938354799789,34.1261667557739,22.56410567791217
24,Ag,Bacillus subtilis,non-pathogenic,purchased from sigma aldrich ( citrate capped agnps),MIC,hexagonal,Bacteria,Bacillota,Bacilli,Bacillales,Bacillaceae,Bacillus,p,food,107.87,38.0,2,0.16,30,11,23.00188061,0.0,0.0,1.78376517,1.5329689122581576,Klebsiella pneumoniae,1.3957511644258012,0.1372177478323564,34.11684891667215,24.87431698394773
25,Ag,Bacillus subtilis,non-pathogenic,"purchased from us research nanomaterials, inc.в ",MBC,quasi-hexagonal,Bacteria,Bacillota,Bacilli,Bacillales,Bacillaceae,Bacillus,p,meat,107.8682,28.0,24,0.16,30,11,23.00188061,0.0,0.0,1.78376517,1.333520965089277,Klebsiella pneumoniae,1.3157336298737234,0.017787335215553535,21.553656889669334,20.688720378397917
