,np,bacteria,bac_type,np_synthesis,method,shape,kingdom,phylum,class,order,family,genus,gram,isolated_from,mol_weight (g/mol),np_size_avg (nm),time_set,"min_Incub_period, h","growth_temp, C",Valance_electron,labuteASA,tpsa,CrippenMR,chi0v,pred_MIC_norm,pathogenic_bacteria,pred_MIC_pathogen,Fitness,pred_norm_MIC_original,pred_path_MIC_original
0,ZnO,Bacillus subtilis,non-pathogenic,green_synthesis,MIC,cubic,Bacteria,Bacillota,Bacilli,Bacillales,Bacillaceae,Bacillus,p,lungs,81.3794,5.1,1,0.16,30,8,22.60496136,17.07,0.6865,4.082482905,1.8378268167820515,Klebsiella pneumoniae,1.0275355470729644,0.8102912697090872,68.83777378369633,10.654560678486304
1,Ag,Bacillus subtilis,non-pathogenic,"purchased from us research nanomaterials, inc.в ",MIC,spherical,Bacteria,Bacillota,Bacilli,Bacillales,Bacillaceae,Bacillus,p,mammary gland,107.87,3.0,1,0.16,30,11,23.00188061,0.0,0.0,1.78376517,1.2697412350858244,Klebsiella pneumoniae,0.5110243129445375,0.7587169221412868,18.609779830380663,3.2435777524034344
2,ZnO,Bacillus subtilis,non-pathogenic,green_synthesis,MBC,quasi-hexagonal,Bacteria,Bacillota,Bacilli,Bacillales,Bacillaceae,Bacillus,p,soil,81.3794,0.8,0,0.16,30,8,22.60496136,17.07,0.6865,4.082482905,0.7622515210542125,Klebsiella pneumoniae,0.09870407601671638,0.6635474450374961,5.7843094790880665,1.2551744087627377
3,ZnO,Bacillus subtilis,non-pathogenic,green_synthesis,MBC,nanoplates,Bacteria,Bacillota,Bacilli,Bacillales,Bacillaceae,Bacillus,p,urine,81.3794,12.0,4,0.16,30,8,22.60496136,17.07,0.6865,4.082482905,2.429744119837684,Klebsiella pneumoniae,1.8245321691370182,0.6052119507006659,268.99494567907243,66.7624351520864
4,CuO,Bacillus subtilis,non-pathogenic,"purchased from us research nanomaterials, inc.в ",MIC,rod-shaped,Bacteria,Bacillota,Bacilli,Bacillales,Bacillaceae,Bacillus,p,meat,79.5454,0.8,1,0.16,30,17,20.67942236,17.07,0.6865,1.651411411,2.1118449538154977,Klebsiella pneumoniae,1.5363196439538058,0.5755253098616919,129.37338868977199,34.381090216961105
5,Ag,Bacillus subtilis,non-pathogenic,"purchased from us research nanomaterials, inc.в ",MBEC,quasi-hexagonal,Bacteria,Bacillota,Bacilli,Bacillales,Bacillaceae,Bacillus,p,respiratory tract,107.87,13.5,0,0.16,30,11,23.00188061,0.0,0.0,1.78376517,1.197640140607977,Klebsiella pneumoniae,0.6797333785155759,0.5179067620924012,15.763045915964799,4.783363425583308
6,ZnO,Bacillus subtilis,non-pathogenic,green_synthesis,MBC,hexagonal,Bacteria,Bacillota,Bacilli,Bacillales,Bacillaceae,Bacillus,p,mammary gland,81.3794,44.45,1,0.16,30,8,22.60496136,17.07,0.6865,4.082482905,1.0998596900111708,Klebsiella pneumoniae,0.6030821282298713,0.4967775617812995,12.585187492946805,4.009425315932645
7,ZnO,Bacillus subtilis,non-pathogenic,chemical_synthesis,MBEC,quasi-hexagonal,Bacteria,Bacillota,Bacilli,Bacillales,Bacillaceae,Bacillus,p,respiratory tract,81.3794,11.3,2,0.16,30,8,22.60496136,17.07,0.6865,4.082482905,1.3461462478271513,Klebsiella pneumoniae,0.8586336106764744,0.48751263715067694,22.18943518941142,7.221603013469558
8,Au,Bacillus subtilis,non-pathogenic,electrochemical synthesis,MIC,spheroidal,Bacteria,Bacillota,Bacilli,Bacillales,Bacillaceae,Bacillus,p,meat,196.966569,55.6,24,0.16,30,11,23.00188061,0.0,0.0,2.46797672,1.7717171740027098,Klebsiella pneumoniae,1.2925479908213533,0.4791691831813565,59.11765163590214,19.613178949147375
9,ZnO,Bacillus subtilis,non-pathogenic,chemical_synthesis,MBC,spherical,Bacteria,Bacillota,Bacilli,Bacillales,Bacillaceae,Bacillus,p,nose,81.3794,4.7,3,0.16,30,8,22.60496136,17.07,0.6865,4.082482905,1.5453916525078712,Klebsiella pneumoniae,1.073828136450262,0.47156351605760927,35.106832930199616,11.852995962046123
10,Ag,Bacillus subtilis,non-pathogenic,chemical_synthesis,MIC,nanoplates,Bacteria,Bacillota,Bacilli,Bacillales,Bacillaceae,Bacillus,p,water,107.87,10.0,0,0.16,30,11,23.00188061,0.0,0.0,1.78376517,2.0542302310156653,Klebsiella pneumoniae,1.5829394483002734,0.4712907827153918,113.30008378316312,38.277137152888315
11,Ag,Bacillus subtilis,non-pathogenic,electrochemical synthesis,MBC,spheroidal,Bacteria,Bacillota,Bacilli,Bacillales,Bacillaceae,Bacillus,p,lungs,107.87,11.3,18,0.16,30,11,23.00188061,0.0,0.0,1.78376517,1.911412853455095,Klebsiella pneumoniae,1.4535974163994902,0.4578154370556047,81.54791347664107,28.41825562106651
12,ZnO,Bacillus subtilis,non-pathogenic,"purchased from us research nanomaterials, inc.в ",MBC,quasi-spherical,Bacteria,Bacillota,Bacilli,Bacillales,Bacillaceae,Bacillus,p,soil,81.3794,26.38,18,0.16,30,8,22.60496136,17.07,0.6865,4.082482905,2.2795138018518246,Klebsiella pneumoniae,1.839811638164353,0.4397021636874716,190.33287242845728,69.15309756364836
13,ZnO,Bacillus subtilis,non-pathogenic,"purchased from us research nanomaterials, inc.в ",MBEC,quasi-hexagonal,Bacteria,Bacillota,Bacilli,Bacillales,Bacillaceae,Bacillus,p,mammary gland,81.3794,26.38,1,0.16,30,8,22.60496136,17.07,0.6865,4.082482905,1.7137041590678121,Klebsiella pneumoniae,1.2848790640673446,0.4288250950004675,51.72543588012697,19.269882391604984
14,Ag,Bacillus subtilis,non-pathogenic,green_synthesis,MIC,quasi-hexagonal,Bacteria,Bacillota,Bacilli,Bacillales,Bacillaceae,Bacillus,p,mouth,107.87,6.0,3,0.16,30,11,23.00188061,0.0,0.0,1.78376517,1.334452770132739,Klebsiella pneumoniae,0.9235908976986532,0.4108618724340859,21.599951208293238,8.386695935360645
15,ZnO,Bacillus subtilis,non-pathogenic,electrochemical synthesis,MBEC,quasi-spherical,Bacteria,Bacillota,Bacilli,Bacillales,Bacillaceae,Bacillus,p,lungs,81.3794,44.45,4,0.16,30,8,22.60496136,17.07,0.6865,4.082482905,1.177480133456232,Klebsiella pneumoniae,0.7808039284596204,0.3966762049966115,15.048046808294771,6.036760253805853
16,Ag,Bacillus subtilis,non-pathogenic,"purchased from us research nanomaterials, inc.в ",MBEC,spheroidal,Bacteria,Bacillota,Bacilli,Bacillales,Bacillaceae,Bacillus,p,skin,107.87,44.45,24,0.16,30,11,23.00188061,0.0,0.0,1.78376517,2.1534513650925566,Klebsiella pneumoniae,1.7743066887863914,0.3791446763061652,142.38077911603804,59.47119823032243
17,ZnO,Bacillus subtilis,non-pathogenic,chemical_synthesis,MBEC,hexagonal,Bacteria,Bacillota,Bacilli,Bacillales,Bacillaceae,Bacillus,p,blood,81.3794,8.0,18,0.16,30,8,22.60496136,17.07,0.6865,4.082482905,1.3423366624959194,Klebsiella pneumoniae,1.0064601793415666,0.3358764831543528,21.995643012148278,10.149862977510411
18,CuO,Bacillus subtilis,non-pathogenic,electrochemical synthesis,MBC,quasi-spherical,Bacteria,Bacillota,Bacilli,Bacillales,Bacillaceae,Bacillus,p,mouth,79.5454,12.0,0,0.16,30,17,20.67942236,17.07,0.6865,1.651411411,2.984424984948381,Klebsiella pneumoniae,2.662371460433728,0.32205352451465297,964.7726536411681,459.5909417560608
19,Ag,Bacillus subtilis,non-pathogenic,electrochemical synthesis,MBEC,cubic,Bacteria,Bacillota,Bacilli,Bacillales,Bacillaceae,Bacillus,p,meat,107.87,13.5,0,0.16,30,11,23.00188061,0.0,0.0,1.78376517,2.200100716176571,Klebsiella pneumoniae,1.893161373566449,0.3069393426101219,158.52607838069676,78.19182929754517
20,Ag,Bacillus subtilis,non-pathogenic,"purchased from us research nanomaterials, inc.в ",MBEC,nanoplates,Bacteria,Bacillota,Bacilli,Bacillales,Bacillaceae,Bacillus,p,blood,107.87,17.5,1,0.16,30,11,23.00188061,0.0,0.0,1.78376517,1.6277970099827428,Klebsiella pneumoniae,1.3289903437524466,0.29880666623029617,42.44211423779154,21.329974868457573
21,Au,Bacillus subtilis,non-pathogenic,purchased from sigma aldrich ( citrate capped agnps),MBEC,hexagonal,Bacteria,Bacillota,Bacilli,Bacillales,Bacillaceae,Bacillus,p,food,196.966569,4.0,4,0.16,30,11,23.00188061,0.0,0.0,2.46797672,1.7570508184363625,Klebsiella pneumoniae,1.4735430398007845,0.28350777863557797,57.15455114564735,29.75384113177866
22,Au,Bacillus subtilis,non-pathogenic,green_synthesis,MIC,quasi-hexagonal,Bacteria,Bacillota,Bacilli,Bacillales,Bacillaceae,Bacillus,p,carious dentine,196.966569,100.0,2,0.16,30,11,23.00188061,0.0,0.0,2.46797672,0.7033476311486795,Klebsiella pneumoniae,0.5382855351810567,0.16506209596762278,5.050654155675819,3.4537073527598903
23,Ag,Bacillus subtilis,non-pathogenic,green_synthesis,MBC,cubic,Bacteria,Bacillota,Bacilli,Bacillales,Bacillaceae,Bacillus,p,urine,107.87,10.4,0,0.16,30,11,23.00188061,0.0,0.0,1.78376517,2.0639234743120864,Klebsiella pneumoniae,1.9066088706545319,0.15731460365755456,115.85731895681914,80.65083547123625
24,Ag,Bacillus subtilis,non-pathogenic,"purchased from us research nanomaterials, inc.в ",MBEC,cubic,Bacteria,Bacillota,Bacilli,Bacillales,Bacillaceae,Bacillus,p,meat,107.87,40.0,18,0.16,30,11,23.00188061,0.0,0.0,1.78376517,1.8461585241350358,Klebsiella pneumoniae,1.7731148165065138,0.07304370762852197,70.1711387078622,59.308209980285916
25,CuO,Bacillus subtilis,non-pathogenic,green_synthesis,MIC,tetragonal,Bacteria,Bacillota,Bacilli,Bacillales,Bacillaceae,Bacillus,p,soil,79.5454,10.4,0,0.16,30,17,20.67942236,17.07,0.6865,1.651411411,1.354858149827158,Klebsiella pneumoniae,1.4488516589837415,-0.09399350915658355,22.639047455136833,28.109405395942765
26,Au,Bacillus subtilis,non-pathogenic,green_synthesis,MIC,spherical,Bacteria,Bacillota,Bacilli,Bacillales,Bacillaceae,Bacillus,p,mouth,196.966569,12.5,18,0.16,30,11,23.00188061,0.0,0.0,2.46797672,1.9280628094049534,Klebsiella pneumoniae,2.1250507608824556,-0.19698795147750214,84.73499524185286,133.36773049260077
