,np,bacteria,bac_type,np_synthesis,method,shape,kingdom,phylum,class,order,family,genus,gram,isolated_from,mol_weight (g/mol),np_size_avg (nm),time_set,"min_Incub_period, h","growth_temp, C",Valance_electron,labuteASA,tpsa,CrippenMR,chi0v,pred_MIC_norm,pathogenic_bacteria,pred_MIC_pathogen,Fitness,pred_norm_MIC_original,pred_path_MIC_original
0,ZnO,Bacillus subtilis,non-pathogenic,"purchased from us research nanomaterials, inc.в ",MBC,hexagonal,Bacteria,Bacillota,Bacilli,Bacillales,Bacillaceae,Bacillus,p,mammary gland,81.3794,8.7,4,0.16,30,8,22.60496136,17.07,0.6865,4.082482905,2.294923474254386,Klebsiella pneumoniae,1.322877529587026,0.9720459446673597,197.20752119597617,21.031852609444467
1,Ag,Bacillus subtilis,non-pathogenic,"purchased from us research nanomaterials, inc.в ",MIC,cubic,Bacteria,Bacillota,Bacilli,Bacillales,Bacillaceae,Bacillus,p,blood,107.87,1.9,1,0.16,30,11,23.00188061,0.0,0.0,1.78376517,0.9021520695360739,Klebsiella pneumoniae,0.016726979818331156,0.8854250897177427,7.982741564647433,1.0392666231756105
2,ZnO,Bacillus subtilis,non-pathogenic,electrochemical synthesis,MIC,hexagonal,Bacteria,Bacillota,Bacilli,Bacillales,Bacillaceae,Bacillus,p,lungs,81.3794,4.7,4,0.16,30,8,22.60496136,17.07,0.6865,4.082482905,1.626081560177283,Klebsiella pneumoniae,0.8035736310195191,0.8225079291577638,42.27479985676044,6.3617065314095305
3,TiO2,Bacillus subtilis,non-pathogenic,purchased from sigma aldrich ( citrate capped agnps),MBC,hexagonal,Bacteria,Bacillota,Bacilli,Bacillales,Bacillaceae,Bacillus,p,lungs,79.866,10.4,1,0.16,30,16,26.40611331,34.14,1.373,2.878049394,3.2254110136788015,Klebsiella pneumoniae,2.4594585556023483,0.7659524580764532,1680.3935801791592,288.04381585993775
4,Ag,Bacillus subtilis,non-pathogenic,purchased from sigma aldrich ( citrate capped agnps),MIC,hexagonal,Bacteria,Bacillota,Bacilli,Bacillales,Bacillaceae,Bacillus,p,mammary gland,107.87,1.4,2,0.16,30,11,23.00188061,0.0,0.0,1.78376517,1.7734185288694275,Klebsiella pneumoniae,1.0077626893420872,0.7656558395273403,59.34970011461446,10.180349532557344
5,ZnO,Bacillus subtilis,non-pathogenic,chemical_synthesis,MIC,quasi-spherical,Bacteria,Bacillota,Bacilli,Bacillales,Bacillaceae,Bacillus,p,water,81.3794,5.1,4,0.16,30,8,22.60496136,17.07,0.6865,4.082482905,1.6514522308383097,Klebsiella pneumoniae,0.9905372317925979,0.6609149990457118,44.81797508474379,9.784468328203026
6,CuO,Bacillus subtilis,non-pathogenic,purchased from sigma aldrich ( citrate capped agnps),MBC,cubic,Bacteria,Bacillota,Bacilli,Bacillales,Bacillaceae,Bacillus,p,lungs,79.5454,10.4,0,0.16,30,17,20.67942236,17.07,0.6865,1.651411411,3.4307636563191126,Klebsiella pneumoniae,2.7913928942950452,0.6393707620240674,2696.2717181729877,618.575755587761
7,Cu,Bacillus subtilis,non-pathogenic,"purchased from us research nanomaterials, inc.в ",MBC,hexagonal,Bacteria,Bacillota,Bacilli,Bacillales,Bacillaceae,Bacillus,p,food,63.55,8.0,0,0.16,30,11,17.96409803,0.0,0.0,1.243163121,2.0066691389597877,Klebsiella pneumoniae,1.3704469961724175,0.6362221427873702,101.54747731746164,23.466428472507197
8,ZnO,Bacillus subtilis,non-pathogenic,chemical_synthesis,MBC,hexagonal,Bacteria,Bacillota,Bacilli,Bacillales,Bacillaceae,Bacillus,p,mouth,81.3794,5.1,1,0.16,30,8,22.60496136,17.07,0.6865,4.082482905,1.8889305415541213,Klebsiella pneumoniae,1.2528121910721932,0.6361183504819281,77.43379449476448,17.89831681035082
9,Cu,Bacillus subtilis,non-pathogenic,"purchased from us research nanomaterials, inc.в ",MIC,cubic,Bacteria,Bacillota,Bacilli,Bacillales,Bacillaceae,Bacillus,p,food,63.55,4.0,0,0.16,30,11,17.96409803,0.0,0.0,1.243163121,1.4016843207499228,Klebsiella pneumoniae,0.7677932847969892,0.6338910359529336,25.216471754589794,5.858592412405589
10,CuO,Bacillus subtilis,non-pathogenic,"purchased from us research nanomaterials, inc.в ",MBC,quasi-spherical,Bacteria,Bacillota,Bacilli,Bacillales,Bacillaceae,Bacillus,p,mouth,79.5454,13.0,2,0.16,30,17,20.67942236,17.07,0.6865,1.651411411,3.1708046383846913,Klebsiella pneumoniae,2.5490253370834495,0.6217793013012418,1481.851344012439,354.0179941706546
11,Au,Bacillus subtilis,non-pathogenic,electrochemical synthesis,MIC,spheroidal,Bacteria,Bacillota,Bacilli,Bacillales,Bacillaceae,Bacillus,p,respiratory tract,196.966569,1.4,24,0.16,30,11,23.00188061,0.0,0.0,2.46797672,3.5670806284616603,Klebsiella pneumoniae,2.9500986439283814,0.6169819845332789,3690.4610705732,891.4533963334994
12,Al2O3,Bacillus subtilis,non-pathogenic,"purchased from us research nanomaterials, inc.в ",MBC,cubic,Bacteria,Bacillota,Bacilli,Bacillales,Bacillaceae,Bacillus,p,nose,101.961276,6.0,1,0.16,30,24,51.55776403,85.5,13.5675,4.688846487,2.799091701602088,Klebsiella pneumoniae,2.182525884311521,0.6165658172905673,629.6391175889236,152.23898658758745
13,TiO2,Bacillus subtilis,non-pathogenic,green_synthesis,MBEC,cubic,Bacteria,Bacillota,Bacilli,Bacillales,Bacillaceae,Bacillus,p,food,79.866,1.9,3,0.16,30,16,26.40611331,34.14,1.373,2.878049394,2.853731197561011,Klebsiella pneumoniae,2.238991809320784,0.6147393882402268,714.0542321990935,173.37712989770466
14,ZnO,Bacillus subtilis,non-pathogenic,electrochemical synthesis,MBC,spherical,Bacteria,Bacillota,Bacilli,Bacillales,Bacillaceae,Bacillus,p,food,81.3794,8.7,3,0.16,30,8,22.60496136,17.07,0.6865,4.082482905,2.054289788906242,Klebsiella pneumoniae,1.4461932303108822,0.6080965585953597,113.31562249477322,27.93786602077534
15,Ag,Bacillus subtilis,non-pathogenic,chemical_synthesis,MIC,nanoplates,Bacteria,Bacillota,Bacilli,Bacillales,Bacillaceae,Bacillus,p,mouth,107.87,0.8,18,0.16,30,11,23.00188061,0.0,0.0,1.78376517,1.3569716935559648,Klebsiella pneumoniae,0.7694234116290376,0.5875482819269272,22.74949149313063,5.880623994641088
16,ZnO,Bacillus subtilis,non-pathogenic,electrochemical synthesis,MBC,spherical,Bacteria,Bacillota,Bacilli,Bacillales,Bacillaceae,Bacillus,p,food,81.3794,9.0,3,0.16,30,8,22.60496136,17.07,0.6865,4.082482905,2.0468901460329767,Klebsiella pneumoniae,1.474592850438743,0.5722972955942336,111.40127105437637,29.825851446466825
17,CeO2,Bacillus subtilis,non-pathogenic,electrochemical synthesis,MBEC,cubic,Bacteria,Bacillota,Bacilli,Bacillales,Bacillaceae,Bacillus,p,meat,172.115,10.0,4,0.16,30,16,39.19032095,34.14,1.373,4.456551526,3.1424922700809828,Klebsiella pneumoniae,2.5850592204850664,0.5574330495959163,1388.3285991312025,384.6442286357556
18,ZnO,Bacillus subtilis,non-pathogenic,chemical_synthesis,MIC,hexagonal,Bacteria,Bacillota,Bacilli,Bacillales,Bacillaceae,Bacillus,p,skin,81.3794,5.1,4,0.16,30,8,22.60496136,17.07,0.6865,4.082482905,1.96839323155203,Klebsiella pneumoniae,1.4146262119235953,0.5537670196284348,92.98078994838521,25.979226235970703
19,Ag,Bacillus subtilis,non-pathogenic,chemical_synthesis,MIC,hexagonal,Bacteria,Bacillota,Bacilli,Bacillales,Bacillaceae,Bacillus,p,mammary gland,107.87,9.0,1,0.16,30,11,23.00188061,0.0,0.0,1.78376517,1.8257324278817715,Klebsiella pneumoniae,1.283389182495581,0.5423432453861905,66.94720155513002,19.203888798704337
20,ZnO,Bacillus subtilis,non-pathogenic,green_synthesis,MBC,quasi-hexagonal,Bacteria,Bacillota,Bacilli,Bacillales,Bacillaceae,Bacillus,p,nose,81.3794,25.0,3,0.16,30,8,22.60496136,17.07,0.6865,4.082482905,1.084450469591602,Klebsiella pneumoniae,0.6121709621392806,0.4722795074523214,12.14648084411023,4.094217988977222
21,Al2O3,Bacillus subtilis,non-pathogenic,"purchased from us research nanomaterials, inc.в ",MBEC,cubic,Bacteria,Bacillota,Bacilli,Bacillales,Bacillaceae,Bacillus,p,lungs,101.961276,37.86,4,0.16,30,24,51.55776403,85.5,13.5675,4.688846487,2.632065471662994,Klebsiella pneumoniae,2.2231469524292553,0.40891851923373856,428.6131307033314,167.1656157708466
22,Pd,Bacillus subtilis,non-pathogenic,green_synthesis,MIC,rod-shaped,Bacteria,Bacillota,Bacilli,Bacillales,Bacillaceae,Bacillus,p,lungs,195.084,1.4,24,0.16,30,10,21.14774404,0.0,0.0,1.870828693,1.9468899254014533,Klebsiella pneumoniae,1.5649188170016433,0.3819711083998101,88.48913002815193,36.72136505544423
23,ZnO,Bacillus subtilis,non-pathogenic,purchased from sigma aldrich ( citrate capped agnps),MBEC,nanoplates,Bacteria,Bacillota,Bacilli,Bacillales,Bacillaceae,Bacillus,p,blood,81.3794,20.0,1,0.16,30,8,22.60496136,17.07,0.6865,4.082482905,1.6075775199343403,Klebsiella pneumoniae,1.2526143553171896,0.3549631646171507,40.51142500557437,17.890165381346513
24,Ag,Bacillus subtilis,non-pathogenic,"purchased from us research nanomaterials, inc.в ",MIC,quasi-hexagonal,Bacteria,Bacillota,Bacilli,Bacillales,Bacillaceae,Bacillus,p,urine,107.87,100.0,3,0.16,30,11,23.00188061,0.0,0.0,1.78376517,1.1823899685495656,Klebsiella pneumoniae,0.8631009242378073,0.3192890443117583,15.219134969314789,7.296270461365837
25,ZnO,Bacillus subtilis,non-pathogenic,purchased from sigma aldrich ( citrate capped agnps),MBEC,spheroidal,Bacteria,Bacillota,Bacilli,Bacillales,Bacillaceae,Bacillus,p,meat,81.3794,38.0,18,0.16,30,8,22.60496136,17.07,0.6865,4.082482905,1.8602128889180893,Klebsiella pneumoniae,1.5597411286664178,0.30047176025167155,72.47911619031754,36.286169813399255
26,Ag,Bacillus subtilis,non-pathogenic,electrochemical synthesis,MBC,cubic,Bacteria,Bacillota,Bacilli,Bacillales,Bacillaceae,Bacillus,p,mouth,107.87,4.7,2,0.16,30,11,23.00188061,0.0,0.0,1.78376517,1.7006742569758486,Klebsiella pneumoniae,1.4210938270187543,0.2795804299570943,50.19659482126793,26.36901012764992
27,Ag,Bacillus subtilis,non-pathogenic,electrochemical synthesis,MBEC,spherical,Bacteria,Bacillota,Bacilli,Bacillales,Bacillaceae,Bacillus,p,urine,107.87,10.0,3,0.16,30,11,23.00188061,0.0,0.0,1.78376517,1.9779748337079965,Klebsiella pneumoniae,1.7733181867467906,0.2046566469612059,95.0549710053606,59.33598917142631
28,ZnO,Bacillus subtilis,non-pathogenic,chemical_synthesis,MBEC,triangular,Bacteria,Bacillota,Bacilli,Bacillales,Bacillaceae,Bacillus,p,nose,81.3794,10.0,1,0.16,30,8,22.60496136,17.07,0.6865,4.082482905,0.4415686419591951,Klebsiella pneumoniae,0.27514827482836335,0.16642036713083175,2.7641947765544606,1.8842923061107446
29,Ag,Bacillus subtilis,non-pathogenic,purchased from sigma aldrich ( citrate capped agnps),MBEC,hexagonal,Bacteria,Bacillota,Bacilli,Bacillales,Bacillaceae,Bacillus,p,carious dentine,107.87,44.45,1,0.16,30,11,23.00188061,0.0,0.0,1.78376517,1.075241387862611,Klebsiella pneumoniae,0.9387111719277853,0.13653021593482573,11.891629997197988,8.683827182233191
30,Ag,Bacillus subtilis,non-pathogenic,chemical_synthesis,MIC,tetragonal,Bacteria,Bacillota,Bacilli,Bacillales,Bacillaceae,Bacillus,p,soil,107.8682,26.06,24,0.16,30,11,23.00188061,0.0,0.0,1.78376517,0.945809769262071,Klebsiella pneumoniae,0.8735662995494747,0.07224346971259632,8.826931762900928,7.474227273006636
31,Au,Bacillus subtilis,non-pathogenic,purchased from sigma aldrich ( citrate capped agnps),MBEC,triangular,Bacteria,Bacillota,Bacilli,Bacillales,Bacillaceae,Bacillus,p,skin,196.966569,27.43,3,0.16,30,11,23.00188061,0.0,0.0,2.46797672,0.36948151085435676,Klebsiella pneumoniae,0.502446403245119,-0.13296489239076226,2.3414317916671217,3.1801411994232494
32,Ag,Bacillus subtilis,non-pathogenic,green_synthesis,MIC,hexagonal,Bacteria,Bacillota,Bacilli,Bacillales,Bacillaceae,Bacillus,p,blood,107.8682,41.23,24,0.16,30,11,23.00188061,0.0,0.0,1.78376517,0.3250446791524062,Klebsiella pneumoniae,0.4652343633979048,-0.1401896842454986,2.113706481596393,2.9190018040494294
33,Au,Bacillus subtilis,non-pathogenic,purchased from sigma aldrich ( citrate capped agnps),MIC,cubic,Bacteria,Bacillota,Bacilli,Bacillales,Bacillaceae,Bacillus,p,carious dentine,196.966569,25.0,18,0.16,30,11,23.00188061,0.0,0.0,2.46797672,1.657157828081653,Klebsiella pneumoniae,1.8054747018299402,-0.14831687374828717,45.4106614727316,63.89615159959954
34,Ag,Bacillus subtilis,non-pathogenic,green_synthesis,MBC,hexagonal,Bacteria,Bacillota,Bacilli,Bacillales,Bacillaceae,Bacillus,p,urine,107.87,10.4,24,0.16,30,11,23.00188061,0.0,0.0,1.78376517,2.1094834437601584,Klebsiella pneumoniae,2.321165509226291,-0.21168206546613266,128.67181996290955,209.49106722655017
35,Au,Bacillus subtilis,non-pathogenic,green_synthesis,MBC,nanoplates,Bacteria,Bacillota,Bacilli,Bacillales,Bacillaceae,Bacillus,p,soil,196.966569,26.38,24,0.16,30,11,23.00188061,0.0,0.0,2.46797672,2.0075626093374086,Klebsiella pneumoniae,2.3972338050703317,-0.3896711957329231,101.75660513144415,249.59380687210822
