,np,bacteria,bac_type,np_synthesis,method,shape,kingdom,phylum,class,order,family,genus,gram,isolated_from,mol_weight (g/mol),np_size_avg (nm),time_set,"min_Incub_period, h","growth_temp, C",Valance_electron,labuteASA,tpsa,CrippenMR,chi0v,pred_MIC_norm,pathogenic_bacteria,pred_MIC_pathogen,Fitness,pred_norm_MIC_original,pred_path_MIC_original
0,ZnO,Bacillus subtilis,non-pathogenic,electrochemical synthesis,MIC,spheroidal,Bacteria,Bacillota,Bacilli,Bacillales,Bacillaceae,Bacillus,p,soil,81.3794,5.1,18,0.16,30,8,22.60496136,17.07,0.6865,4.082482905,1.5571471994476216,Klebsiella pneumoniae,0.8480011275597312,0.7091460718878904,36.07008779917855,7.046948985657075
1,ZnO,Bacillus subtilis,non-pathogenic,green_synthesis,MIC,rod-shaped,Bacteria,Bacillota,Bacilli,Bacillales,Bacillaceae,Bacillus,p,nose,81.3794,0.8,1,0.16,30,8,22.60496136,17.07,0.6865,4.082482905,0.8181999401314443,Klebsiella pneumoniae,0.11039434262488723,0.707805597506557,6.579606790278468,1.2894198231101892
2,CuO,Bacillus subtilis,non-pathogenic,"purchased from us research nanomaterials, inc.в ",MBC,quasi-spherical,Bacteria,Bacillota,Bacilli,Bacillales,Bacillaceae,Bacillus,p,mouth,79.5454,13.0,2,0.16,30,17,20.67942236,17.07,0.6865,1.651411411,3.1708046383846913,Klebsiella pneumoniae,2.5490253370834495,0.6217793013012418,1481.851344012439,354.0179941706546
3,ZnO,Bacillus subtilis,non-pathogenic,purchased from sigma aldrich ( citrate capped agnps),MBEC,hexagonal,Bacteria,Bacillota,Bacilli,Bacillales,Bacillaceae,Bacillus,p,urine,81.3794,5.1,3,0.16,30,8,22.60496136,17.07,0.6865,4.082482905,2.4593037767656787,Klebsiella pneumoniae,1.8660832156474016,0.593220561118277,287.94117779978615,73.46546226587557
4,Al2O3,Bacillus subtilis,non-pathogenic,"purchased from us research nanomaterials, inc.в ",MBEC,cubic,Bacteria,Bacillota,Bacilli,Bacillales,Bacillaceae,Bacillus,p,lungs,101.961276,17.5,2,0.16,30,24,51.55776403,85.5,13.5675,4.688846487,2.9611406147303825,Klebsiella pneumoniae,2.4622351630617354,0.4989054516686471,914.4092585816928,289.89128747171605
5,Ag,Bacillus subtilis,non-pathogenic,"purchased from us research nanomaterials, inc.в ",MBC,triangular,Bacteria,Bacillota,Bacilli,Bacillales,Bacillaceae,Bacillus,p,mammary gland,107.87,9.0,18,0.16,30,11,23.00188061,0.0,0.0,1.78376517,0.6864633454603002,Klebsiella pneumoniae,0.2022942527327578,0.4841690927275424,4.858065270407064,1.5932878808111812
6,Pd,Bacillus subtilis,non-pathogenic,chemical_synthesis,MIC,cubic,Bacteria,Bacillota,Bacilli,Bacillales,Bacillaceae,Bacillus,p,soil,195.084,11.3,4,0.16,30,10,21.14774404,0.0,0.0,1.870828693,1.3267382413235667,Klebsiella pneumoniae,0.8530139745648637,0.47372426675870294,21.219651222266172,7.128759684128628
7,Ag,Bacillus subtilis,non-pathogenic,"purchased from us research nanomaterials, inc.в ",MIC,spheroidal,Bacteria,Bacillota,Bacilli,Bacillales,Bacillaceae,Bacillus,p,nose,107.87,9.0,0,0.16,30,11,23.00188061,0.0,0.0,1.78376517,1.6049106435414748,Klebsiella pneumoniae,1.1420028464433956,0.4629077970980793,40.263418347720226,13.867649179464003
8,TiO2,Bacillus subtilis,non-pathogenic,electrochemical synthesis,MBEC,quasi-spherical,Bacteria,Bacillota,Bacilli,Bacillales,Bacillaceae,Bacillus,p,soil,79.866,28.0,4,0.16,30,16,26.40611331,34.14,1.373,2.878049394,2.4800442379563625,Klebsiella pneumoniae,2.023356294829015,0.4566879431273474,302.0259353361684,105.52522694446101
9,Ag,Bacillus subtilis,non-pathogenic,chemical_synthesis,MIC,cubic,Bacteria,Bacillota,Bacilli,Bacillales,Bacillaceae,Bacillus,p,carious dentine,107.87,20.0,3,0.16,30,11,23.00188061,0.0,0.0,1.78376517,1.1304570326936356,Klebsiella pneumoniae,0.6763878451962317,0.4540691874974039,13.503832198948276,4.746656946051467
10,ZnO,Bacillus subtilis,non-pathogenic,chemical_synthesis,MIC,quasi-hexagonal,Bacteria,Bacillota,Bacilli,Bacillales,Bacillaceae,Bacillus,p,mammary gland,81.3794,0.8,24,0.16,30,8,22.60496136,17.07,0.6865,4.082482905,1.5957577038370263,Klebsiella pneumoniae,1.1604379902695534,0.4353197135674729,39.42372927531581,14.468982463346762
11,ZnO,Bacillus subtilis,non-pathogenic,electrochemical synthesis,MBC,tetragonal,Bacteria,Bacillota,Bacilli,Bacillales,Bacillaceae,Bacillus,p,respiratory tract,81.3794,13.5,18,0.16,30,8,22.60496136,17.07,0.6865,4.082482905,1.3333100794316786,Klebsiella pneumoniae,0.9262878335364317,0.4070222458952468,21.543193358810434,8.43893872588321
12,CeO2,Bacillus subtilis,non-pathogenic,electrochemical synthesis,MBEC,quasi-spherical,Bacteria,Bacillota,Bacilli,Bacillales,Bacillaceae,Bacillus,p,soil,172.115,13.5,2,0.16,30,16,39.19032095,34.14,1.373,4.456551526,2.768144911008693,Klebsiella pneumoniae,2.3653500749900265,0.4027948360186664,586.3337738260882,231.9263402625103
13,Au,Bacillus subtilis,non-pathogenic,electrochemical synthesis,MIC,quasi-hexagonal,Bacteria,Bacillota,Bacilli,Bacillales,Bacillaceae,Bacillus,p,soil,196.966569,40.0,1,0.16,30,11,23.00188061,0.0,0.0,2.46797672,0.1722537689482082,Klebsiella pneumoniae,-0.21572798849067065,0.38798175743887886,1.4868041647574741,0.6085160135662859
14,ZnO,Bacillus subtilis,non-pathogenic,green_synthesis,MBC,triangular,Bacteria,Bacillota,Bacilli,Bacillales,Bacillaceae,Bacillus,p,carious dentine,81.3794,8.7,24,0.16,30,8,22.60496136,17.07,0.6865,4.082482905,1.456295431227156,Klebsiella pneumoniae,1.073923238756079,0.382372192471077,28.595350964936713,11.855591828965386
15,Ag,Bacillus subtilis,non-pathogenic,green_synthesis,MBC,spheroidal,Bacteria,Bacillota,Bacilli,Bacillales,Bacillaceae,Bacillus,p,nose,107.87,79.0,18,0.16,30,11,23.00188061,0.0,0.0,1.78376517,0.8664454589355162,Klebsiella pneumoniae,0.5177486383053815,0.34869682063013463,7.352676507640097,3.2941899530792096
16,ZnO,Bacillus subtilis,non-pathogenic,"purchased from us research nanomaterials, inc.в ",MBEC,hexagonal,Bacteria,Bacillota,Bacilli,Bacillales,Bacillaceae,Bacillus,p,skin,81.3794,38.0,0,0.16,30,8,22.60496136,17.07,0.6865,4.082482905,1.9427412600626213,Klebsiella pneumoniae,1.6049515505588223,0.33778970950379894,87.64784853421907,40.26721101374193
17,ZnO,Bacillus subtilis,non-pathogenic,green_synthesis,MBC,hexagonal,Bacteria,Bacillota,Bacilli,Bacillales,Bacillaceae,Bacillus,p,respiratory tract,81.3794,18.5,2,0.16,30,8,22.60496136,17.07,0.6865,4.082482905,2.143990432589063,Klebsiella pneumoniae,1.8070523250548978,0.3369381075341651,139.3126112348545,64.12868360230672
18,Pd,Bacillus subtilis,non-pathogenic,chemical_synthesis,MIC,spherical,Bacteria,Bacillota,Bacilli,Bacillales,Bacillaceae,Bacillus,p,mammary gland,195.084,3.0,24,0.16,30,10,21.14774404,0.0,0.0,1.870828693,1.129780842848589,Klebsiella pneumoniae,0.8015874736728617,0.3281933691757273,13.482823298912251,6.332678988844828
19,ZnO,Bacillus subtilis,non-pathogenic,electrochemical synthesis,MBEC,tetragonal,Bacteria,Bacillota,Bacilli,Bacillales,Bacillaceae,Bacillus,p,mammary gland,81.3794,9.0,4,0.16,30,8,22.60496136,17.07,0.6865,4.082482905,1.1882012456373112,Klebsiella pneumoniae,0.8699347324112446,0.3182665132260666,15.424150196762698,7.411988424724087
20,ZrO2,Bacillus subtilis,non-pathogenic,chemical_synthesis,MBC,quasi-spherical,Bacteria,Bacillota,Bacilli,Bacillales,Bacillaceae,Bacillus,p,soil,123.2218,0.8,2,0.16,30,16,29.29254423,34.14,1.373,3.774536472,1.7363663079440201,Klebsiella pneumoniae,1.478046250548066,0.2583200573959541,54.496211018115744,30.063964542437382
21,Ag,Bacillus subtilis,non-pathogenic,electrochemical synthesis,MBEC,spheroidal,Bacteria,Bacillota,Bacilli,Bacillales,Bacillaceae,Bacillus,p,skin,107.87,13.5,24,0.16,30,11,23.00188061,0.0,0.0,1.78376517,1.8464249037562617,Klebsiella pneumoniae,1.5942152657651532,0.2522096379911085,70.21419220227597,39.28396050698397
22,Ag,Bacillus subtilis,non-pathogenic,green_synthesis,MBC,nanoplates,Bacteria,Bacillota,Bacilli,Bacillales,Bacillaceae,Bacillus,p,mouth,107.87,0.8,4,0.16,30,11,23.00188061,0.0,0.0,1.78376517,1.3581482013732862,Klebsiella pneumoniae,1.1714598776481953,0.18668832372509092,22.811203630203046,14.840887659986864
23,Au,Bacillus subtilis,non-pathogenic,electrochemical synthesis,MBC,hexagonal,Bacteria,Bacillota,Bacilli,Bacillales,Bacillaceae,Bacillus,p,mouth,196.966569,1.4,3,0.16,30,11,23.00188061,0.0,0.0,2.46797672,1.194291408357719,Klebsiella pneumoniae,1.0193123238388473,0.17497908451887167,15.64196855016273,10.454718022999739
24,CuO,Bacillus subtilis,non-pathogenic,chemical_synthesis,MIC,nanoplates,Bacteria,Bacillota,Bacilli,Bacillales,Bacillaceae,Bacillus,p,lungs,79.5454,1.4,18,0.16,30,17,20.67942236,17.07,0.6865,1.651411411,2.405189403248122,Klebsiella pneumoniae,2.239267457485278,0.16592194576284403,254.20811088651274,173.48720787337476
25,ZnO,Bacillus subtilis,non-pathogenic,"purchased from us research nanomaterials, inc.в ",MBC,spherical,Bacteria,Bacillota,Bacilli,Bacillales,Bacillaceae,Bacillus,p,lungs,81.3794,37.86,18,0.16,30,8,22.60496136,17.07,0.6865,4.082482905,1.7991945842463914,Klebsiella pneumoniae,1.6424279683390735,0.156766615907318,62.97882942734471,43.89630536171495
26,Au,Bacillus subtilis,non-pathogenic,green_synthesis,MBC,nanoplates,Bacteria,Bacillota,Bacilli,Bacillales,Bacillaceae,Bacillus,p,urine,196.966569,8.0,3,0.16,30,11,23.00188061,0.0,0.0,2.46797672,2.0767677940655567,Klebsiella pneumoniae,1.9266739117483218,0.15009388231723486,119.33498807962408,84.46444091767003
27,Ag,Bacillus subtilis,non-pathogenic,"purchased from us research nanomaterials, inc.в ",MBC,nanoplates,Bacteria,Bacillota,Bacilli,Bacillales,Bacillaceae,Bacillus,p,urine,107.87,100.0,1,0.16,30,11,23.00188061,0.0,0.0,1.78376517,1.8522715148985542,Klebsiella pneumoniae,1.7044976036940251,0.1477739112045291,71.16582935180229,50.64045553285294
28,Au,Bacillus subtilis,non-pathogenic,electrochemical synthesis,MBC,nanoplates,Bacteria,Bacillota,Bacilli,Bacillales,Bacillaceae,Bacillus,p,water,196.966569,18.0,2,0.16,30,11,23.00188061,0.0,0.0,2.46797672,1.6187834638915228,Klebsiella pneumoniae,1.5656927889171024,0.05309067497442044,41.5703292139766,36.7868658775939
29,ZnO,Bacillus subtilis,non-pathogenic,purchased from sigma aldrich ( citrate capped agnps),MBC,spheroidal,Bacteria,Bacillota,Bacilli,Bacillales,Bacillaceae,Bacillus,p,mouth,81.3794,30.0,1,0.16,30,8,22.60496136,17.07,0.6865,4.082482905,2.1109102474517596,Klebsiella pneumoniae,2.0769754382997947,0.033934809151964895,129.0952454092002,119.39205798932147
30,Au,Bacillus subtilis,non-pathogenic,chemical_synthesis,MBC,triangular,Bacteria,Bacillota,Bacilli,Bacillales,Bacillaceae,Bacillus,p,mammary gland,196.966569,8.7,0,0.16,30,11,23.00188061,0.0,0.0,2.46797672,0.9462659145250224,Klebsiella pneumoniae,1.1559509309494456,-0.20968501642442317,8.83620767703227,14.320260917134323
