,np,bacteria,bac_type,np_synthesis,method,shape,kingdom,phylum,class,order,family,genus,gram,isolated_from,mol_weight (g/mol),np_size_avg (nm),time_set,"min_Incub_period, h","growth_temp, C",Valance_electron,labuteASA,tpsa,CrippenMR,chi0v,pred_MIC_norm,pathogenic_bacteria,pred_MIC_pathogen,Fitness,pred_norm_MIC_original,pred_path_MIC_original
0,ZnO,Bacillus subtilis,non-pathogenic,electrochemical synthesis,MIC,cubic,Bacteria,Bacillota,Bacilli,Bacillales,Bacillaceae,Bacillus,p,lungs,81.3794,1.9,3,0.16,30,8,22.60496136,17.07,0.6865,4.082482905,1.6687848971870762,Klebsiella pneumoniae,0.741366256381723,0.9274186408053532,46.64283046386834,5.512724085586882
1,Ag,Bacillus subtilis,non-pathogenic,chemical_synthesis,MIC,hexagonal,Bacteria,Bacillota,Bacilli,Bacillales,Bacillaceae,Bacillus,p,skin,107.87,3.0,0,0.16,30,11,23.00188061,0.0,0.0,1.78376517,1.4589868271249367,Klebsiella pneumoniae,0.6964617454552136,0.7625250816697231,28.773111397723202,4.971205832558982
2,ZnO,Bacillus subtilis,non-pathogenic,electrochemical synthesis,MBC,nanoplates,Bacteria,Bacillota,Bacilli,Bacillales,Bacillaceae,Bacillus,p,nose,81.3794,8.7,4,0.16,30,8,22.60496136,17.07,0.6865,4.082482905,2.0681607241354585,Klebsiella pneumoniae,1.320221448265704,0.7479392758697545,116.99322806192842,20.903617418687592
3,ZnO,Bacillus subtilis,non-pathogenic,green_synthesis,MIC,nanoplates,Bacteria,Bacillota,Bacilli,Bacillales,Bacillaceae,Bacillus,p,mouth,81.3794,6.0,2,0.16,30,8,22.60496136,17.07,0.6865,4.082482905,1.9426770018169532,Klebsiella pneumoniae,1.2347921594860178,0.7078848423309354,87.63488111101695,17.170864436293144
4,TiO2,Bacillus subtilis,non-pathogenic,purchased from sigma aldrich ( citrate capped agnps),MIC,cubic,Bacteria,Bacillota,Bacilli,Bacillales,Bacillaceae,Bacillus,p,mammary gland,79.866,5.1,1,0.16,30,16,26.40611331,34.14,1.373,2.878049394,2.5274958010187727,Klebsiella pneumoniae,1.83014684622626,0.6973489547925127,336.89595844326874,67.63116152301912
5,ZnO,Bacillus subtilis,non-pathogenic,"purchased from us research nanomaterials, inc.в ",MIC,cubic,Bacteria,Bacillota,Bacilli,Bacillales,Bacillaceae,Bacillus,p,carious dentine,81.3794,1.9,24,0.16,30,8,22.60496136,17.07,0.6865,4.082482905,1.901465610023034,Klebsiella pneumoniae,1.2148131839622935,0.6866524260607405,79.7013375911149,16.398842091557054
6,CuO,Bacillus subtilis,non-pathogenic,"purchased from us research nanomaterials, inc.в ",MBEC,nanoplates,Bacteria,Bacillota,Bacilli,Bacillales,Bacillaceae,Bacillus,p,food,79.5454,13.5,0,0.16,30,17,20.67942236,17.07,0.6865,1.651411411,3.274440723949702,Klebsiella pneumoniae,2.604833669413366,0.6696070545363364,1881.2249237856968,402.5628271276886
7,ZnO,Bacillus subtilis,non-pathogenic,green_synthesis,MBC,quasi-hexagonal,Bacteria,Bacillota,Bacilli,Bacillales,Bacillaceae,Bacillus,p,soil,81.3794,0.8,0,0.16,30,8,22.60496136,17.07,0.6865,4.082482905,0.7622515210542125,Klebsiella pneumoniae,0.09870407601671638,0.6635474450374961,5.7843094790880665,1.2551744087627377
8,Au,Bacillus subtilis,non-pathogenic,green_synthesis,MIC,rod-shaped,Bacteria,Bacillota,Bacilli,Bacillales,Bacillaceae,Bacillus,p,urine,196.966569,3.0,1,0.16,30,11,23.00188061,0.0,0.0,2.46797672,1.5023117335815013,Klebsiella pneumoniae,0.8494183497522699,0.6528933838292313,31.79155227531495,7.069982678144374
9,TiO2,Bacillus subtilis,non-pathogenic,"purchased from us research nanomaterials, inc.в ",MBEC,hexagonal,Bacteria,Bacillota,Bacilli,Bacillales,Bacillaceae,Bacillus,p,food,79.866,13.0,0,0.16,30,16,26.40611331,34.14,1.373,2.878049394,2.872008101812113,Klebsiella pneumoniae,2.223173219074937,0.6488348827371762,744.7458670938107,167.17572645142872
10,Au,Bacillus subtilis,non-pathogenic,chemical_synthesis,MIC,quasi-hexagonal,Bacteria,Bacillota,Bacilli,Bacillales,Bacillaceae,Bacillus,p,mouth,196.966569,1.9,4,0.16,30,11,23.00188061,0.0,0.0,2.46797672,1.0131036096820172,Klebsiella pneumoniae,0.3906128640302984,0.6224907456517188,10.30631969095898,2.4581753764547023
11,ZnO,Bacillus subtilis,non-pathogenic,electrochemical synthesis,MBEC,nanoplates,Bacteria,Bacillota,Bacilli,Bacillales,Bacillaceae,Bacillus,p,respiratory tract,81.3794,4.0,2,0.16,30,8,22.60496136,17.07,0.6865,4.082482905,2.0952581296908543,Klebsiella pneumoniae,1.4749802993016716,0.6202778303891827,124.52545282868856,29.85247197468086
12,Ag,Bacillus subtilis,non-pathogenic,"purchased from us research nanomaterials, inc.в ",MBEC,tetragonal,Bacteria,Bacillota,Bacilli,Bacillales,Bacillaceae,Bacillus,p,nose,107.87,12.0,18,0.16,30,11,23.00188061,0.0,0.0,1.78376517,0.8622385670195526,Klebsiella pneumoniae,0.2451708319736723,0.6170677350458803,7.281796989921826,1.7586152382941516
13,ZnO,Bacillus subtilis,non-pathogenic,"purchased from us research nanomaterials, inc.в ",MIC,spheroidal,Bacteria,Bacillota,Bacilli,Bacillales,Bacillaceae,Bacillus,p,nose,81.3794,4.0,4,0.16,30,8,22.60496136,17.07,0.6865,4.082482905,1.0607116643345722,Klebsiella pneumoniae,0.47573729989983615,0.584974364434736,11.500366061089577,2.990455194954458
14,ZnO,Bacillus subtilis,non-pathogenic,"purchased from us research nanomaterials, inc.в ",MBC,triangular,Bacteria,Bacillota,Bacilli,Bacillales,Bacillaceae,Bacillus,p,soil,81.3794,12.0,18,0.16,30,8,22.60496136,17.07,0.6865,4.082482905,1.24293765976972,Klebsiella pneumoniae,0.6602740761695347,0.5826635836001852,17.495955272096463,4.573767415625008
15,CuO,Bacillus subtilis,non-pathogenic,"purchased from us research nanomaterials, inc.в ",MIC,rod-shaped,Bacteria,Bacillota,Bacilli,Bacillales,Bacillaceae,Bacillus,p,meat,79.5454,0.8,1,0.16,30,17,20.67942236,17.07,0.6865,1.651411411,2.1118449538154977,Klebsiella pneumoniae,1.5363196439538058,0.5755253098616919,129.37338868977199,34.381090216961105
16,ZnO,Bacillus subtilis,non-pathogenic,chemical_synthesis,MBC,cubic,Bacteria,Bacillota,Bacilli,Bacillales,Bacillaceae,Bacillus,p,blood,81.3794,12.0,4,0.16,30,8,22.60496136,17.07,0.6865,4.082482905,1.1278492476513384,Klebsiella pneumoniae,0.5579213168580588,0.5699279307932796,13.42298941302934,3.6134439027272327
17,ZnO,Bacillus subtilis,non-pathogenic,chemical_synthesis,MBC,cubic,Bacteria,Bacillota,Bacilli,Bacillales,Bacillaceae,Bacillus,p,blood,81.3794,12.0,4,0.16,30,8,22.60496136,17.07,0.6865,4.082482905,1.1278492476513384,Klebsiella pneumoniae,0.5579213168580588,0.5699279307932796,13.42298941302934,3.6134439027272327
18,Ag,Bacillus subtilis,non-pathogenic,"purchased from us research nanomaterials, inc.в ",MBEC,spheroidal,Bacteria,Bacillota,Bacilli,Bacillales,Bacillaceae,Bacillus,p,water,107.8682,6.0,0,0.16,30,11,23.00188061,0.0,0.0,1.78376517,2.1223099185535417,Klebsiella pneumoniae,1.5544082952340759,0.5679016233194658,132.52869409321465,35.843325422636894
19,Au,Bacillus subtilis,non-pathogenic,electrochemical synthesis,MBC,quasi-spherical,Bacteria,Bacillota,Bacilli,Bacillales,Bacillaceae,Bacillus,p,mammary gland,196.966569,37.86,1,0.16,30,11,23.00188061,0.0,0.0,2.46797672,0.8793460903160212,Klebsiella pneumoniae,0.5165962227196934,0.36274986759632777,7.574362573518225,3.2854602922639256
20,ZnO,Bacillus subtilis,non-pathogenic,"purchased from us research nanomaterials, inc.в ",MIC,spheroidal,Bacteria,Bacillota,Bacilli,Bacillales,Bacillaceae,Bacillus,p,nose,81.3794,37.86,18,0.16,30,8,22.60496136,17.07,0.6865,4.082482905,1.3906694582112022,Klebsiella pneumoniae,1.0306250899829466,0.3600443682282557,24.584957293318475,10.730626779256243
21,CuO,Bacillus subtilis,non-pathogenic,"purchased from us research nanomaterials, inc.в ",MBC,spherical,Bacteria,Bacillota,Bacilli,Bacillales,Bacillaceae,Bacillus,p,lungs,79.5454,26.06,3,0.16,30,17,20.67942236,17.07,0.6865,1.651411411,3.6438698533041243,Klebsiella pneumoniae,3.3115573288189006,0.33231252448522364,4404.228605179805,2049.072518865679
22,Au,Bacillus subtilis,non-pathogenic,purchased from sigma aldrich ( citrate capped agnps),MIC,cubic,Bacteria,Bacillota,Bacilli,Bacillales,Bacillaceae,Bacillus,p,urine,196.966569,0.8,24,0.16,30,11,23.00188061,0.0,0.0,2.46797672,3.183483225504762,Klebsiella pneumoniae,2.9196818862962775,0.26380133920848436,1525.749462050034,831.1547406346954
23,ZnO,Bacillus subtilis,non-pathogenic,green_synthesis,MBC,spheroidal,Bacteria,Bacillota,Bacilli,Bacillales,Bacillaceae,Bacillus,p,nose,81.3794,26.38,24,0.16,30,8,22.60496136,17.07,0.6865,4.082482905,2.5555122169538285,Klebsiella pneumoniae,2.3952670780381635,0.16024513891566494,359.34550520917173,248.46606270780418
24,Ag,Bacillus subtilis,non-pathogenic,purchased from sigma aldrich ( citrate capped agnps),MIC,tetragonal,Bacteria,Bacillota,Bacilli,Bacillales,Bacillaceae,Bacillus,p,mammary gland,107.8682,10.0,2,0.16,30,11,23.00188061,0.0,0.0,1.78376517,0.18177034438395667,Klebsiella pneumoniae,0.06751000732233381,0.11426033706162286,1.5197436743276453,1.1681806476005177
25,Ag,Bacillus subtilis,non-pathogenic,purchased from sigma aldrich ( citrate capped agnps),MBC,spheroidal,Bacteria,Bacillota,Bacilli,Bacillales,Bacillaceae,Bacillus,p,soil,107.87,25.0,3,0.16,30,11,23.00188061,0.0,0.0,1.78376517,1.7823264620039423,Klebsiella pneumoniae,1.6846425712830637,0.09768389072087857,60.57960845212844,48.37740527977182
26,Ag,Bacillus subtilis,non-pathogenic,purchased from sigma aldrich ( citrate capped agnps),MBEC,nanoplates,Bacteria,Bacillota,Bacilli,Bacillales,Bacillaceae,Bacillus,p,nose,107.87,55.6,1,0.16,30,11,23.00188061,0.0,0.0,1.78376517,1.8112506847697383,Klebsiella pneumoniae,1.8349503583856777,-0.023699673615939387,64.7516269189938,68.38334778839928
27,Al2O3,Bacillus subtilis,non-pathogenic,purchased from sigma aldrich ( citrate capped agnps),MBC,quasi-hexagonal,Bacteria,Bacillota,Bacilli,Bacillales,Bacillaceae,Bacillus,p,urine,101.961276,12.5,24,0.16,30,24,51.55776403,85.5,13.5675,4.688846487,2.1598696905373274,Klebsiella pneumoniae,2.194910728380002,-0.03504103784267443,144.50061335877928,156.64290489040576
