,np,bacteria,bac_type,np_synthesis,method,shape,kingdom,phylum,class,order,family,genus,gram,isolated_from,mol_weight (g/mol),np_size_avg (nm),time_set,"min_Incub_period, h","growth_temp, C",Valance_electron,labuteASA,tpsa,CrippenMR,chi0v,pred_MIC_norm,pathogenic_bacteria,pred_MIC_pathogen,Fitness,pred_norm_MIC_original,pred_path_MIC_original
0,ZnO,Bacillus subtilis,non-pathogenic,"purchased from us research nanomaterials, inc.в ",MIC,quasi-spherical,Bacteria,Bacillota,Bacilli,Bacillales,Bacillaceae,Bacillus,p,water,81.3794,4.0,1,0.16,30,8,22.60496136,17.07,0.6865,4.082482905,1.2223505756863662,Klebsiella pneumoniae,0.22038507666824092,1.0019654990181253,16.685936084536806,1.6610590689068931
1,ZrO2,Bacillus subtilis,non-pathogenic,green_synthesis,MIC,quasi-spherical,Bacteria,Bacillota,Bacilli,Bacillales,Bacillaceae,Bacillus,p,soil,123.2218,1.4,2,0.16,30,16,29.29254423,34.14,1.373,3.774536472,2.0130633897520296,Klebsiella pneumoniae,1.1268320705080306,0.886231319243999,103.05365268833025,13.391587721737958
2,ZnO,Bacillus subtilis,non-pathogenic,green_synthesis,MIC,quasi-hexagonal,Bacteria,Bacillota,Bacilli,Bacillales,Bacillaceae,Bacillus,p,water,81.3794,5.1,4,0.16,30,8,22.60496136,17.07,0.6865,4.082482905,0.854487124482242,Klebsiella pneumoniae,0.03341179247365811,0.8210753320085838,7.152981873333217,1.079970250885176
3,ZnO,Bacillus subtilis,non-pathogenic,electrochemical synthesis,MIC,rod-shaped,Bacteria,Bacillota,Bacilli,Bacillales,Bacillaceae,Bacillus,p,respiratory tract,81.3794,1.4,2,0.16,30,8,22.60496136,17.07,0.6865,4.082482905,1.109988656879792,Klebsiella pneumoniae,0.30171570305884865,0.8082729538209434,12.882159049872664,2.0031602934877264
4,Ag,Bacillus subtilis,non-pathogenic,chemical_synthesis,MIC,hexagonal,Bacteria,Bacillota,Bacilli,Bacillales,Bacillaceae,Bacillus,p,skin,107.87,3.0,0,0.16,30,11,23.00188061,0.0,0.0,1.78376517,1.4589868271249367,Klebsiella pneumoniae,0.6964617454552136,0.7625250816697231,28.773111397723202,4.971205832558982
5,ZnO,Bacillus subtilis,non-pathogenic,electrochemical synthesis,MBC,nanoplates,Bacteria,Bacillota,Bacilli,Bacillales,Bacillaceae,Bacillus,p,nose,81.3794,8.7,4,0.16,30,8,22.60496136,17.07,0.6865,4.082482905,2.0681607241354585,Klebsiella pneumoniae,1.320221448265704,0.7479392758697545,116.99322806192842,20.903617418687592
6,Ag,Bacillus subtilis,non-pathogenic,"purchased from us research nanomaterials, inc.в ",MIC,nanoplates,Bacteria,Bacillota,Bacilli,Bacillales,Bacillaceae,Bacillus,p,lungs,107.8682,1.4,2,0.16,30,11,23.00188061,0.0,0.0,1.78376517,1.7565466683436846,Klebsiella pneumoniae,1.0248629521937982,0.7316837161498864,57.08824186632548,10.589195153203223
7,TiO2,Bacillus subtilis,non-pathogenic,purchased from sigma aldrich ( citrate capped agnps),MIC,cubic,Bacteria,Bacillota,Bacilli,Bacillales,Bacillaceae,Bacillus,p,mammary gland,79.866,5.1,1,0.16,30,16,26.40611331,34.14,1.373,2.878049394,2.5274958010187727,Klebsiella pneumoniae,1.83014684622626,0.6973489547925127,336.89595844326874,67.63116152301912
8,ZnO,Bacillus subtilis,non-pathogenic,"purchased from us research nanomaterials, inc.в ",MIC,cubic,Bacteria,Bacillota,Bacilli,Bacillales,Bacillaceae,Bacillus,p,carious dentine,81.3794,1.9,24,0.16,30,8,22.60496136,17.07,0.6865,4.082482905,1.901465610023034,Klebsiella pneumoniae,1.2148131839622935,0.6866524260607405,79.7013375911149,16.398842091557054
9,CuO,Bacillus subtilis,non-pathogenic,"purchased from us research nanomaterials, inc.в ",MBEC,nanoplates,Bacteria,Bacillota,Bacilli,Bacillales,Bacillaceae,Bacillus,p,food,79.5454,13.5,0,0.16,30,17,20.67942236,17.07,0.6865,1.651411411,3.274440723949702,Klebsiella pneumoniae,2.604833669413366,0.6696070545363364,1881.2249237856968,402.5628271276886
10,ZnO,Bacillus subtilis,non-pathogenic,electrochemical synthesis,MBEC,triangular,Bacteria,Bacillota,Bacilli,Bacillales,Bacillaceae,Bacillus,p,respiratory tract,81.3794,6.0,18,0.16,30,8,22.60496136,17.07,0.6865,4.082482905,0.7085539342594249,Klebsiella pneumoniae,0.04228571679298487,0.66626821746644,5.111565547194115,1.1022642366186683
11,Pd,Bacillus subtilis,non-pathogenic,green_synthesis,MIC,quasi-spherical,Bacteria,Bacillota,Bacilli,Bacillales,Bacillaceae,Bacillus,p,meat,195.084,4.0,0,0.16,30,10,21.14774404,0.0,0.0,1.870828693,0.9341306867972946,Klebsiella pneumoniae,0.2784793202278555,0.6556513665694391,8.592720525784086,1.8988004248921488
12,Au,Bacillus subtilis,non-pathogenic,green_synthesis,MIC,rod-shaped,Bacteria,Bacillota,Bacilli,Bacillales,Bacillaceae,Bacillus,p,urine,196.966569,3.0,1,0.16,30,11,23.00188061,0.0,0.0,2.46797672,1.5023117335815013,Klebsiella pneumoniae,0.8494183497522699,0.6528933838292313,31.79155227531495,7.069982678144374
13,TiO2,Bacillus subtilis,non-pathogenic,"purchased from us research nanomaterials, inc.в ",MBEC,hexagonal,Bacteria,Bacillota,Bacilli,Bacillales,Bacillaceae,Bacillus,p,food,79.866,13.0,0,0.16,30,16,26.40611331,34.14,1.373,2.878049394,2.872008101812113,Klebsiella pneumoniae,2.223173219074937,0.6488348827371762,744.7458670938107,167.17572645142872
14,ZnO,Bacillus subtilis,non-pathogenic,"purchased from us research nanomaterials, inc.в ",MIC,quasi-hexagonal,Bacteria,Bacillota,Bacilli,Bacillales,Bacillaceae,Bacillus,p,water,81.3794,10.0,2,0.16,30,8,22.60496136,17.07,0.6865,4.082482905,0.8310121792653152,Klebsiella pneumoniae,0.1974920194802252,0.63352015978509,6.776605115165039,1.5757670664566559
15,Au,Bacillus subtilis,non-pathogenic,chemical_synthesis,MIC,nanoplates,Bacteria,Bacillota,Bacilli,Bacillales,Bacillaceae,Bacillus,p,food,196.966569,1.4,1,0.16,30,11,23.00188061,0.0,0.0,2.46797672,1.9529711020121279,Klebsiella pneumoniae,1.3197070612481094,0.6332640407640184,89.7369081507151,20.878873415216734
16,ZnO,Bacillus subtilis,non-pathogenic,electrochemical synthesis,MBC,quasi-spherical,Bacteria,Bacillota,Bacilli,Bacillales,Bacillaceae,Bacillus,p,food,81.3794,25.0,0,0.16,30,8,22.60496136,17.07,0.6865,4.082482905,1.6919769227882187,Klebsiella pneumoniae,1.2427955699919306,0.449181352796288,49.20133907513076,17.490231990156914
17,Au,Bacillus subtilis,non-pathogenic,chemical_synthesis,MIC,cubic,Bacteria,Bacillota,Bacilli,Bacillales,Bacillaceae,Bacillus,p,mouth,196.966569,50.0,1,0.16,30,11,23.00188061,0.0,0.0,2.46797672,1.7089436854172033,Klebsiella pneumoniae,1.329317806492379,0.37962587892482436,51.16154905090974,21.346063965287236
18,Ag,Bacillus subtilis,non-pathogenic,electrochemical synthesis,MBC,triangular,Bacteria,Bacillota,Bacilli,Bacillales,Bacillaceae,Bacillus,p,carious dentine,107.87,79.0,18,0.16,30,11,23.00188061,0.0,0.0,1.78376517,0.21768389781358932,Klebsiella pneumoniae,-0.11141430798987861,0.32909820580346794,1.6507598517018751,0.7737233294980225
19,Au,Bacillus subtilis,non-pathogenic,purchased from sigma aldrich ( citrate capped agnps),MIC,tetragonal,Bacteria,Bacillota,Bacilli,Bacillales,Bacillaceae,Bacillus,p,lungs,196.966569,41.23,24,0.16,30,11,23.00188061,0.0,0.0,2.46797672,1.0024787610774526,Klebsiella pneumoniae,0.7566410213654784,0.2458377397119742,10.057238774496598,5.7100645968874675
20,Al2O3,Bacillus subtilis,non-pathogenic,green_synthesis,MBC,rod-shaped,Bacteria,Bacillota,Bacilli,Bacillales,Bacillaceae,Bacillus,p,respiratory tract,101.961276,1.9,3,0.16,30,24,51.55776403,85.5,13.5675,4.688846487,2.1535036934873375,Klebsiella pneumoniae,1.9203232659750518,0.23318042751228574,142.39793569252777,83.23831227935892
21,CuO,Bacillus subtilis,non-pathogenic,"purchased from us research nanomaterials, inc.в ",MIC,spheroidal,Bacteria,Bacillota,Bacilli,Bacillales,Bacillaceae,Bacillus,p,mammary gland,79.5454,8.7,2,0.16,30,17,20.67942236,17.07,0.6865,1.651411411,2.5238930624013793,Klebsiella pneumoniae,2.29449852481221,0.22939453758916928,334.11276033580384,197.01465151192525
22,ZnO,Bacillus subtilis,non-pathogenic,electrochemical synthesis,MBEC,spheroidal,Bacteria,Bacillota,Bacilli,Bacillales,Bacillaceae,Bacillus,p,food,81.3794,12.5,4,0.16,30,8,22.60496136,17.07,0.6865,4.082482905,2.4326263258823544,Klebsiella pneumoniae,2.216120719271542,0.21650560661081242,270.7860741332268,164.48288668273585
23,Cu,Bacillus subtilis,non-pathogenic,green_synthesis,MBC,hexagonal,Bacteria,Bacillota,Bacilli,Bacillales,Bacillaceae,Bacillus,p,blood,63.55,25.0,18,0.16,30,11,17.96409803,0.0,0.0,1.243163121,1.1875430699831169,Klebsiella pneumoniae,1.0464848312800834,0.14105823870303347,15.40079251689527,11.129735189981421
24,Ag,Bacillus subtilis,non-pathogenic,electrochemical synthesis,MBEC,cubic,Bacteria,Bacillota,Bacilli,Bacillales,Bacillaceae,Bacillus,p,skin,107.87,45.26,4,0.16,30,11,23.00188061,0.0,0.0,1.78376517,1.4704350936613733,Klebsiella pneumoniae,1.389775678657428,0.08065941500394525,29.541673481805866,24.534413393328656
25,ZnO,Bacillus subtilis,non-pathogenic,chemical_synthesis,MIC,rod-shaped,Bacteria,Bacillota,Bacilli,Bacillales,Bacillaceae,Bacillus,p,water,81.3794,18.0,2,0.16,30,8,22.60496136,17.07,0.6865,4.082482905,1.3028699094656049,Klebsiella pneumoniae,1.242185748384668,0.06068416108093677,20.084910899818748,17.465690033100913
26,Ag,Bacillus subtilis,non-pathogenic,green_synthesis,MBC,spherical,Bacteria,Bacillota,Bacilli,Bacillales,Bacillaceae,Bacillus,p,mammary gland,107.87,30.0,1,0.16,30,11,23.00188061,0.0,0.0,1.78376517,1.4340640175887716,Klebsiella pneumoniae,1.48644621046075,-0.05238219287197854,27.168397176516994,30.65111026615987
27,Pd,Bacillus subtilis,non-pathogenic,electrochemical synthesis,MBC,cubic,Bacteria,Bacillota,Bacilli,Bacillales,Bacillaceae,Bacillus,p,mouth,195.084,100.0,24,0.16,30,10,21.14774404,0.0,0.0,1.870828693,1.5423574355560725,Klebsiella pneumoniae,1.644109580613176,-0.1017521450571035,34.86241236367557,44.06660377560722
