,np,bacteria,bac_type,np_synthesis,method,shape,kingdom,phylum,class,order,family,genus,gram,isolated_from,mol_weight (g/mol),np_size_avg (nm),time_set,"min_Incub_period, h","growth_temp, C",Valance_electron,labuteASA,tpsa,CrippenMR,chi0v,pred_MIC_norm,pathogenic_bacteria,pred_MIC_pathogen,Fitness,pred_norm_MIC_original,pred_path_MIC_original
0,ZnO,Bacillus subtilis,non-pathogenic,"purchased from us research nanomaterials, inc.в ",MIC,cubic,Bacteria,Bacillota,Bacilli,Bacillales,Bacillaceae,Bacillus,p,water,81.3794,1.9,3,0.16,30,8,22.60496136,17.07,0.6865,4.082482905,1.6372486083720257,Klebsiella pneumoniae,0.6390853272500518,0.9981632811219738,43.37591092341386,4.355974485268537
1,Ag,Bacillus subtilis,non-pathogenic,green_synthesis,MIC,tetragonal,Bacteria,Bacillota,Bacilli,Bacillales,Bacillaceae,Bacillus,p,water,107.87,1.4,24,0.16,30,11,23.00188061,0.0,0.0,1.78376517,1.6858020264635334,Klebsiella pneumoniae,0.719078239163673,0.9667237872998604,48.50673313696569,5.236947729226177
2,CuO,Bacillus subtilis,non-pathogenic,"purchased from us research nanomaterials, inc.в ",MIC,quasi-spherical,Bacteria,Bacillota,Bacilli,Bacillales,Bacillaceae,Bacillus,p,urine,79.5454,1.4,4,0.16,30,17,20.67942236,17.07,0.6865,1.651411411,2.3511793104235643,Klebsiella pneumoniae,1.4977964286790666,0.8533828817444977,224.48085634415898,31.462731834006508
3,ZnO,Bacillus subtilis,non-pathogenic,purchased from sigma aldrich ( citrate capped agnps),MIC,hexagonal,Bacteria,Bacillota,Bacilli,Bacillales,Bacillaceae,Bacillus,p,meat,81.3794,0.8,4,0.16,30,8,22.60496136,17.07,0.6865,4.082482905,1.35755299977311,Klebsiella pneumoniae,0.5670377433428961,0.7905152564302138,22.779962235526718,3.690096667952289
4,ZrO2,Bacillus subtilis,non-pathogenic,purchased from sigma aldrich ( citrate capped agnps),MIC,spheroidal,Bacteria,Bacillota,Bacilli,Bacillales,Bacillaceae,Bacillus,p,respiratory tract,123.2218,1.9,1,0.16,30,16,29.29254423,34.14,1.373,3.774536472,1.7263717215419778,Klebsiella pneumoniae,1.0377361362777378,0.6886355852642401,53.25638965910134,10.907774128975603
5,TiO2,Bacillus subtilis,non-pathogenic,"purchased from us research nanomaterials, inc.в ",MBC,spherical,Bacteria,Bacillota,Bacilli,Bacillales,Bacillaceae,Bacillus,p,water,79.866,5.1,2,0.16,30,16,26.40611331,34.14,1.373,2.878049394,2.9891959801295833,Klebsiella pneumoniae,2.3007805058366357,0.6884154742929476,975.4297117297077,199.88513868397854
6,ZnO,Bacillus subtilis,non-pathogenic,electrochemical synthesis,MIC,rod-shaped,Bacteria,Bacillota,Bacilli,Bacillales,Bacillaceae,Bacillus,p,respiratory tract,81.3794,5.1,3,0.16,30,8,22.60496136,17.07,0.6865,4.082482905,1.4966453835971258,Klebsiella pneumoniae,0.8328979512002225,0.6637474323969034,31.379454070075862,6.806094129946327
7,Ag,Bacillus subtilis,non-pathogenic,chemical_synthesis,MIC,cubic,Bacteria,Bacillota,Bacilli,Bacillales,Bacillaceae,Bacillus,p,mouth,107.87,1.9,18,0.16,30,11,23.00188061,0.0,0.0,1.78376517,1.4271029035547946,Klebsiella pneumoniae,0.7744490839955924,0.6526538195592022,26.736398370457394,5.949070067052722
8,ZnO,Bacillus subtilis,non-pathogenic,purchased from sigma aldrich ( citrate capped agnps),MBC,cubic,Bacteria,Bacillota,Bacilli,Bacillales,Bacillaceae,Bacillus,p,soil,81.3794,8.0,2,0.16,30,8,22.60496136,17.07,0.6865,4.082482905,2.391720268041475,Klebsiella pneumoniae,1.745046924975101,0.646673343066374,246.4451456365516,55.59643252745746
9,ZnO,Bacillus subtilis,non-pathogenic,green_synthesis,MIC,cubic,Bacteria,Bacillota,Bacilli,Bacillales,Bacillaceae,Bacillus,p,urine,81.3794,6.0,1,0.16,30,8,22.60496136,17.07,0.6865,4.082482905,1.9511835760193612,Klebsiella pneumoniae,1.3076536176022229,0.6435299584171383,89.36831632471291,20.307367001493276
10,CuO,Bacillus subtilis,non-pathogenic,purchased from sigma aldrich ( citrate capped agnps),MBC,hexagonal,Bacteria,Bacillota,Bacilli,Bacillales,Bacillaceae,Bacillus,p,meat,79.5454,8.0,1,0.16,30,17,20.67942236,17.07,0.6865,1.651411411,3.3109223009065945,Klebsiella pneumoniae,2.7143146522747488,0.5966076486318457,2046.0785425729239,517.9819810429888
11,ZnO,Bacillus subtilis,non-pathogenic,green_synthesis,MBC,rod-shaped,Bacteria,Bacillota,Bacilli,Bacillales,Bacillaceae,Bacillus,p,respiratory tract,81.3794,9.0,2,0.16,30,8,22.60496136,17.07,0.6865,4.082482905,2.1483834215628415,Klebsiella pneumoniae,1.5570970669733948,0.5912863545894467,140.72894164650066,36.06592431459057
12,CeO2,Bacillus subtilis,non-pathogenic,purchased from sigma aldrich ( citrate capped agnps),MIC,triangular,Bacteria,Bacillota,Bacilli,Bacillales,Bacillaceae,Bacillus,p,urine,172.115,1.4,0,0.16,30,16,39.19032095,34.14,1.373,4.456551526,0.7272718150217685,Klebsiella pneumoniae,0.13669486160700273,0.5905769534147658,5.336688021292115,1.3699189131753915
13,Ag,Bacillus subtilis,non-pathogenic,purchased from sigma aldrich ( citrate capped agnps),MBC,spheroidal,Bacteria,Bacillota,Bacilli,Bacillales,Bacillaceae,Bacillus,p,skin,107.87,1.4,18,0.16,30,11,23.00188061,0.0,0.0,1.78376517,1.105350515185342,Klebsiella pneumoniae,0.5156224325857235,0.5897280825996185,12.745313288325567,3.2781017722152335
14,Pd,Bacillus subtilis,non-pathogenic,"purchased from us research nanomaterials, inc.в ",MBC,hexagonal,Bacteria,Bacillota,Bacilli,Bacillales,Bacillaceae,Bacillus,p,lungs,195.084,44.45,4,0.16,30,10,21.14774404,0.0,0.0,1.870828693,1.5762591072180476,Klebsiella pneumoniae,0.9944490543818547,0.5818100528361929,37.6928613712427,9.872998121487878
15,ZnO,Bacillus subtilis,non-pathogenic,electrochemical synthesis,MBEC,quasi-spherical,Bacteria,Bacillota,Bacilli,Bacillales,Bacillaceae,Bacillus,p,urine,81.3794,4.0,18,0.16,30,8,22.60496136,17.07,0.6865,4.082482905,1.840766490101752,Klebsiella pneumoniae,1.2593871902979927,0.5813792998037592,69.30530675333777,18.17134986818183
16,Ag,Bacillus subtilis,non-pathogenic,chemical_synthesis,MIC,quasi-hexagonal,Bacteria,Bacillota,Bacilli,Bacillales,Bacillaceae,Bacillus,p,water,107.87,10.4,3,0.16,30,11,23.00188061,0.0,0.0,1.78376517,0.9276280690131031,Klebsiella pneumoniae,0.35131260614210613,0.576315462870997,8.46502156857088,2.245497656458306
17,ZnO,Bacillus subtilis,non-pathogenic,green_synthesis,MBC,cubic,Bacteria,Bacillota,Bacilli,Bacillales,Bacillaceae,Bacillus,p,urine,81.3794,10.4,2,0.16,30,8,22.60496136,17.07,0.6865,4.082482905,2.4455011405534988,Klebsiella pneumoniae,1.8697766850107171,0.5757244555427816,278.93379817496975,74.09291562518567
18,CuO,Bacillus subtilis,non-pathogenic,"purchased from us research nanomaterials, inc.в ",MBC,spherical,Bacteria,Bacillota,Bacilli,Bacillales,Bacillaceae,Bacillus,p,meat,79.5454,13.5,2,0.16,30,17,20.67942236,17.07,0.6865,1.651411411,3.1799764686988685,Klebsiella pneumoniae,2.618985790306965,0.5609906783919034,1513.4792416363755,415.8970025259997
19,ZnO,Bacillus subtilis,non-pathogenic,electrochemical synthesis,MBEC,quasi-spherical,Bacteria,Bacillota,Bacilli,Bacillales,Bacillaceae,Bacillus,p,blood,81.3794,12.0,2,0.16,30,8,22.60496136,17.07,0.6865,4.082482905,1.2668430244732973,Klebsiella pneumoniae,0.7061837346667821,0.5606592898065152,18.48600322531037,5.083744723676718
20,Ag,Bacillus subtilis,non-pathogenic,purchased from sigma aldrich ( citrate capped agnps),MIC,quasi-spherical,Bacteria,Bacillota,Bacilli,Bacillales,Bacillaceae,Bacillus,p,soil,107.87,3.0,18,0.16,30,11,23.00188061,0.0,0.0,1.78376517,1.2875391076957894,Klebsiella pneumoniae,0.7348724255992316,0.5526666820965578,19.38827217150842,5.430907746474533
21,ZnO,Bacillus subtilis,non-pathogenic,electrochemical synthesis,MBEC,spherical,Bacteria,Bacillota,Bacilli,Bacillales,Bacillaceae,Bacillus,p,mammary gland,81.3794,10.4,1,0.16,30,8,22.60496136,17.07,0.6865,4.082482905,2.309029146213142,Klebsiella pneumoniae,1.7584104682447657,0.5506186779683762,203.71787915194378,57.333765823215955
22,Ag,Bacillus subtilis,non-pathogenic,electrochemical synthesis,MIC,cubic,Bacteria,Bacillota,Bacilli,Bacillales,Bacillaceae,Bacillus,p,food,107.8682,5.1,3,0.16,30,11,23.00188061,0.0,0.0,1.78376517,2.2630783253711777,Klebsiella pneumoniae,1.713409200971487,0.5496691243996907,183.2644911603021,51.69031764366767
23,ZnO,Bacillus subtilis,non-pathogenic,"purchased from us research nanomaterials, inc.в ",MBC,quasi-spherical,Bacteria,Bacillota,Bacilli,Bacillales,Bacillaceae,Bacillus,p,mammary gland,81.3794,27.43,0,0.16,30,8,22.60496136,17.07,0.6865,4.082482905,2.4558077438674353,Klebsiella pneumoniae,1.9131942040262082,0.5426135398412271,285.6325807709065,81.88308639378184
24,TiO2,Bacillus subtilis,non-pathogenic,"purchased from us research nanomaterials, inc.в ",MBC,tetragonal,Bacteria,Bacillota,Bacilli,Bacillales,Bacillaceae,Bacillus,p,respiratory tract,79.866,10.0,18,0.16,30,16,26.40611331,34.14,1.373,2.878049394,2.1939865625042687,Klebsiella pneumoniae,1.6599679571846693,0.5340186053195994,156.30992780733632,45.70544662940449
25,Ag,Bacillus subtilis,non-pathogenic,"purchased from us research nanomaterials, inc.в ",MBC,tetragonal,Bacteria,Bacillota,Bacilli,Bacillales,Bacillaceae,Bacillus,p,urine,107.87,1.4,1,0.16,30,11,23.00188061,0.0,0.0,1.78376517,0.6014990526037645,Klebsiella pneumoniae,0.07114037861284506,0.5303586739909194,3.9948368984946545,1.1779866769830958
26,TiO2,Bacillus subtilis,non-pathogenic,purchased from sigma aldrich ( citrate capped agnps),MBEC,nanoplates,Bacteria,Bacillota,Bacilli,Bacillales,Bacillaceae,Bacillus,p,blood,79.866,12.5,0,0.16,30,16,26.40611331,34.14,1.373,2.878049394,2.0555930457986538,Klebsiella pneumoniae,1.5354633757846659,0.5201296700139879,113.6561775249495,34.313370198349034
27,ZnO,Bacillus subtilis,non-pathogenic,green_synthesis,MIC,rod-shaped,Bacteria,Bacillota,Bacilli,Bacillales,Bacillaceae,Bacillus,p,mammary gland,81.3794,4.7,1,0.16,30,8,22.60496136,17.07,0.6865,4.082482905,0.9257374881362382,Klebsiella pneumoniae,0.40831259202792936,0.5174248961083089,8.42825153122984,2.5604281425340916
28,Ag,Bacillus subtilis,non-pathogenic,chemical_synthesis,MIC,cubic,Bacteria,Bacillota,Bacilli,Bacillales,Bacillaceae,Bacillus,p,lungs,107.87,26.06,4,0.16,30,11,23.00188061,0.0,0.0,1.78376517,1.6456240509551086,Klebsiella pneumoniae,1.1292752889000217,0.5163487620550868,44.220540945348496,13.467137332315817
29,ZnO,Bacillus subtilis,non-pathogenic,"purchased from us research nanomaterials, inc.в ",MIC,nanoplates,Bacteria,Bacillota,Bacilli,Bacillales,Bacillaceae,Bacillus,p,mammary gland,81.3794,8.0,18,0.16,30,8,22.60496136,17.07,0.6865,4.082482905,1.6466087505222216,Klebsiella pneumoniae,1.1319668422951212,0.5146419082271003,44.32091834238405,13.550859497072583
30,TiO2,Bacillus subtilis,non-pathogenic,purchased from sigma aldrich ( citrate capped agnps),MIC,nanoplates,Bacteria,Bacillota,Bacilli,Bacillales,Bacillaceae,Bacillus,p,mammary gland,79.866,11.3,3,0.16,30,16,26.40611331,34.14,1.373,2.878049394,2.5825608287753496,Klebsiella pneumoniae,2.1009569251958897,0.4816039035794599,382.43781545970967,126.17023884495823
31,ZnO,Bacillus subtilis,non-pathogenic,chemical_synthesis,MBEC,spheroidal,Bacteria,Bacillota,Bacilli,Bacillales,Bacillaceae,Bacillus,p,mouth,81.3794,10.4,18,0.16,30,8,22.60496136,17.07,0.6865,4.082482905,2.2000907441095143,Klebsiella pneumoniae,1.7295878717024529,0.47050287240706146,158.52243842071417,53.65224161511103
32,CuO,Bacillus subtilis,non-pathogenic,"purchased from us research nanomaterials, inc.в ",MBEC,nanoplates,Bacteria,Bacillota,Bacilli,Bacillales,Bacillaceae,Bacillus,p,lungs,79.5454,26.06,4,0.16,30,17,20.67942236,17.07,0.6865,1.651411411,3.6350381863697407,Klebsiella pneumoniae,3.173189108830237,0.46184907753950366,4315.570208315826,1490.0097450849166
33,TiO2,Bacillus subtilis,non-pathogenic,electrochemical synthesis,MBEC,triangular,Bacteria,Bacillota,Bacilli,Bacillales,Bacillaceae,Bacillus,p,water,79.866,12.0,18,0.16,30,16,26.40611331,34.14,1.373,2.878049394,1.2523878046946648,Klebsiella pneumoniae,0.7911789599846151,0.46120884471004975,17.880835372973003,6.182711190002635
34,CeO2,Bacillus subtilis,non-pathogenic,electrochemical synthesis,MIC,rod-shaped,Bacteria,Bacillota,Bacilli,Bacillales,Bacillaceae,Bacillus,p,carious dentine,172.115,5.1,4,0.16,30,16,39.19032095,34.14,1.373,4.456551526,1.8583092453123262,Klebsiella pneumoniae,1.397374696035345,0.4609345492769812,72.16211364604915,24.96747915920997
35,Au,Bacillus subtilis,non-pathogenic,chemical_synthesis,MIC,hexagonal,Bacteria,Bacillota,Bacilli,Bacillales,Bacillaceae,Bacillus,p,meat,196.966569,11.3,4,0.16,30,11,23.00188061,0.0,0.0,2.46797672,2.3866170752907028,Klebsiella pneumoniae,1.9297729310200145,0.4568441442706883,243.56623071203862,85.06931406994147
36,Ag,Bacillus subtilis,non-pathogenic,electrochemical synthesis,MIC,spheroidal,Bacteria,Bacillota,Bacilli,Bacillales,Bacillaceae,Bacillus,p,meat,107.87,30.0,18,0.16,30,11,23.00188061,0.0,0.0,1.78376517,1.1716331014728136,Klebsiella pneumoniae,0.7149634841932346,0.456669617279579,14.846808315656137,5.18756419665182
37,Pd,Bacillus subtilis,non-pathogenic,purchased from sigma aldrich ( citrate capped agnps),MIC,nanoplates,Bacteria,Bacillota,Bacilli,Bacillales,Bacillaceae,Bacillus,p,mouth,195.084,5.1,2,0.16,30,10,21.14774404,0.0,0.0,1.870828693,1.7381946602814062,Klebsiella pneumoniae,1.2836544563004864,0.4545402039809199,54.72612023642336,19.21562241498323
38,ZnO,Bacillus subtilis,non-pathogenic,"purchased from us research nanomaterials, inc.в ",MBEC,quasi-spherical,Bacteria,Bacillota,Bacilli,Bacillales,Bacillaceae,Bacillus,p,skin,81.3794,37.86,0,0.16,30,8,22.60496136,17.07,0.6865,4.082482905,1.664671045729595,Klebsiella pneumoniae,1.210366253742822,0.4543047919867731,46.203092572023266,16.23178396013641
39,ZnO,Bacillus subtilis,non-pathogenic,"purchased from us research nanomaterials, inc.в ",MBEC,quasi-spherical,Bacteria,Bacillota,Bacilli,Bacillales,Bacillaceae,Bacillus,p,mouth,81.3794,27.43,1,0.16,30,8,22.60496136,17.07,0.6865,4.082482905,2.460191097535788,Klebsiella pneumoniae,2.006598757522236,0.453592340013552,288.53008091115566,101.53102194296565
40,CeO2,Bacillus subtilis,non-pathogenic,purchased from sigma aldrich ( citrate capped agnps),MIC,spherical,Bacteria,Bacillota,Bacilli,Bacillales,Bacillaceae,Bacillus,p,mammary gland,172.115,1.9,18,0.16,30,16,39.19032095,34.14,1.373,4.456551526,1.9331460918170786,Klebsiella pneumoniae,1.4888348775339733,0.4443112142831054,85.73261916926928,30.820159187171132
41,ZnO,Bacillus subtilis,non-pathogenic,purchased from sigma aldrich ( citrate capped agnps),MBEC,quasi-hexagonal,Bacteria,Bacillota,Bacilli,Bacillales,Bacillaceae,Bacillus,p,food,81.3794,18.0,4,0.16,30,8,22.60496136,17.07,0.6865,4.082482905,1.3181529557286344,Klebsiella pneumoniae,0.8796614532336491,0.43849150249498536,20.804292719248387,7.57986469398558
42,Cu,Bacillus subtilis,non-pathogenic,electrochemical synthesis,MIC,cubic,Bacteria,Bacillota,Bacilli,Bacillales,Bacillaceae,Bacillus,p,blood,63.55,1.4,0,0.16,30,11,17.96409803,0.0,0.0,1.243163121,0.5751516684486024,Klebsiella pneumoniae,0.14237777988964107,0.4327738885589614,3.7596868072201155,1.3879626514529524
43,Ag,Bacillus subtilis,non-pathogenic,"purchased from us research nanomaterials, inc.в ",MBEC,nanoplates,Bacteria,Bacillota,Bacilli,Bacillales,Bacillaceae,Bacillus,p,nose,107.87,8.7,1,0.16,30,11,23.00188061,0.0,0.0,1.78376517,2.1886526744944104,Klebsiella pneumoniae,1.756582477068291,0.4320701974261194,154.40191216963947,57.0929491363829
44,TiO2,Bacillus subtilis,non-pathogenic,"purchased from us research nanomaterials, inc.в ",MBC,tetragonal,Bacteria,Bacillota,Bacilli,Bacillales,Bacillaceae,Bacillus,p,lungs,79.866,1.9,4,0.16,30,16,26.40611331,34.14,1.373,2.878049394,1.6997882454199404,Klebsiella pneumoniae,1.2715990719796422,0.4281891734402983,50.09429228484253,18.689559779764142
45,ZnO,Bacillus subtilis,non-pathogenic,"purchased from us research nanomaterials, inc.в ",MBEC,cubic,Bacteria,Bacillota,Bacilli,Bacillales,Bacillaceae,Bacillus,p,respiratory tract,81.3794,0.8,18,0.16,30,8,22.60496136,17.07,0.6865,4.082482905,1.9721356499868086,Klebsiella pneumoniae,1.544835327899952,0.42730032208685653,93.78548960675619,35.06189040411906
46,Ag,Bacillus subtilis,non-pathogenic,"purchased from us research nanomaterials, inc.в ",MBEC,quasi-spherical,Bacteria,Bacillota,Bacilli,Bacillales,Bacillaceae,Bacillus,p,urine,107.87,10.0,3,0.16,30,11,23.00188061,0.0,0.0,1.78376517,1.9364621097619457,Klebsiella pneumoniae,1.5102451004399524,0.42621700932199325,86.38972862480323,32.37763332838229
47,TiO2,Bacillus subtilis,non-pathogenic,"purchased from us research nanomaterials, inc.в ",MBC,spheroidal,Bacteria,Bacillota,Bacilli,Bacillales,Bacillaceae,Bacillus,p,meat,79.866,18.0,0,0.16,30,16,26.40611331,34.14,1.373,2.878049394,3.1679390312383773,Klebsiella pneumoniae,2.7444736577748485,0.42346537346352875,1472.1058252282846,555.2309384462618
48,ZnO,Bacillus subtilis,non-pathogenic,green_synthesis,MBC,triangular,Bacteria,Bacillota,Bacilli,Bacillales,Bacillaceae,Bacillus,p,skin,81.3794,12.5,18,0.16,30,8,22.60496136,17.07,0.6865,4.082482905,1.3523386333304994,Klebsiella pneumoniae,0.9340029879823832,0.4183356453481162,22.50808949684127,8.590194316106487
49,CuO,Bacillus subtilis,non-pathogenic,green_synthesis,MBEC,nanoplates,Bacteria,Bacillota,Bacilli,Bacillales,Bacillaceae,Bacillus,p,mouth,79.5454,10.4,2,0.16,30,17,20.67942236,17.07,0.6865,1.651411411,3.56805674631884,Klebsiella pneumoniae,3.1506604972201764,0.4173962490986636,3698.7650588113706,1414.687438254704
50,Ag,Bacillus subtilis,non-pathogenic,"purchased from us research nanomaterials, inc.в ",MBEC,tetragonal,Bacteria,Bacillota,Bacilli,Bacillales,Bacillaceae,Bacillus,p,nose,107.8682,0.8,24,0.16,30,11,23.00188061,0.0,0.0,1.78376517,1.0354375063805965,Klebsiella pneumoniae,0.6200136532958604,0.41542385308473606,10.850194074952455,4.168824891641269
51,ZnO,Bacillus subtilis,non-pathogenic,electrochemical synthesis,MBC,cubic,Bacteria,Bacillota,Bacilli,Bacillales,Bacillaceae,Bacillus,p,soil,81.3794,27.43,2,0.16,30,8,22.60496136,17.07,0.6865,4.082482905,1.8589095157615392,Klebsiella pneumoniae,1.4550965609926634,0.4038129547688758,72.2619231892037,28.516522331021932
52,Pt,Bacillus subtilis,non-pathogenic,purchased from sigma aldrich ( citrate capped agnps),MBC,nanoplates,Bacteria,Bacillota,Bacilli,Bacillales,Bacillaceae,Bacillus,p,food,195.084,1.4,3,0.16,30,10,21.75656585,0.0,0.0,2.588435821,1.206675527692883,Klebsiella pneumoniae,0.8065720403991053,0.40010348729377776,16.094427308170932,6.405780312955375
53,Au,Bacillus subtilis,non-pathogenic,electrochemical synthesis,MIC,cubic,Bacteria,Bacillota,Bacilli,Bacillales,Bacillaceae,Bacillus,p,blood,196.966569,40.0,0,0.16,30,11,23.00188061,0.0,0.0,2.46797672,0.852490842647733,Klebsiella pneumoniae,0.45799948930050083,0.3944913533472322,7.1201778653091115,2.870777206192382
54,Ag,Bacillus subtilis,non-pathogenic,green_synthesis,MBC,spheroidal,Bacteria,Bacillota,Bacilli,Bacillales,Bacillaceae,Bacillus,p,soil,107.87,3.0,1,0.16,30,11,23.00188061,0.0,0.0,1.78376517,1.5758896154742452,Klebsiella pneumoniae,1.228818455725817,0.34707115974842817,37.66080644353407,16.936296794444544
55,ZnO,Bacillus subtilis,non-pathogenic,chemical_synthesis,MBEC,spherical,Bacteria,Bacillota,Bacilli,Bacillales,Bacillaceae,Bacillus,p,blood,81.3794,8.0,0,0.16,30,8,22.60496136,17.07,0.6865,4.082482905,1.1765104973513836,Klebsiella pneumoniae,0.8476408260625503,0.32886967128883327,15.014486968992744,7.041105086074207
56,Ag,Bacillus subtilis,non-pathogenic,"purchased from us research nanomaterials, inc.в ",MBEC,triangular,Bacteria,Bacillota,Bacilli,Bacillales,Bacillaceae,Bacillus,p,mammary gland,107.8682,13.5,1,0.16,30,11,23.00188061,0.0,0.0,1.78376517,0.31165222322216635,Klebsiella pneumoniae,0.0066579637902843825,0.30499425943188196,2.049520295125765,1.0154486435386498
57,ZnO,Bacillus subtilis,non-pathogenic,chemical_synthesis,MBC,triangular,Bacteria,Bacillota,Bacilli,Bacillales,Bacillaceae,Bacillus,p,skin,81.3794,8.0,24,0.16,30,8,22.60496136,17.07,0.6865,4.082482905,0.9702031380639846,Klebsiella pneumoniae,0.6921427711949881,0.2780603668689965,9.33690925768961,4.922013167392886
58,Ag,Bacillus subtilis,non-pathogenic,purchased from sigma aldrich ( citrate capped agnps),MIC,tetragonal,Bacteria,Bacillota,Bacilli,Bacillales,Bacillaceae,Bacillus,p,skin,107.87,4.7,0,0.16,30,11,23.00188061,0.0,0.0,1.78376517,0.10392828275051635,Klebsiella pneumoniae,-0.16188075487847575,0.2658090376289921,1.270364306188347,0.6888414069706635
59,ZnO,Bacillus subtilis,non-pathogenic,purchased from sigma aldrich ( citrate capped agnps),MBEC,nanoplates,Bacteria,Bacillota,Bacilli,Bacillales,Bacillaceae,Bacillus,p,respiratory tract,81.3794,1.4,24,0.16,30,8,22.60496136,17.07,0.6865,4.082482905,2.779075043173326,Klebsiella pneumoniae,2.514453425936318,0.26462161723700817,601.2776252478768,326.9289848464852
60,TiO2,Bacillus subtilis,non-pathogenic,purchased from sigma aldrich ( citrate capped agnps),MBEC,quasi-hexagonal,Bacteria,Bacillota,Bacilli,Bacillales,Bacillaceae,Bacillus,p,soil,79.866,40.0,1,0.16,30,16,26.40611331,34.14,1.373,2.878049394,1.2917063189561426,Klebsiella pneumoniae,1.0528333224808764,0.23887299647526627,19.575205003740606,11.293623944309601
61,Ag,Bacillus subtilis,non-pathogenic,green_synthesis,MBC,cubic,Bacteria,Bacillota,Bacilli,Bacillales,Bacillaceae,Bacillus,p,soil,107.8682,1.9,1,0.16,30,11,23.00188061,0.0,0.0,1.78376517,1.360221805542735,Klebsiella pneumoniae,1.1441156892122168,0.21610611633051824,22.920379575799092,13.935279674170006
62,ZrO2,Bacillus subtilis,non-pathogenic,chemical_synthesis,MIC,triangular,Bacteria,Bacillota,Bacilli,Bacillales,Bacillaceae,Bacillus,p,mouth,123.2218,26.38,0,0.16,30,16,29.29254423,34.14,1.373,3.774536472,0.19467635941993056,Klebsiella pneumoniae,-0.010617781989655795,0.20529414140958635,1.5655839465122037,0.9758480935567929
63,ZnO,Bacillus subtilis,non-pathogenic,green_synthesis,MBC,triangular,Bacteria,Bacillota,Bacilli,Bacillales,Bacillaceae,Bacillus,p,lungs,81.3794,12.0,4,0.16,30,8,22.60496136,17.07,0.6865,4.082482905,1.1534972834702486,Klebsiella pneumoniae,0.9482723468049693,0.2052249366652793,14.23958339700717,8.877125235517028
64,CeO2,Bacillus subtilis,non-pathogenic,purchased from sigma aldrich ( citrate capped agnps),MIC,rod-shaped,Bacteria,Bacillota,Bacilli,Bacillales,Bacillaceae,Bacillus,p,meat,172.115,12.5,2,0.16,30,16,39.19032095,34.14,1.373,4.456551526,2.4138596318108725,Klebsiella pneumoniae,2.2102981343241614,0.20356149748671104,259.3341033671157,162.29238192177402
65,Ag,Bacillus subtilis,non-pathogenic,green_synthesis,MBEC,quasi-spherical,Bacteria,Bacillota,Bacilli,Bacillales,Bacillaceae,Bacillus,p,soil,107.87,17.5,1,0.16,30,11,23.00188061,0.0,0.0,1.78376517,1.5844911644666309,Klebsiella pneumoniae,1.4030844986032576,0.18140666586337328,38.41414439077541,25.297901577551773
66,Ag,Bacillus subtilis,non-pathogenic,green_synthesis,MBEC,spheroidal,Bacteria,Bacillota,Bacilli,Bacillales,Bacillaceae,Bacillus,p,mammary gland,107.87,1.9,4,0.16,30,11,23.00188061,0.0,0.0,1.78376517,1.5537832007263341,Klebsiella pneumoniae,1.4088919698449935,0.1448912308813406,35.791772041093466,25.638462039743242
67,Al2O3,Bacillus subtilis,non-pathogenic,"purchased from us research nanomaterials, inc.в ",MBEC,nanoplates,Bacteria,Bacillota,Bacilli,Bacillales,Bacillaceae,Bacillus,p,blood,101.961276,8.0,24,0.16,30,24,51.55776403,85.5,13.5675,4.688846487,2.1395676818894813,Klebsiella pneumoniae,1.9976579086157165,0.14190977327376486,137.90108458380598,99.46216506820974
68,Ag,Bacillus subtilis,non-pathogenic,electrochemical synthesis,MBC,cubic,Bacteria,Bacillota,Bacilli,Bacillales,Bacillaceae,Bacillus,p,skin,107.87,20.0,1,0.16,30,11,23.00188061,0.0,0.0,1.78376517,1.589232678950302,Klebsiella pneumoniae,1.4505535256465973,0.13867915330370462,38.835837834486775,28.21977362907416
69,ZnO,Bacillus subtilis,non-pathogenic,chemical_synthesis,MBC,hexagonal,Bacteria,Bacillota,Bacilli,Bacillales,Bacillaceae,Bacillus,p,carious dentine,81.3794,41.23,1,0.16,30,8,22.60496136,17.07,0.6865,4.082482905,1.373843721873131,Klebsiella pneumoniae,1.252550184625973,0.12129353724715797,23.65068489382831,17.887522153040948
70,Ag,Bacillus subtilis,non-pathogenic,chemical_synthesis,MBEC,triangular,Bacteria,Bacillota,Bacilli,Bacillales,Bacillaceae,Bacillus,p,soil,107.87,4.0,2,0.16,30,11,23.00188061,0.0,0.0,1.78376517,-0.3387671134294159,Klebsiella pneumoniae,-0.45644602600015594,0.11767891257074004,0.45838762712696907,0.34958595334595755
71,ZrO2,Bacillus subtilis,non-pathogenic,"purchased from us research nanomaterials, inc.в ",MBC,triangular,Bacteria,Bacillota,Bacilli,Bacillales,Bacillaceae,Bacillus,p,respiratory tract,123.2218,26.38,1,0.16,30,16,29.29254423,34.14,1.373,3.774536472,1.637482077829376,Klebsiella pneumoniae,1.5250357188789334,0.11244635895044253,43.39923535725993,33.49929897772774
72,Cu,Bacillus subtilis,non-pathogenic,purchased from sigma aldrich ( citrate capped agnps),MBEC,nanoplates,Bacteria,Bacillota,Bacilli,Bacillales,Bacillaceae,Bacillus,p,food,63.55,13.0,24,0.16,30,11,17.96409803,0.0,0.0,1.243163121,2.203710802719639,Klebsiella pneumoniae,2.0941507868779166,0.10956001584172226,159.84932353322856,124.2083483646188
73,CuO,Bacillus subtilis,non-pathogenic,purchased from sigma aldrich ( citrate capped agnps),MBC,nanoplates,Bacteria,Bacillota,Bacilli,Bacillales,Bacillaceae,Bacillus,p,skin,79.5454,11.3,24,0.16,30,17,20.67942236,17.07,0.6865,1.651411411,2.9908236537829924,Klebsiella pneumoniae,2.891493015494345,0.09933063828864741,979.0923421115783,778.9202875308175
74,Pt,Bacillus subtilis,non-pathogenic,"purchased from us research nanomaterials, inc.в ",MBC,quasi-spherical,Bacteria,Bacillota,Bacilli,Bacillales,Bacillaceae,Bacillus,p,urine,195.084,60.0,24,0.16,30,10,21.75656585,0.0,0.0,2.588435821,1.7280952083854615,Klebsiella pneumoniae,1.642087223779809,0.08600798460565251,53.468156233380775,43.861878120218165
75,Ag,Bacillus subtilis,non-pathogenic,electrochemical synthesis,MBEC,triangular,Bacteria,Bacillota,Bacilli,Bacillales,Bacillaceae,Bacillus,p,lungs,107.8682,13.0,2,0.16,30,11,23.00188061,0.0,0.0,1.78376517,0.5615990453405022,Klebsiella pneumoniae,0.4909233034018361,0.0706757419386661,3.644173497313276,3.09687234189215
76,ZnO,Bacillus subtilis,non-pathogenic,green_synthesis,MIC,hexagonal,Bacteria,Bacillota,Bacilli,Bacillales,Bacillaceae,Bacillus,p,skin,81.3794,26.06,1,0.16,30,8,22.60496136,17.07,0.6865,4.082482905,1.6556030808673894,Klebsiella pneumoniae,1.5972538757394021,0.05834920512798725,45.248384774617385,39.559780729417675
77,TiO2,Bacillus subtilis,non-pathogenic,electrochemical synthesis,MIC,tetragonal,Bacteria,Bacillota,Bacilli,Bacillales,Bacillaceae,Bacillus,p,mouth,79.866,55.6,3,0.16,30,16,26.40611331,34.14,1.373,2.878049394,0.4099382104552354,Klebsiella pneumoniae,0.41808046072648986,-0.00814225027125448,2.5700301039631954,2.6186681178191216
78,Ag,Bacillus subtilis,non-pathogenic,purchased from sigma aldrich ( citrate capped agnps),MBC,quasi-spherical,Bacteria,Bacillota,Bacilli,Bacillales,Bacillaceae,Bacillus,p,blood,107.87,22.5,2,0.16,30,11,23.00188061,0.0,0.0,1.78376517,0.9609586039599228,Klebsiella pneumoniae,0.9749291896918998,-0.013970585731976959,9.140261142637891,9.439069627668239
79,Ag,Bacillus subtilis,non-pathogenic,green_synthesis,MBEC,triangular,Bacteria,Bacillota,Bacilli,Bacillales,Bacillaceae,Bacillus,p,mammary gland,107.8682,35.0,4,0.16,30,11,23.00188061,0.0,0.0,1.78376517,-0.18564663977480378,Klebsiella pneumoniae,-0.1545052979543724,-0.03114134182043138,0.6521588020340051,0.7006396357168352
80,ZnO,Bacillus subtilis,non-pathogenic,chemical_synthesis,MIC,spherical,Bacteria,Bacillota,Bacilli,Bacillales,Bacillaceae,Bacillus,p,mouth,81.3794,28.0,4,0.16,30,8,22.60496136,17.07,0.6865,4.082482905,1.0968312500692337,Klebsiella pneumoniae,1.1731903523454585,-0.07635910227622489,12.497733225945264,14.900140114353492
81,Ag,Bacillus subtilis,non-pathogenic,green_synthesis,MIC,spherical,Bacteria,Bacillota,Bacilli,Bacillales,Bacillaceae,Bacillus,p,food,107.8682,13.0,1,0.16,30,11,23.00188061,0.0,0.0,1.78376517,1.4114272918199364,Klebsiella pneumoniae,1.490806359167332,-0.07937906734739553,25.788571843407816,30.960385467956982
82,CeO2,Bacillus subtilis,non-pathogenic,green_synthesis,MBEC,nanoplates,Bacteria,Bacillota,Bacilli,Bacillales,Bacillaceae,Bacillus,p,lungs,172.115,27.43,24,0.16,30,16,39.19032095,34.14,1.373,4.456551526,3.008851726539402,Klebsiella pneumoniae,3.153048172620242,-0.14419644608084026,1020.5909819459353,1422.4865627970232
83,ZnO,Bacillus subtilis,non-pathogenic,purchased from sigma aldrich ( citrate capped agnps),MBEC,triangular,Bacteria,Bacillota,Bacilli,Bacillales,Bacillaceae,Bacillus,p,mouth,81.3794,55.6,4,0.16,30,8,22.60496136,17.07,0.6865,4.082482905,0.2231678028024804,Klebsiella pneumoniae,0.3819836774554546,-0.1588158746529742,1.6717364154435739,2.409814856387938
84,Ag,Bacillus subtilis,non-pathogenic,electrochemical synthesis,MBEC,cubic,Bacteria,Bacillota,Bacilli,Bacillales,Bacillaceae,Bacillus,p,mouth,107.8682,37.86,24,0.16,30,11,23.00188061,0.0,0.0,1.78376517,1.782943059977038,Klebsiella pneumoniae,1.9450034438790793,-0.16206038390204136,60.665678605911815,88.10558595987688
