,np,bacteria,bac_type,np_synthesis,method,shape,kingdom,phylum,class,order,family,genus,gram,isolated_from,mol_weight (g/mol),np_size_avg (nm),time_set,"min_Incub_period, h","growth_temp, C",Valance_electron,labuteASA,tpsa,CrippenMR,chi0v,pred_MIC_norm,pathogenic_bacteria,pred_MIC_pathogen,Fitness,pred_norm_MIC_original,pred_path_MIC_original
0,Pd,Bacillus subtilis,non-pathogenic,chemical_synthesis,MIC,hexagonal,Bacteria,Bacillota,Bacilli,Bacillales,Bacillaceae,Bacillus,p,lungs,107.87,0.8,4,0.16,30,11,23.00188061,0.0,0.0,1.78376517,1.4193873065217752,Klebsiella pneumoniae,0.3574859424839132,1.061901364037862,26.26559881667999,2.277644516438374
1,ZnO,Bacillus subtilis,non-pathogenic,"purchased from us research nanomaterials, inc.в ",MBC,cubic,Bacteria,Bacillota,Bacilli,Bacillales,Bacillaceae,Bacillus,p,mouth,81.3794,1.9,4,0.16,30,8,22.60496136,17.07,0.6865,4.082482905,1.7486495314812616,Klebsiella pneumoniae,0.8966430720445233,0.8520064594367383,56.05954021588033,7.882120537614927
2,Ag,Bacillus subtilis,non-pathogenic,electrochemical synthesis,MIC,quasi-spherical,Bacteria,Bacillota,Bacilli,Bacillales,Bacillaceae,Bacillus,p,lungs,107.87,1.4,0,0.16,30,11,23.00188061,0.0,0.0,1.78376517,1.1932099558326184,Klebsiella pneumoniae,0.45159810468178163,0.7416118511508367,15.603066369892435,2.8287730428057185
3,ZnO,Bacillus subtilis,non-pathogenic,chemical_synthesis,MBC,quasi-hexagonal,Bacteria,Bacillota,Bacilli,Bacillales,Bacillaceae,Bacillus,p,skin,81.3794,6.0,2,0.16,30,8,22.60496136,17.07,0.6865,4.082482905,0.919524773114542,Klebsiella pneumoniae,0.2439858611805834,0.6755389119339585,8.308541111001265,1.7538234037272906
4,Ag,Bacillus subtilis,non-pathogenic,electrochemical synthesis,MIC,tetragonal,Bacteria,Bacillota,Bacilli,Bacillales,Bacillaceae,Bacillus,p,mouth,107.8682,1.9,24,0.16,30,11,23.00188061,0.0,0.0,1.78376517,1.2308263731127427,Klebsiella pneumoniae,0.6855410741699235,0.5452852989428192,17.01478137295501,4.847759590013724
5,Au,Bacillus subtilis,non-pathogenic,chemical_synthesis,MIC,nanoplates,Bacteria,Bacillota,Bacilli,Bacillales,Bacillaceae,Bacillus,p,mammary gland,196.966569,8.0,4,0.16,30,11,23.00188061,0.0,0.0,2.46797672,2.4879818523359107,Klebsiella pneumoniae,1.9431475222775563,0.5448343300583545,307.5968277981212,87.72987736620725
6,Ag,Bacillus subtilis,non-pathogenic,purchased from sigma aldrich ( citrate capped agnps),MBEC,triangular,Bacteria,Bacillota,Bacilli,Bacillales,Bacillaceae,Bacillus,p,urine,107.87,44.45,18,0.16,30,11,23.00188061,0.0,0.0,1.78376517,-0.12387756731729516,Klebsiella pneumoniae,-0.4925909815288936,0.3687134142115984,0.7518348151536542,0.3216688589288177
7,ZnO,Bacillus subtilis,non-pathogenic,chemical_synthesis,MBC,quasi-spherical,Bacteria,Bacillota,Bacilli,Bacillales,Bacillaceae,Bacillus,p,food,81.3794,9.0,18,0.16,30,8,22.60496136,17.07,0.6865,4.082482905,1.5121279092870417,Klebsiella pneumoniae,1.2062480577850858,0.30587985150195585,32.518305685309926,16.078593585043524
8,ZnO,Bacillus subtilis,non-pathogenic,electrochemical synthesis,MIC,triangular,Bacteria,Bacillota,Bacilli,Bacillales,Bacillaceae,Bacillus,p,skin,81.3794,13.5,4,0.16,30,8,22.60496136,17.07,0.6865,4.082482905,-0.30060066383959194,Klebsiella pneumoniae,-0.3820325892113363,0.08143192537174437,0.5004945309290955,0.4149229058868647
9,TiO2,Bacillus subtilis,non-pathogenic,chemical_synthesis,MIC,spherical,Bacteria,Bacillota,Bacilli,Bacillales,Bacillaceae,Bacillus,p,nose,79.866,26.06,4,0.16,30,16,26.40611331,34.14,1.373,2.878049394,2.1773095567440777,Klebsiella pneumoniae,2.2729627440087894,-0.09565318726471173,150.42137586706534,187.48336683937418
