,np,bacteria,bac_type,np_synthesis,method,shape,kingdom,phylum,class,order,family,genus,gram,isolated_from,mol_weight (g/mol),np_size_avg (nm),time_set,"min_Incub_period, h","growth_temp, C",Valance_electron,labuteASA,tpsa,CrippenMR,chi0v,pred_MIC_norm,pathogenic_bacteria,pred_MIC_pathogen,Fitness,pred_norm_MIC_original,pred_path_MIC_original
0,ZnO,Bacillus subtilis,non-pathogenic,"purchased from us research nanomaterials, inc.в ",MIC,cubic,Bacteria,Bacillota,Bacilli,Bacillales,Bacillaceae,Bacillus,p,water,81.3794,1.9,3,0.16,30,8,22.60496136,17.07,0.6865,4.082482905,1.6372486083720257,Klebsiella pneumoniae,0.6390853272500518,0.9981632811219738,43.37591092341386,4.355974485268537
1,Ag,Bacillus subtilis,non-pathogenic,green_synthesis,MIC,tetragonal,Bacteria,Bacillota,Bacilli,Bacillales,Bacillaceae,Bacillus,p,water,107.87,1.4,24,0.16,30,11,23.00188061,0.0,0.0,1.78376517,1.6858020264635334,Klebsiella pneumoniae,0.719078239163673,0.9667237872998604,48.50673313696569,5.236947729226177
2,ZnO,Bacillus subtilis,non-pathogenic,"purchased from us research nanomaterials, inc.в ",MBEC,hexagonal,Bacteria,Bacillota,Bacilli,Bacillales,Bacillaceae,Bacillus,p,meat,81.3794,6.0,3,0.16,30,8,22.60496136,17.07,0.6865,4.082482905,2.498786046423852,Klebsiella pneumoniae,1.6140498183299237,0.8847362280939282,315.34507047705785,41.11968871822707
3,CuO,Bacillus subtilis,non-pathogenic,"purchased from us research nanomaterials, inc.в ",MIC,quasi-spherical,Bacteria,Bacillota,Bacilli,Bacillales,Bacillaceae,Bacillus,p,urine,79.5454,1.4,4,0.16,30,17,20.67942236,17.07,0.6865,1.651411411,2.3511793104235643,Klebsiella pneumoniae,1.4977964286790666,0.8533828817444977,224.48085634415898,31.462731834006508
4,TiO2,Bacillus subtilis,non-pathogenic,"purchased from us research nanomaterials, inc.в ",MIC,quasi-hexagonal,Bacteria,Bacillota,Bacilli,Bacillales,Bacillaceae,Bacillus,p,nose,79.866,0.8,2,0.16,30,16,26.40611331,34.14,1.373,2.878049394,1.67083900981942,Klebsiella pneumoniae,0.8692499179699464,0.8015890918494735,46.863962823635404,7.400310088650686
5,ZnO,Bacillus subtilis,non-pathogenic,green_synthesis,MBC,quasi-spherical,Bacteria,Bacillota,Bacilli,Bacillales,Bacillaceae,Bacillus,p,respiratory tract,81.3794,4.7,2,0.16,30,8,22.60496136,17.07,0.6865,4.082482905,2.0847291549658067,Klebsiella pneumoniae,1.2906475961127268,0.7940815588530798,121.54277703198963,19.527542699179868
6,ZnO,Bacillus subtilis,non-pathogenic,"purchased from us research nanomaterials, inc.в ",MBC,hexagonal,Bacteria,Bacillota,Bacilli,Bacillales,Bacillaceae,Bacillus,p,respiratory tract,81.3794,8.7,2,0.16,30,8,22.60496136,17.07,0.6865,4.082482905,2.3158401802194764,Klebsiella pneumoniae,1.5592426239576778,0.7565975562617986,206.93796797365715,36.244542646550165
7,ZrO2,Bacillus subtilis,non-pathogenic,purchased from sigma aldrich ( citrate capped agnps),MIC,spheroidal,Bacteria,Bacillota,Bacilli,Bacillales,Bacillaceae,Bacillus,p,respiratory tract,123.2218,1.9,1,0.16,30,16,29.29254423,34.14,1.373,3.774536472,1.7263717215419778,Klebsiella pneumoniae,1.0377361362777378,0.6886355852642401,53.25638965910134,10.907774128975603
8,TiO2,Bacillus subtilis,non-pathogenic,"purchased from us research nanomaterials, inc.в ",MBC,spherical,Bacteria,Bacillota,Bacilli,Bacillales,Bacillaceae,Bacillus,p,water,79.866,5.1,2,0.16,30,16,26.40611331,34.14,1.373,2.878049394,2.9891959801295833,Klebsiella pneumoniae,2.3007805058366357,0.6884154742929476,975.4297117297077,199.88513868397854
9,Ag,Bacillus subtilis,non-pathogenic,"purchased from us research nanomaterials, inc.в ",MIC,spherical,Bacteria,Bacillota,Bacilli,Bacillales,Bacillaceae,Bacillus,p,mammary gland,107.87,4.0,3,0.16,30,11,23.00188061,0.0,0.0,1.78376517,1.3478705794768033,Klebsiella pneumoniae,0.66168424489801,0.6861863345787933,22.277711705955184,4.588642728862459
10,ZnO,Bacillus subtilis,non-pathogenic,chemical_synthesis,MBEC,hexagonal,Bacteria,Bacillota,Bacilli,Bacillales,Bacillaceae,Bacillus,p,carious dentine,81.3794,5.1,4,0.16,30,8,22.60496136,17.07,0.6865,4.082482905,1.7953468012339087,Klebsiella pneumoniae,1.1112749223631138,0.6840718788707949,62.42331112133214,12.92036915676656
11,Ag,Bacillus subtilis,non-pathogenic,chemical_synthesis,MIC,cubic,Bacteria,Bacillota,Bacilli,Bacillales,Bacillaceae,Bacillus,p,mouth,107.87,1.9,18,0.16,30,11,23.00188061,0.0,0.0,1.78376517,1.4271029035547946,Klebsiella pneumoniae,0.7744490839955924,0.6526538195592022,26.736398370457394,5.949070067052722
12,CeO2,Bacillus subtilis,non-pathogenic,"purchased from us research nanomaterials, inc.в ",MIC,cubic,Bacteria,Bacillota,Bacilli,Bacillales,Bacillaceae,Bacillus,p,lungs,172.115,8.7,4,0.16,30,16,39.19032095,34.14,1.373,4.456551526,2.760462196695208,Klebsiella pneumoniae,2.1121239723455107,0.6483382243496973,576.0526736846292,129.45653312843552
13,ZnO,Bacillus subtilis,non-pathogenic,purchased from sigma aldrich ( citrate capped agnps),MBC,cubic,Bacteria,Bacillota,Bacilli,Bacillales,Bacillaceae,Bacillus,p,soil,81.3794,8.0,2,0.16,30,8,22.60496136,17.07,0.6865,4.082482905,2.391720268041475,Klebsiella pneumoniae,1.745046924975101,0.646673343066374,246.4451456365516,55.59643252745746
14,Au,Bacillus subtilis,non-pathogenic,"purchased from us research nanomaterials, inc.в ",MIC,quasi-hexagonal,Bacteria,Bacillota,Bacilli,Bacillales,Bacillaceae,Bacillus,p,lungs,196.966569,1.4,3,0.16,30,11,23.00188061,0.0,0.0,2.46797672,1.2206585958281067,Klebsiella pneumoniae,0.584616963543849,0.6360416322842577,16.621055353006295,3.842527316187118
15,Ag,Bacillus subtilis,non-pathogenic,"purchased from us research nanomaterials, inc.в ",MBEC,nanoplates,Bacteria,Bacillota,Bacilli,Bacillales,Bacillaceae,Bacillus,p,mouth,107.8682,8.7,4,0.16,30,11,23.00188061,0.0,0.0,1.78376517,2.224984692858731,Klebsiella pneumoniae,1.5989367790891824,0.6260479137695485,167.8744848046784,39.71337338973991
16,ZnO,Bacillus subtilis,non-pathogenic,purchased from sigma aldrich ( citrate capped agnps),MBC,hexagonal,Bacteria,Bacillota,Bacilli,Bacillales,Bacillaceae,Bacillus,p,skin,81.3794,10.0,2,0.16,30,8,22.60496136,17.07,0.6865,4.082482905,2.4380125894786993,Klebsiella pneumoniae,1.8297373815171438,0.6082752079615554,274.1653646780429,67.56742706523167
17,CuO,Bacillus subtilis,non-pathogenic,purchased from sigma aldrich ( citrate capped agnps),MBC,hexagonal,Bacteria,Bacillota,Bacilli,Bacillales,Bacillaceae,Bacillus,p,meat,79.5454,8.0,1,0.16,30,17,20.67942236,17.07,0.6865,1.651411411,3.3109223009065945,Klebsiella pneumoniae,2.7143146522747488,0.5966076486318457,2046.0785425729239,517.9819810429888
18,ZnO,Bacillus subtilis,non-pathogenic,green_synthesis,MBC,rod-shaped,Bacteria,Bacillota,Bacilli,Bacillales,Bacillaceae,Bacillus,p,respiratory tract,81.3794,9.0,2,0.16,30,8,22.60496136,17.07,0.6865,4.082482905,2.1483834215628415,Klebsiella pneumoniae,1.5570970669733948,0.5912863545894467,140.72894164650066,36.06592431459057
19,CeO2,Bacillus subtilis,non-pathogenic,purchased from sigma aldrich ( citrate capped agnps),MIC,triangular,Bacteria,Bacillota,Bacilli,Bacillales,Bacillaceae,Bacillus,p,urine,172.115,1.4,0,0.16,30,16,39.19032095,34.14,1.373,4.456551526,0.7272718150217685,Klebsiella pneumoniae,0.13669486160700273,0.5905769534147658,5.336688021292115,1.3699189131753915
20,Ag,Bacillus subtilis,non-pathogenic,purchased from sigma aldrich ( citrate capped agnps),MBC,spheroidal,Bacteria,Bacillota,Bacilli,Bacillales,Bacillaceae,Bacillus,p,skin,107.87,1.4,18,0.16,30,11,23.00188061,0.0,0.0,1.78376517,1.105350515185342,Klebsiella pneumoniae,0.5156224325857235,0.5897280825996185,12.745313288325567,3.2781017722152335
21,ZnO,Bacillus subtilis,non-pathogenic,green_synthesis,MBEC,spherical,Bacteria,Bacillota,Bacilli,Bacillales,Bacillaceae,Bacillus,p,soil,81.3794,8.7,4,0.16,30,8,22.60496136,17.07,0.6865,4.082482905,2.374988766230386,Klebsiella pneumoniae,1.7887155676707465,0.5862731985596394,237.1312366817959,61.477410704726736
22,Pd,Bacillus subtilis,non-pathogenic,"purchased from us research nanomaterials, inc.в ",MBC,hexagonal,Bacteria,Bacillota,Bacilli,Bacillales,Bacillaceae,Bacillus,p,lungs,195.084,44.45,4,0.16,30,10,21.14774404,0.0,0.0,1.870828693,1.5762591072180476,Klebsiella pneumoniae,0.9944490543818547,0.5818100528361929,37.6928613712427,9.872998121487878
23,ZnO,Bacillus subtilis,non-pathogenic,electrochemical synthesis,MBEC,quasi-spherical,Bacteria,Bacillota,Bacilli,Bacillales,Bacillaceae,Bacillus,p,urine,81.3794,4.0,18,0.16,30,8,22.60496136,17.07,0.6865,4.082482905,1.840766490101752,Klebsiella pneumoniae,1.2593871902979927,0.5813792998037592,69.30530675333777,18.17134986818183
24,Ag,Bacillus subtilis,non-pathogenic,chemical_synthesis,MIC,quasi-hexagonal,Bacteria,Bacillota,Bacilli,Bacillales,Bacillaceae,Bacillus,p,water,107.87,10.4,3,0.16,30,11,23.00188061,0.0,0.0,1.78376517,0.9276280690131031,Klebsiella pneumoniae,0.35131260614210613,0.576315462870997,8.46502156857088,2.245497656458306
25,ZnO,Bacillus subtilis,non-pathogenic,green_synthesis,MBC,cubic,Bacteria,Bacillota,Bacilli,Bacillales,Bacillaceae,Bacillus,p,urine,81.3794,10.4,2,0.16,30,8,22.60496136,17.07,0.6865,4.082482905,2.4455011405534988,Klebsiella pneumoniae,1.8697766850107171,0.5757244555427816,278.93379817496975,74.09291562518567
26,Ag,Bacillus subtilis,non-pathogenic,chemical_synthesis,MIC,hexagonal,Bacteria,Bacillota,Bacilli,Bacillales,Bacillaceae,Bacillus,p,soil,107.87,6.0,3,0.16,30,11,23.00188061,0.0,0.0,1.78376517,2.074057543162467,Klebsiella pneumoniae,1.501431605573887,0.5726259375885798,118.59258705970508,31.727189720602354
27,CuO,Bacillus subtilis,non-pathogenic,purchased from sigma aldrich ( citrate capped agnps),MBC,hexagonal,Bacteria,Bacillota,Bacilli,Bacillales,Bacillaceae,Bacillus,p,urine,79.5454,6.0,0,0.16,30,17,20.67942236,17.07,0.6865,1.651411411,3.549893831575306,Klebsiella pneumoniae,2.988554881475295,0.5613389501000108,3547.266615036503,973.9908600629873
28,ZnO,Bacillus subtilis,non-pathogenic,electrochemical synthesis,MBEC,quasi-spherical,Bacteria,Bacillota,Bacilli,Bacillales,Bacillaceae,Bacillus,p,blood,81.3794,12.0,2,0.16,30,8,22.60496136,17.07,0.6865,4.082482905,1.2668430244732973,Klebsiella pneumoniae,0.7061837346667821,0.5606592898065152,18.48600322531037,5.083744723676718
29,Ag,Bacillus subtilis,non-pathogenic,"purchased from us research nanomaterials, inc.в ",MIC,quasi-spherical,Bacteria,Bacillota,Bacilli,Bacillales,Bacillaceae,Bacillus,p,respiratory tract,107.8682,4.0,2,0.16,30,11,23.00188061,0.0,0.0,1.78376517,1.3833904932773506,Klebsiella pneumoniae,0.8265774714357217,0.556813021841629,24.17633658254235,6.707759321087583
30,ZnO,Bacillus subtilis,non-pathogenic,electrochemical synthesis,MBEC,spherical,Bacteria,Bacillota,Bacilli,Bacillales,Bacillaceae,Bacillus,p,mammary gland,81.3794,10.4,1,0.16,30,8,22.60496136,17.07,0.6865,4.082482905,2.309029146213142,Klebsiella pneumoniae,1.7584104682447657,0.5506186779683762,203.71787915194378,57.333765823215955
31,Ag,Bacillus subtilis,non-pathogenic,electrochemical synthesis,MIC,cubic,Bacteria,Bacillota,Bacilli,Bacillales,Bacillaceae,Bacillus,p,food,107.8682,5.1,3,0.16,30,11,23.00188061,0.0,0.0,1.78376517,2.2630783253711777,Klebsiella pneumoniae,1.713409200971487,0.5496691243996907,183.2644911603021,51.69031764366767
32,ZnO,Bacillus subtilis,non-pathogenic,"purchased from us research nanomaterials, inc.в ",MBC,quasi-spherical,Bacteria,Bacillota,Bacilli,Bacillales,Bacillaceae,Bacillus,p,mammary gland,81.3794,27.43,0,0.16,30,8,22.60496136,17.07,0.6865,4.082482905,2.4558077438674353,Klebsiella pneumoniae,1.9131942040262082,0.5426135398412271,285.6325807709065,81.88308639378184
33,TiO2,Bacillus subtilis,non-pathogenic,"purchased from us research nanomaterials, inc.в ",MBC,tetragonal,Bacteria,Bacillota,Bacilli,Bacillales,Bacillaceae,Bacillus,p,respiratory tract,79.866,10.0,18,0.16,30,16,26.40611331,34.14,1.373,2.878049394,2.1939865625042687,Klebsiella pneumoniae,1.6599679571846693,0.5340186053195994,156.30992780733632,45.70544662940449
34,CuO,Bacillus subtilis,non-pathogenic,purchased from sigma aldrich ( citrate capped agnps),MIC,cubic,Bacteria,Bacillota,Bacilli,Bacillales,Bacillaceae,Bacillus,p,blood,79.5454,5.1,4,0.16,30,17,20.67942236,17.07,0.6865,1.651411411,1.6680120337896414,Klebsiella pneumoniae,1.1352890362499883,0.532722997539653,46.559899454511466,13.654916106438375
35,CuO,Bacillus subtilis,non-pathogenic,"purchased from us research nanomaterials, inc.в ",MBC,cubic,Bacteria,Bacillota,Bacilli,Bacillales,Bacillaceae,Bacillus,p,food,79.5454,5.1,24,0.16,30,17,20.67942236,17.07,0.6865,1.651411411,2.8849131043825116,Klebsiella pneumoniae,2.3537694360201984,0.5311436683623132,767.2079675400506,225.8236569525332
36,Ag,Bacillus subtilis,non-pathogenic,"purchased from us research nanomaterials, inc.в ",MBC,tetragonal,Bacteria,Bacillota,Bacilli,Bacillales,Bacillaceae,Bacillus,p,urine,107.87,1.4,1,0.16,30,11,23.00188061,0.0,0.0,1.78376517,0.6014990526037645,Klebsiella pneumoniae,0.07114037861284506,0.5303586739909194,3.9948368984946545,1.1779866769830958
37,CuO,Bacillus subtilis,non-pathogenic,"purchased from us research nanomaterials, inc.в ",MBC,quasi-hexagonal,Bacteria,Bacillota,Bacilli,Bacillales,Bacillaceae,Bacillus,p,blood,79.5454,4.0,4,0.16,30,17,20.67942236,17.07,0.6865,1.651411411,2.073663017166728,Klebsiella pneumoniae,1.5437059359166527,0.5299570812500751,118.48490295332124,34.970829670742674
38,Cu,Bacillus subtilis,non-pathogenic,"purchased from us research nanomaterials, inc.в ",MBEC,quasi-hexagonal,Bacteria,Bacillota,Bacilli,Bacillales,Bacillaceae,Bacillus,p,urine,63.55,8.7,3,0.16,30,11,17.96409803,0.0,0.0,1.243163121,1.6835492238893808,Klebsiella pneumoniae,1.1553908526038867,0.528158371285494,48.25576711053797,14.301805010166516
39,TiO2,Bacillus subtilis,non-pathogenic,purchased from sigma aldrich ( citrate capped agnps),MBEC,nanoplates,Bacteria,Bacillota,Bacilli,Bacillales,Bacillaceae,Bacillus,p,blood,79.866,12.5,0,0.16,30,16,26.40611331,34.14,1.373,2.878049394,2.0555930457986538,Klebsiella pneumoniae,1.5354633757846659,0.5201296700139879,113.6561775249495,34.313370198349034
40,Ag,Bacillus subtilis,non-pathogenic,purchased from sigma aldrich ( citrate capped agnps),MBEC,cubic,Bacteria,Bacillota,Bacilli,Bacillales,Bacillaceae,Bacillus,p,mammary gland,107.87,6.0,2,0.16,30,11,23.00188061,0.0,0.0,1.78376517,2.5121173137717294,Klebsiella pneumoniae,1.9926597364792142,0.5194575772925152,325.1751234342505,98.32404490593272
41,ZnO,Bacillus subtilis,non-pathogenic,green_synthesis,MIC,rod-shaped,Bacteria,Bacillota,Bacilli,Bacillales,Bacillaceae,Bacillus,p,mammary gland,81.3794,4.7,1,0.16,30,8,22.60496136,17.07,0.6865,4.082482905,0.9257374881362382,Klebsiella pneumoniae,0.40831259202792936,0.5174248961083089,8.42825153122984,2.5604281425340916
42,Ag,Bacillus subtilis,non-pathogenic,chemical_synthesis,MIC,cubic,Bacteria,Bacillota,Bacilli,Bacillales,Bacillaceae,Bacillus,p,lungs,107.87,26.06,4,0.16,30,11,23.00188061,0.0,0.0,1.78376517,1.6456240509551086,Klebsiella pneumoniae,1.1292752889000217,0.5163487620550868,44.220540945348496,13.467137332315817
43,ZnO,Bacillus subtilis,non-pathogenic,"purchased from us research nanomaterials, inc.в ",MIC,nanoplates,Bacteria,Bacillota,Bacilli,Bacillales,Bacillaceae,Bacillus,p,mammary gland,81.3794,8.0,18,0.16,30,8,22.60496136,17.07,0.6865,4.082482905,1.6466087505222216,Klebsiella pneumoniae,1.1319668422951212,0.5146419082271003,44.32091834238405,13.550859497072583
44,Ag,Bacillus subtilis,non-pathogenic,"purchased from us research nanomaterials, inc.в ",MBC,quasi-hexagonal,Bacteria,Bacillota,Bacilli,Bacillales,Bacillaceae,Bacillus,p,mouth,107.8682,8.0,3,0.16,30,11,23.00188061,0.0,0.0,1.78376517,1.153987777024477,Klebsiella pneumoniae,0.6395646970935838,0.5144230799308933,14.255674712376647,4.360785220249076
45,Al2O3,Bacillus subtilis,non-pathogenic,green_synthesis,MBEC,nanoplates,Bacteria,Bacillota,Bacilli,Bacillales,Bacillaceae,Bacillus,p,lungs,101.961276,11.3,3,0.16,30,24,51.55776403,85.5,13.5675,4.688846487,3.1252198735760883,Klebsiella pneumoniae,2.6361357935867518,0.48908407998933656,1334.1967351493802,432.6490889993329
46,TiO2,Bacillus subtilis,non-pathogenic,purchased from sigma aldrich ( citrate capped agnps),MIC,nanoplates,Bacteria,Bacillota,Bacilli,Bacillales,Bacillaceae,Bacillus,p,mammary gland,79.866,11.3,3,0.16,30,16,26.40611331,34.14,1.373,2.878049394,2.5825608287753496,Klebsiella pneumoniae,2.1009569251958897,0.4816039035794599,382.43781545970967,126.17023884495823
47,TiO2,Bacillus subtilis,non-pathogenic,purchased from sigma aldrich ( citrate capped agnps),MIC,nanoplates,Bacteria,Bacillota,Bacilli,Bacillales,Bacillaceae,Bacillus,p,mammary gland,79.866,11.3,3,0.16,30,16,26.40611331,34.14,1.373,2.878049394,2.5825608287753496,Klebsiella pneumoniae,2.1009569251958897,0.4816039035794599,382.43781545970967,126.17023884495823
48,ZnO,Bacillus subtilis,non-pathogenic,"purchased from us research nanomaterials, inc.в ",MBEC,quasi-spherical,Bacteria,Bacillota,Bacilli,Bacillales,Bacillaceae,Bacillus,p,lungs,81.3794,9.0,18,0.16,30,8,22.60496136,17.07,0.6865,4.082482905,2.2502426230307355,Klebsiella pneumoniae,1.7714230867199778,0.4788195363107577,177.92731414764233,59.07763301925361
49,ZnO,Bacillus subtilis,non-pathogenic,"purchased from us research nanomaterials, inc.в ",MBEC,quasi-spherical,Bacteria,Bacillota,Bacilli,Bacillales,Bacillaceae,Bacillus,p,lungs,81.3794,9.0,18,0.16,30,8,22.60496136,17.07,0.6865,4.082482905,2.2502426230307355,Klebsiella pneumoniae,1.7714230867199778,0.4788195363107577,177.92731414764233,59.07763301925361
50,ZnO,Bacillus subtilis,non-pathogenic,"purchased from us research nanomaterials, inc.в ",MBC,rod-shaped,Bacteria,Bacillota,Bacilli,Bacillales,Bacillaceae,Bacillus,p,nose,81.3794,26.38,3,0.16,30,8,22.60496136,17.07,0.6865,4.082482905,2.375339048236564,Klebsiella pneumoniae,1.9098533464904788,0.46548570174608517,237.32257301027053,81.25560841174953
51,Ag,Bacillus subtilis,non-pathogenic,chemical_synthesis,MIC,quasi-spherical,Bacteria,Bacillota,Bacilli,Bacillales,Bacillaceae,Bacillus,p,water,107.87,20.0,0,0.16,30,11,23.00188061,0.0,0.0,1.78376517,1.2431831341863349,Klebsiella pneumoniae,0.8040286626404275,0.43915447154590737,17.50584723156099,6.368375496329461
52,TiO2,Bacillus subtilis,non-pathogenic,"purchased from us research nanomaterials, inc.в ",MIC,hexagonal,Bacteria,Bacillota,Bacilli,Bacillales,Bacillaceae,Bacillus,p,urine,79.866,12.0,3,0.16,30,16,26.40611331,34.14,1.373,2.878049394,2.513231179276132,Klebsiella pneumoniae,2.0757406254542685,0.4374905538218634,326.0101932934067,119.05307726325002
53,ZnO,Bacillus subtilis,non-pathogenic,chemical_synthesis,MBEC,rod-shaped,Bacteria,Bacillota,Bacilli,Bacillales,Bacillaceae,Bacillus,p,urine,81.3794,1.4,1,0.16,30,8,22.60496136,17.07,0.6865,4.082482905,1.4926172576911723,Klebsiella pneumoniae,1.059329633907553,0.4332876237836192,31.089751997137448,11.463827274090232
54,Ag,Bacillus subtilis,non-pathogenic,"purchased from us research nanomaterials, inc.в ",MIC,rod-shaped,Bacteria,Bacillota,Bacilli,Bacillales,Bacillaceae,Bacillus,p,mouth,107.8682,6.0,3,0.16,30,11,23.00188061,0.0,0.0,1.78376517,1.4702558600246747,Klebsiella pneumoniae,1.1001660411913685,0.37008981883330616,29.529484127930452,12.59406821179452
55,ZnO,Bacillus subtilis,non-pathogenic,"purchased from us research nanomaterials, inc.в ",MBC,tetragonal,Bacteria,Bacillota,Bacilli,Bacillales,Bacillaceae,Bacillus,p,water,81.3794,10.4,3,0.16,30,8,22.60496136,17.07,0.6865,4.082482905,1.7352402456323142,Klebsiella pneumoniae,1.375988200446491,0.3592520451858232,54.35509331132648,23.767757099969806
56,ZnO,Bacillus subtilis,non-pathogenic,green_synthesis,MIC,quasi-spherical,Bacteria,Bacillota,Bacilli,Bacillales,Bacillaceae,Bacillus,p,urine,81.3794,8.7,18,0.16,30,8,22.60496136,17.07,0.6865,4.082482905,1.4470932764536775,Klebsiella pneumoniae,1.1175228208470647,0.3295704556066128,27.99582540928154,13.107589169296125
57,TiO2,Bacillus subtilis,non-pathogenic,"purchased from us research nanomaterials, inc.в ",MBC,spheroidal,Bacteria,Bacillota,Bacilli,Bacillales,Bacillaceae,Bacillus,p,mouth,79.866,26.06,3,0.16,30,16,26.40611331,34.14,1.373,2.878049394,3.3377168870075433,Klebsiella pneumoniae,3.02177189689632,0.31594499011122323,2176.2906039278187,1051.409500321375
58,Ag,Bacillus subtilis,non-pathogenic,electrochemical synthesis,MBC,quasi-hexagonal,Bacteria,Bacillota,Bacilli,Bacillales,Bacillaceae,Bacillus,p,water,107.87,8.7,0,0.16,30,11,23.00188061,0.0,0.0,1.78376517,1.0177035190748605,Klebsiella pneumoniae,0.754799826785194,0.2629036922896665,10.41606110713421,5.685907979210155
59,Au,Bacillus subtilis,non-pathogenic,chemical_synthesis,MBEC,nanoplates,Bacteria,Bacillota,Bacilli,Bacillales,Bacillaceae,Bacillus,p,water,196.966569,8.0,1,0.16,30,11,23.00188061,0.0,0.0,2.46797672,2.5333208545554577,Klebsiella pneumoniae,2.273879987748407,0.2594408668070507,341.4450763480913,187.87975611090786
60,ZnO,Bacillus subtilis,non-pathogenic,electrochemical synthesis,MBEC,rod-shaped,Bacteria,Bacillota,Bacilli,Bacillales,Bacillaceae,Bacillus,p,food,81.3794,28.0,0,0.16,30,8,22.60496136,17.07,0.6865,4.082482905,1.772922795168309,Klebsiella pneumoniae,1.5206134344932836,0.2523093606750255,59.281992920161024,33.159916974215925
61,Ag,Bacillus subtilis,non-pathogenic,"purchased from us research nanomaterials, inc.в ",MBC,quasi-spherical,Bacteria,Bacillota,Bacilli,Bacillales,Bacillaceae,Bacillus,p,mouth,107.8682,79.0,2,0.16,30,11,23.00188061,0.0,0.0,1.78376517,1.276556207282786,Klebsiella pneumoniae,1.0345232349895797,0.24203297229320642,18.90410876209031,10.8273764062691
62,TiO2,Bacillus subtilis,non-pathogenic,chemical_synthesis,MBEC,triangular,Bacteria,Bacillota,Bacilli,Bacillales,Bacillaceae,Bacillus,p,meat,79.866,13.0,0,0.16,30,16,26.40611331,34.14,1.373,2.878049394,1.191510454474518,Klebsiella pneumoniae,0.9870583037070381,0.20445215076748002,15.542127038224459,9.706402662235737
63,Ag,Bacillus subtilis,non-pathogenic,purchased from sigma aldrich ( citrate capped agnps),MIC,triangular,Bacteria,Bacillota,Bacilli,Bacillales,Bacillaceae,Bacillus,p,mouth,107.87,8.0,2,0.16,30,11,23.00188061,0.0,0.0,1.78376517,-0.18519002556774677,Klebsiella pneumoniae,-0.3855634811369577,0.20037345556921093,0.6528448378601261,0.4115631844190003
64,ZnO,Bacillus subtilis,non-pathogenic,electrochemical synthesis,MBEC,nanoplates,Bacteria,Bacillota,Bacilli,Bacillales,Bacillaceae,Bacillus,p,nose,81.3794,18.5,18,0.16,30,8,22.60496136,17.07,0.6865,4.082482905,2.147699796168333,Klebsiella pneumoniae,1.9674666997008796,0.18023309646745322,140.507593683623,92.78263446703563
65,Ag,Bacillus subtilis,non-pathogenic,"purchased from us research nanomaterials, inc.в ",MIC,spherical,Bacteria,Bacillota,Bacilli,Bacillales,Bacillaceae,Bacillus,p,water,107.87,41.23,24,0.16,30,11,23.00188061,0.0,0.0,1.78376517,1.737450167135001,Klebsiella pneumoniae,1.5743027735188018,0.16314739361619912,54.63238586752168,37.5234510241385
66,ZnO,Bacillus subtilis,non-pathogenic,chemical_synthesis,MBEC,quasi-spherical,Bacteria,Bacillota,Bacilli,Bacillales,Bacillaceae,Bacillus,p,mammary gland,81.3794,27.43,2,0.16,30,8,22.60496136,17.07,0.6865,4.082482905,1.6835107576855952,Klebsiella pneumoniae,1.537476907056626,0.14603385062896912,48.25149320412848,34.47282756881468
67,Ag,Bacillus subtilis,non-pathogenic,purchased from sigma aldrich ( citrate capped agnps),MBC,cubic,Bacteria,Bacillota,Bacilli,Bacillales,Bacillaceae,Bacillus,p,lungs,107.87,60.0,1,0.16,30,11,23.00188061,0.0,0.0,1.78376517,1.7977639982842477,Klebsiella pneumoniae,1.6547268506631025,0.14303714762114517,62.771715580348754,45.157183911668916
68,ZnO,Bacillus subtilis,non-pathogenic,green_synthesis,MBC,hexagonal,Bacteria,Bacillota,Bacilli,Bacillales,Bacillaceae,Bacillus,p,urine,81.3794,45.26,1,0.16,30,8,22.60496136,17.07,0.6865,4.082482905,1.4134037396645598,Klebsiella pneumoniae,1.2753640450919679,0.1380396945725919,25.906201529401955,18.852287105098103
69,Ag2O,Bacillus subtilis,non-pathogenic,"purchased from us research nanomaterials, inc.в ",MBEC,cubic,Bacteria,Bacillota,Bacilli,Bacillales,Bacillaceae,Bacillus,p,nose,231.7358,38.0,1,0.16,30,28,46.55109718,17.07,0.6865,3.975778631,2.53877066886189,Klebsiella pneumoniae,2.414839211908299,0.12393145695359076,345.7567512174223,259.9197088785069
70,Ag,Bacillus subtilis,non-pathogenic,purchased from sigma aldrich ( citrate capped agnps),MIC,quasi-hexagonal,Bacteria,Bacillota,Bacilli,Bacillales,Bacillaceae,Bacillus,p,water,107.8682,26.06,0,0.16,30,11,23.00188061,0.0,0.0,1.78376517,0.9219085963918034,Klebsiella pneumoniae,0.8213830788550293,0.10052551753677419,8.35427171893586,6.628008838078204
71,ZnO,Bacillus subtilis,non-pathogenic,electrochemical synthesis,MBC,tetragonal,Bacteria,Bacillota,Bacilli,Bacillales,Bacillaceae,Bacillus,p,meat,81.3794,12.5,1,0.16,30,8,22.60496136,17.07,0.6865,4.082482905,1.4252436034423535,Klebsiella pneumoniae,1.3399354550147997,0.08530814842755374,26.622179261082522,21.874365022757196
72,Ag,Bacillus subtilis,non-pathogenic,purchased from sigma aldrich ( citrate capped agnps),MBEC,cubic,Bacteria,Bacillota,Bacilli,Bacillales,Bacillaceae,Bacillus,p,meat,107.8682,30.0,2,0.16,30,11,23.00188061,0.0,0.0,1.78376517,2.153674721792933,Klebsiella pneumoniae,2.0699103697434875,0.08376435204944555,142.45402407198515,117.46551030831787
73,Al2O3,Bacillus subtilis,non-pathogenic,electrochemical synthesis,MBEC,nanoplates,Bacteria,Bacillota,Bacilli,Bacillales,Bacillaceae,Bacillus,p,skin,101.961276,35.0,4,0.16,30,24,51.55776403,85.5,13.5675,4.688846487,2.6999561062778294,Klebsiella pneumoniae,2.6275400968157943,0.07241600946203519,501.1365816792626,424.1701441755435
74,CuO,Bacillus subtilis,non-pathogenic,chemical_synthesis,MBC,triangular,Bacteria,Bacillota,Bacilli,Bacillales,Bacillaceae,Bacillus,p,skin,79.5454,8.0,3,0.16,30,17,20.67942236,17.07,0.6865,1.651411411,1.538444018524412,Klebsiella pneumoniae,1.4730560907299446,0.06538792779446734,34.549679144156,29.72049858123433
75,ZnO,Bacillus subtilis,non-pathogenic,green_synthesis,MIC,triangular,Bacteria,Bacillota,Bacilli,Bacillales,Bacillaceae,Bacillus,p,mouth,81.3794,9.0,4,0.16,30,8,22.60496136,17.07,0.6865,4.082482905,-0.333032673348852,Klebsiella pneumoniae,-0.39400576874126836,0.060973095392416354,0.46448032958248886,0.403640031374335
76,ZnO,Bacillus subtilis,non-pathogenic,purchased from sigma aldrich ( citrate capped agnps),MBEC,triangular,Bacteria,Bacillota,Bacilli,Bacillales,Bacillaceae,Bacillus,p,lungs,81.3794,28.0,24,0.16,30,8,22.60496136,17.07,0.6865,4.082482905,0.8533001697813377,Klebsiella pneumoniae,0.8340429352310923,0.019257234550245417,7.133459005427455,6.82406154859993
77,Ag,Bacillus subtilis,non-pathogenic,electrochemical synthesis,MBC,spheroidal,Bacteria,Bacillota,Bacilli,Bacillales,Bacillaceae,Bacillus,p,meat,107.87,26.38,24,0.16,30,11,23.00188061,0.0,0.0,1.78376517,1.7302667535013012,Klebsiella pneumoniae,1.7124861738230348,0.017780579678266406,53.73617547792085,51.58057436455765
78,ZnO,Bacillus subtilis,non-pathogenic,"purchased from us research nanomaterials, inc.в ",MBC,triangular,Bacteria,Bacillota,Bacilli,Bacillales,Bacillaceae,Bacillus,p,nose,81.3794,35.0,4,0.16,30,8,22.60496136,17.07,0.6865,4.082482905,0.9583056352006579,Klebsiella pneumoniae,0.954699289921574,0.003606345279083878,9.084596346946629,9.009470963155223
79,Ag,Bacillus subtilis,non-pathogenic,"purchased from us research nanomaterials, inc.в ",MBC,hexagonal,Bacteria,Bacillota,Bacilli,Bacillales,Bacillaceae,Bacillus,p,carious dentine,107.87,26.06,18,0.16,30,11,23.00188061,0.0,0.0,1.78376517,1.785650777670617,Klebsiella pneumoniae,1.7830677091716618,0.0025830684989551767,61.045095525535295,60.68309308754425
80,Ag,Bacillus subtilis,non-pathogenic,electrochemical synthesis,MBC,tetragonal,Bacteria,Bacillota,Bacilli,Bacillales,Bacillaceae,Bacillus,p,urine,107.8682,55.6,0,0.16,30,11,23.00188061,0.0,0.0,1.78376517,0.7162210244404987,Klebsiella pneumoniae,0.7427404450084342,-0.026519420567935437,5.202607041914196,5.530194997353743
81,ZnO,Bacillus subtilis,non-pathogenic,purchased from sigma aldrich ( citrate capped agnps),MBEC,triangular,Bacteria,Bacillota,Bacilli,Bacillales,Bacillaceae,Bacillus,p,soil,81.3794,45.26,24,0.16,30,8,22.60496136,17.07,0.6865,4.082482905,0.866137254781135,Klebsiella pneumoniae,0.8977881932844769,-0.031650938503341886,7.347460412033017,7.902931056900057
82,Au,Bacillus subtilis,non-pathogenic,chemical_synthesis,MBEC,triangular,Bacteria,Bacillota,Bacilli,Bacillales,Bacillaceae,Bacillus,p,blood,196.966569,37.86,1,0.16,30,11,23.00188061,0.0,0.0,2.46797672,0.5923770878053944,Klebsiella pneumoniae,0.638682924182784,-0.04630583637738961,3.911804012298726,4.351940251016544
83,ZnO,Bacillus subtilis,non-pathogenic,chemical_synthesis,MBEC,hexagonal,Bacteria,Bacillota,Bacilli,Bacillales,Bacillaceae,Bacillus,p,water,81.3794,38.0,2,0.16,30,8,22.60496136,17.07,0.6865,4.082482905,2.1589815339430207,Klebsiella pneumoniae,2.238010073269971,-0.07902853932695031,144.2054034563184,172.985648201195
84,CuO,Bacillus subtilis,non-pathogenic,electrochemical synthesis,MBEC,triangular,Bacteria,Bacillota,Bacilli,Bacillales,Bacillaceae,Bacillus,p,respiratory tract,79.5454,9.0,24,0.16,30,17,20.67942236,17.07,0.6865,1.651411411,1.3022724233790564,Klebsiella pneumoniae,1.3916351537380311,-0.0893627303589748,20.057297830327865,24.63968513283192
85,ZnO,Bacillus subtilis,non-pathogenic,chemical_synthesis,MBEC,quasi-spherical,Bacteria,Bacillota,Bacilli,Bacillales,Bacillaceae,Bacillus,p,food,81.3794,20.0,24,0.16,30,8,22.60496136,17.07,0.6865,4.082482905,1.8512095199529182,Klebsiella pneumoniae,2.136549794183503,-0.28534027423058483,70.99201774911673,136.94613954584693
86,CuO,Bacillus subtilis,non-pathogenic,chemical_synthesis,MBC,cubic,Bacteria,Bacillota,Bacilli,Bacillales,Bacillaceae,Bacillus,p,soil,79.5454,35.0,18,0.16,30,17,20.67942236,17.07,0.6865,1.651411411,2.830624268923742,Klebsiella pneumoniae,3.1362215471617905,-0.3055972782380483,677.0554977103957,1368.4267247270893
87,Ag,Bacillus subtilis,non-pathogenic,chemical_synthesis,MBC,spherical,Bacteria,Bacillota,Bacilli,Bacillales,Bacillaceae,Bacillus,p,blood,107.8682,79.0,3,0.16,30,11,23.00188061,0.0,0.0,1.78376517,0.7247838400472537,Klebsiella pneumoniae,1.1263394393115895,-0.4015555992643358,5.306202746240834,13.376405917836998
