,np,bacteria,bac_type,np_synthesis,method,shape,kingdom,phylum,class,order,family,genus,gram,isolated_from,mol_weight (g/mol),np_size_avg (nm),time_set,"min_Incub_period, h","growth_temp, C",Valance_electron,labuteASA,tpsa,CrippenMR,chi0v,pred_MIC_norm,pathogenic_bacteria,pred_MIC_pathogen,Fitness,pred_norm_MIC_original,pred_path_MIC_original
0,TiO2,Bacillus subtilis,non-pathogenic,purchased from sigma aldrich ( citrate capped agnps),MBC,hexagonal,Bacteria,Bacillota,Bacilli,Bacillales,Bacillaceae,Bacillus,p,lungs,79.866,10.4,1,0.16,30,16,26.40611331,34.14,1.373,2.878049394,3.2254110136788015,Klebsiella pneumoniae,2.4594585556023483,0.7659524580764532,1680.3935801791592,288.04381585993775
1,ZnO,Bacillus subtilis,non-pathogenic,electrochemical synthesis,MIC,spheroidal,Bacteria,Bacillota,Bacilli,Bacillales,Bacillaceae,Bacillus,p,soil,81.3794,5.1,18,0.16,30,8,22.60496136,17.07,0.6865,4.082482905,1.5571471994476216,Klebsiella pneumoniae,0.8480011275597312,0.7091460718878904,36.07008779917855,7.046948985657075
2,Cu,Bacillus subtilis,non-pathogenic,"purchased from us research nanomaterials, inc.в ",MBC,hexagonal,Bacteria,Bacillota,Bacilli,Bacillales,Bacillaceae,Bacillus,p,food,63.55,8.0,0,0.16,30,11,17.96409803,0.0,0.0,1.243163121,2.0066691389597877,Klebsiella pneumoniae,1.3704469961724175,0.6362221427873702,101.54747731746164,23.466428472507197
3,ZnO,Bacillus subtilis,non-pathogenic,chemical_synthesis,MBC,hexagonal,Bacteria,Bacillota,Bacilli,Bacillales,Bacillaceae,Bacillus,p,mouth,81.3794,5.1,1,0.16,30,8,22.60496136,17.07,0.6865,4.082482905,1.8889305415541213,Klebsiella pneumoniae,1.2528121910721932,0.6361183504819281,77.43379449476448,17.89831681035082
4,CuO,Bacillus subtilis,non-pathogenic,"purchased from us research nanomaterials, inc.в ",MBC,quasi-spherical,Bacteria,Bacillota,Bacilli,Bacillales,Bacillaceae,Bacillus,p,mouth,79.5454,13.0,2,0.16,30,17,20.67942236,17.07,0.6865,1.651411411,3.1708046383846913,Klebsiella pneumoniae,2.5490253370834495,0.6217793013012418,1481.851344012439,354.0179941706546
5,TiO2,Bacillus subtilis,non-pathogenic,green_synthesis,MBEC,cubic,Bacteria,Bacillota,Bacilli,Bacillales,Bacillaceae,Bacillus,p,food,79.866,1.9,3,0.16,30,16,26.40611331,34.14,1.373,2.878049394,2.853731197561011,Klebsiella pneumoniae,2.238991809320784,0.6147393882402268,714.0542321990935,173.37712989770466
6,ZnO,Bacillus subtilis,non-pathogenic,electrochemical synthesis,MBC,spherical,Bacteria,Bacillota,Bacilli,Bacillales,Bacillaceae,Bacillus,p,food,81.3794,8.7,3,0.16,30,8,22.60496136,17.07,0.6865,4.082482905,2.054289788906242,Klebsiella pneumoniae,1.4461932303108822,0.6080965585953597,113.31562249477322,27.93786602077534
7,Ag,Bacillus subtilis,non-pathogenic,chemical_synthesis,MIC,nanoplates,Bacteria,Bacillota,Bacilli,Bacillales,Bacillaceae,Bacillus,p,mouth,107.87,0.8,18,0.16,30,11,23.00188061,0.0,0.0,1.78376517,1.3569716935559648,Klebsiella pneumoniae,0.7694234116290376,0.5875482819269272,22.74949149313063,5.880623994641088
8,ZnO,Bacillus subtilis,non-pathogenic,"purchased from us research nanomaterials, inc.в ",MBEC,rod-shaped,Bacteria,Bacillota,Bacilli,Bacillales,Bacillaceae,Bacillus,p,food,81.3794,1.4,4,0.16,30,8,22.60496136,17.07,0.6865,4.082482905,1.6755613659490995,Klebsiella pneumoniae,1.1352663007615742,0.5402950651875253,47.37632463434588,13.654201284873999
9,Au,Bacillus subtilis,non-pathogenic,purchased from sigma aldrich ( citrate capped agnps),MIC,cubic,Bacteria,Bacillota,Bacilli,Bacillales,Bacillaceae,Bacillus,p,nose,196.966569,3.0,4,0.16,30,11,23.00188061,0.0,0.0,2.46797672,1.7838860155575083,Klebsiella pneumoniae,1.2657948886855799,0.5180911268719284,60.79754117922948,18.441442494936812
10,Al2O3,Bacillus subtilis,non-pathogenic,"purchased from us research nanomaterials, inc.в ",MBEC,cubic,Bacteria,Bacillota,Bacilli,Bacillales,Bacillaceae,Bacillus,p,lungs,101.961276,17.5,2,0.16,30,24,51.55776403,85.5,13.5675,4.688846487,2.9611406147303825,Klebsiella pneumoniae,2.4622351630617354,0.4989054516686471,914.4092585816928,289.89128747171605
11,Ag,Bacillus subtilis,non-pathogenic,"purchased from us research nanomaterials, inc.в ",MBC,triangular,Bacteria,Bacillota,Bacilli,Bacillales,Bacillaceae,Bacillus,p,mammary gland,107.87,9.0,18,0.16,30,11,23.00188061,0.0,0.0,1.78376517,0.6864633454603002,Klebsiella pneumoniae,0.2022942527327578,0.4841690927275424,4.858065270407064,1.5932878808111812
12,ZnO,Bacillus subtilis,non-pathogenic,"purchased from us research nanomaterials, inc.в ",MBC,spherical,Bacteria,Bacillota,Bacilli,Bacillales,Bacillaceae,Bacillus,p,nose,81.3794,8.7,18,0.16,30,8,22.60496136,17.07,0.6865,4.082482905,2.328758560317903,Klebsiella pneumoniae,1.8460532834715913,0.4827052768463116,213.1859407504967,70.15413650589483
13,Ag,Bacillus subtilis,non-pathogenic,chemical_synthesis,MIC,quasi-hexagonal,Bacteria,Bacillota,Bacilli,Bacillales,Bacillaceae,Bacillus,p,soil,107.87,20.0,2,0.16,30,11,23.00188061,0.0,0.0,1.78376517,0.5222832624956237,Klebsiella pneumoniae,0.04725134483527271,0.475031917660351,3.3287659660438527,1.1149396102578846
14,CuO,Bacillus subtilis,non-pathogenic,electrochemical synthesis,MIC,quasi-spherical,Bacteria,Bacillota,Bacilli,Bacillales,Bacillaceae,Bacillus,p,nose,79.5454,3.0,1,0.16,30,17,20.67942236,17.07,0.6865,1.651411411,2.084285416540948,Klebsiella pneumoniae,1.610255861341167,0.47402955519978085,121.41865467018431,40.76203535559925
15,Pd,Bacillus subtilis,non-pathogenic,chemical_synthesis,MIC,cubic,Bacteria,Bacillota,Bacilli,Bacillales,Bacillaceae,Bacillus,p,soil,195.084,11.3,4,0.16,30,10,21.14774404,0.0,0.0,1.870828693,1.3267382413235667,Klebsiella pneumoniae,0.8530139745648637,0.47372426675870294,21.219651222266172,7.128759684128628
16,Ag,Bacillus subtilis,non-pathogenic,"purchased from us research nanomaterials, inc.в ",MIC,spheroidal,Bacteria,Bacillota,Bacilli,Bacillales,Bacillaceae,Bacillus,p,nose,107.87,9.0,0,0.16,30,11,23.00188061,0.0,0.0,1.78376517,1.6049106435414748,Klebsiella pneumoniae,1.1420028464433956,0.4629077970980793,40.263418347720226,13.867649179464003
17,TiO2,Bacillus subtilis,non-pathogenic,electrochemical synthesis,MBEC,quasi-spherical,Bacteria,Bacillota,Bacilli,Bacillales,Bacillaceae,Bacillus,p,soil,79.866,28.0,4,0.16,30,16,26.40611331,34.14,1.373,2.878049394,2.4800442379563625,Klebsiella pneumoniae,2.023356294829015,0.4566879431273474,302.0259353361684,105.52522694446101
18,Ag,Bacillus subtilis,non-pathogenic,chemical_synthesis,MIC,cubic,Bacteria,Bacillota,Bacilli,Bacillales,Bacillaceae,Bacillus,p,carious dentine,107.87,20.0,3,0.16,30,11,23.00188061,0.0,0.0,1.78376517,1.1304570326936356,Klebsiella pneumoniae,0.6763878451962317,0.4540691874974039,13.503832198948276,4.746656946051467
19,ZnO,Bacillus subtilis,non-pathogenic,electrochemical synthesis,MBC,quasi-spherical,Bacteria,Bacillota,Bacilli,Bacillales,Bacillaceae,Bacillus,p,mouth,81.3794,18.5,2,0.16,30,8,22.60496136,17.07,0.6865,4.082482905,1.4546873036936765,Klebsiella pneumoniae,1.0071211705767955,0.447566133116881,28.48966245085415,10.165322714684143
20,Ag,Bacillus subtilis,non-pathogenic,"purchased from us research nanomaterials, inc.в ",MBEC,spherical,Bacteria,Bacillota,Bacilli,Bacillales,Bacillaceae,Bacillus,p,respiratory tract,107.87,5.1,1,0.16,30,11,23.00188061,0.0,0.0,1.78376517,2.078985468676617,Klebsiella pneumoniae,1.6539414695312347,0.42504399914538227,119.9459169043615,45.075595144385034
21,CuO,Bacillus subtilis,non-pathogenic,"purchased from us research nanomaterials, inc.в ",MBEC,triangular,Bacteria,Bacillota,Bacilli,Bacillales,Bacillaceae,Bacillus,p,water,79.5454,5.1,18,0.16,30,17,20.67942236,17.07,0.6865,1.651411411,1.7909413109240386,Klebsiella pneumoniae,1.4113159838539295,0.3796253270701091,61.793288915147535,25.78196318089055
22,Au,Bacillus subtilis,non-pathogenic,electrochemical synthesis,MBC,cubic,Bacteria,Bacillota,Bacilli,Bacillales,Bacillaceae,Bacillus,p,lungs,196.966569,27.43,0,0.16,30,11,23.00188061,0.0,0.0,2.46797672,1.8138873847290367,Klebsiella pneumoniae,1.4912524303339665,0.3226349543950702,65.1459444655153,30.992201737300352
23,Ag,Bacillus subtilis,non-pathogenic,chemical_synthesis,MBEC,spheroidal,Bacteria,Bacillota,Bacilli,Bacillales,Bacillaceae,Bacillus,p,food,107.87,6.0,2,0.16,30,11,23.00188061,0.0,0.0,1.78376517,1.9144207256350845,Klebsiella pneumoniae,1.611946398774099,0.3024743268609855,82.11466503525905,40.92101513300548
24,ZnO,Bacillus subtilis,non-pathogenic,green_synthesis,MBC,hexagonal,Bacteria,Bacillota,Bacilli,Bacillales,Bacillaceae,Bacillus,p,food,81.3794,45.26,2,0.16,30,8,22.60496136,17.07,0.6865,4.082482905,1.3101422035497334,Klebsiella pneumoniae,1.0199203613742893,0.2902218421754441,20.424065921768953,10.46936548759013
25,Ag,Bacillus subtilis,non-pathogenic,"purchased from us research nanomaterials, inc.в ",MBEC,quasi-hexagonal,Bacteria,Bacillota,Bacilli,Bacillales,Bacillaceae,Bacillus,p,skin,107.87,30.0,1,0.16,30,11,23.00188061,0.0,0.0,1.78376517,1.564278921231223,Klebsiella pneumoniae,1.2964389641647736,0.26783995706644936,36.667299105663055,19.78968877002475
26,ZnO,Bacillus subtilis,non-pathogenic,"purchased from us research nanomaterials, inc.в ",MBEC,spheroidal,Bacteria,Bacillota,Bacilli,Bacillales,Bacillaceae,Bacillus,p,skin,81.3794,25.0,3,0.16,30,8,22.60496136,17.07,0.6865,4.082482905,2.750625855306593,Klebsiella pneumoniae,2.523729109236474,0.226896746070119,563.1522910899104,333.98665119067925
27,Ag,Bacillus subtilis,non-pathogenic,"purchased from us research nanomaterials, inc.в ",MBEC,triangular,Bacteria,Bacillota,Bacilli,Bacillales,Bacillaceae,Bacillus,p,skin,107.8682,28.0,0,0.16,30,11,23.00188061,0.0,0.0,1.78376517,0.39932572100150265,Klebsiella pneumoniae,0.21784913743492518,0.18147658356657748,2.5079895408002737,1.6513880494858
28,ZnO,Bacillus subtilis,non-pathogenic,green_synthesis,MIC,rod-shaped,Bacteria,Bacillota,Bacilli,Bacillales,Bacillaceae,Bacillus,p,nose,81.3794,28.0,3,0.16,30,8,22.60496136,17.07,0.6865,4.082482905,1.0545777847493232,Klebsiella pneumoniae,0.9528522598565309,0.1017255248927923,11.33907909634089,8.971235552793098
29,Ni,Bacillus subtilis,non-pathogenic,purchased from sigma aldrich ( citrate capped agnps),MBEC,quasi-hexagonal,Bacteria,Bacillota,Bacilli,Bacillales,Bacillaceae,Bacillus,p,lungs,58.6934,8.0,24,0.16,30,10,17.41523038,0.0,0.0,1.303840481,2.265643321783752,Klebsiella pneumoniae,2.2393734259329507,0.026269895850801195,184.3500763394661,173.52954415426095
30,ZnO,Bacillus subtilis,non-pathogenic,green_synthesis,MIC,quasi-hexagonal,Bacteria,Bacillota,Bacilli,Bacillales,Bacillaceae,Bacillus,p,mammary gland,81.3794,50.0,18,0.16,30,8,22.60496136,17.07,0.6865,4.082482905,-0.20323124381746704,Klebsiella pneumoniae,-0.17578621434860486,-0.02744502946886218,0.626280307562474,0.667135092086541
31,Ag,Bacillus subtilis,non-pathogenic,electrochemical synthesis,MBEC,tetragonal,Bacteria,Bacillota,Bacilli,Bacillales,Bacillaceae,Bacillus,p,carious dentine,107.87,79.0,1,0.16,30,11,23.00188061,0.0,0.0,1.78376517,0.27150479279061135,Klebsiella pneumoniae,0.3005595384262101,-0.029054745635598733,1.8685502981047997,1.9978346374003972
32,ZnO,Bacillus subtilis,non-pathogenic,green_synthesis,MIC,triangular,Bacteria,Bacillota,Bacilli,Bacillales,Bacillaceae,Bacillus,p,food,81.3794,27.43,4,0.16,30,8,22.60496136,17.07,0.6865,4.082482905,-0.7033800635201302,Klebsiella pneumoniae,-0.5896751116238734,-0.11370495189625673,0.19797936933963825,0.25723193719084764
33,CuO,Bacillus subtilis,non-pathogenic,chemical_synthesis,MIC,quasi-hexagonal,Bacteria,Bacillota,Bacilli,Bacillales,Bacillaceae,Bacillus,p,blood,79.5454,10.4,0,0.16,30,17,20.67942236,17.07,0.6865,1.651411411,1.4505823948913594,Klebsiella pneumoniae,1.6011383905300067,-0.1505559956386473,28.221649569626415,39.91520742909903
