,np,bacteria,bac_type,np_synthesis,method,shape,kingdom,phylum,class,order,family,genus,gram,isolated_from,mol_weight (g/mol),np_size_avg (nm),time_set,"min_Incub_period, h","growth_temp, C",Valance_electron,labuteASA,tpsa,CrippenMR,chi0v,pred_MIC_norm,pathogenic_bacteria,pred_MIC_pathogen,Fitness,pred_norm_MIC_original,pred_path_MIC_original
0,ZnO,Bacillus subtilis,non-pathogenic,"purchased from us research nanomaterials, inc.в ",MBC,quasi-spherical,Bacteria,Bacillota,Bacilli,Bacillales,Bacillaceae,Bacillus,p,urine,81.3794,5.1,4,0.16,30,8,22.60496136,17.07,0.6865,4.082482905,2.0955088310213155,Klebsiella pneumoniae,1.1527565920632263,0.9427522389580891,124.5973572861617,14.215318414341304
1,Ag,Bacillus subtilis,non-pathogenic,"purchased from us research nanomaterials, inc.в ",MIC,quasi-spherical,Bacteria,Bacillota,Bacilli,Bacillales,Bacillaceae,Bacillus,p,mammary gland,107.87,1.9,24,0.16,30,11,23.00188061,0.0,0.0,1.78376517,2.074008408816142,Klebsiella pneumoniae,1.2106960087412726,0.8633124000748693,118.5791707261357,16.244113254391117
2,Pt,Bacillus subtilis,non-pathogenic,chemical_synthesis,MIC,spheroidal,Bacteria,Bacillota,Bacilli,Bacillales,Bacillaceae,Bacillus,p,nose,195.084,3.0,24,0.16,30,10,21.75656585,0.0,0.0,2.588435821,1.001422727269751,Klebsiella pneumoniae,0.1735382247674233,0.8278845025023276,10.032813223932052,1.491207999511559
3,Ag,Bacillus subtilis,non-pathogenic,chemical_synthesis,MIC,quasi-spherical,Bacteria,Bacillota,Bacilli,Bacillales,Bacillaceae,Bacillus,p,soil,107.87,3.0,0,0.16,30,11,23.00188061,0.0,0.0,1.78376517,1.1323371029626659,Klebsiella pneumoniae,0.31342863904703977,0.8189084639156261,13.562417299181691,2.057920716203131
4,ZnO,Bacillus subtilis,non-pathogenic,"purchased from us research nanomaterials, inc.в ",MBC,nanoplates,Bacteria,Bacillota,Bacilli,Bacillales,Bacillaceae,Bacillus,p,meat,81.3794,1.9,0,0.16,30,8,22.60496136,17.07,0.6865,4.082482905,1.8194028934554876,Klebsiella pneumoniae,1.015890434132794,0.8035124593226937,65.97856922736361,10.372666962544491
5,ZnO,Bacillus subtilis,non-pathogenic,"purchased from us research nanomaterials, inc.в ",MBC,spherical,Bacteria,Bacillota,Bacilli,Bacillales,Bacillaceae,Bacillus,p,water,81.3794,12.0,4,0.16,30,8,22.60496136,17.07,0.6865,4.082482905,2.335461576134598,Klebsiella pneumoniae,1.672911480308758,0.6625500958258399,216.50183225274338,47.08813396396987
6,CeO2,Bacillus subtilis,non-pathogenic,purchased from sigma aldrich ( citrate capped agnps),MIC,spherical,Bacteria,Bacillota,Bacilli,Bacillales,Bacillaceae,Bacillus,p,lungs,172.115,1.4,3,0.16,30,16,39.19032095,34.14,1.373,4.456551526,1.9861302290938727,Klebsiella pneumoniae,1.3267993561708964,0.6593308729229763,96.85682510534315,21.222637507033557
7,Au,Bacillus subtilis,non-pathogenic,electrochemical synthesis,MIC,hexagonal,Bacteria,Bacillota,Bacilli,Bacillales,Bacillaceae,Bacillus,p,mammary gland,196.966569,1.9,4,0.16,30,11,23.00188061,0.0,0.0,2.46797672,2.0082212373935304,Klebsiella pneumoniae,1.3577136727551886,0.6505075646383418,101.91104089528368,22.78839154272672
8,TiO2,Bacillus subtilis,non-pathogenic,green_synthesis,MBC,spherical,Bacteria,Bacillota,Bacilli,Bacillales,Bacillaceae,Bacillus,p,mammary gland,79.866,5.1,3,0.16,30,16,26.40611331,34.14,1.373,2.878049394,3.0276505755168936,Klebsiella pneumoniae,2.3870177721546573,0.6406328033622364,1065.7383048804002,243.79105802565508
9,ZnO,Bacillus subtilis,non-pathogenic,chemical_synthesis,MBEC,hexagonal,Bacteria,Bacillota,Bacilli,Bacillales,Bacillaceae,Bacillus,p,skin,81.3794,5.1,4,0.16,30,8,22.60496136,17.07,0.6865,4.082482905,2.440203849077096,Klebsiella pneumoniae,1.827763570993004,0.6124402780840921,275.55217862329636,67.26103889077785
10,CuO,Bacillus subtilis,non-pathogenic,electrochemical synthesis,MBC,nanoplates,Bacteria,Bacillota,Bacilli,Bacillales,Bacillaceae,Bacillus,p,mouth,79.5454,18.0,4,0.16,30,17,20.67942236,17.07,0.6865,1.651411411,2.7961916101556143,Klebsiella pneumoniae,2.401638984717092,0.3945526254385223,625.4485790033474,252.1383954264395
11,Au,Bacillus subtilis,non-pathogenic,electrochemical synthesis,MIC,quasi-spherical,Bacteria,Bacillota,Bacilli,Bacillales,Bacillaceae,Bacillus,p,mammary gland,196.966569,38.0,1,0.16,30,11,23.00188061,0.0,0.0,2.46797672,1.150223206062246,Klebsiella pneumoniae,0.8025934538892042,0.3476297521730417,14.13263706227714,6.347364723922596
12,ZnO,Bacillus subtilis,non-pathogenic,green_synthesis,MBEC,nanoplates,Bacteria,Bacillota,Bacilli,Bacillales,Bacillaceae,Bacillus,p,carious dentine,81.3794,8.0,24,0.16,30,8,22.60496136,17.07,0.6865,4.082482905,2.079558143994507,Klebsiella pneumoniae,1.8850409328250128,0.19451721116949416,120.1041859530972,76.74338175979601
13,Ag,Bacillus subtilis,non-pathogenic,purchased from sigma aldrich ( citrate capped agnps),MIC,cubic,Bacteria,Bacillota,Bacilli,Bacillales,Bacillaceae,Bacillus,p,meat,107.8682,79.0,1,0.16,30,11,23.00188061,0.0,0.0,1.78376517,1.5431460308271634,Klebsiella pneumoniae,1.4635694971102073,0.07957653371695605,34.92577330926832,29.078332424431885
14,Au,Bacillus subtilis,non-pathogenic,chemical_synthesis,MBC,nanoplates,Bacteria,Bacillota,Bacilli,Bacillales,Bacillaceae,Bacillus,p,food,196.966569,22.5,18,0.16,30,11,23.00188061,0.0,0.0,2.46797672,1.7680054909543512,Klebsiella pneumoniae,1.7121284081925463,0.05587708276180492,58.61455753340717,51.538100516529504
15,ZnO,Bacillus subtilis,non-pathogenic,purchased from sigma aldrich ( citrate capped agnps),MIC,spherical,Bacteria,Bacillota,Bacilli,Bacillales,Bacillaceae,Bacillus,p,meat,81.3794,38.0,0,0.16,30,8,22.60496136,17.07,0.6865,4.082482905,1.0838342833913437,Klebsiella pneumoniae,1.0583746176949567,0.025459665696387024,12.12925938005628,11.43864594514122
16,CuO,Bacillus subtilis,non-pathogenic,"purchased from us research nanomaterials, inc.в ",MBEC,tetragonal,Bacteria,Bacillota,Bacilli,Bacillales,Bacillaceae,Bacillus,p,nose,79.5454,79.0,24,0.16,30,17,20.67942236,17.07,0.6865,1.651411411,2.1196854402145706,Klebsiella pneumoniae,2.2049230066438392,-0.08523756642926861,131.7302270016597,160.2961186521483
