,np,bacteria,bac_type,np_synthesis,method,shape,kingdom,phylum,class,order,family,genus,gram,isolated_from,mol_weight (g/mol),np_size_avg (nm),time_set,"min_Incub_period, h","growth_temp, C",Valance_electron,labuteASA,tpsa,CrippenMR,chi0v,pred_MIC_norm,pathogenic_bacteria,pred_MIC_pathogen,Fitness,pred_norm_MIC_original,pred_path_MIC_original
0,ZnO,Bacillus subtilis,non-pathogenic,"purchased from us research nanomaterials, inc.в ",MBC,hexagonal,Bacteria,Bacillota,Bacilli,Bacillales,Bacillaceae,Bacillus,p,mammary gland,81.3794,8.7,4,0.16,30,8,22.60496136,17.07,0.6865,4.082482905,2.294923474254386,Klebsiella pneumoniae,1.322877529587026,0.9720459446673597,197.20752119597617,21.031852609444467
1,Ag,Bacillus subtilis,non-pathogenic,"purchased from us research nanomaterials, inc.в ",MIC,nanoplates,Bacteria,Bacillota,Bacilli,Bacillales,Bacillaceae,Bacillus,p,lungs,107.87,1.9,1,0.16,30,11,23.00188061,0.0,0.0,1.78376517,1.8178155047153548,Klebsiella pneumoniae,0.849447510946105,0.9683679937692498,65.73785130579112,7.070457416060153
2,ZnO,Bacillus subtilis,non-pathogenic,"purchased from us research nanomaterials, inc.в ",MIC,quasi-hexagonal,Bacteria,Bacillota,Bacilli,Bacillales,Bacillaceae,Bacillus,p,meat,81.3794,1.9,3,0.16,30,8,22.60496136,17.07,0.6865,4.082482905,0.7421022216250088,Klebsiella pneumoniae,-0.19108644702085975,0.9331886686458686,5.522073992443871,0.644041055338959
3,CeO2,Bacillus subtilis,non-pathogenic,electrochemical synthesis,MIC,quasi-spherical,Bacteria,Bacillota,Bacilli,Bacillales,Bacillaceae,Bacillus,p,respiratory tract,172.115,1.9,3,0.16,30,16,39.19032095,34.14,1.373,4.456551526,2.41628657018375,Klebsiella pneumoniae,1.568982119908755,0.8473044502749949,260.7873793729839,37.06654610114369
4,Ag,Bacillus subtilis,non-pathogenic,electrochemical synthesis,MIC,quasi-hexagonal,Bacteria,Bacillota,Bacilli,Bacillales,Bacillaceae,Bacillus,p,soil,107.87,1.4,1,0.16,30,11,23.00188061,0.0,0.0,1.78376517,0.7540038001958039,Klebsiella pneumoniae,-0.072164811084237,0.8261686112800409,5.675495716011978,0.8469059594981416
5,TiO2,Bacillus subtilis,non-pathogenic,electrochemical synthesis,MBC,nanoplates,Bacteria,Bacillota,Bacilli,Bacillales,Bacillaceae,Bacillus,p,blood,79.866,11.3,4,0.16,30,16,26.40611331,34.14,1.373,2.878049394,2.196855713778099,Klebsiella pneumoniae,1.374342473262367,0.822513240515732,157.34600249438353,23.677861356553695
6,ZnO,Bacillus subtilis,non-pathogenic,electrochemical synthesis,MIC,hexagonal,Bacteria,Bacillota,Bacilli,Bacillales,Bacillaceae,Bacillus,p,lungs,81.3794,4.7,4,0.16,30,8,22.60496136,17.07,0.6865,4.082482905,1.626081560177283,Klebsiella pneumoniae,0.8035736310195191,0.8225079291577638,42.27479985676044,6.3617065314095305
7,Ag,Bacillus subtilis,non-pathogenic,"purchased from us research nanomaterials, inc.в ",MIC,spheroidal,Bacteria,Bacillota,Bacilli,Bacillales,Bacillaceae,Bacillus,p,mouth,107.87,5.1,18,0.16,30,11,23.00188061,0.0,0.0,1.78376517,1.6308399862008354,Klebsiella pneumoniae,0.8083707931381949,0.8224691930626404,42.74053815955299,6.432366673140413
8,TiO2,Bacillus subtilis,non-pathogenic,"purchased from us research nanomaterials, inc.в ",MIC,hexagonal,Bacteria,Bacillota,Bacilli,Bacillales,Bacillaceae,Bacillus,p,mouth,79.866,1.4,0,0.16,30,16,26.40611331,34.14,1.373,2.878049394,2.3944270474733274,Klebsiella pneumoniae,1.5791708695140574,0.81525617795927,247.98593374191978,37.94642526288514
9,ZnO,Bacillus subtilis,non-pathogenic,purchased from sigma aldrich ( citrate capped agnps),MBC,nanoplates,Bacteria,Bacillota,Bacilli,Bacillales,Bacillaceae,Bacillus,p,food,81.3794,5.1,0,0.16,30,8,22.60496136,17.07,0.6865,4.082482905,2.4087769123793423,Klebsiella pneumoniae,1.597932525956374,0.8108443864229684,256.31670551788767,39.62164714092956
10,TiO2,Bacillus subtilis,non-pathogenic,purchased from sigma aldrich ( citrate capped agnps),MBC,hexagonal,Bacteria,Bacillota,Bacilli,Bacillales,Bacillaceae,Bacillus,p,lungs,79.866,10.4,1,0.16,30,16,26.40611331,34.14,1.373,2.878049394,3.2254110136788015,Klebsiella pneumoniae,2.4594585556023483,0.7659524580764532,1680.3935801791592,288.04381585993775
11,Ag,Bacillus subtilis,non-pathogenic,purchased from sigma aldrich ( citrate capped agnps),MIC,hexagonal,Bacteria,Bacillota,Bacilli,Bacillales,Bacillaceae,Bacillus,p,mammary gland,107.87,1.4,2,0.16,30,11,23.00188061,0.0,0.0,1.78376517,1.7734185288694275,Klebsiella pneumoniae,1.0077626893420872,0.7656558395273403,59.34970011461446,10.180349532557344
12,CuO,Bacillus subtilis,non-pathogenic,"purchased from us research nanomaterials, inc.в ",MBEC,quasi-hexagonal,Bacteria,Bacillota,Bacilli,Bacillales,Bacillaceae,Bacillus,p,nose,79.5454,5.1,4,0.16,30,17,20.67942236,17.07,0.6865,1.651411411,2.9485018947472112,Klebsiella pneumoniae,2.1978733649254996,0.7506285298217117,888.1818512853938,157.7151324190109
13,ZnO,Bacillus subtilis,non-pathogenic,electrochemical synthesis,MBC,hexagonal,Bacteria,Bacillota,Bacilli,Bacillales,Bacillaceae,Bacillus,p,soil,81.3794,4.7,2,0.16,30,8,22.60496136,17.07,0.6865,4.082482905,1.915007021826614,Klebsiella pneumoniae,1.1708831369083594,0.7441238849182545,82.22559443641973,14.821192121548133
14,Ag,Bacillus subtilis,non-pathogenic,purchased from sigma aldrich ( citrate capped agnps),MIC,spherical,Bacteria,Bacillota,Bacilli,Bacillales,Bacillaceae,Bacillus,p,water,107.87,0.8,3,0.16,30,11,23.00188061,0.0,0.0,1.78376517,1.2824957604998881,Klebsiella pneumoniae,0.544751215990104,0.7377445445097841,19.16442354698393,3.5055100456006247
15,TiO2,Bacillus subtilis,non-pathogenic,purchased from sigma aldrich ( citrate capped agnps),MBC,cubic,Bacteria,Bacillota,Bacilli,Bacillales,Bacillaceae,Bacillus,p,carious dentine,79.866,11.3,3,0.16,30,16,26.40611331,34.14,1.373,2.878049394,2.7474229632340963,Klebsiella pneumoniae,2.0376358183485497,0.7097871448855466,559.0143587351372,109.05254827009269
16,ZnO,Bacillus subtilis,non-pathogenic,green_synthesis,MBEC,nanoplates,Bacteria,Bacillota,Bacilli,Bacillales,Bacillaceae,Bacillus,p,food,81.3794,10.0,0,0.16,30,8,22.60496136,17.07,0.6865,4.082482905,2.607608943909373,Klebsiella pneumoniae,1.9401590169241407,0.6674499269852321,405.1435637154374,87.12825516640756
17,Ag,Bacillus subtilis,non-pathogenic,green_synthesis,MIC,nanoplates,Bacteria,Bacillota,Bacilli,Bacillales,Bacillaceae,Bacillus,p,meat,107.87,1.9,1,0.16,30,11,23.00188061,0.0,0.0,1.78376517,1.87366088060176,Klebsiella pneumoniae,1.2183448483873027,0.6553160322144573,74.75855194365124,16.532740474500446
18,TiO2,Bacillus subtilis,non-pathogenic,electrochemical synthesis,MBEC,rod-shaped,Bacteria,Bacillota,Bacilli,Bacillales,Bacillaceae,Bacillus,p,water,79.866,1.4,2,0.16,30,16,26.40611331,34.14,1.373,2.878049394,2.595370096924652,Klebsiella pneumoniae,1.942025320306379,0.6533447766182727,393.8855937665636,87.50347901586389
19,CuO,Bacillus subtilis,non-pathogenic,"purchased from us research nanomaterials, inc.в ",MBC,nanoplates,Bacteria,Bacillota,Bacilli,Bacillales,Bacillaceae,Bacillus,p,skin,79.5454,13.0,4,0.16,30,17,20.67942236,17.07,0.6865,1.651411411,3.1422989767377536,Klebsiella pneumoniae,2.4895867729396484,0.6527122037981052,1387.710827141065,308.7356444293951
20,ZnO,Bacillus subtilis,non-pathogenic,"purchased from us research nanomaterials, inc.в ",MBC,spherical,Bacteria,Bacillota,Bacilli,Bacillales,Bacillaceae,Bacillus,p,nose,81.3794,11.3,3,0.16,30,8,22.60496136,17.07,0.6865,4.082482905,2.4349039295217443,Klebsiella pneumoniae,1.784553844216501,0.6503500853052433,272.2099084704827,60.89110344138586
21,ZnO,Bacillus subtilis,non-pathogenic,"purchased from us research nanomaterials, inc.в ",MBC,cubic,Bacteria,Bacillota,Bacilli,Bacillales,Bacillaceae,Bacillus,p,mouth,81.3794,1.9,18,0.16,30,8,22.60496136,17.07,0.6865,4.082482905,1.6900319100449468,Klebsiella pneumoniae,1.0847257561164274,0.6053061539285194,48.98148074801432,12.154182582493318
22,Ag,Bacillus subtilis,non-pathogenic,green_synthesis,MIC,cubic,Bacteria,Bacillota,Bacilli,Bacillales,Bacillaceae,Bacillus,p,food,107.8682,10.0,3,0.16,30,11,23.00188061,0.0,0.0,1.78376517,2.0026649440309083,Klebsiella pneumoniae,1.656804529649127,0.3458604143817814,100.61551258130338,45.37373493496018
23,Ag,Bacillus subtilis,non-pathogenic,green_synthesis,MIC,rod-shaped,Bacteria,Bacillota,Bacilli,Bacillales,Bacillaceae,Bacillus,p,food,107.8682,1.9,24,0.16,30,11,23.00188061,0.0,0.0,1.78376517,1.7413412203350211,Klebsiella pneumoniae,1.449124410146144,0.29221681018887713,55.124062992798535,28.127064568102554
24,Au,Bacillus subtilis,non-pathogenic,chemical_synthesis,MBC,nanoplates,Bacteria,Bacillota,Bacilli,Bacillales,Bacillaceae,Bacillus,p,mouth,196.966569,35.0,0,0.16,30,11,23.00188061,0.0,0.0,2.46797672,2.0593772704589273,Klebsiella pneumoniae,1.7736380499119246,0.2857392205470026,114.65084778319917,59.37970694608959
25,ZnO,Bacillus subtilis,non-pathogenic,purchased from sigma aldrich ( citrate capped agnps),MIC,nanoplates,Bacteria,Bacillota,Bacilli,Bacillales,Bacillaceae,Bacillus,p,urine,81.3794,8.0,18,0.16,30,8,22.60496136,17.07,0.6865,4.082482905,1.739315207177705,Klebsiella pneumoniae,1.5106245991764595,0.2286906080012454,54.86750440423399,32.40593818026736
26,Ag,Bacillus subtilis,non-pathogenic,electrochemical synthesis,MBC,quasi-spherical,Bacteria,Bacillota,Bacilli,Bacillales,Bacillaceae,Bacillus,p,lungs,107.87,20.0,3,0.16,30,11,23.00188061,0.0,0.0,1.78376517,1.4681075092682432,Klebsiella pneumoniae,1.3220591799583579,0.14604832930988532,29.38376954913537,20.992259191217332
27,ZnO,Bacillus subtilis,non-pathogenic,chemical_synthesis,MBEC,cubic,Bacteria,Bacillota,Bacilli,Bacillales,Bacillaceae,Bacillus,p,lungs,81.3794,40.0,1,0.16,30,8,22.60496136,17.07,0.6865,4.082482905,2.0701794764630943,Klebsiella pneumoniae,1.933141686988505,0.13703778947458933,117.53831932420361,85.7317496312225
28,CuO,Bacillus subtilis,non-pathogenic,purchased from sigma aldrich ( citrate capped agnps),MBEC,hexagonal,Bacteria,Bacillota,Bacilli,Bacillales,Bacillaceae,Bacillus,p,mammary gland,79.5454,55.6,2,0.16,30,17,20.67942236,17.07,0.6865,1.651411411,3.119730926579633,Klebsiella pneumoniae,2.9893028760144684,0.1304280505651647,1317.4402465104702,975.6698304967
29,TiO2,Bacillus subtilis,non-pathogenic,purchased from sigma aldrich ( citrate capped agnps),MBEC,spherical,Bacteria,Bacillota,Bacilli,Bacillales,Bacillaceae,Bacillus,p,food,79.866,50.0,4,0.16,30,16,26.40611331,34.14,1.373,2.878049394,2.218975897389952,Klebsiella pneumoniae,2.139042311153237,0.0799335862367152,165.56780735837057,137.73436501049466
30,Ag,Bacillus subtilis,non-pathogenic,chemical_synthesis,MBC,cubic,Bacteria,Bacillota,Bacilli,Bacillales,Bacillaceae,Bacillus,p,nose,107.87,100.0,4,0.16,30,11,23.00188061,0.0,0.0,1.78376517,1.2831969129965826,Klebsiella pneumoniae,1.2081591900275408,0.07503772296904176,19.19538879461515,16.14950406134291
31,ZnO,Bacillus subtilis,non-pathogenic,"purchased from us research nanomaterials, inc.в ",MBC,quasi-hexagonal,Bacteria,Bacillota,Bacilli,Bacillales,Bacillaceae,Bacillus,p,food,81.3794,22.5,24,0.16,30,8,22.60496136,17.07,0.6865,4.082482905,1.8742313046739718,Klebsiella pneumoniae,1.8329105046322816,0.04132080004169025,74.85680807424208,68.06290865292168
32,Ag,Bacillus subtilis,non-pathogenic,purchased from sigma aldrich ( citrate capped agnps),MIC,hexagonal,Bacteria,Bacillota,Bacilli,Bacillales,Bacillaceae,Bacillus,p,water,107.87,25.0,3,0.16,30,11,23.00188061,0.0,0.0,1.78376517,2.29668985113182,Klebsiella pneumoniae,2.260376104584701,0.03631374654711905,198.01124350217793,182.12774254291585
33,ZnO,Bacillus subtilis,non-pathogenic,electrochemical synthesis,MBEC,spheroidal,Bacteria,Bacillota,Bacilli,Bacillales,Bacillaceae,Bacillus,p,food,81.3794,40.0,4,0.16,30,8,22.60496136,17.07,0.6865,4.082482905,1.7371014492782006,Klebsiella pneumoniae,1.7551447733020802,-0.018043324023879537,54.588536261524695,56.90425911981485
34,CuO,Bacillus subtilis,non-pathogenic,chemical_synthesis,MBEC,spheroidal,Bacteria,Bacillota,Bacilli,Bacillales,Bacillaceae,Bacillus,p,nose,79.5454,18.5,4,0.16,30,17,20.67942236,17.07,0.6865,1.651411411,2.848425185026046,Klebsiella pneumoniae,2.9138156005795626,-0.06539041555351677,705.3833187201601,820.0033008097929
35,ZnO,Bacillus subtilis,non-pathogenic,chemical_synthesis,MIC,spheroidal,Bacteria,Bacillota,Bacilli,Bacillales,Bacillaceae,Bacillus,p,water,81.3794,100.0,4,0.16,30,8,22.60496136,17.07,0.6865,4.082482905,0.7513914122445047,Klebsiella pneumoniae,0.8994889753775374,-0.14809756313303268,5.641458688809609,7.933941161076488
36,Pt,Bacillus subtilis,non-pathogenic,green_synthesis,MBEC,tetragonal,Bacteria,Bacillota,Bacilli,Bacillales,Bacillaceae,Bacillus,p,lungs,195.084,30.0,3,0.16,30,10,21.75656585,0.0,0.0,2.588435821,0.939774119078942,Klebsiella pneumoniae,1.1571415250567205,-0.21736740597777848,8.705107108307589,14.359572975273851
