,np,bacteria,bac_type,np_synthesis,method,shape,kingdom,phylum,class,order,family,genus,gram,isolated_from,mol_weight (g/mol),np_size_avg (nm),time_set,"min_Incub_period, h","growth_temp, C",Valance_electron,labuteASA,tpsa,CrippenMR,chi0v,pred_MIC_norm,pathogenic_bacteria,pred_MIC_pathogen,Fitness,pred_norm_MIC_original,pred_path_MIC_original
0,ZnO,Bacillus subtilis,non-pathogenic,"purchased from us research nanomaterials, inc.в ",MBC,quasi-spherical,Bacteria,Bacillota,Bacilli,Bacillales,Bacillaceae,Bacillus,p,nose,81.3794,5.1,3,0.16,30,8,22.60496136,17.07,0.6865,4.082482905,2.2426639160076296,Klebsiella pneumoniae,1.3844466042060792,0.8582173118015504,174.84930726061035,24.235199784319367
1,Ag,Bacillus subtilis,non-pathogenic,chemical_synthesis,MIC,spheroidal,Bacteria,Bacillota,Bacilli,Bacillales,Bacillaceae,Bacillus,p,mouth,107.87,1.4,1,0.16,30,11,23.00188061,0.0,0.0,1.78376517,0.7005851162457293,Klebsiella pneumoniae,-0.02507896427879186,0.7256640805245211,5.018629282085421,0.9438892408804572
2,ZnO,Bacillus subtilis,non-pathogenic,purchased from sigma aldrich ( citrate capped agnps),MBC,quasi-spherical,Bacteria,Bacillota,Bacilli,Bacillales,Bacillaceae,Bacillus,p,urine,81.3794,11.3,1,0.16,30,8,22.60496136,17.07,0.6865,4.082482905,2.0059374677627853,Klebsiella pneumoniae,1.3671410788008258,0.6387963889619594,101.37654074071264,23.288476515157537
3,ZnO,Bacillus subtilis,non-pathogenic,"purchased from us research nanomaterials, inc.в ",MBEC,rod-shaped,Bacteria,Bacillota,Bacilli,Bacillales,Bacillaceae,Bacillus,p,urine,81.3794,6.0,18,0.16,30,8,22.60496136,17.07,0.6865,4.082482905,2.0428017752658376,Klebsiella pneumoniae,1.5016074302518867,0.5411943450139509,110.35748010382304,31.740037114518685
4,Pd,Bacillus subtilis,non-pathogenic,electrochemical synthesis,MBEC,hexagonal,Bacteria,Bacillota,Bacilli,Bacillales,Bacillaceae,Bacillus,p,urine,195.084,6.0,0,0.16,30,10,21.14774404,0.0,0.0,1.870828693,2.167950021938288,Klebsiella pneumoniae,1.8225730145849925,0.34537700735329535,147.21430803138657,66.46194008544936
5,Ag,Bacillus subtilis,non-pathogenic,electrochemical synthesis,MIC,spheroidal,Bacteria,Bacillota,Bacilli,Bacillales,Bacillaceae,Bacillus,p,meat,107.8682,4.7,24,0.16,30,11,23.00188061,0.0,0.0,1.78376517,1.7549030063825584,Klebsiella pneumoniae,1.4225269891543315,0.33237601722822685,56.87258996587418,26.45617101025765
6,ZnO,Bacillus subtilis,non-pathogenic,chemical_synthesis,MBEC,quasi-spherical,Bacteria,Bacillota,Bacilli,Bacillales,Bacillaceae,Bacillus,p,food,81.3794,12.5,4,0.16,30,8,22.60496136,17.07,0.6865,4.082482905,2.062236192204428,Klebsiella pneumoniae,1.7326838168596173,0.32955237534481063,115.40807370435051,54.03607762090793
7,CuO,Bacillus subtilis,non-pathogenic,electrochemical synthesis,MBC,spherical,Bacteria,Bacillota,Bacilli,Bacillales,Bacillaceae,Bacillus,p,urine,79.5454,9.0,4,0.16,30,17,20.67942236,17.07,0.6865,1.651411411,2.9869895104462003,Klebsiella pneumoniae,2.731828813760888,0.25516069668531216,970.4865267137816,539.2980050435991
8,Ag,Bacillus subtilis,non-pathogenic,green_synthesis,MIC,spheroidal,Bacteria,Bacillota,Bacilli,Bacillales,Bacillaceae,Bacillus,p,mouth,107.87,8.7,3,0.16,30,11,23.00188061,0.0,0.0,1.78376517,1.6853567203533246,Klebsiella pneumoniae,1.4330707728416976,0.25228594751162703,48.45702199551041,27.10633322035977
9,TiO2,Bacillus subtilis,non-pathogenic,electrochemical synthesis,MBC,rod-shaped,Bacteria,Bacillota,Bacilli,Bacillales,Bacillaceae,Bacillus,p,meat,79.866,38.0,1,0.16,30,16,26.40611331,34.14,1.373,2.878049394,1.979344536704669,Klebsiella pneumoniae,1.7454563859690075,0.23388815073566138,95.35523410242826,55.64887460598961
10,ZnO,Bacillus subtilis,non-pathogenic,"purchased from us research nanomaterials, inc.в ",MBEC,rod-shaped,Bacteria,Bacillota,Bacilli,Bacillales,Bacillaceae,Bacillus,p,urine,81.3794,100.0,3,0.16,30,8,22.60496136,17.07,0.6865,4.082482905,1.7872691459995873,Klebsiella pneumoniae,1.5541590687595968,0.23311007723999055,61.273000220842725,35.82276208763727
11,TiO2,Bacillus subtilis,non-pathogenic,green_synthesis,MBEC,hexagonal,Bacteria,Bacillota,Bacilli,Bacillales,Bacillaceae,Bacillus,p,respiratory tract,79.866,17.5,18,0.16,30,16,26.40611331,34.14,1.373,2.878049394,2.98222167288385,Klebsiella pneumoniae,2.8082714713316,0.17395020155225005,959.8904544338627,643.0895778950968
12,Al2O3,Bacillus subtilis,non-pathogenic,purchased from sigma aldrich ( citrate capped agnps),MBEC,tetragonal,Bacteria,Bacillota,Bacilli,Bacillales,Bacillaceae,Bacillus,p,nose,101.961276,40.0,18,0.16,30,24,51.55776403,85.5,13.5675,4.688846487,1.3886852833755614,Klebsiella pneumoniae,1.2465243659297376,0.14216091744582382,24.472891421369148,17.64104736137492
13,ZnO,Bacillus subtilis,non-pathogenic,purchased from sigma aldrich ( citrate capped agnps),MIC,cubic,Bacteria,Bacillota,Bacilli,Bacillales,Bacillaceae,Bacillus,p,mouth,81.3794,41.23,2,0.16,30,8,22.60496136,17.07,0.6865,4.082482905,1.141649269399728,Klebsiella pneumoniae,1.001065709325121,0.14058356007460704,13.856363549176018,10.024568996489487
14,Ag,Bacillus subtilis,non-pathogenic,purchased from sigma aldrich ( citrate capped agnps),MBEC,tetragonal,Bacteria,Bacillota,Bacilli,Bacillales,Bacillaceae,Bacillus,p,meat,107.87,18.0,1,0.16,30,11,23.00188061,0.0,0.0,1.78376517,0.910712849701797,Klebsiella pneumoniae,0.8143798493672678,0.09633300033452918,8.141657893705982,6.521985806973918
15,Ag,Bacillus subtilis,non-pathogenic,electrochemical synthesis,MIC,nanoplates,Bacteria,Bacillota,Bacilli,Bacillales,Bacillaceae,Bacillus,p,meat,107.8682,30.0,4,0.16,30,11,23.00188061,0.0,0.0,1.78376517,2.0074019011909097,Klebsiella pneumoniae,1.9974184934699981,0.009983407720911552,101.71895765773318,99.40734929856582
