,np,bacteria,bac_type,np_synthesis,method,shape,kingdom,phylum,class,order,family,genus,gram,isolated_from,mol_weight (g/mol),np_size_avg (nm),time_set,"min_Incub_period, h","growth_temp, C",Valance_electron,labuteASA,tpsa,CrippenMR,chi0v,pred_MIC_norm,pathogenic_bacteria,pred_MIC_pathogen,Fitness,pred_norm_MIC_original,pred_path_MIC_original
0,ZnO,Bacillus subtilis,non-pathogenic,"purchased from us research nanomaterials, inc.в ",MIC,cubic,Bacteria,Bacillota,Bacilli,Bacillales,Bacillaceae,Bacillus,p,water,81.3794,1.9,3,0.16,30,8,22.60496136,17.07,0.6865,4.082482905,1.6372486083720257,Klebsiella pneumoniae,0.6390853272500518,0.9981632811219738,43.37591092341386,4.355974485268537
1,Ag,Bacillus subtilis,non-pathogenic,green_synthesis,MIC,tetragonal,Bacteria,Bacillota,Bacilli,Bacillales,Bacillaceae,Bacillus,p,water,107.87,1.4,24,0.16,30,11,23.00188061,0.0,0.0,1.78376517,1.6858020264635334,Klebsiella pneumoniae,0.719078239163673,0.9667237872998604,48.50673313696569,5.236947729226177
2,ZnO,Bacillus subtilis,non-pathogenic,"purchased from us research nanomaterials, inc.в ",MBC,cubic,Bacteria,Bacillota,Bacilli,Bacillales,Bacillaceae,Bacillus,p,food,81.3794,4.7,2,0.16,30,8,22.60496136,17.07,0.6865,4.082482905,2.236779290389594,Klebsiella pneumoniae,1.2877560236651269,0.9490232667244671,172.49610394131116,19.397958401678736
3,Ag,Bacillus subtilis,non-pathogenic,"purchased from us research nanomaterials, inc.в ",MIC,cubic,Bacteria,Bacillota,Bacilli,Bacillales,Bacillaceae,Bacillus,p,lungs,107.87,4.0,4,0.16,30,11,23.00188061,0.0,0.0,1.78376517,1.6969672315018516,Klebsiella pneumoniae,0.7730605389088289,0.9239066925930227,49.76995310100835,5.930079817529373
4,CeO2,Bacillus subtilis,non-pathogenic,electrochemical synthesis,MIC,quasi-hexagonal,Bacteria,Bacillota,Bacilli,Bacillales,Bacillaceae,Bacillus,p,water,172.115,1.9,3,0.16,30,16,39.19032095,34.14,1.373,4.456551526,2.1588296424896973,Klebsiella pneumoniae,1.2870491047690453,0.871780537720652,144.15497744503503,19.366409235078137
5,Ag,Bacillus subtilis,non-pathogenic,green_synthesis,MIC,spheroidal,Bacteria,Bacillota,Bacilli,Bacillales,Bacillaceae,Bacillus,p,food,107.87,3.0,18,0.16,30,11,23.00188061,0.0,0.0,1.78376517,1.1250777192133343,Klebsiella pneumoniae,0.25741698845872985,0.8676607307546045,13.337600939815578,1.8089101200695687
6,ZnO,Bacillus subtilis,non-pathogenic,electrochemical synthesis,MBC,cubic,Bacteria,Bacillota,Bacilli,Bacillales,Bacillaceae,Bacillus,p,mouth,81.3794,6.0,2,0.16,30,8,22.60496136,17.07,0.6865,4.082482905,2.141723025508434,Klebsiella pneumoniae,1.2759230375675736,0.8657999879408602,138.58716971303082,18.8765680297941
7,CuO,Bacillus subtilis,non-pathogenic,"purchased from us research nanomaterials, inc.в ",MIC,quasi-spherical,Bacteria,Bacillota,Bacilli,Bacillales,Bacillaceae,Bacillus,p,urine,79.5454,1.4,4,0.16,30,17,20.67942236,17.07,0.6865,1.651411411,2.3511793104235643,Klebsiella pneumoniae,1.4977964286790666,0.8533828817444977,224.48085634415898,31.462731834006508
8,ZnO,Bacillus subtilis,non-pathogenic,green_synthesis,MIC,cubic,Bacteria,Bacillota,Bacilli,Bacillales,Bacillaceae,Bacillus,p,water,81.3794,0.8,4,0.16,30,8,22.60496136,17.07,0.6865,4.082482905,1.4998801864097118,Klebsiella pneumoniae,0.6700421248424586,0.8298380615672531,31.61405368216442,4.677805119413523
9,TiO2,Bacillus subtilis,non-pathogenic,"purchased from us research nanomaterials, inc.в ",MIC,quasi-hexagonal,Bacteria,Bacillota,Bacilli,Bacillales,Bacillaceae,Bacillus,p,nose,79.866,0.8,2,0.16,30,16,26.40611331,34.14,1.373,2.878049394,1.67083900981942,Klebsiella pneumoniae,0.8692499179699464,0.8015890918494735,46.863962823635404,7.400310088650686
10,ZnO,Bacillus subtilis,non-pathogenic,green_synthesis,MBC,quasi-spherical,Bacteria,Bacillota,Bacilli,Bacillales,Bacillaceae,Bacillus,p,respiratory tract,81.3794,4.7,2,0.16,30,8,22.60496136,17.07,0.6865,4.082482905,2.0847291549658067,Klebsiella pneumoniae,1.2906475961127268,0.7940815588530798,121.54277703198963,19.527542699179868
11,ZnO,Bacillus subtilis,non-pathogenic,"purchased from us research nanomaterials, inc.в ",MBC,cubic,Bacteria,Bacillota,Bacilli,Bacillales,Bacillaceae,Bacillus,p,meat,81.3794,3.0,3,0.16,30,8,22.60496136,17.07,0.6865,4.082482905,2.0345890357257614,Klebsiella pneumoniae,1.2527915311640831,0.7817975045616783,108.29017005777276,17.89746538625774
12,CeO2,Bacillus subtilis,non-pathogenic,chemical_synthesis,MIC,rod-shaped,Bacteria,Bacillota,Bacilli,Bacillales,Bacillaceae,Bacillus,p,soil,172.115,3.0,4,0.16,30,16,39.19032095,34.14,1.373,4.456551526,2.0568552728001137,Klebsiella pneumoniae,1.275143271398374,0.7817120014017398,113.98698663975114,18.842705976370762
13,ZnO,Bacillus subtilis,non-pathogenic,"purchased from us research nanomaterials, inc.в ",MBC,cubic,Bacteria,Bacillota,Bacilli,Bacillales,Bacillaceae,Bacillus,p,soil,81.3794,8.0,1,0.16,30,8,22.60496136,17.07,0.6865,4.082482905,2.2126248835521074,Klebsiella pneumoniae,1.4366493102002995,0.7759755733518079,163.16420286082098,27.330609071890695
14,Ag,Bacillus subtilis,non-pathogenic,"purchased from us research nanomaterials, inc.в ",MIC,cubic,Bacteria,Bacillota,Bacilli,Bacillales,Bacillaceae,Bacillus,p,soil,107.87,4.0,1,0.16,30,11,23.00188061,0.0,0.0,1.78376517,1.5681356822740442,Klebsiella pneumoniae,0.7933472625378755,0.7747884197361687,36.99437395440372,6.2136568060101744
15,ZnO,Bacillus subtilis,non-pathogenic,electrochemical synthesis,MBC,quasi-spherical,Bacteria,Bacillota,Bacilli,Bacillales,Bacillaceae,Bacillus,p,lungs,81.3794,5.1,2,0.16,30,8,22.60496136,17.07,0.6865,4.082482905,1.8227165123762479,Klebsiella pneumoniae,1.0521832491619132,0.7705332632143347,66.4839037939175,11.276731738788977
16,TiO2,Bacillus subtilis,non-pathogenic,electrochemical synthesis,MBC,quasi-hexagonal,Bacteria,Bacillota,Bacilli,Bacillales,Bacillaceae,Bacillus,p,water,79.866,8.0,0,0.16,30,16,26.40611331,34.14,1.373,2.878049394,2.2545515803513982,Klebsiella pneumoniae,1.5000330644107438,0.7545185159406544,179.70144955837335,31.62518424976871
17,ZnO,Bacillus subtilis,non-pathogenic,electrochemical synthesis,MIC,rod-shaped,Bacteria,Bacillota,Bacilli,Bacillales,Bacillaceae,Bacillus,p,lungs,81.3794,1.9,1,0.16,30,8,22.60496136,17.07,0.6865,4.082482905,0.8778555152760463,Klebsiella pneumoniae,0.12835606834059998,0.7494994469354463,7.54841059044605,1.3438663155491781
18,Ag,Bacillus subtilis,non-pathogenic,electrochemical synthesis,MIC,cubic,Bacteria,Bacillota,Bacilli,Bacillales,Bacillaceae,Bacillus,p,meat,107.87,0.8,3,0.16,30,11,23.00188061,0.0,0.0,1.78376517,1.53376563469774,Klebsiella pneumoniae,0.7861176510763851,0.7476479836213549,34.17949444442357,6.111075525064169
19,Al2O3,Bacillus subtilis,non-pathogenic,"purchased from us research nanomaterials, inc.в ",MIC,rod-shaped,Bacteria,Bacillota,Bacilli,Bacillales,Bacillaceae,Bacillus,p,urine,101.961276,1.9,4,0.16,30,24,51.55776403,85.5,13.5675,4.688846487,2.138521545843844,Klebsiella pneumoniae,1.3933152078232212,0.7452063380206226,137.56930582816932,24.73518755869611
20,ZnO,Bacillus subtilis,non-pathogenic,green_synthesis,MBEC,cubic,Bacteria,Bacillota,Bacilli,Bacillales,Bacillaceae,Bacillus,p,lungs,81.3794,8.0,3,0.16,30,8,22.60496136,17.07,0.6865,4.082482905,2.5756272504539846,Klebsiella pneumoniae,1.8439072340899907,0.7317200163639939,376.380617515083,69.80832765845577
21,Ag,Bacillus subtilis,non-pathogenic,"purchased from us research nanomaterials, inc.в ",MIC,spheroidal,Bacteria,Bacillota,Bacilli,Bacillales,Bacillaceae,Bacillus,p,respiratory tract,107.87,12.0,18,0.16,30,11,23.00188061,0.0,0.0,1.78376517,1.5190267526115808,Klebsiella pneumoniae,0.7899582873616003,0.7290684652499805,33.038989248174936,6.165357826673428
22,ZnO,Bacillus subtilis,non-pathogenic,"purchased from us research nanomaterials, inc.в ",MIC,rod-shaped,Bacteria,Bacillota,Bacilli,Bacillales,Bacillaceae,Bacillus,p,urine,81.3794,4.0,18,0.16,30,8,22.60496136,17.07,0.6865,4.082482905,0.8536166859528881,Klebsiella pneumoniae,0.12805837684290156,0.7255583091099865,7.138659803956727,1.3429454645772327
23,Ag,Bacillus subtilis,non-pathogenic,"purchased from us research nanomaterials, inc.в ",MBEC,cubic,Bacteria,Bacillota,Bacilli,Bacillales,Bacillaceae,Bacillus,p,mammary gland,107.8682,8.7,4,0.16,30,11,23.00188061,0.0,0.0,1.78376517,2.311860874681744,Klebsiella pneumoniae,1.6026926510179216,0.7091682236638226,205.05051985988274,40.0583125740312
24,ZnO,Bacillus subtilis,non-pathogenic,"purchased from us research nanomaterials, inc.в ",MIC,nanoplates,Bacteria,Bacillota,Bacilli,Bacillales,Bacillaceae,Bacillus,p,soil,81.3794,4.0,24,0.16,30,8,22.60496136,17.07,0.6865,4.082482905,2.213982026827688,Klebsiella pneumoniae,1.5126705818743464,0.7013114449533417,163.67487835728,32.55896432520502
25,TiO2,Bacillus subtilis,non-pathogenic,"purchased from us research nanomaterials, inc.в ",MBEC,cubic,Bacteria,Bacillota,Bacilli,Bacillales,Bacillaceae,Bacillus,p,skin,79.866,5.1,3,0.16,30,16,26.40611331,34.14,1.373,2.878049394,3.1204346552777853,Klebsiella pneumoniae,2.428639577837475,0.6917950774403101,1319.576750898472,268.311679555062
26,CuO,Bacillus subtilis,non-pathogenic,electrochemical synthesis,MBC,cubic,Bacteria,Bacillota,Bacilli,Bacillales,Bacillaceae,Bacillus,p,mammary gland,79.5454,6.0,4,0.16,30,17,20.67942236,17.07,0.6865,1.651411411,3.1608944978024587,Klebsiella pneumoniae,2.4700602020127835,0.6908342957896751,1448.4199493494086,295.16183524043504
27,ZrO2,Bacillus subtilis,non-pathogenic,purchased from sigma aldrich ( citrate capped agnps),MIC,spheroidal,Bacteria,Bacillota,Bacilli,Bacillales,Bacillaceae,Bacillus,p,respiratory tract,123.2218,1.9,1,0.16,30,16,29.29254423,34.14,1.373,3.774536472,1.7263717215419778,Klebsiella pneumoniae,1.0377361362777378,0.6886355852642401,53.25638965910134,10.907774128975603
28,ZnO,Bacillus subtilis,non-pathogenic,electrochemical synthesis,MBC,spherical,Bacteria,Bacillota,Bacilli,Bacillales,Bacillaceae,Bacillus,p,urine,81.3794,4.7,4,0.16,30,8,22.60496136,17.07,0.6865,4.082482905,1.8505183313459135,Klebsiella pneumoniae,1.1620003804636605,0.688517950882253,70.87912235314778,14.52112889710614
29,TiO2,Bacillus subtilis,non-pathogenic,"purchased from us research nanomaterials, inc.в ",MBC,spherical,Bacteria,Bacillota,Bacilli,Bacillales,Bacillaceae,Bacillus,p,water,79.866,5.1,2,0.16,30,16,26.40611331,34.14,1.373,2.878049394,2.9891959801295833,Klebsiella pneumoniae,2.3007805058366357,0.6884154742929476,975.4297117297077,199.88513868397854
30,ZnO,Bacillus subtilis,non-pathogenic,"purchased from us research nanomaterials, inc.в ",MBC,quasi-hexagonal,Bacteria,Bacillota,Bacilli,Bacillales,Bacillaceae,Bacillus,p,skin,81.3794,25.0,4,0.16,30,8,22.60496136,17.07,0.6865,4.082482905,1.5857479549530598,Klebsiella pneumoniae,0.89737499769831,0.6883729572547498,38.52547082131422,7.895415641779411
31,Ag,Bacillus subtilis,non-pathogenic,"purchased from us research nanomaterials, inc.в ",MIC,spherical,Bacteria,Bacillota,Bacilli,Bacillales,Bacillaceae,Bacillus,p,mammary gland,107.87,4.0,3,0.16,30,11,23.00188061,0.0,0.0,1.78376517,1.3478705794768033,Klebsiella pneumoniae,0.66168424489801,0.6861863345787933,22.277711705955184,4.588642728862459
32,CuO,Bacillus subtilis,non-pathogenic,"purchased from us research nanomaterials, inc.в ",MBC,quasi-spherical,Bacteria,Bacillota,Bacilli,Bacillales,Bacillaceae,Bacillus,p,skin,79.5454,0.8,2,0.16,30,17,20.67942236,17.07,0.6865,1.651411411,2.7882731438991444,Klebsiella pneumoniae,2.1026032162003383,0.6856699276988061,614.1481442581194,126.6494231937157
33,Ag,Bacillus subtilis,non-pathogenic,electrochemical synthesis,MIC,nanoplates,Bacteria,Bacillota,Bacilli,Bacillales,Bacillaceae,Bacillus,p,respiratory tract,107.87,1.4,24,0.16,30,11,23.00188061,0.0,0.0,1.78376517,2.595355824462829,Klebsiella pneumoniae,1.9106395773078477,0.6847162471549815,393.8726494972718,81.4028438225743
34,ZnO,Bacillus subtilis,non-pathogenic,chemical_synthesis,MBEC,hexagonal,Bacteria,Bacillota,Bacilli,Bacillales,Bacillaceae,Bacillus,p,carious dentine,81.3794,5.1,4,0.16,30,8,22.60496136,17.07,0.6865,4.082482905,1.7953468012339087,Klebsiella pneumoniae,1.1112749223631138,0.6840718788707949,62.42331112133214,12.92036915676656
35,Ag,Bacillus subtilis,non-pathogenic,chemical_synthesis,MIC,rod-shaped,Bacteria,Bacillota,Bacilli,Bacillales,Bacillaceae,Bacillus,p,respiratory tract,107.87,4.0,0,0.16,30,11,23.00188061,0.0,0.0,1.78376517,0.89425982699816,Klebsiella pneumoniae,0.21565994448778314,0.6785998825103768,7.83898488409292,1.6430846730011108
36,ZnO,Bacillus subtilis,non-pathogenic,electrochemical synthesis,MBEC,hexagonal,Bacteria,Bacillota,Bacilli,Bacillales,Bacillaceae,Bacillus,p,lungs,81.3794,1.4,0,0.16,30,8,22.60496136,17.07,0.6865,4.082482905,2.196801554726927,Klebsiella pneumoniae,1.5185457628806747,0.6782557918462522,157.32638175494392,33.00241816926526
37,Ag,Bacillus subtilis,non-pathogenic,electrochemical synthesis,MIC,spheroidal,Bacteria,Bacillota,Bacilli,Bacillales,Bacillaceae,Bacillus,p,mouth,107.87,0.8,2,0.16,30,11,23.00188061,0.0,0.0,1.78376517,0.8941241914546478,Klebsiella pneumoniae,0.2436609681975539,0.6504632232570939,7.836537054326174,1.7525118700549305
38,CeO2,Bacillus subtilis,non-pathogenic,"purchased from us research nanomaterials, inc.в ",MIC,cubic,Bacteria,Bacillota,Bacilli,Bacillales,Bacillaceae,Bacillus,p,lungs,172.115,8.7,4,0.16,30,16,39.19032095,34.14,1.373,4.456551526,2.760462196695208,Klebsiella pneumoniae,2.1121239723455107,0.6483382243496973,576.0526736846292,129.45653312843552
39,ZnO,Bacillus subtilis,non-pathogenic,purchased from sigma aldrich ( citrate capped agnps),MBC,cubic,Bacteria,Bacillota,Bacilli,Bacillales,Bacillaceae,Bacillus,p,soil,81.3794,8.0,2,0.16,30,8,22.60496136,17.07,0.6865,4.082482905,2.391720268041475,Klebsiella pneumoniae,1.745046924975101,0.646673343066374,246.4451456365516,55.59643252745746
40,CuO,Bacillus subtilis,non-pathogenic,green_synthesis,MBC,nanoplates,Bacteria,Bacillota,Bacilli,Bacillales,Bacillaceae,Bacillus,p,food,79.5454,4.7,0,0.16,30,17,20.67942236,17.07,0.6865,1.651411411,3.31688777084327,Klebsiella pneumoniae,2.67102936303729,0.6458584078059801,2074.377393422982,468.84508010774124
41,Al2O3,Bacillus subtilis,non-pathogenic,"purchased from us research nanomaterials, inc.в ",MIC,cubic,Bacteria,Bacillota,Bacilli,Bacillales,Bacillaceae,Bacillus,p,mouth,101.961276,4.0,2,0.16,30,24,51.55776403,85.5,13.5675,4.688846487,2.22100328545977,Klebsiella pneumoniae,1.5752131628913064,0.6457901225684637,166.3425234218787,37.60219202228266
42,Ag,Bacillus subtilis,non-pathogenic,purchased from sigma aldrich ( citrate capped agnps),MIC,hexagonal,Bacteria,Bacillota,Bacilli,Bacillales,Bacillaceae,Bacillus,p,mouth,107.87,4.0,0,0.16,30,11,23.00188061,0.0,0.0,1.78376517,1.7008263739470566,Klebsiella pneumoniae,1.0582234088530167,0.6426029650940399,50.21417987404157,11.434664031
43,ZnO,Bacillus subtilis,non-pathogenic,"purchased from us research nanomaterials, inc.в ",MBC,cubic,Bacteria,Bacillota,Bacilli,Bacillales,Bacillaceae,Bacillus,p,lungs,81.3794,18.5,2,0.16,30,8,22.60496136,17.07,0.6865,4.082482905,2.375244253523147,Klebsiella pneumoniae,1.7343090476407863,0.6409352058823605,237.270777578421,54.23867201007637
44,CuO,Bacillus subtilis,non-pathogenic,"purchased from us research nanomaterials, inc.в ",MBEC,quasi-hexagonal,Bacteria,Bacillota,Bacilli,Bacillales,Bacillaceae,Bacillus,p,urine,79.5454,0.8,0,0.16,30,17,20.67942236,17.07,0.6865,1.651411411,2.6446838909733326,Klebsiella pneumoniae,2.00763829572852,0.6370455952448126,441.24915932652607,101.7743402436063
45,Au,Bacillus subtilis,non-pathogenic,"purchased from us research nanomaterials, inc.в ",MIC,quasi-hexagonal,Bacteria,Bacillota,Bacilli,Bacillales,Bacillaceae,Bacillus,p,lungs,196.966569,1.4,3,0.16,30,11,23.00188061,0.0,0.0,2.46797672,1.2206585958281067,Klebsiella pneumoniae,0.584616963543849,0.6360416322842577,16.621055353006295,3.842527316187118
46,ZnO,Bacillus subtilis,non-pathogenic,green_synthesis,MBC,spherical,Bacteria,Bacillota,Bacilli,Bacillales,Bacillaceae,Bacillus,p,water,81.3794,1.9,0,0.16,30,8,22.60496136,17.07,0.6865,4.082482905,1.917178979588509,Klebsiella pneumoniae,1.2851620145734266,0.6320169650150824,82.63784429683237,19.28244115014954
47,Ag,Bacillus subtilis,non-pathogenic,"purchased from us research nanomaterials, inc.в ",MBEC,nanoplates,Bacteria,Bacillota,Bacilli,Bacillales,Bacillaceae,Bacillus,p,mouth,107.8682,8.7,4,0.16,30,11,23.00188061,0.0,0.0,1.78376517,2.224984692858731,Klebsiella pneumoniae,1.5989367790891824,0.6260479137695485,167.8744848046784,39.71337338973991
48,ZnO,Bacillus subtilis,non-pathogenic,chemical_synthesis,MIC,rod-shaped,Bacteria,Bacillota,Bacilli,Bacillales,Bacillaceae,Bacillus,p,respiratory tract,81.3794,0.8,0,0.16,30,8,22.60496136,17.07,0.6865,4.082482905,0.9521392029378427,Klebsiella pneumoniae,0.32657508061198826,0.6255641223258545,8.956517997808277,2.121168067864517
49,TiO2,Bacillus subtilis,non-pathogenic,chemical_synthesis,MIC,quasi-hexagonal,Bacteria,Bacillota,Bacilli,Bacillales,Bacillaceae,Bacillus,p,skin,79.866,1.4,2,0.16,30,16,26.40611331,34.14,1.373,2.878049394,1.7556996158446545,Klebsiella pneumoniae,1.1446959783934822,0.6110036374511723,56.97700487656048,13.953911955310335
50,Cu,Bacillus subtilis,non-pathogenic,"purchased from us research nanomaterials, inc.в ",MBC,quasi-spherical,Bacteria,Bacillota,Bacilli,Bacillales,Bacillaceae,Bacillus,p,skin,63.55,5.1,2,0.16,30,11,17.96409803,0.0,0.0,1.243163121,1.9491080242430192,Klebsiella pneumoniae,1.3469058589179903,0.6022021653250289,88.94223208176851,22.22828000772916
51,ZnO,Bacillus subtilis,non-pathogenic,purchased from sigma aldrich ( citrate capped agnps),MBC,nanoplates,Bacteria,Bacillota,Bacilli,Bacillales,Bacillaceae,Bacillus,p,urine,81.3794,12.0,3,0.16,30,8,22.60496136,17.07,0.6865,4.082482905,2.3676022308415994,Klebsiella pneumoniae,1.8432256419820068,0.5243765888595926,233.1321832694218,69.6988547328605
52,TiO2,Bacillus subtilis,non-pathogenic,chemical_synthesis,MIC,nanoplates,Bacteria,Bacillota,Bacilli,Bacillales,Bacillaceae,Bacillus,p,skin,79.866,0.8,3,0.16,30,16,26.40611331,34.14,1.373,2.878049394,2.4486566445310127,Klebsiella pneumoniae,1.9431502165157206,0.5055064280152921,280.96786055911394,87.73042161884405
53,Ag,Bacillus subtilis,non-pathogenic,purchased from sigma aldrich ( citrate capped agnps),MBEC,nanoplates,Bacteria,Bacillota,Bacilli,Bacillales,Bacillaceae,Bacillus,p,lungs,107.87,6.0,1,0.16,30,11,23.00188061,0.0,0.0,1.78376517,2.4632148214559804,Klebsiella pneumoniae,1.9621725446140705,0.5010422768419098,290.54594691545344,91.65845756120892
54,ZnO,Bacillus subtilis,non-pathogenic,"purchased from us research nanomaterials, inc.в ",MBC,cubic,Bacteria,Bacillota,Bacilli,Bacillales,Bacillaceae,Bacillus,p,carious dentine,81.3794,35.0,1,0.16,30,8,22.60496136,17.07,0.6865,4.082482905,1.5230714180155087,Klebsiella pneumoniae,1.0915537941630498,0.43151762385245895,33.34812479309975,12.346782399072568
55,ZnO,Bacillus subtilis,non-pathogenic,purchased from sigma aldrich ( citrate capped agnps),MBEC,triangular,Bacteria,Bacillota,Bacilli,Bacillales,Bacillaceae,Bacillus,p,nose,81.3794,12.0,18,0.16,30,8,22.60496136,17.07,0.6865,4.082482905,0.6082451102513955,Klebsiella pneumoniae,0.18932550440714424,0.41891960584425125,4.057374638758051,1.5464130443402833
56,Al2O3,Bacillus subtilis,non-pathogenic,"purchased from us research nanomaterials, inc.в ",MBEC,quasi-hexagonal,Bacteria,Bacillota,Bacilli,Bacillales,Bacillaceae,Bacillus,p,lungs,101.961276,18.0,0,0.16,30,24,51.55776403,85.5,13.5675,4.688846487,2.5683253967292545,Klebsiella pneumoniae,2.173548689945124,0.39477670678413057,370.1053787300272,149.1243933527258
57,Ag,Bacillus subtilis,non-pathogenic,chemical_synthesis,MBEC,hexagonal,Bacteria,Bacillota,Bacilli,Bacillales,Bacillaceae,Bacillus,p,food,107.87,8.0,0,0.16,30,11,23.00188061,0.0,0.0,1.78376517,2.3114330811234494,Klebsiella pneumoniae,1.9288687365127803,0.382564344610669,204.84863817304895,84.89238529707015
58,ZnO,Bacillus subtilis,non-pathogenic,"purchased from us research nanomaterials, inc.в ",MBEC,quasi-spherical,Bacteria,Bacillota,Bacilli,Bacillales,Bacillaceae,Bacillus,p,food,81.3794,17.5,18,0.16,30,8,22.60496136,17.07,0.6865,4.082482905,2.279148288560957,Klebsiella pneumoniae,1.9396306818152484,0.33951760674570863,190.17275082878686,87.02232490690267
59,Ag,Bacillus subtilis,non-pathogenic,"purchased from us research nanomaterials, inc.в ",MBC,tetragonal,Bacteria,Bacillota,Bacilli,Bacillales,Bacillaceae,Bacillus,p,mammary gland,107.87,41.23,18,0.16,30,11,23.00188061,0.0,0.0,1.78376517,1.4086356888300862,Klebsiella pneumoniae,1.071591268216889,0.33704442061319706,25.623337019676075,11.79210311596998
60,ZnO,Bacillus subtilis,non-pathogenic,purchased from sigma aldrich ( citrate capped agnps),MBEC,hexagonal,Bacteria,Bacillota,Bacilli,Bacillales,Bacillaceae,Bacillus,p,blood,81.3794,13.0,18,0.16,30,8,22.60496136,17.07,0.6865,4.082482905,1.1890291986423813,Klebsiella pneumoniae,0.9016481027503477,0.28738109589203364,15.453583341316493,7.973483553185551
61,Ag,Bacillus subtilis,non-pathogenic,electrochemical synthesis,MBC,cubic,Bacteria,Bacillota,Bacilli,Bacillales,Bacillaceae,Bacillus,p,lungs,107.8682,22.5,2,0.16,30,11,23.00188061,0.0,0.0,1.78376517,1.8218470308640728,Klebsiella pneumoniae,1.5610285246857265,0.26081850617834634,66.35093250304529,36.39389390395789
62,ZnO,Bacillus subtilis,non-pathogenic,electrochemical synthesis,MBEC,spherical,Bacteria,Bacillota,Bacilli,Bacillales,Bacillaceae,Bacillus,p,mouth,81.3794,0.8,24,0.16,30,8,22.60496136,17.07,0.6865,4.082482905,2.6617372243856128,Klebsiella pneumoniae,2.4493965855713666,0.21234063881424614,458.9202530516403,281.44697523288676
63,Au,Bacillus subtilis,non-pathogenic,electrochemical synthesis,MBEC,spherical,Bacteria,Bacillota,Bacilli,Bacillales,Bacillaceae,Bacillus,p,urine,196.966569,28.0,3,0.16,30,11,23.00188061,0.0,0.0,2.46797672,1.5690549639225317,Klebsiella pneumoniae,1.4005135478438986,0.16854141607863315,37.07276377730878,25.148584629411783
64,ZnO,Bacillus subtilis,non-pathogenic,green_synthesis,MIC,nanoplates,Bacteria,Bacillota,Bacilli,Bacillales,Bacillaceae,Bacillus,p,water,81.3794,18.0,2,0.16,30,8,22.60496136,17.07,0.6865,4.082482905,1.8588189226982972,Klebsiella pneumoniae,1.6919585026202106,0.16686042007808655,72.24685105149317,49.19925229358004
65,Ag,Bacillus subtilis,non-pathogenic,electrochemical synthesis,MBC,hexagonal,Bacteria,Bacillota,Bacilli,Bacillales,Bacillaceae,Bacillus,p,lungs,107.8682,35.0,2,0.16,30,11,23.00188061,0.0,0.0,1.78376517,1.6518349369646763,Klebsiella pneumoniae,1.5069364937751255,0.1448984431895508,44.85748669243868,32.13190644279766
66,ZnO,Bacillus subtilis,non-pathogenic,"purchased from us research nanomaterials, inc.в ",MIC,triangular,Bacteria,Bacillota,Bacilli,Bacillales,Bacillaceae,Bacillus,p,skin,81.3794,9.0,4,0.16,30,8,22.60496136,17.07,0.6865,4.082482905,-0.26490285578297357,Klebsiella pneumoniae,-0.4094504493739741,0.14454759359100056,0.5433718608533132,0.3895377492958627
67,Au,Bacillus subtilis,non-pathogenic,green_synthesis,MIC,nanoplates,Bacteria,Bacillota,Bacilli,Bacillales,Bacillaceae,Bacillus,p,food,196.966569,26.38,3,0.16,30,11,23.00188061,0.0,0.0,2.46797672,2.036907371850524,Klebsiella pneumoniae,1.897060538286365,0.13984683356415895,108.86978665198208,78.89700880886548
68,CuO,Bacillus subtilis,non-pathogenic,green_synthesis,MIC,cubic,Bacteria,Bacillota,Bacilli,Bacillales,Bacillaceae,Bacillus,p,mouth,79.5454,13.0,0,0.16,30,17,20.67942236,17.07,0.6865,1.651411411,2.7811239542821875,Klebsiella pneumoniae,2.6552545161827865,0.125869438099401,604.1210301467119,452.1208299778233
69,Au,Bacillus subtilis,non-pathogenic,green_synthesis,MIC,spherical,Bacteria,Bacillota,Bacilli,Bacillales,Bacillaceae,Bacillus,p,mouth,196.966569,13.0,1,0.16,30,11,23.00188061,0.0,0.0,2.46797672,1.8380050263020111,Klebsiella pneumoniae,1.7478828688527421,0.09012215744926899,68.86602664995428,55.96066527449335
70,ZnO,Bacillus subtilis,non-pathogenic,purchased from sigma aldrich ( citrate capped agnps),MIC,rod-shaped,Bacteria,Bacillota,Bacilli,Bacillales,Bacillaceae,Bacillus,p,meat,81.3794,40.0,3,0.16,30,8,22.60496136,17.07,0.6865,4.082482905,0.8877751288062465,Klebsiella pneumoniae,0.8325048291740587,0.05527029963218788,7.722806061941703,6.7999360620744245
71,Au,Bacillus subtilis,non-pathogenic,purchased from sigma aldrich ( citrate capped agnps),MBC,rod-shaped,Bacteria,Bacillota,Bacilli,Bacillales,Bacillaceae,Bacillus,p,lungs,196.966569,27.43,2,0.16,30,11,23.00188061,0.0,0.0,2.46797672,1.579046355480417,Klebsiella pneumoniae,1.5282594080440766,0.05078694743634049,37.935547424426595,33.74888336164113
72,Ag,Bacillus subtilis,non-pathogenic,purchased from sigma aldrich ( citrate capped agnps),MBEC,cubic,Bacteria,Bacillota,Bacilli,Bacillales,Bacillaceae,Bacillus,p,urine,107.87,41.23,4,0.16,30,11,23.00188061,0.0,0.0,1.78376517,1.7926879722256734,Klebsiella pneumoniae,1.769324241836391,0.02336373038928241,62.042311835139465,58.79281325765824
73,ZnO,Bacillus subtilis,non-pathogenic,green_synthesis,MBC,tetragonal,Bacteria,Bacillota,Bacilli,Bacillales,Bacillaceae,Bacillus,p,lungs,81.3794,17.5,3,0.16,30,8,22.60496136,17.07,0.6865,4.082482905,1.4939782208306234,Klebsiella pneumoniae,1.5059583847721183,-0.011980163941494926,31.187331807221067,32.059621061511784
74,Ag,Bacillus subtilis,non-pathogenic,electrochemical synthesis,MBEC,cubic,Bacteria,Bacillota,Bacilli,Bacillales,Bacillaceae,Bacillus,p,respiratory tract,107.87,26.06,18,0.16,30,11,23.00188061,0.0,0.0,1.78376517,1.7612506483202317,Klebsiella pneumoniae,1.8306868267944596,-0.0694361784742279,57.70994339375395,67.7153031072494
75,ZnO,Bacillus subtilis,non-pathogenic,electrochemical synthesis,MIC,triangular,Bacteria,Bacillota,Bacilli,Bacillales,Bacillaceae,Bacillus,p,nose,81.3794,28.0,3,0.16,30,8,22.60496136,17.07,0.6865,4.082482905,-0.5937813461040631,Klebsiella pneumoniae,-0.5223841235840649,-0.07139722251999814,0.25481128260192,0.3003418672041392
76,Ag,Bacillus subtilis,non-pathogenic,chemical_synthesis,MBEC,cubic,Bacteria,Bacillota,Bacilli,Bacillales,Bacillaceae,Bacillus,p,meat,107.8682,10.0,24,0.16,30,11,23.00188061,0.0,0.0,1.78376517,2.524251151373117,Klebsiella pneumoniae,2.6262683690344057,-0.10201721766128857,334.38836004431425,422.9298798971137
77,ZnO,Bacillus subtilis,non-pathogenic,chemical_synthesis,MBEC,cubic,Bacteria,Bacillota,Bacilli,Bacillales,Bacillaceae,Bacillus,p,urine,81.3794,18.5,18,0.16,30,8,22.60496136,17.07,0.6865,4.082482905,2.157218966602809,Klebsiella pneumoniae,2.277214076177638,-0.11999510957482862,143.62133741598603,189.32766389020634
78,Au,Bacillus subtilis,non-pathogenic,purchased from sigma aldrich ( citrate capped agnps),MBEC,spheroidal,Bacteria,Bacillota,Bacilli,Bacillales,Bacillaceae,Bacillus,p,meat,196.966569,20.0,4,0.16,30,11,23.00188061,0.0,0.0,2.46797672,2.2459289030874943,Klebsiella pneumoniae,2.367969895445576,-0.12204099235808163,176.1687622752723,233.32963165451264
79,ZnO,Bacillus subtilis,non-pathogenic,chemical_synthesis,MIC,spherical,Bacteria,Bacillota,Bacilli,Bacillales,Bacillaceae,Bacillus,p,water,81.3794,20.0,18,0.16,30,8,22.60496136,17.07,0.6865,4.082482905,1.3132634428471481,Klebsiella pneumoniae,1.46459573434507,-0.15133229149792182,20.571380766635535,29.147125729274812
80,Ag,Bacillus subtilis,non-pathogenic,chemical_synthesis,MBC,rod-shaped,Bacteria,Bacillota,Bacilli,Bacillales,Bacillaceae,Bacillus,p,respiratory tract,107.87,40.0,1,0.16,30,11,23.00188061,0.0,0.0,1.78376517,0.9056236220823085,Klebsiella pneumoniae,1.0608613708559815,-0.15523774877367302,8.04680768628866,11.504331058679094
81,Pd,Bacillus subtilis,non-pathogenic,"purchased from us research nanomaterials, inc.в ",MBEC,triangular,Bacteria,Bacillota,Bacilli,Bacillales,Bacillaceae,Bacillus,p,water,195.084,26.38,2,0.16,30,10,21.14774404,0.0,0.0,1.870828693,0.7928235003853655,Klebsiella pneumoniae,0.9481227750715834,-0.15529927468621785,6.206167609793738,8.874068465403766
82,Ag,Bacillus subtilis,non-pathogenic,purchased from sigma aldrich ( citrate capped agnps),MBC,tetragonal,Bacteria,Bacillota,Bacilli,Bacillales,Bacillaceae,Bacillus,p,nose,107.87,45.26,0,0.16,30,11,23.00188061,0.0,0.0,1.78376517,1.0823297475761655,Klebsiella pneumoniae,1.2412539105144298,-0.15892416293826428,12.087312423925306,17.428255195120997
83,Ag,Bacillus subtilis,non-pathogenic,purchased from sigma aldrich ( citrate capped agnps),MIC,tetragonal,Bacteria,Bacillota,Bacilli,Bacillales,Bacillaceae,Bacillus,p,carious dentine,107.8682,41.23,2,0.16,30,11,23.00188061,0.0,0.0,1.78376517,-0.25954708931593773,Klebsiella pneumoniae,-0.0971413457126955,-0.16240574360324223,0.5501142699506326,0.7995739828821222
84,Cu,Bacillus subtilis,non-pathogenic,purchased from sigma aldrich ( citrate capped agnps),MIC,cubic,Bacteria,Bacillota,Bacilli,Bacillales,Bacillaceae,Bacillus,p,lungs,63.55,45.26,2,0.16,30,11,17.96409803,0.0,0.0,1.243163121,1.275314985148,Klebsiella pneumoniae,1.4460266770545993,-0.1707116919065994,18.850157582505787,27.927153818295018
85,Ag,Bacillus subtilis,non-pathogenic,green_synthesis,MBC,nanoplates,Bacteria,Bacillota,Bacilli,Bacillales,Bacillaceae,Bacillus,p,urine,107.87,8.0,24,0.16,30,11,23.00188061,0.0,0.0,1.78376517,2.1510209634877375,Klebsiella pneumoniae,2.332526595123927,-0.1815056316361896,141.5862122275768,215.04363627321976
86,ZnO,Bacillus subtilis,non-pathogenic,purchased from sigma aldrich ( citrate capped agnps),MBC,hexagonal,Bacteria,Bacillota,Bacilli,Bacillales,Bacillaceae,Bacillus,p,water,81.3794,79.0,24,0.16,30,8,22.60496136,17.07,0.6865,4.082482905,2.386212618554482,Klebsiella pneumoniae,2.702112314022483,-0.31589969546800134,243.33950403429427,503.6308372250068
87,Cu,Bacillus subtilis,non-pathogenic,chemical_synthesis,MBC,triangular,Bacteria,Bacillota,Bacilli,Bacillales,Bacillaceae,Bacillus,p,mouth,63.55,50.0,0,0.16,30,11,17.96409803,0.0,0.0,1.243163121,0.8256043321572997,Klebsiella pneumoniae,1.1613142102694582,-0.3357098781121586,6.692745830241426,14.498204132841007
88,ZnO,Bacillus subtilis,non-pathogenic,purchased from sigma aldrich ( citrate capped agnps),MBEC,spherical,Bacteria,Bacillota,Bacilli,Bacillales,Bacillaceae,Bacillus,p,urine,81.3794,50.0,24,0.16,30,8,22.60496136,17.07,0.6865,4.082482905,2.552838052945278,Klebsiella pneumoniae,2.966091268657139,-0.4132532157118609,357.1396370640745,924.892523239907
89,Ag2O,Bacillus subtilis,non-pathogenic,chemical_synthesis,MBC,spherical,Bacteria,Bacillota,Bacilli,Bacillales,Bacillaceae,Bacillus,p,mouth,231.7358,0.8,18,0.16,30,28,46.55109718,17.07,0.6865,3.975778631,1.1213149239994156,Klebsiella pneumoniae,1.6474720118640611,-0.5261570878646455,13.222541050568566,44.409104096755655
