,np,bacteria,bac_type,np_synthesis,method,shape,kingdom,phylum,class,order,family,genus,gram,isolated_from,mol_weight (g/mol),np_size_avg (nm),time_set,"min_Incub_period, h","growth_temp, C",Valance_electron,labuteASA,tpsa,CrippenMR,chi0v,pred_MIC_norm,pathogenic_bacteria,pred_MIC_pathogen,Fitness,pred_norm_MIC_original,pred_path_MIC_original
0,ZnO,Bacillus subtilis,non-pathogenic,"purchased from us research nanomaterials, inc.в ",MBC,quasi-spherical,Bacteria,Bacillota,Bacilli,Bacillales,Bacillaceae,Bacillus,p,nose,81.3794,5.1,3,0.16,30,8,22.60496136,17.07,0.6865,4.082482905,2.2426639160076296,Klebsiella pneumoniae,1.3844466042060792,0.8582173118015504,174.84930726061035,24.235199784319367
1,ZnO,Bacillus subtilis,non-pathogenic,green_synthesis,MIC,rod-shaped,Bacteria,Bacillota,Bacilli,Bacillales,Bacillaceae,Bacillus,p,nose,81.3794,4.0,0,0.16,30,8,22.60496136,17.07,0.6865,4.082482905,0.8964648393626524,Klebsiella pneumoniae,0.1567725143038674,0.739692325058785,7.878886411215557,1.4347377134575607
2,Ag,Bacillus subtilis,non-pathogenic,chemical_synthesis,MIC,spheroidal,Bacteria,Bacillota,Bacilli,Bacillales,Bacillaceae,Bacillus,p,mouth,107.87,1.4,1,0.16,30,11,23.00188061,0.0,0.0,1.78376517,0.7005851162457293,Klebsiella pneumoniae,-0.02507896427879186,0.7256640805245211,5.018629282085421,0.9438892408804572
3,ZnO,Bacillus subtilis,non-pathogenic,purchased from sigma aldrich ( citrate capped agnps),MBC,quasi-spherical,Bacteria,Bacillota,Bacilli,Bacillales,Bacillaceae,Bacillus,p,urine,81.3794,11.3,1,0.16,30,8,22.60496136,17.07,0.6865,4.082482905,2.0059374677627853,Klebsiella pneumoniae,1.3671410788008258,0.6387963889619594,101.37654074071264,23.288476515157537
4,Pd,Bacillus subtilis,non-pathogenic,electrochemical synthesis,MBEC,hexagonal,Bacteria,Bacillota,Bacilli,Bacillales,Bacillaceae,Bacillus,p,urine,195.084,6.0,0,0.16,30,10,21.14774404,0.0,0.0,1.870828693,2.167950021938288,Klebsiella pneumoniae,1.8225730145849925,0.34537700735329535,147.21430803138657,66.46194008544936
5,Ag,Bacillus subtilis,non-pathogenic,electrochemical synthesis,MIC,spheroidal,Bacteria,Bacillota,Bacilli,Bacillales,Bacillaceae,Bacillus,p,meat,107.8682,4.7,24,0.16,30,11,23.00188061,0.0,0.0,1.78376517,1.7549030063825584,Klebsiella pneumoniae,1.4225269891543315,0.33237601722822685,56.87258996587418,26.45617101025765
6,ZnO,Bacillus subtilis,non-pathogenic,chemical_synthesis,MBEC,quasi-spherical,Bacteria,Bacillota,Bacilli,Bacillales,Bacillaceae,Bacillus,p,food,81.3794,12.5,4,0.16,30,8,22.60496136,17.07,0.6865,4.082482905,2.062236192204428,Klebsiella pneumoniae,1.7326838168596173,0.32955237534481063,115.40807370435051,54.03607762090793
7,ZnO,Bacillus subtilis,non-pathogenic,electrochemical synthesis,MBC,tetragonal,Bacteria,Bacillota,Bacilli,Bacillales,Bacillaceae,Bacillus,p,respiratory tract,81.3794,12.0,4,0.16,30,8,22.60496136,17.07,0.6865,4.082482905,1.3017117396084035,Klebsiella pneumoniae,1.0163730693738646,0.28533867023453885,20.03142012365908,10.384200605232651
8,CuO,Bacillus subtilis,non-pathogenic,electrochemical synthesis,MBC,spherical,Bacteria,Bacillota,Bacilli,Bacillales,Bacillaceae,Bacillus,p,urine,79.5454,9.0,4,0.16,30,17,20.67942236,17.07,0.6865,1.651411411,2.9869895104462003,Klebsiella pneumoniae,2.731828813760888,0.25516069668531216,970.4865267137816,539.2980050435991
9,Ag,Bacillus subtilis,non-pathogenic,green_synthesis,MIC,spheroidal,Bacteria,Bacillota,Bacilli,Bacillales,Bacillaceae,Bacillus,p,mouth,107.87,8.7,3,0.16,30,11,23.00188061,0.0,0.0,1.78376517,1.6853567203533246,Klebsiella pneumoniae,1.4330707728416976,0.25228594751162703,48.45702199551041,27.10633322035977
10,Ag,Bacillus subtilis,non-pathogenic,electrochemical synthesis,MBC,nanoplates,Bacteria,Bacillota,Bacilli,Bacillales,Bacillaceae,Bacillus,p,food,107.8682,0.8,2,0.16,30,11,23.00188061,0.0,0.0,1.78376517,1.3062182518567769,Klebsiella pneumoniae,1.1045273601300027,0.20169089172677412,20.240360892595962,12.721178897512063
11,Au,Bacillus subtilis,non-pathogenic,purchased from sigma aldrich ( citrate capped agnps),MBEC,hexagonal,Bacteria,Bacillota,Bacilli,Bacillales,Bacillaceae,Bacillus,p,water,196.966569,9.0,2,0.16,30,11,23.00188061,0.0,0.0,2.46797672,2.2456722078169795,Klebsiella pneumoniae,2.0469014936732672,0.19877071414371228,176.0646662570672,111.40418188589732
12,Ag,Bacillus subtilis,non-pathogenic,electrochemical synthesis,MBEC,nanoplates,Bacteria,Bacillota,Bacilli,Bacillales,Bacillaceae,Bacillus,p,respiratory tract,107.8682,20.0,2,0.16,30,11,23.00188061,0.0,0.0,1.78376517,2.4428377613712846,Klebsiella pneumoniae,2.318366669843407,0.1244710915278775,277.2284273808039,208.1453292568863
13,ZnO,Bacillus subtilis,non-pathogenic,electrochemical synthesis,MIC,triangular,Bacteria,Bacillota,Bacilli,Bacillales,Bacillaceae,Bacillus,p,meat,81.3794,10.0,1,0.16,30,8,22.60496136,17.07,0.6865,4.082482905,-0.28422672579621766,Klebsiella pneumoniae,-0.3844821339559208,0.10025540815970313,0.5197246006435062,0.41258920989831993
14,ZrO2,Bacillus subtilis,non-pathogenic,electrochemical synthesis,MBC,cubic,Bacteria,Bacillota,Bacilli,Bacillales,Bacillaceae,Bacillus,p,water,123.2218,35.0,1,0.16,30,16,29.29254423,34.14,1.373,3.774536472,2.606842357877846,Klebsiella pneumoniae,2.5086230429664904,0.0982193149113555,404.429063609703,322.5693083233992
15,Ag,Bacillus subtilis,non-pathogenic,chemical_synthesis,MBC,nanoplates,Bacteria,Bacillota,Bacilli,Bacillales,Bacillaceae,Bacillus,p,meat,107.87,1.4,2,0.16,30,11,23.00188061,0.0,0.0,1.78376517,1.2532409165007012,Klebsiella pneumoniae,1.1892059175408969,0.06403499895980436,17.915994337105463,15.459872843115944
16,ZnO,Bacillus subtilis,non-pathogenic,purchased from sigma aldrich ( citrate capped agnps),MIC,cubic,Bacteria,Bacillota,Bacilli,Bacillales,Bacillaceae,Bacillus,p,skin,81.3794,35.0,18,0.16,30,8,22.60496136,17.07,0.6865,4.082482905,1.5332779511448422,Klebsiella pneumoniae,1.7618095541930638,-0.22853160304822162,34.141134708059795,57.78425976456233
