,np,bacteria,bac_type,np_synthesis,method,shape,kingdom,phylum,class,order,family,genus,gram,isolated_from,mol_weight (g/mol),np_size_avg (nm),time_set,"min_Incub_period, h","growth_temp, C",Valance_electron,labuteASA,tpsa,CrippenMR,chi0v,pred_MIC_norm,pathogenic_bacteria,pred_MIC_pathogen,Fitness,pred_norm_MIC_original,pred_path_MIC_original
0,ZnO,Bacillus subtilis,non-pathogenic,"purchased from us research nanomaterials, inc.в ",MIC,quasi-spherical,Bacteria,Bacillota,Bacilli,Bacillales,Bacillaceae,Bacillus,p,water,81.3794,4.0,1,0.16,30,8,22.60496136,17.07,0.6865,4.082482905,1.2223505756863662,Klebsiella pneumoniae,0.22038507666824092,1.0019654990181253,16.685936084536806,1.6610590689068931
1,Ag,Bacillus subtilis,non-pathogenic,chemical_synthesis,MIC,hexagonal,Bacteria,Bacillota,Bacilli,Bacillales,Bacillaceae,Bacillus,p,skin,107.87,3.0,0,0.16,30,11,23.00188061,0.0,0.0,1.78376517,1.4589868271249367,Klebsiella pneumoniae,0.6964617454552136,0.7625250816697231,28.773111397723202,4.971205832558982
2,ZnO,Bacillus subtilis,non-pathogenic,electrochemical synthesis,MBC,nanoplates,Bacteria,Bacillota,Bacilli,Bacillales,Bacillaceae,Bacillus,p,nose,81.3794,8.7,4,0.16,30,8,22.60496136,17.07,0.6865,4.082482905,2.0681607241354585,Klebsiella pneumoniae,1.320221448265704,0.7479392758697545,116.99322806192842,20.903617418687592
3,TiO2,Bacillus subtilis,non-pathogenic,purchased from sigma aldrich ( citrate capped agnps),MIC,cubic,Bacteria,Bacillota,Bacilli,Bacillales,Bacillaceae,Bacillus,p,mammary gland,79.866,5.1,1,0.16,30,16,26.40611331,34.14,1.373,2.878049394,2.5274958010187727,Klebsiella pneumoniae,1.83014684622626,0.6973489547925127,336.89595844326874,67.63116152301912
4,ZnO,Bacillus subtilis,non-pathogenic,"purchased from us research nanomaterials, inc.в ",MIC,cubic,Bacteria,Bacillota,Bacilli,Bacillales,Bacillaceae,Bacillus,p,carious dentine,81.3794,1.9,24,0.16,30,8,22.60496136,17.07,0.6865,4.082482905,1.901465610023034,Klebsiella pneumoniae,1.2148131839622935,0.6866524260607405,79.7013375911149,16.398842091557054
5,CuO,Bacillus subtilis,non-pathogenic,"purchased from us research nanomaterials, inc.в ",MBEC,nanoplates,Bacteria,Bacillota,Bacilli,Bacillales,Bacillaceae,Bacillus,p,food,79.5454,13.5,0,0.16,30,17,20.67942236,17.07,0.6865,1.651411411,3.274440723949702,Klebsiella pneumoniae,2.604833669413366,0.6696070545363364,1881.2249237856968,402.5628271276886
6,ZnO,Bacillus subtilis,non-pathogenic,green_synthesis,MBC,quasi-hexagonal,Bacteria,Bacillota,Bacilli,Bacillales,Bacillaceae,Bacillus,p,soil,81.3794,0.8,0,0.16,30,8,22.60496136,17.07,0.6865,4.082482905,0.7622515210542125,Klebsiella pneumoniae,0.09870407601671638,0.6635474450374961,5.7843094790880665,1.2551744087627377
7,Au,Bacillus subtilis,non-pathogenic,green_synthesis,MIC,rod-shaped,Bacteria,Bacillota,Bacilli,Bacillales,Bacillaceae,Bacillus,p,urine,196.966569,3.0,1,0.16,30,11,23.00188061,0.0,0.0,2.46797672,1.5023117335815013,Klebsiella pneumoniae,0.8494183497522699,0.6528933838292313,31.79155227531495,7.069982678144374
8,TiO2,Bacillus subtilis,non-pathogenic,"purchased from us research nanomaterials, inc.в ",MBEC,hexagonal,Bacteria,Bacillota,Bacilli,Bacillales,Bacillaceae,Bacillus,p,food,79.866,13.0,0,0.16,30,16,26.40611331,34.14,1.373,2.878049394,2.872008101812113,Klebsiella pneumoniae,2.223173219074937,0.6488348827371762,744.7458670938107,167.17572645142872
9,Au,Bacillus subtilis,non-pathogenic,chemical_synthesis,MIC,nanoplates,Bacteria,Bacillota,Bacilli,Bacillales,Bacillaceae,Bacillus,p,food,196.966569,1.4,1,0.16,30,11,23.00188061,0.0,0.0,2.46797672,1.9529711020121279,Klebsiella pneumoniae,1.3197070612481094,0.6332640407640184,89.7369081507151,20.878873415216734
10,Au,Bacillus subtilis,non-pathogenic,chemical_synthesis,MIC,quasi-hexagonal,Bacteria,Bacillota,Bacilli,Bacillales,Bacillaceae,Bacillus,p,mouth,196.966569,1.9,4,0.16,30,11,23.00188061,0.0,0.0,2.46797672,1.0131036096820172,Klebsiella pneumoniae,0.3906128640302984,0.6224907456517188,10.30631969095898,2.4581753764547023
11,ZnO,Bacillus subtilis,non-pathogenic,electrochemical synthesis,MBEC,nanoplates,Bacteria,Bacillota,Bacilli,Bacillales,Bacillaceae,Bacillus,p,respiratory tract,81.3794,4.0,2,0.16,30,8,22.60496136,17.07,0.6865,4.082482905,2.0952581296908543,Klebsiella pneumoniae,1.4749802993016716,0.6202778303891827,124.52545282868856,29.85247197468086
12,Ag,Bacillus subtilis,non-pathogenic,"purchased from us research nanomaterials, inc.в ",MBEC,tetragonal,Bacteria,Bacillota,Bacilli,Bacillales,Bacillaceae,Bacillus,p,nose,107.87,12.0,18,0.16,30,11,23.00188061,0.0,0.0,1.78376517,0.8622385670195526,Klebsiella pneumoniae,0.2451708319736723,0.6170677350458803,7.281796989921826,1.7586152382941516
13,ZnO,Bacillus subtilis,non-pathogenic,"purchased from us research nanomaterials, inc.в ",MIC,spheroidal,Bacteria,Bacillota,Bacilli,Bacillales,Bacillaceae,Bacillus,p,nose,81.3794,4.0,4,0.16,30,8,22.60496136,17.07,0.6865,4.082482905,1.0607116643345722,Klebsiella pneumoniae,0.47573729989983615,0.584974364434736,11.500366061089577,2.990455194954458
14,CuO,Bacillus subtilis,non-pathogenic,"purchased from us research nanomaterials, inc.в ",MIC,rod-shaped,Bacteria,Bacillota,Bacilli,Bacillales,Bacillaceae,Bacillus,p,meat,79.5454,0.8,1,0.16,30,17,20.67942236,17.07,0.6865,1.651411411,2.1118449538154977,Klebsiella pneumoniae,1.5363196439538058,0.5755253098616919,129.37338868977199,34.381090216961105
15,Ag,Bacillus subtilis,non-pathogenic,chemical_synthesis,MIC,cubic,Bacteria,Bacillota,Bacilli,Bacillales,Bacillaceae,Bacillus,p,lungs,107.87,26.38,3,0.16,30,11,23.00188061,0.0,0.0,1.78376517,1.679597226820755,Klebsiella pneumoniae,1.2163106393877654,0.46328658743298967,47.818640720585094,16.45548319679929
16,Ag,Bacillus subtilis,non-pathogenic,"purchased from us research nanomaterials, inc.в ",MBC,quasi-spherical,Bacteria,Bacillota,Bacilli,Bacillales,Bacillaceae,Bacillus,p,food,107.87,11.3,3,0.16,30,11,23.00188061,0.0,0.0,1.78376517,1.7002295817342106,Klebsiella pneumoniae,1.3549509041702799,0.3452786775639307,50.145224701678735,22.64388310080746
17,ZnO,Bacillus subtilis,non-pathogenic,green_synthesis,MBC,nanoplates,Bacteria,Bacillota,Bacilli,Bacillales,Bacillaceae,Bacillus,p,carious dentine,81.3794,100.0,1,0.16,30,8,22.60496136,17.07,0.6865,4.082482905,0.8713916423071975,Klebsiella pneumoniae,0.5292659134137894,0.3421257288934081,7.436894871422525,3.382718927198624
18,Ag,Bacillus subtilis,non-pathogenic,"purchased from us research nanomaterials, inc.в ",MBC,spherical,Bacteria,Bacillota,Bacilli,Bacillales,Bacillaceae,Bacillus,p,skin,107.8682,13.0,2,0.16,30,11,23.00188061,0.0,0.0,1.78376517,1.624387222645263,Klebsiella pneumoniae,1.3070880829597564,0.3172991396855065,42.11019210369562,20.28094012816911
19,TiO2,Bacillus subtilis,non-pathogenic,electrochemical synthesis,MBEC,triangular,Bacteria,Bacillota,Bacilli,Bacillales,Bacillaceae,Bacillus,p,water,79.866,26.38,4,0.16,30,16,26.40611331,34.14,1.373,2.878049394,0.886209903104541,Klebsiella pneumoniae,0.6140761596343303,0.2721337434702107,7.695022660741617,4.112218283024441
20,Ag,Bacillus subtilis,non-pathogenic,chemical_synthesis,MBC,tetragonal,Bacteria,Bacillota,Bacilli,Bacillales,Bacillaceae,Bacillus,p,meat,107.87,27.43,18,0.16,30,11,23.00188061,0.0,0.0,1.78376517,0.6863921486592639,Klebsiella pneumoniae,0.4428615009736687,0.24353064768559518,4.8572689205308075,2.7724358178130384
21,Ag,Bacillus subtilis,non-pathogenic,"purchased from us research nanomaterials, inc.в ",MBEC,nanoplates,Bacteria,Bacillota,Bacilli,Bacillales,Bacillaceae,Bacillus,p,water,107.87,27.43,2,0.16,30,11,23.00188061,0.0,0.0,1.78376517,2.4742590173829146,Klebsiella pneumoniae,2.3493558353144626,0.12490318206845208,298.0293374957376,223.54030302570695
22,Ag,Bacillus subtilis,non-pathogenic,electrochemical synthesis,MBEC,tetragonal,Bacteria,Bacillota,Bacilli,Bacillales,Bacillaceae,Bacillus,p,water,107.8682,17.5,2,0.16,30,11,23.00188061,0.0,0.0,1.78376517,0.8387457573697977,Klebsiella pneumoniae,0.7186534727874982,0.12009228458229948,6.898358451584264,5.23182818035219
23,Ag2O,Bacillus subtilis,non-pathogenic,purchased from sigma aldrich ( citrate capped agnps),MBC,nanoplates,Bacteria,Bacillota,Bacilli,Bacillales,Bacillaceae,Bacillus,p,nose,231.7358,6.0,3,0.16,30,28,46.55109718,17.07,0.6865,3.975778631,2.397358513262042,Klebsiella pneumoniae,2.298359467124782,0.09899904613725985,249.66548833027284,198.77394958736252
24,Ag,Bacillus subtilis,non-pathogenic,chemical_synthesis,MBEC,quasi-spherical,Bacteria,Bacillota,Bacilli,Bacillales,Bacillaceae,Bacillus,p,mouth,107.87,22.5,1,0.16,30,11,23.00188061,0.0,0.0,1.78376517,1.4065974860106223,Klebsiella pneumoniae,1.3081845270843147,0.09841295892630764,25.503364971648516,20.33220721189216
25,ZnO,Bacillus subtilis,non-pathogenic,purchased from sigma aldrich ( citrate capped agnps),MIC,nanoplates,Bacteria,Bacillota,Bacilli,Bacillales,Bacillaceae,Bacillus,p,soil,81.3794,8.0,24,0.16,30,8,22.60496136,17.07,0.6865,4.082482905,2.212518028899391,Klebsiella pneumoniae,2.1693839170100016,0.04313411188938954,163.12406256366745,147.70116369609622
26,Ag,Bacillus subtilis,non-pathogenic,chemical_synthesis,MBC,spheroidal,Bacteria,Bacillota,Bacilli,Bacillales,Bacillaceae,Bacillus,p,skin,107.87,45.26,1,0.16,30,11,23.00188061,0.0,0.0,1.78376517,1.2572879217184685,Klebsiella pneumoniae,1.380489600209025,-0.12320167849055652,18.083726150962736,24.015387589805837
27,ZnO,Bacillus subtilis,non-pathogenic,purchased from sigma aldrich ( citrate capped agnps),MIC,cubic,Bacteria,Bacillota,Bacilli,Bacillales,Bacillaceae,Bacillus,p,meat,81.3794,41.23,24,0.16,30,8,22.60496136,17.07,0.6865,4.082482905,1.5084189971008153,Klebsiella pneumoniae,1.6836216622735467,-0.17520266517273142,32.24177902245797,48.263816628735384
