,np,bacteria,bac_type,np_synthesis,method,shape,kingdom,phylum,class,order,family,genus,gram,isolated_from,mol_weight (g/mol),np_size_avg (nm),time_set,"min_Incub_period, h","growth_temp, C",Valance_electron,labuteASA,tpsa,CrippenMR,chi0v,pred_MIC_norm,pathogenic_bacteria,pred_MIC_pathogen,Fitness,pred_norm_MIC_original,pred_path_MIC_original
0,ZnO,Bacillus subtilis,non-pathogenic,"purchased from us research nanomaterials, inc.в ",MBC,quasi-spherical,Bacteria,Bacillota,Bacilli,Bacillales,Bacillaceae,Bacillus,p,nose,81.3794,5.1,3,0.16,30,8,22.60496136,17.07,0.6865,4.082482905,2.2426639160076296,Klebsiella pneumoniae,1.3844466042060792,0.8582173118015504,174.84930726061035,24.235199784319367
1,Ag,Bacillus subtilis,non-pathogenic,chemical_synthesis,MIC,spheroidal,Bacteria,Bacillota,Bacilli,Bacillales,Bacillaceae,Bacillus,p,mouth,107.87,1.4,1,0.16,30,11,23.00188061,0.0,0.0,1.78376517,0.7005851162457293,Klebsiella pneumoniae,-0.02507896427879186,0.7256640805245211,5.018629282085421,0.9438892408804572
2,ZnO,Bacillus subtilis,non-pathogenic,purchased from sigma aldrich ( citrate capped agnps),MBC,quasi-spherical,Bacteria,Bacillota,Bacilli,Bacillales,Bacillaceae,Bacillus,p,urine,81.3794,11.3,1,0.16,30,8,22.60496136,17.07,0.6865,4.082482905,2.0059374677627853,Klebsiella pneumoniae,1.3671410788008258,0.6387963889619594,101.37654074071264,23.288476515157537
3,ZnO,Bacillus subtilis,non-pathogenic,chemical_synthesis,MBC,hexagonal,Bacteria,Bacillota,Bacilli,Bacillales,Bacillaceae,Bacillus,p,soil,81.3794,4.0,2,0.16,30,8,22.60496136,17.07,0.6865,4.082482905,1.4576564515598425,Klebsiella pneumoniae,1.007123395056377,0.45053305650346553,28.685105504038695,10.16537478214452
4,Ag,Bacillus subtilis,non-pathogenic,"purchased from us research nanomaterials, inc.в ",MIC,triangular,Bacteria,Bacillota,Bacilli,Bacillales,Bacillaceae,Bacillus,p,lungs,107.87,18.0,24,0.16,30,11,23.00188061,0.0,0.0,1.78376517,0.25893125928740646,Klebsiella pneumoniae,-0.10021272975505857,0.35914398904246503,1.815228323261901,0.793939245502268
5,Pd,Bacillus subtilis,non-pathogenic,electrochemical synthesis,MBEC,hexagonal,Bacteria,Bacillota,Bacilli,Bacillales,Bacillaceae,Bacillus,p,urine,195.084,6.0,0,0.16,30,10,21.14774404,0.0,0.0,1.870828693,2.167950021938288,Klebsiella pneumoniae,1.8225730145849925,0.34537700735329535,147.21430803138657,66.46194008544936
6,Ag,Bacillus subtilis,non-pathogenic,electrochemical synthesis,MIC,spheroidal,Bacteria,Bacillota,Bacilli,Bacillales,Bacillaceae,Bacillus,p,meat,107.8682,4.7,24,0.16,30,11,23.00188061,0.0,0.0,1.78376517,1.7549030063825584,Klebsiella pneumoniae,1.4225269891543315,0.33237601722822685,56.87258996587418,26.45617101025765
7,ZnO,Bacillus subtilis,non-pathogenic,chemical_synthesis,MBEC,quasi-spherical,Bacteria,Bacillota,Bacilli,Bacillales,Bacillaceae,Bacillus,p,food,81.3794,12.5,4,0.16,30,8,22.60496136,17.07,0.6865,4.082482905,2.062236192204428,Klebsiella pneumoniae,1.7326838168596173,0.32955237534481063,115.40807370435051,54.03607762090793
8,CuO,Bacillus subtilis,non-pathogenic,electrochemical synthesis,MBC,spherical,Bacteria,Bacillota,Bacilli,Bacillales,Bacillaceae,Bacillus,p,urine,79.5454,9.0,4,0.16,30,17,20.67942236,17.07,0.6865,1.651411411,2.9869895104462003,Klebsiella pneumoniae,2.731828813760888,0.25516069668531216,970.4865267137816,539.2980050435991
9,Ag,Bacillus subtilis,non-pathogenic,green_synthesis,MIC,spheroidal,Bacteria,Bacillota,Bacilli,Bacillales,Bacillaceae,Bacillus,p,mouth,107.87,8.7,3,0.16,30,11,23.00188061,0.0,0.0,1.78376517,1.6853567203533246,Klebsiella pneumoniae,1.4330707728416976,0.25228594751162703,48.45702199551041,27.10633322035977
10,Au,Bacillus subtilis,non-pathogenic,"purchased from us research nanomaterials, inc.в ",MIC,nanoplates,Bacteria,Bacillota,Bacilli,Bacillales,Bacillaceae,Bacillus,p,soil,196.966569,79.0,4,0.16,30,11,23.00188061,0.0,0.0,2.46797672,2.239695736297842,Klebsiella pneumoniae,1.9895780599540558,0.25011767634378623,173.65837639238964,97.62882444040501
11,TiO2,Bacillus subtilis,non-pathogenic,electrochemical synthesis,MBC,rod-shaped,Bacteria,Bacillota,Bacilli,Bacillales,Bacillaceae,Bacillus,p,meat,79.866,38.0,1,0.16,30,16,26.40611331,34.14,1.373,2.878049394,1.979344536704669,Klebsiella pneumoniae,1.7454563859690075,0.23388815073566138,95.35523410242826,55.64887460598961
12,ZnO,Bacillus subtilis,non-pathogenic,"purchased from us research nanomaterials, inc.в ",MBEC,rod-shaped,Bacteria,Bacillota,Bacilli,Bacillales,Bacillaceae,Bacillus,p,urine,81.3794,100.0,3,0.16,30,8,22.60496136,17.07,0.6865,4.082482905,1.7872691459995873,Klebsiella pneumoniae,1.5541590687595968,0.23311007723999055,61.273000220842725,35.82276208763727
13,Ag,Bacillus subtilis,non-pathogenic,green_synthesis,MBC,cubic,Bacteria,Bacillota,Bacilli,Bacillales,Bacillaceae,Bacillus,p,lungs,107.87,30.0,4,0.16,30,11,23.00188061,0.0,0.0,1.78376517,1.6015147784119583,Klebsiella pneumoniae,1.386574888110097,0.21493989030186134,39.94981554203756,24.354257194146665
14,ZnO,Bacillus subtilis,non-pathogenic,chemical_synthesis,MBC,quasi-hexagonal,Bacteria,Bacillota,Bacilli,Bacillales,Bacillaceae,Bacillus,p,soil,81.3794,41.23,0,0.16,30,8,22.60496136,17.07,0.6865,4.082482905,0.5504092615482963,Klebsiella pneumoniae,0.36480217366180545,0.18560708788649083,3.551479086099328,2.3163392893321744
15,ZrO2,Bacillus subtilis,non-pathogenic,green_synthesis,MBEC,triangular,Bacteria,Bacillota,Bacilli,Bacillales,Bacillaceae,Bacillus,p,respiratory tract,123.2218,50.0,2,0.16,30,16,29.29254423,34.14,1.373,3.774536472,0.6131687794222591,Klebsiella pneumoniae,0.5383796872887809,0.07478909213347817,4.103635511705247,3.454456174332734
16,ZnO,Bacillus subtilis,non-pathogenic,chemical_synthesis,MBC,triangular,Bacteria,Bacillota,Bacilli,Bacillales,Bacillaceae,Bacillus,p,food,81.3794,17.5,24,0.16,30,8,22.60496136,17.07,0.6865,4.082482905,0.6094878147197058,Klebsiella pneumoniae,0.590704534007298,0.018783280712407757,4.069001169900976,3.896767854879948
17,Cu,Bacillus subtilis,non-pathogenic,"purchased from us research nanomaterials, inc.в ",MBEC,triangular,Bacteria,Bacillota,Bacilli,Bacillales,Bacillaceae,Bacillus,p,mouth,63.55,26.06,1,0.16,30,11,17.96409803,0.0,0.0,1.243163121,0.806356260351784,Klebsiella pneumoniae,0.8356123834877646,-0.029256123135980583,6.402598379246081,6.8487668744481365
