,np,bacteria,bac_type,np_synthesis,method,shape,kingdom,phylum,class,order,family,genus,gram,isolated_from,mol_weight (g/mol),np_size_avg (nm),time_set,"min_Incub_period, h","growth_temp, C",Valance_electron,labuteASA,tpsa,CrippenMR,chi0v,pred_MIC_norm,pathogenic_bacteria,pred_MIC_pathogen,Fitness,pred_norm_MIC_original,pred_path_MIC_original
0,ZnO,Bacillus subtilis,non-pathogenic,"purchased from us research nanomaterials, inc.в ",MBC,quasi-spherical,Bacteria,Bacillota,Bacilli,Bacillales,Bacillaceae,Bacillus,p,urine,81.3794,5.1,4,0.16,30,8,22.60496136,17.07,0.6865,4.082482905,2.0955088310213155,Klebsiella pneumoniae,1.1527565920632263,0.9427522389580891,124.5973572861617,14.215318414341304
1,Ag,Bacillus subtilis,non-pathogenic,"purchased from us research nanomaterials, inc.в ",MIC,quasi-spherical,Bacteria,Bacillota,Bacilli,Bacillales,Bacillaceae,Bacillus,p,mammary gland,107.87,1.9,24,0.16,30,11,23.00188061,0.0,0.0,1.78376517,2.074008408816142,Klebsiella pneumoniae,1.2106960087412726,0.8633124000748693,118.5791707261357,16.244113254391117
2,ZnO,Bacillus subtilis,non-pathogenic,"purchased from us research nanomaterials, inc.в ",MBC,quasi-hexagonal,Bacteria,Bacillota,Bacilli,Bacillales,Bacillaceae,Bacillus,p,respiratory tract,81.3794,9.0,0,0.16,30,8,22.60496136,17.07,0.6865,4.082482905,1.4489277519722508,Klebsiella pneumoniae,0.6096846645262426,0.8392430874460082,28.11433089268137,4.070845917374988
3,Pt,Bacillus subtilis,non-pathogenic,chemical_synthesis,MIC,spheroidal,Bacteria,Bacillota,Bacilli,Bacillales,Bacillaceae,Bacillus,p,nose,195.084,3.0,24,0.16,30,10,21.75656585,0.0,0.0,2.588435821,1.001422727269751,Klebsiella pneumoniae,0.1735382247674233,0.8278845025023276,10.032813223932052,1.491207999511559
4,Ag,Bacillus subtilis,non-pathogenic,chemical_synthesis,MIC,quasi-spherical,Bacteria,Bacillota,Bacilli,Bacillales,Bacillaceae,Bacillus,p,soil,107.87,3.0,0,0.16,30,11,23.00188061,0.0,0.0,1.78376517,1.1323371029626659,Klebsiella pneumoniae,0.31342863904703977,0.8189084639156261,13.562417299181691,2.057920716203131
5,ZnO,Bacillus subtilis,non-pathogenic,green_synthesis,MBEC,cubic,Bacteria,Bacillota,Bacilli,Bacillales,Bacillaceae,Bacillus,p,lungs,81.3794,4.7,4,0.16,30,8,22.60496136,17.07,0.6865,4.082482905,2.280343015170762,Klebsiella pneumoniae,1.4730645120140753,0.8072785031566869,190.69662865192285,29.721074888786244
6,TiO2,Bacillus subtilis,non-pathogenic,"purchased from us research nanomaterials, inc.в ",MBEC,nanoplates,Bacteria,Bacillota,Bacilli,Bacillales,Bacillaceae,Bacillus,p,mammary gland,79.866,4.7,4,0.16,30,16,26.40611331,34.14,1.373,2.878049394,2.9210839936216653,Klebsiella pneumoniae,2.1156573657398963,0.805426627881769,833.8424362052808,130.51407981371506
7,ZnO,Bacillus subtilis,non-pathogenic,"purchased from us research nanomaterials, inc.в ",MBC,nanoplates,Bacteria,Bacillota,Bacilli,Bacillales,Bacillaceae,Bacillus,p,meat,81.3794,1.9,0,0.16,30,8,22.60496136,17.07,0.6865,4.082482905,1.8194028934554876,Klebsiella pneumoniae,1.015890434132794,0.8035124593226937,65.97856922736361,10.372666962544491
8,TiO2,Bacillus subtilis,non-pathogenic,green_synthesis,MIC,rod-shaped,Bacteria,Bacillota,Bacilli,Bacillales,Bacillaceae,Bacillus,p,water,79.866,1.9,3,0.16,30,16,26.40611331,34.14,1.373,2.878049394,2.238525856344526,Klebsiella pneumoniae,1.4453510278067434,0.7931748285377827,173.19121395525826,27.8837402100889
9,ZnO,Bacillus subtilis,non-pathogenic,"purchased from us research nanomaterials, inc.в ",MIC,cubic,Bacteria,Bacillota,Bacilli,Bacillales,Bacillaceae,Bacillus,p,food,81.3794,8.0,1,0.16,30,8,22.60496136,17.07,0.6865,4.082482905,1.6527569548333887,Klebsiella pneumoniae,0.9388418515072388,0.7139151033261499,44.95282140333986,8.686440546389576
10,ZnO,Bacillus subtilis,non-pathogenic,"purchased from us research nanomaterials, inc.в ",MIC,cubic,Bacteria,Bacillota,Bacilli,Bacillales,Bacillaceae,Bacillus,p,food,81.3794,8.0,1,0.16,30,8,22.60496136,17.07,0.6865,4.082482905,1.6527569548333887,Klebsiella pneumoniae,0.9388418515072388,0.7139151033261499,44.95282140333986,8.686440546389576
11,ZnO,Bacillus subtilis,non-pathogenic,purchased from sigma aldrich ( citrate capped agnps),MBC,quasi-spherical,Bacteria,Bacillota,Bacilli,Bacillales,Bacillaceae,Bacillus,p,soil,81.3794,3.0,1,0.16,30,8,22.60496136,17.07,0.6865,4.082482905,1.7124570481162187,Klebsiella pneumoniae,0.9991142821319867,0.713342765984232,51.5771152593331,9.979626374867598
12,ZnO,Bacillus subtilis,non-pathogenic,green_synthesis,MIC,nanoplates,Bacteria,Bacillota,Bacilli,Bacillales,Bacillaceae,Bacillus,p,lungs,81.3794,44.45,4,0.16,30,8,22.60496136,17.07,0.6865,4.082482905,0.8591955543461717,Klebsiella pneumoniae,0.49256815299869006,0.3666274013474816,7.230953260495948,3.1086236948085593
13,ZnO,Bacillus subtilis,non-pathogenic,chemical_synthesis,MBC,nanoplates,Bacteria,Bacillota,Bacilli,Bacillales,Bacillaceae,Bacillus,p,carious dentine,81.3794,18.5,3,0.16,30,8,22.60496136,17.07,0.6865,4.082482905,1.1167576971773752,Klebsiella pneumoniae,0.8819998602683973,0.2347578369089779,13.08451704188851,7.620787648311746
14,Ag,Bacillus subtilis,non-pathogenic,chemical_synthesis,MIC,quasi-hexagonal,Bacteria,Bacillota,Bacilli,Bacillales,Bacillaceae,Bacillus,p,blood,107.87,100.0,2,0.16,30,11,23.00188061,0.0,0.0,1.78376517,-0.005938614082199978,Klebsiella pneumoniae,-0.17232764176152915,0.16638902767932917,0.9864189024393196,0.6724691386577331
15,ZnO,Bacillus subtilis,non-pathogenic,chemical_synthesis,MBC,cubic,Bacteria,Bacillota,Bacilli,Bacillales,Bacillaceae,Bacillus,p,nose,81.3794,50.0,2,0.16,30,8,22.60496136,17.07,0.6865,4.082482905,1.8185664675409765,Klebsiella pneumoniae,1.7391861131798414,0.07938035436113511,65.85162062725436,54.851197466947355
16,CeO2,Bacillus subtilis,non-pathogenic,electrochemical synthesis,MIC,hexagonal,Bacteria,Bacillota,Bacilli,Bacillales,Bacillaceae,Bacillus,p,blood,172.115,44.45,24,0.16,30,16,39.19032095,34.14,1.373,4.456551526,1.5634364248242771,Klebsiella pneumoniae,1.5304545955418531,0.03298182928242399,36.59623644118861,33.91990252339485
