,np,bacteria,bac_type,np_synthesis,method,shape,kingdom,phylum,class,order,family,genus,gram,isolated_from,mol_weight (g/mol),np_size_avg (nm),time_set,"min_Incub_period, h","growth_temp, C",Valance_electron,labuteASA,tpsa,CrippenMR,chi0v,pred_MIC_norm,pathogenic_bacteria,pred_MIC_pathogen,Fitness,pred_norm_MIC_original,pred_path_MIC_original
0,ZnO,Bacillus subtilis,non-pathogenic,green_synthesis,MIC,cubic,Bacteria,Bacillota,Bacilli,Bacillales,Bacillaceae,Bacillus,p,mammary gland,81.3794,1.4,4,0.16,30,8,22.60496136,17.07,0.6865,4.082482905,1.5778520373426488,Klebsiella pneumoniae,0.6560719256670666,0.9217801116755822,37.83136725729394,4.529725927336345
1,Ag,Bacillus subtilis,non-pathogenic,chemical_synthesis,MIC,quasi-spherical,Bacteria,Bacillota,Bacilli,Bacillales,Bacillaceae,Bacillus,p,soil,107.87,3.0,0,0.16,30,11,23.00188061,0.0,0.0,1.78376517,1.1323371029626659,Klebsiella pneumoniae,0.31342863904703977,0.8189084639156261,13.562417299181691,2.057920716203131
2,ZrO2,Bacillus subtilis,non-pathogenic,green_synthesis,MIC,rod-shaped,Bacteria,Bacillota,Bacilli,Bacillales,Bacillaceae,Bacillus,p,blood,123.2218,1.9,24,0.16,30,16,29.29254423,34.14,1.373,3.774536472,2.169744088519514,Klebsiella pneumoniae,1.720113485301685,0.449630603217829,147.82370685178708,52.494461537755264
3,ZnO,Bacillus subtilis,non-pathogenic,chemical_synthesis,MBEC,rod-shaped,Bacteria,Bacillota,Bacilli,Bacillales,Bacillaceae,Bacillus,p,soil,81.3794,3.0,2,0.16,30,8,22.60496136,17.07,0.6865,4.082482905,1.4591600057372762,Klebsiella pneumoniae,1.03234593657811,0.4268140691591662,28.784587208097594,10.773230118754453
4,ZnO,Bacillus subtilis,non-pathogenic,"purchased from us research nanomaterials, inc.в ",MBEC,spherical,Bacteria,Bacillota,Bacilli,Bacillales,Bacillaceae,Bacillus,p,respiratory tract,81.3794,8.7,18,0.16,30,8,22.60496136,17.07,0.6865,4.082482905,2.328941982705685,Klebsiella pneumoniae,1.9035700977797432,0.425371884925942,213.27599792274557,80.08848857830802
5,Ag,Bacillus subtilis,non-pathogenic,purchased from sigma aldrich ( citrate capped agnps),MBC,spheroidal,Bacteria,Bacillota,Bacilli,Bacillales,Bacillaceae,Bacillus,p,soil,107.8682,8.7,4,0.16,30,11,23.00188061,0.0,0.0,1.78376517,1.6735634777117103,Klebsiella pneumoniae,1.265314040255276,0.40824943745643427,47.1588795053447,18.42103553189197
6,Pd,Bacillus subtilis,non-pathogenic,"purchased from us research nanomaterials, inc.в ",MBEC,nanoplates,Bacteria,Bacillota,Bacilli,Bacillales,Bacillaceae,Bacillus,p,lungs,195.084,40.0,0,0.16,30,10,21.14774404,0.0,0.0,1.870828693,1.9589942897991925,Klebsiella pneumoniae,1.5623068756446954,0.39668741415449715,90.99013089680489,36.50117758028474
7,TiO2,Bacillus subtilis,non-pathogenic,chemical_synthesis,MBEC,spherical,Bacteria,Bacillota,Bacilli,Bacillales,Bacillaceae,Bacillus,p,urine,79.866,11.3,0,0.16,30,16,26.40611331,34.14,1.373,2.878049394,2.825089925440145,Klebsiella pneumoniae,2.4329148023077956,0.3921751231323496,668.48231984216,270.96600123677524
8,ZnO,Bacillus subtilis,non-pathogenic,purchased from sigma aldrich ( citrate capped agnps),MBC,rod-shaped,Bacteria,Bacillota,Bacilli,Bacillales,Bacillaceae,Bacillus,p,urine,81.3794,17.5,0,0.16,30,8,22.60496136,17.07,0.6865,4.082482905,1.9897339932798332,Klebsiella pneumoniae,1.6072343218912648,0.38249967138856844,97.6638843393007,40.47942379380827
9,Ag,Bacillus subtilis,non-pathogenic,"purchased from us research nanomaterials, inc.в ",MIC,triangular,Bacteria,Bacillota,Bacilli,Bacillales,Bacillaceae,Bacillus,p,lungs,107.87,18.0,24,0.16,30,11,23.00188061,0.0,0.0,1.78376517,0.25893125928740646,Klebsiella pneumoniae,-0.10021272975505857,0.35914398904246503,1.815228323261901,0.793939245502268
10,ZnO,Bacillus subtilis,non-pathogenic,chemical_synthesis,MIC,quasi-hexagonal,Bacteria,Bacillota,Bacilli,Bacillales,Bacillaceae,Bacillus,p,mammary gland,81.3794,10.4,4,0.16,30,8,22.60496136,17.07,0.6865,4.082482905,0.8585201987676091,Klebsiella pneumoniae,0.5046010749593595,0.35391912380824964,7.219717406152101,3.1959580853937513
11,Au,Bacillus subtilis,non-pathogenic,purchased from sigma aldrich ( citrate capped agnps),MIC,quasi-hexagonal,Bacteria,Bacillota,Bacilli,Bacillales,Bacillaceae,Bacillus,p,skin,196.966569,8.0,0,0.16,30,11,23.00188061,0.0,0.0,2.46797672,1.3426120841110278,Klebsiella pneumoniae,0.9912061626621538,0.35140592144887406,22.009596670651312,9.799550666122549
12,Pd,Bacillus subtilis,non-pathogenic,chemical_synthesis,MIC,spherical,Bacteria,Bacillota,Bacilli,Bacillales,Bacillaceae,Bacillus,p,urine,195.084,20.0,4,0.16,30,10,21.14774404,0.0,0.0,1.870828693,0.9355634033344086,Klebsiella pneumoniae,0.7186663273261003,0.21689707600830832,8.621114305224287,5.231983037794344
13,Ag,Bacillus subtilis,non-pathogenic,electrochemical synthesis,MIC,nanoplates,Bacteria,Bacillota,Bacilli,Bacillales,Bacillaceae,Bacillus,p,urine,107.87,45.26,1,0.16,30,11,23.00188061,0.0,0.0,1.78376517,1.2775137437412998,Klebsiella pneumoniae,1.0839617307494187,0.19355201299188107,18.9458346964996,12.132819335271384
14,ZnO,Bacillus subtilis,non-pathogenic,electrochemical synthesis,MIC,quasi-hexagonal,Bacteria,Bacillota,Bacilli,Bacillales,Bacillaceae,Bacillus,p,nose,81.3794,13.5,18,0.16,30,8,22.60496136,17.07,0.6865,4.082482905,0.7976799251264723,Klebsiella pneumoniae,0.6092150561336573,0.188464868992815,6.2759565056257935,4.066446436643294
15,Ag,Bacillus subtilis,non-pathogenic,"purchased from us research nanomaterials, inc.в ",MBEC,spheroidal,Bacteria,Bacillota,Bacilli,Bacillales,Bacillaceae,Bacillus,p,lungs,107.8682,55.6,2,0.16,30,11,23.00188061,0.0,0.0,1.78376517,2.060588010598899,Klebsiella pneumoniae,1.9400989482815327,0.12048906231736645,114.97092105613994,87.1162050153873
16,ZnO,Bacillus subtilis,non-pathogenic,green_synthesis,MBEC,rod-shaped,Bacteria,Bacillota,Bacilli,Bacillales,Bacillaceae,Bacillus,p,skin,81.3794,18.0,18,0.16,30,8,22.60496136,17.07,0.6865,4.082482905,1.7708414793075047,Klebsiella pneumoniae,1.6814287521316298,0.0894127271758749,58.998569173142606,48.020729371559725
17,ZnO,Bacillus subtilis,non-pathogenic,green_synthesis,MBEC,rod-shaped,Bacteria,Bacillota,Bacilli,Bacillales,Bacillaceae,Bacillus,p,mammary gland,81.3794,27.43,18,0.16,30,8,22.60496136,17.07,0.6865,4.082482905,1.635613719045655,Klebsiella pneumoniae,1.6484306662918828,-0.012816947246227839,43.21293049039885,44.50724028797008
