,np,bacteria,bac_type,np_synthesis,method,shape,kingdom,phylum,class,order,family,genus,gram,isolated_from,mol_weight (g/mol),np_size_avg (nm),time_set,"min_Incub_period, h","growth_temp, C",Valance_electron,labuteASA,tpsa,CrippenMR,chi0v,pred_MIC_norm,pathogenic_bacteria,pred_MIC_pathogen,Fitness,pred_norm_MIC_original,pred_path_MIC_original
0,ZnO,Bacillus subtilis,non-pathogenic,"purchased from us research nanomaterials, inc.в ",MIC,cubic,Bacteria,Bacillota,Bacilli,Bacillales,Bacillaceae,Bacillus,p,water,81.3794,1.9,3,0.16,30,8,22.60496136,17.07,0.6865,4.082482905,1.6372486083720257,Klebsiella pneumoniae,0.6390853272500518,0.9981632811219738,43.37591092341386,4.355974485268537
1,Ag,Bacillus subtilis,non-pathogenic,green_synthesis,MIC,tetragonal,Bacteria,Bacillota,Bacilli,Bacillales,Bacillaceae,Bacillus,p,water,107.87,1.4,24,0.16,30,11,23.00188061,0.0,0.0,1.78376517,1.6858020264635334,Klebsiella pneumoniae,0.719078239163673,0.9667237872998604,48.50673313696569,5.236947729226177
2,ZnO,Bacillus subtilis,non-pathogenic,"purchased from us research nanomaterials, inc.в ",MBC,cubic,Bacteria,Bacillota,Bacilli,Bacillales,Bacillaceae,Bacillus,p,food,81.3794,4.7,2,0.16,30,8,22.60496136,17.07,0.6865,4.082482905,2.236779290389594,Klebsiella pneumoniae,1.2877560236651269,0.9490232667244671,172.49610394131116,19.397958401678736
3,Ag,Bacillus subtilis,non-pathogenic,"purchased from us research nanomaterials, inc.в ",MIC,cubic,Bacteria,Bacillota,Bacilli,Bacillales,Bacillaceae,Bacillus,p,lungs,107.87,4.0,4,0.16,30,11,23.00188061,0.0,0.0,1.78376517,1.6969672315018516,Klebsiella pneumoniae,0.7730605389088289,0.9239066925930227,49.76995310100835,5.930079817529373
4,CeO2,Bacillus subtilis,non-pathogenic,electrochemical synthesis,MIC,quasi-hexagonal,Bacteria,Bacillota,Bacilli,Bacillales,Bacillaceae,Bacillus,p,water,172.115,1.9,3,0.16,30,16,39.19032095,34.14,1.373,4.456551526,2.1588296424896973,Klebsiella pneumoniae,1.2870491047690453,0.871780537720652,144.15497744503503,19.366409235078137
5,Ag,Bacillus subtilis,non-pathogenic,green_synthesis,MIC,spheroidal,Bacteria,Bacillota,Bacilli,Bacillales,Bacillaceae,Bacillus,p,food,107.87,3.0,18,0.16,30,11,23.00188061,0.0,0.0,1.78376517,1.1250777192133343,Klebsiella pneumoniae,0.25741698845872985,0.8676607307546045,13.337600939815578,1.8089101200695687
6,CuO,Bacillus subtilis,non-pathogenic,"purchased from us research nanomaterials, inc.в ",MIC,quasi-spherical,Bacteria,Bacillota,Bacilli,Bacillales,Bacillaceae,Bacillus,p,urine,79.5454,1.4,4,0.16,30,17,20.67942236,17.07,0.6865,1.651411411,2.3511793104235643,Klebsiella pneumoniae,1.4977964286790666,0.8533828817444977,224.48085634415898,31.462731834006508
7,ZnO,Bacillus subtilis,non-pathogenic,green_synthesis,MIC,cubic,Bacteria,Bacillota,Bacilli,Bacillales,Bacillaceae,Bacillus,p,water,81.3794,0.8,4,0.16,30,8,22.60496136,17.07,0.6865,4.082482905,1.4998801864097118,Klebsiella pneumoniae,0.6700421248424586,0.8298380615672531,31.61405368216442,4.677805119413523
8,TiO2,Bacillus subtilis,non-pathogenic,"purchased from us research nanomaterials, inc.в ",MIC,quasi-hexagonal,Bacteria,Bacillota,Bacilli,Bacillales,Bacillaceae,Bacillus,p,nose,79.866,0.8,2,0.16,30,16,26.40611331,34.14,1.373,2.878049394,1.67083900981942,Klebsiella pneumoniae,0.8692499179699464,0.8015890918494735,46.863962823635404,7.400310088650686
9,ZnO,Bacillus subtilis,non-pathogenic,green_synthesis,MBC,quasi-spherical,Bacteria,Bacillota,Bacilli,Bacillales,Bacillaceae,Bacillus,p,respiratory tract,81.3794,4.7,2,0.16,30,8,22.60496136,17.07,0.6865,4.082482905,2.0847291549658067,Klebsiella pneumoniae,1.2906475961127268,0.7940815588530798,121.54277703198963,19.527542699179868
10,CeO2,Bacillus subtilis,non-pathogenic,chemical_synthesis,MIC,rod-shaped,Bacteria,Bacillota,Bacilli,Bacillales,Bacillaceae,Bacillus,p,soil,172.115,3.0,4,0.16,30,16,39.19032095,34.14,1.373,4.456551526,2.0568552728001137,Klebsiella pneumoniae,1.275143271398374,0.7817120014017398,113.98698663975114,18.842705976370762
11,ZnO,Bacillus subtilis,non-pathogenic,"purchased from us research nanomaterials, inc.в ",MBC,cubic,Bacteria,Bacillota,Bacilli,Bacillales,Bacillaceae,Bacillus,p,soil,81.3794,8.0,1,0.16,30,8,22.60496136,17.07,0.6865,4.082482905,2.2126248835521074,Klebsiella pneumoniae,1.4366493102002995,0.7759755733518079,163.16420286082098,27.330609071890695
12,TiO2,Bacillus subtilis,non-pathogenic,electrochemical synthesis,MBC,quasi-hexagonal,Bacteria,Bacillota,Bacilli,Bacillales,Bacillaceae,Bacillus,p,water,79.866,8.0,0,0.16,30,16,26.40611331,34.14,1.373,2.878049394,2.2545515803513982,Klebsiella pneumoniae,1.5000330644107438,0.7545185159406544,179.70144955837335,31.62518424976871
13,Ag,Bacillus subtilis,non-pathogenic,electrochemical synthesis,MIC,cubic,Bacteria,Bacillota,Bacilli,Bacillales,Bacillaceae,Bacillus,p,meat,107.87,0.8,3,0.16,30,11,23.00188061,0.0,0.0,1.78376517,1.53376563469774,Klebsiella pneumoniae,0.7861176510763851,0.7476479836213549,34.17949444442357,6.111075525064169
14,ZnO,Bacillus subtilis,non-pathogenic,green_synthesis,MBEC,cubic,Bacteria,Bacillota,Bacilli,Bacillales,Bacillaceae,Bacillus,p,lungs,81.3794,8.0,3,0.16,30,8,22.60496136,17.07,0.6865,4.082482905,2.5756272504539846,Klebsiella pneumoniae,1.8439072340899907,0.7317200163639939,376.380617515083,69.80832765845577
15,Ag,Bacillus subtilis,non-pathogenic,"purchased from us research nanomaterials, inc.в ",MIC,spheroidal,Bacteria,Bacillota,Bacilli,Bacillales,Bacillaceae,Bacillus,p,respiratory tract,107.87,12.0,18,0.16,30,11,23.00188061,0.0,0.0,1.78376517,1.5190267526115808,Klebsiella pneumoniae,0.7899582873616003,0.7290684652499805,33.038989248174936,6.165357826673428
16,ZnO,Bacillus subtilis,non-pathogenic,"purchased from us research nanomaterials, inc.в ",MIC,rod-shaped,Bacteria,Bacillota,Bacilli,Bacillales,Bacillaceae,Bacillus,p,urine,81.3794,4.0,18,0.16,30,8,22.60496136,17.07,0.6865,4.082482905,0.8536166859528881,Klebsiella pneumoniae,0.12805837684290156,0.7255583091099865,7.138659803956727,1.3429454645772327
17,Ag,Bacillus subtilis,non-pathogenic,"purchased from us research nanomaterials, inc.в ",MBEC,cubic,Bacteria,Bacillota,Bacilli,Bacillales,Bacillaceae,Bacillus,p,mammary gland,107.8682,8.7,4,0.16,30,11,23.00188061,0.0,0.0,1.78376517,2.311860874681744,Klebsiella pneumoniae,1.6026926510179216,0.7091682236638226,205.05051985988274,40.0583125740312
18,ZnO,Bacillus subtilis,non-pathogenic,electrochemical synthesis,MIC,nanoplates,Bacteria,Bacillota,Bacilli,Bacillales,Bacillaceae,Bacillus,p,food,81.3794,4.0,24,0.16,30,8,22.60496136,17.07,0.6865,4.082482905,2.3850957584602206,Klebsiella pneumoniae,1.686972126946317,0.6981236315139037,242.71452021941096,48.63759890408601
19,TiO2,Bacillus subtilis,non-pathogenic,"purchased from us research nanomaterials, inc.в ",MBEC,cubic,Bacteria,Bacillota,Bacilli,Bacillales,Bacillaceae,Bacillus,p,skin,79.866,5.1,3,0.16,30,16,26.40611331,34.14,1.373,2.878049394,3.1204346552777853,Klebsiella pneumoniae,2.428639577837475,0.6917950774403101,1319.576750898472,268.311679555062
20,CuO,Bacillus subtilis,non-pathogenic,electrochemical synthesis,MBC,cubic,Bacteria,Bacillota,Bacilli,Bacillales,Bacillaceae,Bacillus,p,mammary gland,79.5454,6.0,4,0.16,30,17,20.67942236,17.07,0.6865,1.651411411,3.1608944978024587,Klebsiella pneumoniae,2.4700602020127835,0.6908342957896751,1448.4199493494086,295.16183524043504
21,ZrO2,Bacillus subtilis,non-pathogenic,purchased from sigma aldrich ( citrate capped agnps),MIC,spheroidal,Bacteria,Bacillota,Bacilli,Bacillales,Bacillaceae,Bacillus,p,respiratory tract,123.2218,1.9,1,0.16,30,16,29.29254423,34.14,1.373,3.774536472,1.7263717215419778,Klebsiella pneumoniae,1.0377361362777378,0.6886355852642401,53.25638965910134,10.907774128975603
22,ZnO,Bacillus subtilis,non-pathogenic,electrochemical synthesis,MBC,spherical,Bacteria,Bacillota,Bacilli,Bacillales,Bacillaceae,Bacillus,p,urine,81.3794,4.7,4,0.16,30,8,22.60496136,17.07,0.6865,4.082482905,1.8505183313459135,Klebsiella pneumoniae,1.1620003804636605,0.688517950882253,70.87912235314778,14.52112889710614
23,TiO2,Bacillus subtilis,non-pathogenic,"purchased from us research nanomaterials, inc.в ",MBC,spherical,Bacteria,Bacillota,Bacilli,Bacillales,Bacillaceae,Bacillus,p,water,79.866,5.1,2,0.16,30,16,26.40611331,34.14,1.373,2.878049394,2.9891959801295833,Klebsiella pneumoniae,2.3007805058366357,0.6884154742929476,975.4297117297077,199.88513868397854
24,ZnO,Bacillus subtilis,non-pathogenic,"purchased from us research nanomaterials, inc.в ",MBC,quasi-hexagonal,Bacteria,Bacillota,Bacilli,Bacillales,Bacillaceae,Bacillus,p,skin,81.3794,25.0,4,0.16,30,8,22.60496136,17.07,0.6865,4.082482905,1.5857479549530598,Klebsiella pneumoniae,0.89737499769831,0.6883729572547498,38.52547082131422,7.895415641779411
25,Ag,Bacillus subtilis,non-pathogenic,"purchased from us research nanomaterials, inc.в ",MIC,spherical,Bacteria,Bacillota,Bacilli,Bacillales,Bacillaceae,Bacillus,p,mammary gland,107.87,4.0,3,0.16,30,11,23.00188061,0.0,0.0,1.78376517,1.3478705794768033,Klebsiella pneumoniae,0.66168424489801,0.6861863345787933,22.277711705955184,4.588642728862459
26,CuO,Bacillus subtilis,non-pathogenic,"purchased from us research nanomaterials, inc.в ",MBC,quasi-spherical,Bacteria,Bacillota,Bacilli,Bacillales,Bacillaceae,Bacillus,p,skin,79.5454,0.8,2,0.16,30,17,20.67942236,17.07,0.6865,1.651411411,2.7882731438991444,Klebsiella pneumoniae,2.1026032162003383,0.6856699276988061,614.1481442581194,126.6494231937157
27,Ag,Bacillus subtilis,non-pathogenic,electrochemical synthesis,MIC,nanoplates,Bacteria,Bacillota,Bacilli,Bacillales,Bacillaceae,Bacillus,p,respiratory tract,107.87,1.4,24,0.16,30,11,23.00188061,0.0,0.0,1.78376517,2.595355824462829,Klebsiella pneumoniae,1.9106395773078477,0.6847162471549815,393.8726494972718,81.4028438225743
28,ZnO,Bacillus subtilis,non-pathogenic,chemical_synthesis,MBEC,hexagonal,Bacteria,Bacillota,Bacilli,Bacillales,Bacillaceae,Bacillus,p,carious dentine,81.3794,5.1,4,0.16,30,8,22.60496136,17.07,0.6865,4.082482905,1.7953468012339087,Klebsiella pneumoniae,1.1112749223631138,0.6840718788707949,62.42331112133214,12.92036915676656
29,Ag,Bacillus subtilis,non-pathogenic,chemical_synthesis,MIC,rod-shaped,Bacteria,Bacillota,Bacilli,Bacillales,Bacillaceae,Bacillus,p,respiratory tract,107.87,4.0,0,0.16,30,11,23.00188061,0.0,0.0,1.78376517,0.89425982699816,Klebsiella pneumoniae,0.21565994448778314,0.6785998825103768,7.83898488409292,1.6430846730011108
30,ZnO,Bacillus subtilis,non-pathogenic,electrochemical synthesis,MBEC,hexagonal,Bacteria,Bacillota,Bacilli,Bacillales,Bacillaceae,Bacillus,p,lungs,81.3794,1.4,0,0.16,30,8,22.60496136,17.07,0.6865,4.082482905,2.196801554726927,Klebsiella pneumoniae,1.5185457628806747,0.6782557918462522,157.32638175494392,33.00241816926526
31,ZnO,Bacillus subtilis,non-pathogenic,green_synthesis,MBEC,quasi-hexagonal,Bacteria,Bacillota,Bacilli,Bacillales,Bacillaceae,Bacillus,p,skin,81.3794,10.0,0,0.16,30,8,22.60496136,17.07,0.6865,4.082482905,1.5385721059414839,Klebsiella pneumoniae,0.8770524662859076,0.6615196396555763,34.559870459045285,7.53446580676498
32,CeO2,Bacillus subtilis,non-pathogenic,"purchased from us research nanomaterials, inc.в ",MIC,cubic,Bacteria,Bacillota,Bacilli,Bacillales,Bacillaceae,Bacillus,p,lungs,172.115,8.7,4,0.16,30,16,39.19032095,34.14,1.373,4.456551526,2.760462196695208,Klebsiella pneumoniae,2.1121239723455107,0.6483382243496973,576.0526736846292,129.45653312843552
33,ZnO,Bacillus subtilis,non-pathogenic,purchased from sigma aldrich ( citrate capped agnps),MBC,cubic,Bacteria,Bacillota,Bacilli,Bacillales,Bacillaceae,Bacillus,p,soil,81.3794,8.0,2,0.16,30,8,22.60496136,17.07,0.6865,4.082482905,2.391720268041475,Klebsiella pneumoniae,1.745046924975101,0.646673343066374,246.4451456365516,55.59643252745746
34,CuO,Bacillus subtilis,non-pathogenic,green_synthesis,MBC,nanoplates,Bacteria,Bacillota,Bacilli,Bacillales,Bacillaceae,Bacillus,p,food,79.5454,4.7,0,0.16,30,17,20.67942236,17.07,0.6865,1.651411411,3.31688777084327,Klebsiella pneumoniae,2.67102936303729,0.6458584078059801,2074.377393422982,468.84508010774124
35,Al2O3,Bacillus subtilis,non-pathogenic,"purchased from us research nanomaterials, inc.в ",MIC,cubic,Bacteria,Bacillota,Bacilli,Bacillales,Bacillaceae,Bacillus,p,mouth,101.961276,4.0,2,0.16,30,24,51.55776403,85.5,13.5675,4.688846487,2.22100328545977,Klebsiella pneumoniae,1.5752131628913064,0.6457901225684637,166.3425234218787,37.60219202228266
36,Ag,Bacillus subtilis,non-pathogenic,purchased from sigma aldrich ( citrate capped agnps),MIC,hexagonal,Bacteria,Bacillota,Bacilli,Bacillales,Bacillaceae,Bacillus,p,mouth,107.87,4.0,0,0.16,30,11,23.00188061,0.0,0.0,1.78376517,1.7008263739470566,Klebsiella pneumoniae,1.0582234088530167,0.6426029650940399,50.21417987404157,11.434664031
37,ZnO,Bacillus subtilis,non-pathogenic,"purchased from us research nanomaterials, inc.в ",MBC,cubic,Bacteria,Bacillota,Bacilli,Bacillales,Bacillaceae,Bacillus,p,lungs,81.3794,18.5,2,0.16,30,8,22.60496136,17.07,0.6865,4.082482905,2.375244253523147,Klebsiella pneumoniae,1.7343090476407863,0.6409352058823605,237.270777578421,54.23867201007637
38,CuO,Bacillus subtilis,non-pathogenic,"purchased from us research nanomaterials, inc.в ",MBEC,quasi-hexagonal,Bacteria,Bacillota,Bacilli,Bacillales,Bacillaceae,Bacillus,p,urine,79.5454,0.8,0,0.16,30,17,20.67942236,17.07,0.6865,1.651411411,2.6446838909733326,Klebsiella pneumoniae,2.00763829572852,0.6370455952448126,441.24915932652607,101.7743402436063
39,Au,Bacillus subtilis,non-pathogenic,"purchased from us research nanomaterials, inc.в ",MIC,quasi-hexagonal,Bacteria,Bacillota,Bacilli,Bacillales,Bacillaceae,Bacillus,p,lungs,196.966569,1.4,3,0.16,30,11,23.00188061,0.0,0.0,2.46797672,1.2206585958281067,Klebsiella pneumoniae,0.584616963543849,0.6360416322842577,16.621055353006295,3.842527316187118
40,ZnO,Bacillus subtilis,non-pathogenic,green_synthesis,MBC,spherical,Bacteria,Bacillota,Bacilli,Bacillales,Bacillaceae,Bacillus,p,water,81.3794,1.9,0,0.16,30,8,22.60496136,17.07,0.6865,4.082482905,1.917178979588509,Klebsiella pneumoniae,1.2851620145734266,0.6320169650150824,82.63784429683237,19.28244115014954
41,Ag,Bacillus subtilis,non-pathogenic,"purchased from us research nanomaterials, inc.в ",MBEC,nanoplates,Bacteria,Bacillota,Bacilli,Bacillales,Bacillaceae,Bacillus,p,mouth,107.8682,8.7,4,0.16,30,11,23.00188061,0.0,0.0,1.78376517,2.224984692858731,Klebsiella pneumoniae,1.5989367790891824,0.6260479137695485,167.8744848046784,39.71337338973991
42,ZnO,Bacillus subtilis,non-pathogenic,chemical_synthesis,MIC,rod-shaped,Bacteria,Bacillota,Bacilli,Bacillales,Bacillaceae,Bacillus,p,respiratory tract,81.3794,0.8,0,0.16,30,8,22.60496136,17.07,0.6865,4.082482905,0.9521392029378427,Klebsiella pneumoniae,0.32657508061198826,0.6255641223258545,8.956517997808277,2.121168067864517
43,ZnO,Bacillus subtilis,non-pathogenic,"purchased from us research nanomaterials, inc.в ",MBC,quasi-hexagonal,Bacteria,Bacillota,Bacilli,Bacillales,Bacillaceae,Bacillus,p,food,81.3794,17.5,1,0.16,30,8,22.60496136,17.07,0.6865,4.082482905,1.4602030521333704,Klebsiella pneumoniae,0.8453081059621939,0.6148949461711766,28.853802323744556,7.003386682035939
44,Cu,Bacillus subtilis,non-pathogenic,"purchased from us research nanomaterials, inc.в ",MBC,quasi-spherical,Bacteria,Bacillota,Bacilli,Bacillales,Bacillaceae,Bacillus,p,skin,63.55,5.1,2,0.16,30,11,17.96409803,0.0,0.0,1.243163121,1.9491080242430192,Klebsiella pneumoniae,1.3469058589179903,0.6022021653250289,88.94223208176851,22.22828000772916
45,CuO,Bacillus subtilis,non-pathogenic,purchased from sigma aldrich ( citrate capped agnps),MBC,hexagonal,Bacteria,Bacillota,Bacilli,Bacillales,Bacillaceae,Bacillus,p,meat,79.5454,8.0,1,0.16,30,17,20.67942236,17.07,0.6865,1.651411411,3.3109223009065945,Klebsiella pneumoniae,2.7143146522747488,0.5966076486318457,2046.0785425729239,517.9819810429888
46,Pd,Bacillus subtilis,non-pathogenic,green_synthesis,MIC,hexagonal,Bacteria,Bacillota,Bacilli,Bacillales,Bacillaceae,Bacillus,p,soil,195.084,0.8,1,0.16,30,10,21.14774404,0.0,0.0,1.870828693,1.17187595398042,Klebsiella pneumoniae,0.5768052109404296,0.5950707430399904,14.85511280274605,3.774028808283637
47,Ag,Bacillus subtilis,non-pathogenic,"purchased from us research nanomaterials, inc.в ",MIC,spheroidal,Bacteria,Bacillota,Bacilli,Bacillales,Bacillaceae,Bacillus,p,meat,107.87,44.45,24,0.16,30,11,23.00188061,0.0,0.0,1.78376517,1.5830898950309213,Klebsiella pneumoniae,0.988482251372822,0.5946076436580994,38.29039927789172,9.7382798638167
48,ZnO,Bacillus subtilis,non-pathogenic,green_synthesis,MBEC,quasi-hexagonal,Bacteria,Bacillota,Bacilli,Bacillales,Bacillaceae,Bacillus,p,urine,81.3794,10.4,0,0.16,30,8,22.60496136,17.07,0.6865,4.082482905,1.4789847824055238,Klebsiella pneumoniae,0.8851262990616415,0.5938584833438822,30.129004508886226,7.675846815364453
49,CeO2,Bacillus subtilis,non-pathogenic,purchased from sigma aldrich ( citrate capped agnps),MIC,triangular,Bacteria,Bacillota,Bacilli,Bacillales,Bacillaceae,Bacillus,p,urine,172.115,1.4,0,0.16,30,16,39.19032095,34.14,1.373,4.456551526,0.7272718150217685,Klebsiella pneumoniae,0.13669486160700273,0.5905769534147658,5.336688021292115,1.3699189131753915
50,Ag,Bacillus subtilis,non-pathogenic,purchased from sigma aldrich ( citrate capped agnps),MBC,spheroidal,Bacteria,Bacillota,Bacilli,Bacillales,Bacillaceae,Bacillus,p,skin,107.87,1.4,18,0.16,30,11,23.00188061,0.0,0.0,1.78376517,1.105350515185342,Klebsiella pneumoniae,0.5156224325857235,0.5897280825996185,12.745313288325567,3.2781017722152335
51,ZnO,Bacillus subtilis,non-pathogenic,purchased from sigma aldrich ( citrate capped agnps),MBEC,hexagonal,Bacteria,Bacillota,Bacilli,Bacillales,Bacillaceae,Bacillus,p,food,81.3794,4.0,1,0.16,30,8,22.60496136,17.07,0.6865,4.082482905,2.005129423525784,Klebsiella pneumoniae,1.4169802886429925,0.5881491348827914,101.18809586421742,26.120427987216473
52,TiO2,Bacillus subtilis,non-pathogenic,"purchased from us research nanomaterials, inc.в ",MBC,cubic,Bacteria,Bacillota,Bacilli,Bacillales,Bacillaceae,Bacillus,p,mouth,79.866,25.0,1,0.16,30,16,26.40611331,34.14,1.373,2.878049394,3.3300257648086307,Klebsiella pneumoniae,2.7546738468922585,0.5753519179163722,2138.0889292857805,568.4258853501808
53,ZnO,Bacillus subtilis,non-pathogenic,chemical_synthesis,MBEC,nanoplates,Bacteria,Bacillota,Bacilli,Bacillales,Bacillaceae,Bacillus,p,lungs,81.3794,10.4,1,0.16,30,8,22.60496136,17.07,0.6865,4.082482905,2.414262572274069,Klebsiella pneumoniae,1.8680858108846239,0.546176761389445,259.57482642283003,73.80500447167303
54,ZnO,Bacillus subtilis,non-pathogenic,electrochemical synthesis,MBEC,spherical,Bacteria,Bacillota,Bacilli,Bacillales,Bacillaceae,Bacillus,p,urine,81.3794,17.5,2,0.16,30,8,22.60496136,17.07,0.6865,4.082482905,2.1403849741273127,Klebsiella pneumoniae,1.7843759452899208,0.3560090288373918,138.16084289677718,60.866165883903555
55,Ag,Bacillus subtilis,non-pathogenic,electrochemical synthesis,MIC,spherical,Bacteria,Bacillota,Bacilli,Bacillales,Bacillaceae,Bacillus,p,water,107.87,12.0,3,0.16,30,11,23.00188061,0.0,0.0,1.78376517,1.5659235272486278,Klebsiella pneumoniae,1.2448534946050906,0.3210700326435372,36.806415735258426,17.57330694019374
56,Ag,Bacillus subtilis,non-pathogenic,purchased from sigma aldrich ( citrate capped agnps),MBC,cubic,Bacteria,Bacillota,Bacilli,Bacillales,Bacillaceae,Bacillus,p,meat,107.87,1.4,4,0.16,30,11,23.00188061,0.0,0.0,1.78376517,1.2361730543534448,Klebsiella pneumoniae,0.9456422374448282,0.2905308169086166,17.225548287631984,8.82352737534692
57,ZnO,Bacillus subtilis,non-pathogenic,chemical_synthesis,MIC,triangular,Bacteria,Bacillota,Bacilli,Bacillales,Bacillaceae,Bacillus,p,respiratory tract,81.3794,0.8,3,0.16,30,8,22.60496136,17.07,0.6865,4.082482905,-0.20314281910261056,Klebsiella pneumoniae,-0.48516799655108755,0.282025177448477,0.6264078346161315,0.3272140953588481
58,Ag,Bacillus subtilis,non-pathogenic,chemical_synthesis,MBEC,triangular,Bacteria,Bacillota,Bacilli,Bacillales,Bacillaceae,Bacillus,p,urine,107.87,10.0,4,0.16,30,11,23.00188061,0.0,0.0,1.78376517,-0.0011064849783175568,Klebsiella pneumoniae,-0.24904884691236506,0.2479423619340475,0.9974554670095276,0.5635742647121645
59,ZnO,Bacillus subtilis,non-pathogenic,chemical_synthesis,MBEC,quasi-spherical,Bacteria,Bacillota,Bacilli,Bacillales,Bacillaceae,Bacillus,p,mouth,81.3794,18.0,1,0.16,30,8,22.60496136,17.07,0.6865,4.082482905,1.784228214808378,Klebsiella pneumoniae,1.5412913959592358,0.2429368188491421,60.84546504792383,34.77694239400326
60,ZnO,Bacillus subtilis,non-pathogenic,"purchased from us research nanomaterials, inc.в ",MBC,spherical,Bacteria,Bacillota,Bacilli,Bacillales,Bacillaceae,Bacillus,p,carious dentine,81.3794,40.0,2,0.16,30,8,22.60496136,17.07,0.6865,4.082482905,1.5351258222621509,Klebsiella pneumoniae,1.3115151031913224,0.22361071907082852,34.28671064045559,20.48873301121608
61,Au,Bacillus subtilis,non-pathogenic,chemical_synthesis,MBEC,hexagonal,Bacteria,Bacillota,Bacilli,Bacillales,Bacillaceae,Bacillus,p,nose,196.966569,20.0,1,0.16,30,11,23.00188061,0.0,0.0,2.46797672,2.1526895204345484,Klebsiella pneumoniae,1.9377459899116445,0.21494353052290394,142.13123196631565,86.64549554906817
62,ZnO,Bacillus subtilis,non-pathogenic,purchased from sigma aldrich ( citrate capped agnps),MIC,triangular,Bacteria,Bacillota,Bacilli,Bacillales,Bacillaceae,Bacillus,p,blood,81.3794,17.5,24,0.16,30,8,22.60496136,17.07,0.6865,4.082482905,0.4329722521723398,Klebsiella pneumoniae,0.2199089293075318,0.213063322864808,2.7100184785786974,1.6592389318370742
63,Ag,Bacillus subtilis,non-pathogenic,electrochemical synthesis,MBEC,spheroidal,Bacteria,Bacillota,Bacilli,Bacillales,Bacillaceae,Bacillus,p,soil,107.87,35.0,0,0.16,30,11,23.00188061,0.0,0.0,1.78376517,1.3250154702240349,Klebsiella pneumoniae,1.1171059775007226,0.20790949272331227,21.13564326842708,13.095014314519382
64,ZnO,Bacillus subtilis,non-pathogenic,chemical_synthesis,MIC,hexagonal,Bacteria,Bacillota,Bacilli,Bacillales,Bacillaceae,Bacillus,p,meat,81.3794,13.0,1,0.16,30,8,22.60496136,17.07,0.6865,4.082482905,1.9452880407424764,Klebsiella pneumoniae,1.765057202244211,0.18023083849826538,88.16334122051806,58.21798934017336
65,Ag,Bacillus subtilis,non-pathogenic,purchased from sigma aldrich ( citrate capped agnps),MBEC,cubic,Bacteria,Bacillota,Bacilli,Bacillales,Bacillaceae,Bacillus,p,mammary gland,107.87,40.0,4,0.16,30,11,23.00188061,0.0,0.0,1.78376517,1.75116338097968,Klebsiella pneumoniae,1.5766480676828354,0.17451531329684467,56.384973541717834,37.72663476871165
66,ZnO,Bacillus subtilis,non-pathogenic,chemical_synthesis,MBEC,hexagonal,Bacteria,Bacillota,Bacilli,Bacillales,Bacillaceae,Bacillus,p,water,81.3794,4.0,24,0.16,30,8,22.60496136,17.07,0.6865,4.082482905,2.777191373169033,Klebsiella pneumoniae,2.6076122104706956,0.16957916269833762,598.6753450354788,405.1466110285571
67,Ag,Bacillus subtilis,non-pathogenic,electrochemical synthesis,MBEC,quasi-spherical,Bacteria,Bacillota,Bacilli,Bacillales,Bacillaceae,Bacillus,p,blood,107.87,1.4,2,0.16,30,11,23.00188061,0.0,0.0,1.78376517,0.21578847834382064,Klebsiella pneumoniae,0.052528876406353175,0.16325960193746747,1.643571032540341,1.1285709741492245
68,Ag,Bacillus subtilis,non-pathogenic,chemical_synthesis,MBC,spheroidal,Bacteria,Bacillota,Bacilli,Bacillales,Bacillaceae,Bacillus,p,mouth,107.87,5.1,2,0.16,30,11,23.00188061,0.0,0.0,1.78376517,1.6854948168117594,Klebsiella pneumoniae,1.5635329077877644,0.12196190902399495,48.47243275349126,36.604367572793514
69,Al2O3,Bacillus subtilis,non-pathogenic,electrochemical synthesis,MBEC,cubic,Bacteria,Bacillota,Bacilli,Bacillales,Bacillaceae,Bacillus,p,skin,101.961276,79.0,0,0.16,30,24,51.55776403,85.5,13.5675,4.688846487,2.4570089875757093,Klebsiella pneumoniae,2.3418504589408466,0.11515852863486264,286.4237243703014,219.7103211745492
70,CuO,Bacillus subtilis,non-pathogenic,purchased from sigma aldrich ( citrate capped agnps),MBEC,rod-shaped,Bacteria,Bacillota,Bacilli,Bacillales,Bacillaceae,Bacillus,p,carious dentine,79.5454,18.5,4,0.16,30,17,20.67942236,17.07,0.6865,1.651411411,2.473284990783183,Klebsiella pneumoniae,2.362970822488183,0.11031416829499996,297.36167251026876,230.65922181061006
71,Au,Bacillus subtilis,non-pathogenic,electrochemical synthesis,MBC,cubic,Bacteria,Bacillota,Bacilli,Bacillales,Bacillaceae,Bacillus,p,water,196.966569,13.5,2,0.16,30,11,23.00188061,0.0,0.0,2.46797672,1.9762148332767961,Klebsiella pneumoniae,1.8804948770587804,0.09571995621801577,94.67053540921981,75.94424642255848
72,Ag,Bacillus subtilis,non-pathogenic,purchased from sigma aldrich ( citrate capped agnps),MBEC,quasi-spherical,Bacteria,Bacillota,Bacilli,Bacillales,Bacillaceae,Bacillus,p,water,107.87,22.5,0,0.16,30,11,23.00188061,0.0,0.0,1.78376517,2.0774965331425514,Klebsiella pneumoniae,2.0142934999172506,0.06320303322530085,119.5353983442411,103.34595906263338
73,Ag,Bacillus subtilis,non-pathogenic,green_synthesis,MBC,quasi-spherical,Bacteria,Bacillota,Bacilli,Bacillales,Bacillaceae,Bacillus,p,carious dentine,107.87,18.5,1,0.16,30,11,23.00188061,0.0,0.0,1.78376517,0.8120866894593394,Klebsiella pneumoniae,0.7667194837099051,0.045367205749434314,6.487639202976168,5.844124828063169
74,Ag,Bacillus subtilis,non-pathogenic,purchased from sigma aldrich ( citrate capped agnps),MIC,hexagonal,Bacteria,Bacillota,Bacilli,Bacillales,Bacillaceae,Bacillus,p,soil,107.87,38.0,4,0.16,30,11,23.00188061,0.0,0.0,1.78376517,1.5728842881960974,Klebsiella pneumoniae,1.5352095679790996,0.037674720216997803,37.40109249181257,34.293322840579876
75,Au,Bacillus subtilis,non-pathogenic,purchased from sigma aldrich ( citrate capped agnps),MBC,cubic,Bacteria,Bacillota,Bacilli,Bacillales,Bacillaceae,Bacillus,p,skin,196.966569,13.0,18,0.16,30,11,23.00188061,0.0,0.0,2.46797672,1.7672968683117647,Klebsiella pneumoniae,1.7519116514470883,0.015385216864676421,58.518996257054326,56.48220613379232
76,ZnO,Bacillus subtilis,non-pathogenic,"purchased from us research nanomaterials, inc.в ",MIC,triangular,Bacteria,Bacillota,Bacilli,Bacillales,Bacillaceae,Bacillus,p,mouth,81.3794,28.0,0,0.16,30,8,22.60496136,17.07,0.6865,4.082482905,-0.09544900458872618,Klebsiella pneumoniae,-0.10099635813240693,0.005547353543680744,0.8026958089035204,0.7925079761946924
77,Ag,Bacillus subtilis,non-pathogenic,electrochemical synthesis,MBC,tetragonal,Bacteria,Bacillota,Bacilli,Bacillales,Bacillaceae,Bacillus,p,urine,107.87,40.0,1,0.16,30,11,23.00188061,0.0,0.0,1.78376517,0.4342982286929642,Klebsiella pneumoniae,0.42939585353095433,0.004902375162009864,2.718305279998838,2.6877932165469924
78,CeO2,Bacillus subtilis,non-pathogenic,green_synthesis,MBEC,rod-shaped,Bacteria,Bacillota,Bacilli,Bacillales,Bacillaceae,Bacillus,p,soil,172.115,17.5,18,0.16,30,16,39.19032095,34.14,1.373,4.456551526,2.3455490275396293,Klebsiella pneumoniae,2.3438906376955053,0.0016583898441240308,221.58942346751513,220.74487920727643
79,Ag,Bacillus subtilis,non-pathogenic,electrochemical synthesis,MIC,hexagonal,Bacteria,Bacillota,Bacilli,Bacillales,Bacillaceae,Bacillus,p,soil,107.87,50.0,24,0.16,30,11,23.00188061,0.0,0.0,1.78376517,1.3679435499612922,Klebsiella pneumoniae,1.409995338397153,-0.04205178843586088,23.33154776738585,25.70368192964039
80,CuO,Bacillus subtilis,non-pathogenic,electrochemical synthesis,MIC,cubic,Bacteria,Bacillota,Bacilli,Bacillales,Bacillaceae,Bacillus,p,soil,79.5454,8.0,24,0.16,30,17,20.67942236,17.07,0.6865,1.651411411,2.8030520143885393,Klebsiella pneumoniae,2.8497783478490137,-0.04672633346047439,635.4070284413547,707.5845602010927
81,ZnO,Bacillus subtilis,non-pathogenic,purchased from sigma aldrich ( citrate capped agnps),MIC,tetragonal,Bacteria,Bacillota,Bacilli,Bacillales,Bacillaceae,Bacillus,p,soil,81.3794,55.6,1,0.16,30,8,22.60496136,17.07,0.6865,4.082482905,-0.048185301444152895,Klebsiella pneumoniae,0.06985723416034872,-0.11804253560450162,0.8949828196558912,1.1745113937606504
82,Au,Bacillus subtilis,non-pathogenic,purchased from sigma aldrich ( citrate capped agnps),MBC,quasi-hexagonal,Bacteria,Bacillota,Bacilli,Bacillales,Bacillaceae,Bacillus,p,soil,196.966569,37.86,24,0.16,30,11,23.00188061,0.0,0.0,2.46797672,0.49500393330048875,Klebsiella pneumoniae,0.6237333363823798,-0.12872940308189107,3.1261076793998304,4.204683749354494
83,Cu,Bacillus subtilis,non-pathogenic,green_synthesis,MIC,spheroidal,Bacteria,Bacillota,Bacilli,Bacillales,Bacillaceae,Bacillus,p,meat,63.55,79.0,0,0.16,30,11,17.96409803,0.0,0.0,1.243163121,0.9509353146765583,Klebsiella pneumoniae,1.104932787122877,-0.15399747244631856,8.931724416304997,12.733060046400078
84,Ag,Bacillus subtilis,non-pathogenic,chemical_synthesis,MBEC,quasi-hexagonal,Bacteria,Bacillota,Bacilli,Bacillales,Bacillaceae,Bacillus,p,skin,107.87,35.0,24,0.16,30,11,23.00188061,0.0,0.0,1.78376517,0.66012634680975,Klebsiella pneumoniae,0.8587935607884537,-0.19866721397870368,4.572211870127932,7.224263210628798
85,Au,Bacillus subtilis,non-pathogenic,chemical_synthesis,MBC,tetragonal,Bacteria,Bacillota,Bacilli,Bacillales,Bacillaceae,Bacillus,p,food,196.966569,18.5,3,0.16,30,11,23.00188061,0.0,0.0,2.46797672,1.015519898793066,Klebsiella pneumoniae,1.3201368216158618,-0.30461692282279573,10.36382088986198,20.89954453532711
86,Ag,Bacillus subtilis,non-pathogenic,green_synthesis,MBC,spherical,Bacteria,Bacillota,Bacilli,Bacillales,Bacillaceae,Bacillus,p,lungs,107.87,20.0,24,0.16,30,11,23.00188061,0.0,0.0,1.78376517,1.0699709442585361,Klebsiella pneumoniae,1.386456430971852,-0.3164854867133158,11.74818953025174,24.34761529027002
