,np,bacteria,bac_type,np_synthesis,method,shape,kingdom,phylum,class,order,family,genus,gram,isolated_from,mol_weight (g/mol),np_size_avg (nm),time_set,"min_Incub_period, h","growth_temp, C",Valance_electron,labuteASA,tpsa,CrippenMR,chi0v,pred_MIC_norm,pathogenic_bacteria,pred_MIC_pathogen,Fitness,pred_norm_MIC_original,pred_path_MIC_original
0,ZnO,Bacillus subtilis,non-pathogenic,"purchased from us research nanomaterials, inc.в ",MIC,cubic,Bacteria,Bacillota,Bacilli,Bacillales,Bacillaceae,Bacillus,p,water,81.3794,1.9,3,0.16,30,8,22.60496136,17.07,0.6865,4.082482905,1.6372486083720257,Klebsiella pneumoniae,0.6390853272500518,0.9981632811219738,43.37591092341386,4.355974485268537
1,Ag,Bacillus subtilis,non-pathogenic,green_synthesis,MIC,tetragonal,Bacteria,Bacillota,Bacilli,Bacillales,Bacillaceae,Bacillus,p,water,107.87,1.4,24,0.16,30,11,23.00188061,0.0,0.0,1.78376517,1.6858020264635334,Klebsiella pneumoniae,0.719078239163673,0.9667237872998604,48.50673313696569,5.236947729226177
2,CuO,Bacillus subtilis,non-pathogenic,"purchased from us research nanomaterials, inc.в ",MIC,quasi-spherical,Bacteria,Bacillota,Bacilli,Bacillales,Bacillaceae,Bacillus,p,urine,79.5454,1.4,4,0.16,30,17,20.67942236,17.07,0.6865,1.651411411,2.3511793104235643,Klebsiella pneumoniae,1.4977964286790666,0.8533828817444977,224.48085634415898,31.462731834006508
3,TiO2,Bacillus subtilis,non-pathogenic,"purchased from us research nanomaterials, inc.в ",MIC,quasi-hexagonal,Bacteria,Bacillota,Bacilli,Bacillales,Bacillaceae,Bacillus,p,nose,79.866,0.8,2,0.16,30,16,26.40611331,34.14,1.373,2.878049394,1.67083900981942,Klebsiella pneumoniae,0.8692499179699464,0.8015890918494735,46.863962823635404,7.400310088650686
4,ZnO,Bacillus subtilis,non-pathogenic,green_synthesis,MBC,quasi-spherical,Bacteria,Bacillota,Bacilli,Bacillales,Bacillaceae,Bacillus,p,respiratory tract,81.3794,4.7,2,0.16,30,8,22.60496136,17.07,0.6865,4.082482905,2.0847291549658067,Klebsiella pneumoniae,1.2906475961127268,0.7940815588530798,121.54277703198963,19.527542699179868
5,ZrO2,Bacillus subtilis,non-pathogenic,purchased from sigma aldrich ( citrate capped agnps),MIC,spheroidal,Bacteria,Bacillota,Bacilli,Bacillales,Bacillaceae,Bacillus,p,respiratory tract,123.2218,1.9,1,0.16,30,16,29.29254423,34.14,1.373,3.774536472,1.7263717215419778,Klebsiella pneumoniae,1.0377361362777378,0.6886355852642401,53.25638965910134,10.907774128975603
6,TiO2,Bacillus subtilis,non-pathogenic,"purchased from us research nanomaterials, inc.в ",MBC,spherical,Bacteria,Bacillota,Bacilli,Bacillales,Bacillaceae,Bacillus,p,water,79.866,5.1,2,0.16,30,16,26.40611331,34.14,1.373,2.878049394,2.9891959801295833,Klebsiella pneumoniae,2.3007805058366357,0.6884154742929476,975.4297117297077,199.88513868397854
7,Ag,Bacillus subtilis,non-pathogenic,"purchased from us research nanomaterials, inc.в ",MIC,spherical,Bacteria,Bacillota,Bacilli,Bacillales,Bacillaceae,Bacillus,p,mammary gland,107.87,4.0,3,0.16,30,11,23.00188061,0.0,0.0,1.78376517,1.3478705794768033,Klebsiella pneumoniae,0.66168424489801,0.6861863345787933,22.277711705955184,4.588642728862459
8,ZnO,Bacillus subtilis,non-pathogenic,chemical_synthesis,MBEC,hexagonal,Bacteria,Bacillota,Bacilli,Bacillales,Bacillaceae,Bacillus,p,carious dentine,81.3794,5.1,4,0.16,30,8,22.60496136,17.07,0.6865,4.082482905,1.7953468012339087,Klebsiella pneumoniae,1.1112749223631138,0.6840718788707949,62.42331112133214,12.92036915676656
9,ZnO,Bacillus subtilis,non-pathogenic,green_synthesis,MBEC,cubic,Bacteria,Bacillota,Bacilli,Bacillales,Bacillaceae,Bacillus,p,mammary gland,81.3794,12.0,1,0.16,30,8,22.60496136,17.07,0.6865,4.082482905,2.505945038622637,Klebsiella pneumoniae,1.8374038946459204,0.6685411439767168,320.58635863821064,68.77077121098937
10,Ag,Bacillus subtilis,non-pathogenic,chemical_synthesis,MIC,cubic,Bacteria,Bacillota,Bacilli,Bacillales,Bacillaceae,Bacillus,p,mouth,107.87,1.9,18,0.16,30,11,23.00188061,0.0,0.0,1.78376517,1.4271029035547946,Klebsiella pneumoniae,0.7744490839955924,0.6526538195592022,26.736398370457394,5.949070067052722
11,ZnO,Bacillus subtilis,non-pathogenic,purchased from sigma aldrich ( citrate capped agnps),MBC,cubic,Bacteria,Bacillota,Bacilli,Bacillales,Bacillaceae,Bacillus,p,soil,81.3794,8.0,2,0.16,30,8,22.60496136,17.07,0.6865,4.082482905,2.391720268041475,Klebsiella pneumoniae,1.745046924975101,0.646673343066374,246.4451456365516,55.59643252745746
12,Au,Bacillus subtilis,non-pathogenic,"purchased from us research nanomaterials, inc.в ",MIC,quasi-hexagonal,Bacteria,Bacillota,Bacilli,Bacillales,Bacillaceae,Bacillus,p,lungs,196.966569,1.4,3,0.16,30,11,23.00188061,0.0,0.0,2.46797672,1.2206585958281067,Klebsiella pneumoniae,0.584616963543849,0.6360416322842577,16.621055353006295,3.842527316187118
13,Ag,Bacillus subtilis,non-pathogenic,"purchased from us research nanomaterials, inc.в ",MBEC,nanoplates,Bacteria,Bacillota,Bacilli,Bacillales,Bacillaceae,Bacillus,p,mouth,107.8682,8.7,4,0.16,30,11,23.00188061,0.0,0.0,1.78376517,2.224984692858731,Klebsiella pneumoniae,1.5989367790891824,0.6260479137695485,167.8744848046784,39.71337338973991
14,ZnO,Bacillus subtilis,non-pathogenic,"purchased from us research nanomaterials, inc.в ",MBC,spheroidal,Bacteria,Bacillota,Bacilli,Bacillales,Bacillaceae,Bacillus,p,water,81.3794,1.4,2,0.16,30,8,22.60496136,17.07,0.6865,4.082482905,1.989405581062687,Klebsiella pneumoniae,1.3908722071322237,0.5985333739304632,97.59005911230402,24.596437377614112
15,CuO,Bacillus subtilis,non-pathogenic,purchased from sigma aldrich ( citrate capped agnps),MBC,hexagonal,Bacteria,Bacillota,Bacilli,Bacillales,Bacillaceae,Bacillus,p,meat,79.5454,8.0,1,0.16,30,17,20.67942236,17.07,0.6865,1.651411411,3.3109223009065945,Klebsiella pneumoniae,2.7143146522747488,0.5966076486318457,2046.0785425729239,517.9819810429888
16,ZnO,Bacillus subtilis,non-pathogenic,green_synthesis,MBC,rod-shaped,Bacteria,Bacillota,Bacilli,Bacillales,Bacillaceae,Bacillus,p,respiratory tract,81.3794,9.0,2,0.16,30,8,22.60496136,17.07,0.6865,4.082482905,2.1483834215628415,Klebsiella pneumoniae,1.5570970669733948,0.5912863545894467,140.72894164650066,36.06592431459057
17,CeO2,Bacillus subtilis,non-pathogenic,purchased from sigma aldrich ( citrate capped agnps),MIC,triangular,Bacteria,Bacillota,Bacilli,Bacillales,Bacillaceae,Bacillus,p,urine,172.115,1.4,0,0.16,30,16,39.19032095,34.14,1.373,4.456551526,0.7272718150217685,Klebsiella pneumoniae,0.13669486160700273,0.5905769534147658,5.336688021292115,1.3699189131753915
18,Ag,Bacillus subtilis,non-pathogenic,purchased from sigma aldrich ( citrate capped agnps),MBC,spheroidal,Bacteria,Bacillota,Bacilli,Bacillales,Bacillaceae,Bacillus,p,skin,107.87,1.4,18,0.16,30,11,23.00188061,0.0,0.0,1.78376517,1.105350515185342,Klebsiella pneumoniae,0.5156224325857235,0.5897280825996185,12.745313288325567,3.2781017722152335
19,ZnO,Bacillus subtilis,non-pathogenic,green_synthesis,MBEC,spherical,Bacteria,Bacillota,Bacilli,Bacillales,Bacillaceae,Bacillus,p,soil,81.3794,8.7,4,0.16,30,8,22.60496136,17.07,0.6865,4.082482905,2.374988766230386,Klebsiella pneumoniae,1.7887155676707465,0.5862731985596394,237.1312366817959,61.477410704726736
20,Pd,Bacillus subtilis,non-pathogenic,"purchased from us research nanomaterials, inc.в ",MBC,hexagonal,Bacteria,Bacillota,Bacilli,Bacillales,Bacillaceae,Bacillus,p,lungs,195.084,44.45,4,0.16,30,10,21.14774404,0.0,0.0,1.870828693,1.5762591072180476,Klebsiella pneumoniae,0.9944490543818547,0.5818100528361929,37.6928613712427,9.872998121487878
21,ZnO,Bacillus subtilis,non-pathogenic,electrochemical synthesis,MBEC,quasi-spherical,Bacteria,Bacillota,Bacilli,Bacillales,Bacillaceae,Bacillus,p,urine,81.3794,4.0,18,0.16,30,8,22.60496136,17.07,0.6865,4.082482905,1.840766490101752,Klebsiella pneumoniae,1.2593871902979927,0.5813792998037592,69.30530675333777,18.17134986818183
22,Ag,Bacillus subtilis,non-pathogenic,chemical_synthesis,MIC,quasi-hexagonal,Bacteria,Bacillota,Bacilli,Bacillales,Bacillaceae,Bacillus,p,water,107.87,10.4,3,0.16,30,11,23.00188061,0.0,0.0,1.78376517,0.9276280690131031,Klebsiella pneumoniae,0.35131260614210613,0.576315462870997,8.46502156857088,2.245497656458306
23,ZnO,Bacillus subtilis,non-pathogenic,green_synthesis,MBC,cubic,Bacteria,Bacillota,Bacilli,Bacillales,Bacillaceae,Bacillus,p,urine,81.3794,10.4,2,0.16,30,8,22.60496136,17.07,0.6865,4.082482905,2.4455011405534988,Klebsiella pneumoniae,1.8697766850107171,0.5757244555427816,278.93379817496975,74.09291562518567
24,Ag,Bacillus subtilis,non-pathogenic,chemical_synthesis,MIC,hexagonal,Bacteria,Bacillota,Bacilli,Bacillales,Bacillaceae,Bacillus,p,soil,107.87,6.0,3,0.16,30,11,23.00188061,0.0,0.0,1.78376517,2.074057543162467,Klebsiella pneumoniae,1.501431605573887,0.5726259375885798,118.59258705970508,31.727189720602354
25,CuO,Bacillus subtilis,non-pathogenic,purchased from sigma aldrich ( citrate capped agnps),MBC,hexagonal,Bacteria,Bacillota,Bacilli,Bacillales,Bacillaceae,Bacillus,p,urine,79.5454,6.0,0,0.16,30,17,20.67942236,17.07,0.6865,1.651411411,3.549893831575306,Klebsiella pneumoniae,2.988554881475295,0.5613389501000108,3547.266615036503,973.9908600629873
26,ZnO,Bacillus subtilis,non-pathogenic,electrochemical synthesis,MBEC,quasi-spherical,Bacteria,Bacillota,Bacilli,Bacillales,Bacillaceae,Bacillus,p,blood,81.3794,12.0,2,0.16,30,8,22.60496136,17.07,0.6865,4.082482905,1.2668430244732973,Klebsiella pneumoniae,0.7061837346667821,0.5606592898065152,18.48600322531037,5.083744723676718
27,Ag,Bacillus subtilis,non-pathogenic,"purchased from us research nanomaterials, inc.в ",MIC,quasi-spherical,Bacteria,Bacillota,Bacilli,Bacillales,Bacillaceae,Bacillus,p,respiratory tract,107.8682,4.0,2,0.16,30,11,23.00188061,0.0,0.0,1.78376517,1.3833904932773506,Klebsiella pneumoniae,0.8265774714357217,0.556813021841629,24.17633658254235,6.707759321087583
28,ZnO,Bacillus subtilis,non-pathogenic,electrochemical synthesis,MBEC,spherical,Bacteria,Bacillota,Bacilli,Bacillales,Bacillaceae,Bacillus,p,mammary gland,81.3794,10.4,1,0.16,30,8,22.60496136,17.07,0.6865,4.082482905,2.309029146213142,Klebsiella pneumoniae,1.7584104682447657,0.5506186779683762,203.71787915194378,57.333765823215955
29,Ag,Bacillus subtilis,non-pathogenic,electrochemical synthesis,MIC,cubic,Bacteria,Bacillota,Bacilli,Bacillales,Bacillaceae,Bacillus,p,food,107.8682,5.1,3,0.16,30,11,23.00188061,0.0,0.0,1.78376517,2.2630783253711777,Klebsiella pneumoniae,1.713409200971487,0.5496691243996907,183.2644911603021,51.69031764366767
30,ZnO,Bacillus subtilis,non-pathogenic,"purchased from us research nanomaterials, inc.в ",MBC,quasi-spherical,Bacteria,Bacillota,Bacilli,Bacillales,Bacillaceae,Bacillus,p,mammary gland,81.3794,27.43,0,0.16,30,8,22.60496136,17.07,0.6865,4.082482905,2.4558077438674353,Klebsiella pneumoniae,1.9131942040262082,0.5426135398412271,285.6325807709065,81.88308639378184
31,TiO2,Bacillus subtilis,non-pathogenic,"purchased from us research nanomaterials, inc.в ",MBC,tetragonal,Bacteria,Bacillota,Bacilli,Bacillales,Bacillaceae,Bacillus,p,respiratory tract,79.866,10.0,18,0.16,30,16,26.40611331,34.14,1.373,2.878049394,2.1939865625042687,Klebsiella pneumoniae,1.6599679571846693,0.5340186053195994,156.30992780733632,45.70544662940449
32,CuO,Bacillus subtilis,non-pathogenic,"purchased from us research nanomaterials, inc.в ",MBC,cubic,Bacteria,Bacillota,Bacilli,Bacillales,Bacillaceae,Bacillus,p,food,79.5454,5.1,24,0.16,30,17,20.67942236,17.07,0.6865,1.651411411,2.8849131043825116,Klebsiella pneumoniae,2.3537694360201984,0.5311436683623132,767.2079675400506,225.8236569525332
33,Ag,Bacillus subtilis,non-pathogenic,"purchased from us research nanomaterials, inc.в ",MBC,tetragonal,Bacteria,Bacillota,Bacilli,Bacillales,Bacillaceae,Bacillus,p,urine,107.87,1.4,1,0.16,30,11,23.00188061,0.0,0.0,1.78376517,0.6014990526037645,Klebsiella pneumoniae,0.07114037861284506,0.5303586739909194,3.9948368984946545,1.1779866769830958
34,Cu,Bacillus subtilis,non-pathogenic,"purchased from us research nanomaterials, inc.в ",MBEC,quasi-hexagonal,Bacteria,Bacillota,Bacilli,Bacillales,Bacillaceae,Bacillus,p,urine,63.55,8.7,3,0.16,30,11,17.96409803,0.0,0.0,1.243163121,1.6835492238893808,Klebsiella pneumoniae,1.1553908526038867,0.528158371285494,48.25576711053797,14.301805010166516
35,TiO2,Bacillus subtilis,non-pathogenic,purchased from sigma aldrich ( citrate capped agnps),MBEC,nanoplates,Bacteria,Bacillota,Bacilli,Bacillales,Bacillaceae,Bacillus,p,blood,79.866,12.5,0,0.16,30,16,26.40611331,34.14,1.373,2.878049394,2.0555930457986538,Klebsiella pneumoniae,1.5354633757846659,0.5201296700139879,113.6561775249495,34.313370198349034
36,ZnO,Bacillus subtilis,non-pathogenic,green_synthesis,MIC,rod-shaped,Bacteria,Bacillota,Bacilli,Bacillales,Bacillaceae,Bacillus,p,mammary gland,81.3794,4.7,1,0.16,30,8,22.60496136,17.07,0.6865,4.082482905,0.9257374881362382,Klebsiella pneumoniae,0.40831259202792936,0.5174248961083089,8.42825153122984,2.5604281425340916
37,Ag,Bacillus subtilis,non-pathogenic,chemical_synthesis,MIC,cubic,Bacteria,Bacillota,Bacilli,Bacillales,Bacillaceae,Bacillus,p,lungs,107.87,26.06,4,0.16,30,11,23.00188061,0.0,0.0,1.78376517,1.6456240509551086,Klebsiella pneumoniae,1.1292752889000217,0.5163487620550868,44.220540945348496,13.467137332315817
38,ZnO,Bacillus subtilis,non-pathogenic,"purchased from us research nanomaterials, inc.в ",MIC,nanoplates,Bacteria,Bacillota,Bacilli,Bacillales,Bacillaceae,Bacillus,p,mammary gland,81.3794,8.0,18,0.16,30,8,22.60496136,17.07,0.6865,4.082482905,1.6466087505222216,Klebsiella pneumoniae,1.1319668422951212,0.5146419082271003,44.32091834238405,13.550859497072583
39,Ag,Bacillus subtilis,non-pathogenic,electrochemical synthesis,MIC,hexagonal,Bacteria,Bacillota,Bacilli,Bacillales,Bacillaceae,Bacillus,p,meat,107.87,0.8,18,0.16,30,11,23.00188061,0.0,0.0,1.78376517,1.445424018292127,Klebsiella pneumoniae,0.9364178576924135,0.5090061605997135,27.88842693500812,8.638092646480107
40,Al2O3,Bacillus subtilis,non-pathogenic,green_synthesis,MBEC,nanoplates,Bacteria,Bacillota,Bacilli,Bacillales,Bacillaceae,Bacillus,p,lungs,101.961276,11.3,3,0.16,30,24,51.55776403,85.5,13.5675,4.688846487,3.1252198735760883,Klebsiella pneumoniae,2.6361357935867518,0.48908407998933656,1334.1967351493802,432.6490889993329
41,TiO2,Bacillus subtilis,non-pathogenic,purchased from sigma aldrich ( citrate capped agnps),MIC,nanoplates,Bacteria,Bacillota,Bacilli,Bacillales,Bacillaceae,Bacillus,p,mammary gland,79.866,11.3,3,0.16,30,16,26.40611331,34.14,1.373,2.878049394,2.5825608287753496,Klebsiella pneumoniae,2.1009569251958897,0.4816039035794599,382.43781545970967,126.17023884495823
42,ZnO,Bacillus subtilis,non-pathogenic,"purchased from us research nanomaterials, inc.в ",MBEC,quasi-spherical,Bacteria,Bacillota,Bacilli,Bacillales,Bacillaceae,Bacillus,p,lungs,81.3794,9.0,18,0.16,30,8,22.60496136,17.07,0.6865,4.082482905,2.2502426230307355,Klebsiella pneumoniae,1.7714230867199778,0.4788195363107577,177.92731414764233,59.07763301925361
43,CeO2,Bacillus subtilis,non-pathogenic,electrochemical synthesis,MBC,nanoplates,Bacteria,Bacillota,Bacilli,Bacillales,Bacillaceae,Bacillus,p,mammary gland,172.115,9.0,2,0.16,30,16,39.19032095,34.14,1.373,4.456551526,3.121433582253191,Klebsiella pneumoniae,2.657863892060064,0.4635696901931272,1322.6154216411412,454.84548918238613
44,CuO,Bacillus subtilis,non-pathogenic,"purchased from us research nanomaterials, inc.в ",MBEC,nanoplates,Bacteria,Bacillota,Bacilli,Bacillales,Bacillaceae,Bacillus,p,lungs,79.5454,26.06,4,0.16,30,17,20.67942236,17.07,0.6865,1.651411411,3.6350381863697407,Klebsiella pneumoniae,3.173189108830237,0.46184907753950366,4315.570208315826,1490.0097450849166
45,TiO2,Bacillus subtilis,non-pathogenic,electrochemical synthesis,MBEC,triangular,Bacteria,Bacillota,Bacilli,Bacillales,Bacillaceae,Bacillus,p,water,79.866,12.0,18,0.16,30,16,26.40611331,34.14,1.373,2.878049394,1.2523878046946648,Klebsiella pneumoniae,0.7911789599846151,0.46120884471004975,17.880835372973003,6.182711190002635
46,CeO2,Bacillus subtilis,non-pathogenic,electrochemical synthesis,MIC,rod-shaped,Bacteria,Bacillota,Bacilli,Bacillales,Bacillaceae,Bacillus,p,carious dentine,172.115,5.1,4,0.16,30,16,39.19032095,34.14,1.373,4.456551526,1.8583092453123262,Klebsiella pneumoniae,1.397374696035345,0.4609345492769812,72.16211364604915,24.96747915920997
47,TiO2,Bacillus subtilis,non-pathogenic,chemical_synthesis,MBC,rod-shaped,Bacteria,Bacillota,Bacilli,Bacillales,Bacillaceae,Bacillus,p,water,79.866,1.4,0,0.16,30,16,26.40611331,34.14,1.373,2.878049394,1.9520538946774002,Klebsiella pneumoniae,1.4944473006298713,0.4576065940475289,89.5475884597858,31.22103532257585
48,Au,Bacillus subtilis,non-pathogenic,chemical_synthesis,MIC,hexagonal,Bacteria,Bacillota,Bacilli,Bacillales,Bacillaceae,Bacillus,p,meat,196.966569,11.3,4,0.16,30,11,23.00188061,0.0,0.0,2.46797672,2.3866170752907028,Klebsiella pneumoniae,1.9297729310200145,0.4568441442706883,243.56623071203862,85.06931406994147
49,Ag,Bacillus subtilis,non-pathogenic,electrochemical synthesis,MIC,spheroidal,Bacteria,Bacillota,Bacilli,Bacillales,Bacillaceae,Bacillus,p,meat,107.87,30.0,18,0.16,30,11,23.00188061,0.0,0.0,1.78376517,1.1716331014728136,Klebsiella pneumoniae,0.7149634841932346,0.456669617279579,14.846808315656137,5.18756419665182
50,Pd,Bacillus subtilis,non-pathogenic,purchased from sigma aldrich ( citrate capped agnps),MIC,nanoplates,Bacteria,Bacillota,Bacilli,Bacillales,Bacillaceae,Bacillus,p,mouth,195.084,5.1,2,0.16,30,10,21.14774404,0.0,0.0,1.870828693,1.7381946602814062,Klebsiella pneumoniae,1.2836544563004864,0.4545402039809199,54.72612023642336,19.21562241498323
51,ZnO,Bacillus subtilis,non-pathogenic,"purchased from us research nanomaterials, inc.в ",MBEC,quasi-spherical,Bacteria,Bacillota,Bacilli,Bacillales,Bacillaceae,Bacillus,p,skin,81.3794,37.86,0,0.16,30,8,22.60496136,17.07,0.6865,4.082482905,1.664671045729595,Klebsiella pneumoniae,1.210366253742822,0.4543047919867731,46.203092572023266,16.23178396013641
52,Ag,Bacillus subtilis,non-pathogenic,"purchased from us research nanomaterials, inc.в ",MIC,quasi-hexagonal,Bacteria,Bacillota,Bacilli,Bacillales,Bacillaceae,Bacillus,p,food,107.87,12.0,0,0.16,30,11,23.00188061,0.0,0.0,1.78376517,1.2793200671332279,Klebsiella pneumoniae,0.8332324864153264,0.44608758071790144,19.024798564392327,6.81133885540047
53,CeO2,Bacillus subtilis,non-pathogenic,purchased from sigma aldrich ( citrate capped agnps),MIC,spherical,Bacteria,Bacillota,Bacilli,Bacillales,Bacillaceae,Bacillus,p,mammary gland,172.115,1.9,18,0.16,30,16,39.19032095,34.14,1.373,4.456551526,1.9331460918170786,Klebsiella pneumoniae,1.4888348775339733,0.4443112142831054,85.73261916926928,30.820159187171132
54,Ag,Bacillus subtilis,non-pathogenic,"purchased from us research nanomaterials, inc.в ",MBEC,cubic,Bacteria,Bacillota,Bacilli,Bacillales,Bacillaceae,Bacillus,p,respiratory tract,107.87,1.9,4,0.16,30,11,23.00188061,0.0,0.0,1.78376517,1.9183083247609032,Klebsiella pneumoniae,1.5025861264607883,0.4157221983001149,82.85301649816543,31.81164493658685
55,ZnO,Bacillus subtilis,non-pathogenic,electrochemical synthesis,MBEC,cubic,Bacteria,Bacillota,Bacilli,Bacillales,Bacillaceae,Bacillus,p,water,81.3794,10.4,18,0.16,30,8,22.60496136,17.07,0.6865,4.082482905,2.5638224806998227,Klebsiella pneumoniae,2.1870607191573885,0.3767617615424341,366.2878226899262,153.836970631641
56,ZnO,Bacillus subtilis,non-pathogenic,purchased from sigma aldrich ( citrate capped agnps),MBC,spheroidal,Bacteria,Bacillota,Bacilli,Bacillales,Bacillaceae,Bacillus,p,urine,81.3794,10.0,2,0.16,30,8,22.60496136,17.07,0.6865,4.082482905,2.3736606730433603,Klebsiella pneumoniae,2.0380667543656283,0.3355939186777319,236.4071857339891,109.16081120251215
57,Ag,Bacillus subtilis,non-pathogenic,"purchased from us research nanomaterials, inc.в ",MBC,spherical,Bacteria,Bacillota,Bacilli,Bacillales,Bacillaceae,Bacillus,p,soil,107.87,10.0,3,0.16,30,11,23.00188061,0.0,0.0,1.78376517,1.7067572168279534,Klebsiella pneumoniae,1.3943107220187831,0.3124464948091703,50.90462199456147,24.79195197885405
58,ZnO,Bacillus subtilis,non-pathogenic,purchased from sigma aldrich ( citrate capped agnps),MBC,spherical,Bacteria,Bacillota,Bacilli,Bacillales,Bacillaceae,Bacillus,p,water,81.3794,27.43,3,0.16,30,8,22.60496136,17.07,0.6865,4.082482905,2.325533664890586,Klebsiella pneumoniae,2.0182514223912915,0.3072822424992947,211.60877101208945,104.29210240112093
59,Ag,Bacillus subtilis,non-pathogenic,electrochemical synthesis,MIC,cubic,Bacteria,Bacillota,Bacilli,Bacillales,Bacillaceae,Bacillus,p,mammary gland,107.8682,8.7,18,0.16,30,11,23.00188061,0.0,0.0,1.78376517,2.1845145313444116,Klebsiella pneumoniae,1.9330010315308117,0.25151349981359994,152.93769179898177,85.70398808583384
60,Cu,Bacillus subtilis,non-pathogenic,"purchased from us research nanomaterials, inc.в ",MIC,nanoplates,Bacteria,Bacillota,Bacilli,Bacillales,Bacillaceae,Bacillus,p,blood,63.55,9.0,18,0.16,30,11,17.96409803,0.0,0.0,1.243163121,0.8573859222378866,Klebsiella pneumoniae,0.6129791746116764,0.24440674762621017,7.200885780236583,4.101844332572502
61,Al2O3,Bacillus subtilis,non-pathogenic,electrochemical synthesis,MBEC,cubic,Bacteria,Bacillota,Bacilli,Bacillales,Bacillaceae,Bacillus,p,meat,101.961276,79.0,1,0.16,30,24,51.55776403,85.5,13.5675,4.688846487,2.25843385846763,Klebsiella pneumoniae,2.015624830611529,0.2428090278561008,181.31505183527875,103.66325241184178
62,ZnO,Bacillus subtilis,non-pathogenic,"purchased from us research nanomaterials, inc.в ",MIC,tetragonal,Bacteria,Bacillota,Bacilli,Bacillales,Bacillaceae,Bacillus,p,soil,81.3794,12.0,3,0.16,30,8,22.60496136,17.07,0.6865,4.082482905,0.31435809555391714,Klebsiella pneumoniae,0.11640688340548389,0.19795121214843325,2.0623296970380474,1.30739519172486
63,ZnO,Bacillus subtilis,non-pathogenic,"purchased from us research nanomaterials, inc.в ",MIC,tetragonal,Bacteria,Bacillota,Bacilli,Bacillales,Bacillaceae,Bacillus,p,soil,81.3794,12.0,3,0.16,30,8,22.60496136,17.07,0.6865,4.082482905,0.31435809555391714,Klebsiella pneumoniae,0.11640688340548389,0.19795121214843325,2.0623296970380474,1.30739519172486
64,Al2O3,Bacillus subtilis,non-pathogenic,electrochemical synthesis,MBC,hexagonal,Bacteria,Bacillota,Bacilli,Bacillales,Bacillaceae,Bacillus,p,soil,101.961276,44.45,1,0.16,30,24,51.55776403,85.5,13.5675,4.688846487,2.3902503569382283,Klebsiella pneumoniae,2.197308089551741,0.19294226738648712,245.61243851493336,157.50998478507353
65,ZnO,Bacillus subtilis,non-pathogenic,purchased from sigma aldrich ( citrate capped agnps),MBEC,hexagonal,Bacteria,Bacillota,Bacilli,Bacillales,Bacillaceae,Bacillus,p,blood,81.3794,40.0,3,0.16,30,8,22.60496136,17.07,0.6865,4.082482905,1.0133977267858372,Klebsiella pneumoniae,0.8245503148095861,0.1888474119762511,10.313301800306201,6.676522467543357
66,Ag,Bacillus subtilis,non-pathogenic,"purchased from us research nanomaterials, inc.в ",MBEC,triangular,Bacteria,Bacillota,Bacilli,Bacillales,Bacillaceae,Bacillus,p,soil,107.87,40.0,24,0.16,30,11,23.00188061,0.0,0.0,1.78376517,0.4869254014954494,Klebsiella pneumoniae,0.34107049272016754,0.14585490877528184,3.0684948695844354,2.193160890438328
67,Au,Bacillus subtilis,non-pathogenic,"purchased from us research nanomaterials, inc.в ",MBEC,nanoplates,Bacteria,Bacillota,Bacilli,Bacillales,Bacillaceae,Bacillus,p,urine,196.966569,100.0,0,0.16,30,11,23.00188061,0.0,0.0,2.46797672,2.3389210216906076,Klebsiella pneumoniae,2.2026167617710986,0.136304259919509,218.2333009161402,159.44715029948918
68,CeO2,Bacillus subtilis,non-pathogenic,purchased from sigma aldrich ( citrate capped agnps),MBC,quasi-hexagonal,Bacteria,Bacillota,Bacilli,Bacillales,Bacillaceae,Bacillus,p,skin,172.115,79.0,2,0.16,30,16,39.19032095,34.14,1.373,4.456551526,1.7048784694232464,Klebsiella pneumoniae,1.5923163359184034,0.11256213350484301,50.684885463489756,39.11256842431275
69,Ag,Bacillus subtilis,non-pathogenic,green_synthesis,MBC,spherical,Bacteria,Bacillota,Bacilli,Bacillales,Bacillaceae,Bacillus,p,food,107.87,44.45,3,0.16,30,11,23.00188061,0.0,0.0,1.78376517,1.1785033819079693,Klebsiella pneumoniae,1.0874690665631148,0.09103431534485451,15.08354356247527,12.231199969374432
70,Au,Bacillus subtilis,non-pathogenic,purchased from sigma aldrich ( citrate capped agnps),MIC,rod-shaped,Bacteria,Bacillota,Bacilli,Bacillales,Bacillaceae,Bacillus,p,lungs,196.966569,44.45,18,0.16,30,11,23.00188061,0.0,0.0,2.46797672,1.248656892415049,Klebsiella pneumoniae,1.1830344793024747,0.06562241311257422,17.727883636879678,15.241737554771987
71,Ag,Bacillus subtilis,non-pathogenic,purchased from sigma aldrich ( citrate capped agnps),MIC,rod-shaped,Bacteria,Bacillota,Bacilli,Bacillales,Bacillaceae,Bacillus,p,mammary gland,107.87,9.0,24,0.16,30,11,23.00188061,0.0,0.0,1.78376517,1.4507292649138523,Klebsiella pneumoniae,1.3882332048646209,0.06249606004923147,28.231195201505006,24.44742963815078
72,ZnO,Bacillus subtilis,non-pathogenic,green_synthesis,MIC,spheroidal,Bacteria,Bacillota,Bacilli,Bacillales,Bacillaceae,Bacillus,p,water,81.3794,55.6,0,0.16,30,8,22.60496136,17.07,0.6865,4.082482905,1.0881572897249123,Klebsiella pneumoniae,1.0662510042689093,0.02190628545600304,12.250598024839281,11.647990406305695
73,Ag,Bacillus subtilis,non-pathogenic,electrochemical synthesis,MBC,spheroidal,Bacteria,Bacillota,Bacilli,Bacillales,Bacillaceae,Bacillus,p,blood,107.87,50.0,3,0.16,30,11,23.00188061,0.0,0.0,1.78376517,0.6549984832005753,Klebsiella pneumoniae,0.6414462107336643,0.013552272466911042,4.518543662437966,4.379718630849599
74,Pd,Bacillus subtilis,non-pathogenic,green_synthesis,MBC,spheroidal,Bacteria,Bacillota,Bacilli,Bacillales,Bacillaceae,Bacillus,p,nose,195.084,26.38,0,0.16,30,10,21.14774404,0.0,0.0,1.870828693,1.9097014833053723,Klebsiella pneumoniae,1.900799493806451,0.008901989498921292,81.22720008790411,79.57918623583859
75,ZnO,Bacillus subtilis,non-pathogenic,chemical_synthesis,MBEC,hexagonal,Bacteria,Bacillota,Bacilli,Bacillales,Bacillaceae,Bacillus,p,nose,81.3794,60.0,4,0.16,30,8,22.60496136,17.07,0.6865,4.082482905,2.1494854582857443,Klebsiella pneumoniae,2.1481698907084734,0.0013155675772709152,141.08649949205014,140.65976603818106
76,Au,Bacillus subtilis,non-pathogenic,"purchased from us research nanomaterials, inc.в ",MBC,triangular,Bacteria,Bacillota,Bacilli,Bacillales,Bacillaceae,Bacillus,p,mouth,196.966569,5.1,0,0.16,30,11,23.00188061,0.0,0.0,2.46797672,1.0252599526921131,Klebsiella pneumoniae,1.0262716121006823,-0.0010116594085691766,10.598879452614796,10.623597598675001
77,CuO,Bacillus subtilis,non-pathogenic,electrochemical synthesis,MBEC,rod-shaped,Bacteria,Bacillota,Bacilli,Bacillales,Bacillaceae,Bacillus,p,food,79.5454,100.0,0,0.16,30,17,20.67942236,17.07,0.6865,1.651411411,2.190148709687666,Klebsiella pneumoniae,2.2135854890674067,-0.023436779379740535,154.93470504126506,163.52550126168032
78,Ag,Bacillus subtilis,non-pathogenic,green_synthesis,MIC,cubic,Bacteria,Bacillota,Bacilli,Bacillales,Bacillaceae,Bacillus,p,blood,107.87,20.0,24,0.16,30,11,23.00188061,0.0,0.0,1.78376517,0.6070827735758393,Klebsiella pneumoniae,0.6398257647468779,-0.03274299117103863,4.04653008460753,4.363407409250998
79,Pd,Bacillus subtilis,non-pathogenic,"purchased from us research nanomaterials, inc.в ",MBEC,tetragonal,Bacteria,Bacillota,Bacilli,Bacillales,Bacillaceae,Bacillus,p,blood,195.084,25.0,24,0.16,30,10,21.14774404,0.0,0.0,1.870828693,1.3934323561210193,Klebsiella pneumoniae,1.4546048028568763,-0.06117244673585698,24.74186062522263,28.48425092053239
80,ZnO,Bacillus subtilis,non-pathogenic,"purchased from us research nanomaterials, inc.в ",MIC,cubic,Bacteria,Bacillota,Bacilli,Bacillales,Bacillaceae,Bacillus,p,carious dentine,81.3794,60.0,24,0.16,30,8,22.60496136,17.07,0.6865,4.082482905,1.3917137357302827,Klebsiella pneumoniae,1.4554785516011761,-0.06376481587089344,24.644143883311934,28.54161552504499
81,ZnO,Bacillus subtilis,non-pathogenic,electrochemical synthesis,MIC,spheroidal,Bacteria,Bacillota,Bacilli,Bacillales,Bacillaceae,Bacillus,p,food,81.3794,45.26,1,0.16,30,8,22.60496136,17.07,0.6865,4.082482905,0.9231272394284868,Klebsiella pneumoniae,1.028009084539642,-0.10488184511115506,8.377746970794247,10.666184324418715
82,Au,Bacillus subtilis,non-pathogenic,green_synthesis,MBC,triangular,Bacteria,Bacillota,Bacilli,Bacillales,Bacillaceae,Bacillus,p,food,196.966569,11.3,4,0.16,30,11,23.00188061,0.0,0.0,2.46797672,0.9891039714901455,Klebsiella pneumoniae,1.0981123535464232,-0.10900838205627772,9.752230813023022,12.534654090145619
83,ZnO,Bacillus subtilis,non-pathogenic,green_synthesis,MIC,spheroidal,Bacteria,Bacillota,Bacilli,Bacillales,Bacillaceae,Bacillus,p,blood,81.3794,22.5,1,0.16,30,8,22.60496136,17.07,0.6865,4.082482905,0.2711192833888607,Klebsiella pneumoniae,0.4029034455199523,-0.13178416213109156,1.8668923813707787,2.528735733010676
84,Ag,Bacillus subtilis,non-pathogenic,green_synthesis,MBEC,rod-shaped,Bacteria,Bacillota,Bacilli,Bacillales,Bacillaceae,Bacillus,p,mouth,107.87,11.3,18,0.16,30,11,23.00188061,0.0,0.0,1.78376517,1.8204588524644074,Klebsiella pneumoniae,1.982130005112647,-0.1616711526482395,66.13918704782813,95.9687869007109
85,Al2O3,Bacillus subtilis,non-pathogenic,chemical_synthesis,MBC,quasi-hexagonal,Bacteria,Bacillota,Bacilli,Bacillales,Bacillaceae,Bacillus,p,nose,101.961276,1.9,24,0.16,30,24,51.55776403,85.5,13.5675,4.688846487,2.398251387914843,Klebsiella pneumoniae,2.580343789782212,-0.18209240186736908,250.17930857308625,380.4904753863428
86,ZnO,Bacillus subtilis,non-pathogenic,purchased from sigma aldrich ( citrate capped agnps),MBEC,quasi-hexagonal,Bacteria,Bacillota,Bacilli,Bacillales,Bacillaceae,Bacillus,p,meat,81.3794,30.0,24,0.16,30,8,22.60496136,17.07,0.6865,4.082482905,1.3499001783496545,Klebsiella pneumoniae,1.5365432827727732,-0.1866431044231187,22.382066324725482,34.39879922956152
87,Ag,Bacillus subtilis,non-pathogenic,chemical_synthesis,MBC,spheroidal,Bacteria,Bacillota,Bacilli,Bacillales,Bacillaceae,Bacillus,p,soil,107.8682,37.86,3,0.16,30,11,23.00188061,0.0,0.0,1.78376517,1.8643563208974998,Klebsiella pneumoniae,2.0867424240308354,-0.22238610313333562,73.17391994130166,122.10752371328115
88,Ag2O,Bacillus subtilis,non-pathogenic,green_synthesis,MBC,quasi-spherical,Bacteria,Bacillota,Bacilli,Bacillales,Bacillaceae,Bacillus,p,carious dentine,231.7358,8.0,24,0.16,30,28,46.55109718,17.07,0.6865,3.975778631,1.8782181396942084,Klebsiella pneumoniae,2.2821618800519463,-0.40394374035773795,75.54715945893436,191.49695827380992
