,np,bacteria,bac_type,np_synthesis,method,shape,kingdom,phylum,class,order,family,genus,gram,isolated_from,mol_weight (g/mol),np_size_avg (nm),time_set,"min_Incub_period, h","growth_temp, C",Valance_electron,labuteASA,tpsa,CrippenMR,chi0v,pred_MIC_norm,pathogenic_bacteria,pred_MIC_pathogen,Fitness,pred_norm_MIC_original,pred_path_MIC_original
0,Pd,Bacillus subtilis,non-pathogenic,chemical_synthesis,MIC,hexagonal,Bacteria,Bacillota,Bacilli,Bacillales,Bacillaceae,Bacillus,p,lungs,107.87,0.8,4,0.16,30,11,23.00188061,0.0,0.0,1.78376517,1.4193873065217752,Klebsiella pneumoniae,0.3574859424839132,1.061901364037862,26.26559881667999,2.277644516438374
1,ZnO,Bacillus subtilis,non-pathogenic,"purchased from us research nanomaterials, inc.в ",MBC,cubic,Bacteria,Bacillota,Bacilli,Bacillales,Bacillaceae,Bacillus,p,mouth,81.3794,1.9,4,0.16,30,8,22.60496136,17.07,0.6865,4.082482905,1.7486495314812616,Klebsiella pneumoniae,0.8966430720445233,0.8520064594367383,56.05954021588033,7.882120537614927
2,Ag,Bacillus subtilis,non-pathogenic,electrochemical synthesis,MIC,quasi-spherical,Bacteria,Bacillota,Bacilli,Bacillales,Bacillaceae,Bacillus,p,lungs,107.87,1.4,0,0.16,30,11,23.00188061,0.0,0.0,1.78376517,1.1932099558326184,Klebsiella pneumoniae,0.45159810468178163,0.7416118511508367,15.603066369892435,2.8287730428057185
3,ZnO,Bacillus subtilis,non-pathogenic,chemical_synthesis,MBC,quasi-hexagonal,Bacteria,Bacillota,Bacilli,Bacillales,Bacillaceae,Bacillus,p,skin,81.3794,6.0,2,0.16,30,8,22.60496136,17.07,0.6865,4.082482905,0.919524773114542,Klebsiella pneumoniae,0.2439858611805834,0.6755389119339585,8.308541111001265,1.7538234037272906
4,Ag,Bacillus subtilis,non-pathogenic,electrochemical synthesis,MIC,tetragonal,Bacteria,Bacillota,Bacilli,Bacillales,Bacillaceae,Bacillus,p,mouth,107.8682,1.9,24,0.16,30,11,23.00188061,0.0,0.0,1.78376517,1.2308263731127427,Klebsiella pneumoniae,0.6855410741699235,0.5452852989428192,17.01478137295501,4.847759590013724
5,Au,Bacillus subtilis,non-pathogenic,chemical_synthesis,MIC,nanoplates,Bacteria,Bacillota,Bacilli,Bacillales,Bacillaceae,Bacillus,p,mammary gland,196.966569,8.0,4,0.16,30,11,23.00188061,0.0,0.0,2.46797672,2.4879818523359107,Klebsiella pneumoniae,1.9431475222775563,0.5448343300583545,307.5968277981212,87.72987736620725
6,ZnO,Bacillus subtilis,non-pathogenic,electrochemical synthesis,MIC,hexagonal,Bacteria,Bacillota,Bacilli,Bacillales,Bacillaceae,Bacillus,p,urine,81.3794,17.5,4,0.16,30,8,22.60496136,17.07,0.6865,4.082482905,1.7953037586348692,Klebsiella pneumoniae,1.501878254886919,0.2934255037479503,62.41712470054798,31.759836271765366
7,Ag,Bacillus subtilis,non-pathogenic,purchased from sigma aldrich ( citrate capped agnps),MIC,nanoplates,Bacteria,Bacillota,Bacilli,Bacillales,Bacillaceae,Bacillus,p,nose,107.87,20.0,0,0.16,30,11,23.00188061,0.0,0.0,1.78376517,2.3011273412032196,Klebsiella pneumoniae,2.1994748519551113,0.10165248924810832,200.04483430203967,158.29779009046266
8,Ag,Bacillus subtilis,non-pathogenic,chemical_synthesis,MBC,rod-shaped,Bacteria,Bacillota,Bacilli,Bacillales,Bacillaceae,Bacillus,p,soil,107.87,5.1,4,0.16,30,11,23.00188061,0.0,0.0,1.78376517,1.431301710032717,Klebsiella pneumoniae,1.3837175471296912,0.047584162903025806,26.996142383139237,24.194549897097176
9,CeO2,Bacillus subtilis,non-pathogenic,chemical_synthesis,MBEC,tetragonal,Bacteria,Bacillota,Bacilli,Bacillales,Bacillaceae,Bacillus,p,lungs,172.115,12.5,2,0.16,30,16,39.19032095,34.14,1.373,4.456551526,1.945640437282875,Klebsiella pneumoniae,1.9172773943360815,0.028363042946793593,88.23490801671645,82.6565728427225
