,np,bacteria,bac_type,np_synthesis,method,shape,kingdom,phylum,class,order,family,genus,gram,isolated_from,mol_weight (g/mol),np_size_avg (nm),time_set,"min_Incub_period, h","growth_temp, C",Valance_electron,labuteASA,tpsa,CrippenMR,chi0v,pred_MIC_norm,pathogenic_bacteria,pred_MIC_pathogen,Fitness,pred_norm_MIC_original,pred_path_MIC_original
0,TiO2,Bacillus subtilis,non-pathogenic,purchased from sigma aldrich ( citrate capped agnps),MBC,hexagonal,Bacteria,Bacillota,Bacilli,Bacillales,Bacillaceae,Bacillus,p,lungs,79.866,10.4,1,0.16,30,16,26.40611331,34.14,1.373,2.878049394,3.2254110136788015,Klebsiella pneumoniae,2.4594585556023483,0.7659524580764532,1680.3935801791592,288.04381585993775
1,ZnO,Bacillus subtilis,non-pathogenic,electrochemical synthesis,MIC,spheroidal,Bacteria,Bacillota,Bacilli,Bacillales,Bacillaceae,Bacillus,p,soil,81.3794,5.1,18,0.16,30,8,22.60496136,17.07,0.6865,4.082482905,1.5571471994476216,Klebsiella pneumoniae,0.8480011275597312,0.7091460718878904,36.07008779917855,7.046948985657075
2,Cu,Bacillus subtilis,non-pathogenic,"purchased from us research nanomaterials, inc.в ",MBC,hexagonal,Bacteria,Bacillota,Bacilli,Bacillales,Bacillaceae,Bacillus,p,food,63.55,8.0,0,0.16,30,11,17.96409803,0.0,0.0,1.243163121,2.0066691389597877,Klebsiella pneumoniae,1.3704469961724175,0.6362221427873702,101.54747731746164,23.466428472507197
3,ZnO,Bacillus subtilis,non-pathogenic,chemical_synthesis,MBC,hexagonal,Bacteria,Bacillota,Bacilli,Bacillales,Bacillaceae,Bacillus,p,mouth,81.3794,5.1,1,0.16,30,8,22.60496136,17.07,0.6865,4.082482905,1.8889305415541213,Klebsiella pneumoniae,1.2528121910721932,0.6361183504819281,77.43379449476448,17.89831681035082
4,CuO,Bacillus subtilis,non-pathogenic,"purchased from us research nanomaterials, inc.в ",MBC,quasi-spherical,Bacteria,Bacillota,Bacilli,Bacillales,Bacillaceae,Bacillus,p,mouth,79.5454,13.0,2,0.16,30,17,20.67942236,17.07,0.6865,1.651411411,3.1708046383846913,Klebsiella pneumoniae,2.5490253370834495,0.6217793013012418,1481.851344012439,354.0179941706546
5,TiO2,Bacillus subtilis,non-pathogenic,green_synthesis,MBEC,cubic,Bacteria,Bacillota,Bacilli,Bacillales,Bacillaceae,Bacillus,p,food,79.866,1.9,3,0.16,30,16,26.40611331,34.14,1.373,2.878049394,2.853731197561011,Klebsiella pneumoniae,2.238991809320784,0.6147393882402268,714.0542321990935,173.37712989770466
6,ZnO,Bacillus subtilis,non-pathogenic,electrochemical synthesis,MBC,spherical,Bacteria,Bacillota,Bacilli,Bacillales,Bacillaceae,Bacillus,p,food,81.3794,8.7,3,0.16,30,8,22.60496136,17.07,0.6865,4.082482905,2.054289788906242,Klebsiella pneumoniae,1.4461932303108822,0.6080965585953597,113.31562249477322,27.93786602077534
7,Ag,Bacillus subtilis,non-pathogenic,chemical_synthesis,MIC,nanoplates,Bacteria,Bacillota,Bacilli,Bacillales,Bacillaceae,Bacillus,p,mouth,107.87,0.8,18,0.16,30,11,23.00188061,0.0,0.0,1.78376517,1.3569716935559648,Klebsiella pneumoniae,0.7694234116290376,0.5875482819269272,22.74949149313063,5.880623994641088
8,ZnO,Bacillus subtilis,non-pathogenic,"purchased from us research nanomaterials, inc.в ",MBEC,rod-shaped,Bacteria,Bacillota,Bacilli,Bacillales,Bacillaceae,Bacillus,p,food,81.3794,1.4,4,0.16,30,8,22.60496136,17.07,0.6865,4.082482905,1.6755613659490995,Klebsiella pneumoniae,1.1352663007615742,0.5402950651875253,47.37632463434588,13.654201284873999
9,Au,Bacillus subtilis,non-pathogenic,purchased from sigma aldrich ( citrate capped agnps),MIC,cubic,Bacteria,Bacillota,Bacilli,Bacillales,Bacillaceae,Bacillus,p,nose,196.966569,3.0,4,0.16,30,11,23.00188061,0.0,0.0,2.46797672,1.7838860155575083,Klebsiella pneumoniae,1.2657948886855799,0.5180911268719284,60.79754117922948,18.441442494936812
10,Al2O3,Bacillus subtilis,non-pathogenic,"purchased from us research nanomaterials, inc.в ",MBEC,cubic,Bacteria,Bacillota,Bacilli,Bacillales,Bacillaceae,Bacillus,p,lungs,101.961276,17.5,2,0.16,30,24,51.55776403,85.5,13.5675,4.688846487,2.9611406147303825,Klebsiella pneumoniae,2.4622351630617354,0.4989054516686471,914.4092585816928,289.89128747171605
11,Ag,Bacillus subtilis,non-pathogenic,"purchased from us research nanomaterials, inc.в ",MBC,triangular,Bacteria,Bacillota,Bacilli,Bacillales,Bacillaceae,Bacillus,p,mammary gland,107.87,9.0,18,0.16,30,11,23.00188061,0.0,0.0,1.78376517,0.6864633454603002,Klebsiella pneumoniae,0.2022942527327578,0.4841690927275424,4.858065270407064,1.5932878808111812
12,ZnO,Bacillus subtilis,non-pathogenic,"purchased from us research nanomaterials, inc.в ",MBC,spherical,Bacteria,Bacillota,Bacilli,Bacillales,Bacillaceae,Bacillus,p,nose,81.3794,8.7,18,0.16,30,8,22.60496136,17.07,0.6865,4.082482905,2.328758560317903,Klebsiella pneumoniae,1.8460532834715913,0.4827052768463116,213.1859407504967,70.15413650589483
13,Ag,Bacillus subtilis,non-pathogenic,chemical_synthesis,MIC,quasi-hexagonal,Bacteria,Bacillota,Bacilli,Bacillales,Bacillaceae,Bacillus,p,soil,107.87,20.0,2,0.16,30,11,23.00188061,0.0,0.0,1.78376517,0.5222832624956237,Klebsiella pneumoniae,0.04725134483527271,0.475031917660351,3.3287659660438527,1.1149396102578846
14,CuO,Bacillus subtilis,non-pathogenic,electrochemical synthesis,MIC,quasi-spherical,Bacteria,Bacillota,Bacilli,Bacillales,Bacillaceae,Bacillus,p,nose,79.5454,3.0,1,0.16,30,17,20.67942236,17.07,0.6865,1.651411411,2.084285416540948,Klebsiella pneumoniae,1.610255861341167,0.47402955519978085,121.41865467018431,40.76203535559925
15,Pd,Bacillus subtilis,non-pathogenic,chemical_synthesis,MIC,cubic,Bacteria,Bacillota,Bacilli,Bacillales,Bacillaceae,Bacillus,p,soil,195.084,11.3,4,0.16,30,10,21.14774404,0.0,0.0,1.870828693,1.3267382413235667,Klebsiella pneumoniae,0.8530139745648637,0.47372426675870294,21.219651222266172,7.128759684128628
16,Ag,Bacillus subtilis,non-pathogenic,"purchased from us research nanomaterials, inc.в ",MIC,spheroidal,Bacteria,Bacillota,Bacilli,Bacillales,Bacillaceae,Bacillus,p,nose,107.87,9.0,0,0.16,30,11,23.00188061,0.0,0.0,1.78376517,1.6049106435414748,Klebsiella pneumoniae,1.1420028464433956,0.4629077970980793,40.263418347720226,13.867649179464003
17,CuO,Bacillus subtilis,non-pathogenic,purchased from sigma aldrich ( citrate capped agnps),MBEC,quasi-spherical,Bacteria,Bacillota,Bacilli,Bacillales,Bacillaceae,Bacillus,p,soil,79.5454,12.0,0,0.16,30,17,20.67942236,17.07,0.6865,1.651411411,3.451389513182755,Klebsiella pneumoniae,2.991439803668059,0.45994970951469627,2827.4147102587162,980.4824030054797
18,TiO2,Bacillus subtilis,non-pathogenic,electrochemical synthesis,MBEC,quasi-spherical,Bacteria,Bacillota,Bacilli,Bacillales,Bacillaceae,Bacillus,p,soil,79.866,28.0,4,0.16,30,16,26.40611331,34.14,1.373,2.878049394,2.4800442379563625,Klebsiella pneumoniae,2.023356294829015,0.4566879431273474,302.0259353361684,105.52522694446101
19,Ag,Bacillus subtilis,non-pathogenic,chemical_synthesis,MIC,cubic,Bacteria,Bacillota,Bacilli,Bacillales,Bacillaceae,Bacillus,p,carious dentine,107.87,20.0,3,0.16,30,11,23.00188061,0.0,0.0,1.78376517,1.1304570326936356,Klebsiella pneumoniae,0.6763878451962317,0.4540691874974039,13.503832198948276,4.746656946051467
20,ZrO2,Bacillus subtilis,non-pathogenic,green_synthesis,MBC,nanoplates,Bacteria,Bacillota,Bacilli,Bacillales,Bacillaceae,Bacillus,p,mouth,123.2218,4.0,3,0.16,30,16,29.29254423,34.14,1.373,3.774536472,2.7230013729055145,Klebsiella pneumoniae,2.274774735489376,0.44822663741613855,528.4469223157404,188.26723115619285
21,ZnO,Bacillus subtilis,non-pathogenic,electrochemical synthesis,MBC,quasi-spherical,Bacteria,Bacillota,Bacilli,Bacillales,Bacillaceae,Bacillus,p,mouth,81.3794,18.5,2,0.16,30,8,22.60496136,17.07,0.6865,4.082482905,1.4546873036936765,Klebsiella pneumoniae,1.0071211705767955,0.447566133116881,28.48966245085415,10.165322714684143
22,ZnO,Bacillus subtilis,non-pathogenic,chemical_synthesis,MBEC,cubic,Bacteria,Bacillota,Bacilli,Bacillales,Bacillaceae,Bacillus,p,respiratory tract,81.3794,8.7,1,0.16,30,8,22.60496136,17.07,0.6865,4.082482905,2.4739812704543978,Klebsiella pneumoniae,2.0296138841259563,0.4443673863284414,297.83879795899577,107.05670786535981
23,Ag,Bacillus subtilis,non-pathogenic,"purchased from us research nanomaterials, inc.в ",MBC,cubic,Bacteria,Bacillota,Bacilli,Bacillales,Bacillaceae,Bacillus,p,blood,107.87,12.0,1,0.16,30,11,23.00188061,0.0,0.0,1.78376517,1.1629813107281115,Klebsiella pneumoniae,0.7603904445151827,0.40259086621292883,14.55396448229191,5.7595750871563345
24,ZnO,Bacillus subtilis,non-pathogenic,electrochemical synthesis,MBEC,triangular,Bacteria,Bacillota,Bacilli,Bacillales,Bacillaceae,Bacillus,p,mouth,81.3794,22.5,18,0.16,30,8,22.60496136,17.07,0.6865,4.082482905,0.43197932125614646,Klebsiella pneumoniae,0.09974384910922618,0.3322354721469203,2.703829619366321,1.258183104906902
25,ZnO,Bacillus subtilis,non-pathogenic,electrochemical synthesis,MBEC,quasi-spherical,Bacteria,Bacillota,Bacilli,Bacillales,Bacillaceae,Bacillus,p,urine,81.3794,38.0,0,0.16,30,8,22.60496136,17.07,0.6865,4.082482905,1.2201162214244712,Klebsiella pneumoniae,0.9126744575465121,0.3074417638779591,16.600310884552304,8.178515056522624
26,CeO2,Bacillus subtilis,non-pathogenic,"purchased from us research nanomaterials, inc.в ",MBC,spherical,Bacteria,Bacillota,Bacilli,Bacillales,Bacillaceae,Bacillus,p,blood,172.115,11.3,0,0.16,30,16,39.19032095,34.14,1.373,4.456551526,2.0337325665219232,Klebsiella pneumoniae,1.7686965727994919,0.26503599372243136,108.07682218755073,58.70790364902701
27,Ag,Bacillus subtilis,non-pathogenic,green_synthesis,MBC,hexagonal,Bacteria,Bacillota,Bacilli,Bacillales,Bacillaceae,Bacillus,p,carious dentine,107.87,8.0,2,0.16,30,11,23.00188061,0.0,0.0,1.78376517,1.653053766107193,Klebsiella pneumoniae,1.3935308575568428,0.2595229085503501,44.983554155267626,24.74747291203906
28,Ag,Bacillus subtilis,non-pathogenic,purchased from sigma aldrich ( citrate capped agnps),MBC,tetragonal,Bacteria,Bacillota,Bacilli,Bacillales,Bacillaceae,Bacillus,p,mammary gland,107.8682,13.0,2,0.16,30,11,23.00188061,0.0,0.0,1.78376517,0.8589351022909469,Klebsiella pneumoniae,0.7238074025281926,0.1351276997627543,7.226618063746961,5.294286050251867
29,Au,Bacillus subtilis,non-pathogenic,green_synthesis,MIC,rod-shaped,Bacteria,Bacillota,Bacilli,Bacillales,Bacillaceae,Bacillus,p,blood,196.966569,38.0,0,0.16,30,11,23.00188061,0.0,0.0,2.46797672,0.618315683463506,Klebsiella pneumoniae,0.49307539887279384,0.12524028459071213,4.152557774143461,3.112256616298319
30,Ag,Bacillus subtilis,non-pathogenic,green_synthesis,MBEC,cubic,Bacteria,Bacillota,Bacilli,Bacillales,Bacillaceae,Bacillus,p,carious dentine,107.87,41.23,2,0.16,30,11,23.00188061,0.0,0.0,1.78376517,0.9965699829258643,Klebsiella pneumoniae,0.8732874724910128,0.1232825104348515,9.921332003314406,7.469430187062935
31,Au,Bacillus subtilis,non-pathogenic,purchased from sigma aldrich ( citrate capped agnps),MIC,rod-shaped,Bacteria,Bacillota,Bacilli,Bacillales,Bacillaceae,Bacillus,p,nose,196.966569,25.0,3,0.16,30,11,23.00188061,0.0,0.0,2.46797672,1.6777678678277872,Klebsiella pneumoniae,1.6930281715455395,-0.015260303717752333,47.61764005442022,49.32057958854857
32,Ag,Bacillus subtilis,non-pathogenic,chemical_synthesis,MBEC,cubic,Bacteria,Bacillota,Bacilli,Bacillales,Bacillaceae,Bacillus,p,nose,107.8682,41.23,1,0.16,30,11,23.00188061,0.0,0.0,1.78376517,2.1041812118736716,Klebsiella pneumoniae,2.17940327360156,-0.07522206172788826,127.11043701915287,151.14830232174094
33,Pd,Bacillus subtilis,non-pathogenic,green_synthesis,MBEC,spherical,Bacteria,Bacillota,Bacilli,Bacillales,Bacillaceae,Bacillus,p,mammary gland,195.084,5.1,24,0.16,30,10,21.14774404,0.0,0.0,1.870828693,2.3233478445324334,Klebsiella pneumoniae,2.5027630158758085,-0.17941517134337515,210.5464118484847,318.24604551847375
34,Ag,Bacillus subtilis,non-pathogenic,purchased from sigma aldrich ( citrate capped agnps),MIC,spherical,Bacteria,Bacillota,Bacilli,Bacillales,Bacillaceae,Bacillus,p,blood,107.8682,100.0,3,0.16,30,11,23.00188061,0.0,0.0,1.78376517,0.16433577882299089,Klebsiella pneumoniae,0.3777422634037202,-0.2134064845807293,1.459942592239662,2.386394631772593
