,np,bacteria,bac_type,np_synthesis,method,shape,kingdom,phylum,class,order,family,genus,gram,isolated_from,mol_weight (g/mol),np_size_avg (nm),time_set,"min_Incub_period, h","growth_temp, C",Valance_electron,labuteASA,tpsa,CrippenMR,chi0v,pred_MIC_norm,pathogenic_bacteria,pred_MIC_pathogen,Fitness,pred_norm_MIC_original,pred_path_MIC_original
0,Pd,Bacillus subtilis,non-pathogenic,chemical_synthesis,MIC,hexagonal,Bacteria,Bacillota,Bacilli,Bacillales,Bacillaceae,Bacillus,p,lungs,107.87,0.8,4,0.16,30,11,23.00188061,0.0,0.0,1.78376517,1.4193873065217752,Klebsiella pneumoniae,0.3574859424839132,1.061901364037862,26.26559881667999,2.277644516438374
1,ZnO,Bacillus subtilis,non-pathogenic,"purchased from us research nanomaterials, inc.в ",MBC,cubic,Bacteria,Bacillota,Bacilli,Bacillales,Bacillaceae,Bacillus,p,mouth,81.3794,1.9,4,0.16,30,8,22.60496136,17.07,0.6865,4.082482905,1.7486495314812616,Klebsiella pneumoniae,0.8966430720445233,0.8520064594367383,56.05954021588033,7.882120537614927
2,Ag,Bacillus subtilis,non-pathogenic,electrochemical synthesis,MIC,quasi-spherical,Bacteria,Bacillota,Bacilli,Bacillales,Bacillaceae,Bacillus,p,lungs,107.87,1.4,0,0.16,30,11,23.00188061,0.0,0.0,1.78376517,1.1932099558326184,Klebsiella pneumoniae,0.45159810468178163,0.7416118511508367,15.603066369892435,2.8287730428057185
3,ZnO,Bacillus subtilis,non-pathogenic,electrochemical synthesis,MBC,quasi-hexagonal,Bacteria,Bacillota,Bacilli,Bacillales,Bacillaceae,Bacillus,p,water,81.3794,11.3,4,0.16,30,8,22.60496136,17.07,0.6865,4.082482905,0.9755494393208816,Klebsiella pneumoniae,0.25354238699588527,0.7220070523249963,9.452559925977443,1.792843524753932
4,Ag,Bacillus subtilis,non-pathogenic,"purchased from us research nanomaterials, inc.в ",MIC,quasi-hexagonal,Bacteria,Bacillota,Bacilli,Bacillales,Bacillaceae,Bacillus,p,urine,107.87,10.0,2,0.16,30,11,23.00188061,0.0,0.0,1.78376517,1.07586064272938,Klebsiella pneumoniae,0.4944914643903313,0.5813691783390487,11.908598212621119,3.1224210376583517
5,Ag,Bacillus subtilis,non-pathogenic,chemical_synthesis,MIC,quasi-hexagonal,Bacteria,Bacillota,Bacilli,Bacillales,Bacillaceae,Bacillus,p,lungs,107.8682,4.0,4,0.16,30,11,23.00188061,0.0,0.0,1.78376517,0.8751766596337472,Klebsiella pneumoniae,0.36548166688183237,0.5096949927519149,7.501993087279993,2.3199662494573876
6,TiO2,Bacillus subtilis,non-pathogenic,chemical_synthesis,MBC,cubic,Bacteria,Bacillota,Bacilli,Bacillales,Bacillaceae,Bacillus,p,carious dentine,79.866,1.9,1,0.16,30,16,26.40611331,34.14,1.373,2.878049394,1.785597006940074,Klebsiella pneumoniae,1.3073649335332256,0.47823207340684837,61.037537897415525,20.293872781368822
7,ZnO,Bacillus subtilis,non-pathogenic,green_synthesis,MIC,quasi-spherical,Bacteria,Bacillota,Bacilli,Bacillales,Bacillaceae,Bacillus,p,meat,81.3794,17.5,2,0.16,30,8,22.60496136,17.07,0.6865,4.082482905,1.3184443557545285,Klebsiella pneumoniae,1.1211900544095177,0.19725430134501076,20.818256529496065,13.21873981429594
8,Ag,Bacillus subtilis,non-pathogenic,green_synthesis,MBEC,quasi-spherical,Bacteria,Bacillota,Bacilli,Bacillales,Bacillaceae,Bacillus,p,soil,107.87,26.06,3,0.16,30,11,23.00188061,0.0,0.0,1.78376517,1.5594356134879204,Klebsiella pneumoniae,1.4387967849408245,0.12063882854709584,36.260652387615956,27.46608659341453
9,ZnO,Bacillus subtilis,non-pathogenic,chemical_synthesis,MBC,spherical,Bacteria,Bacillota,Bacilli,Bacillales,Bacillaceae,Bacillus,p,soil,81.3794,44.45,3,0.16,30,8,22.60496136,17.07,0.6865,4.082482905,1.8587706919977742,Klebsiella pneumoniae,1.7632308078001542,0.09553988419762005,72.2388281018538,57.97367183155335
