,np,bacteria,bac_type,np_synthesis,method,shape,kingdom,phylum,class,order,family,genus,gram,isolated_from,mol_weight (g/mol),np_size_avg (nm),time_set,"min_Incub_period, h","growth_temp, C",Valance_electron,labuteASA,tpsa,CrippenMR,chi0v,pred_MIC_norm,pathogenic_bacteria,pred_MIC_pathogen,Fitness,pred_norm_MIC_original,pred_path_MIC_original
0,ZnO,Bacillus subtilis,non-pathogenic,green_synthesis,MIC,cubic,Bacteria,Bacillota,Bacilli,Bacillales,Bacillaceae,Bacillus,p,mammary gland,81.3794,1.4,4,0.16,30,8,22.60496136,17.07,0.6865,4.082482905,1.5778520373426488,Klebsiella pneumoniae,0.6560719256670666,0.9217801116755822,37.83136725729394,4.529725927336345
1,Ag,Bacillus subtilis,non-pathogenic,chemical_synthesis,MIC,quasi-spherical,Bacteria,Bacillota,Bacilli,Bacillales,Bacillaceae,Bacillus,p,soil,107.87,3.0,0,0.16,30,11,23.00188061,0.0,0.0,1.78376517,1.1323371029626659,Klebsiella pneumoniae,0.31342863904703977,0.8189084639156261,13.562417299181691,2.057920716203131
2,CeO2,Bacillus subtilis,non-pathogenic,purchased from sigma aldrich ( citrate capped agnps),MIC,spherical,Bacteria,Bacillota,Bacilli,Bacillales,Bacillaceae,Bacillus,p,lungs,172.115,1.4,3,0.16,30,16,39.19032095,34.14,1.373,4.456551526,1.9861302290938727,Klebsiella pneumoniae,1.3267993561708964,0.6593308729229763,96.85682510534315,21.222637507033557
3,TiO2,Bacillus subtilis,non-pathogenic,green_synthesis,MBC,spherical,Bacteria,Bacillota,Bacilli,Bacillales,Bacillaceae,Bacillus,p,mammary gland,79.866,5.1,3,0.16,30,16,26.40611331,34.14,1.373,2.878049394,3.0276505755168936,Klebsiella pneumoniae,2.3870177721546573,0.6406328033622364,1065.7383048804002,243.79105802565508
4,ZrO2,Bacillus subtilis,non-pathogenic,green_synthesis,MIC,rod-shaped,Bacteria,Bacillota,Bacilli,Bacillales,Bacillaceae,Bacillus,p,blood,123.2218,1.9,24,0.16,30,16,29.29254423,34.14,1.373,3.774536472,2.169744088519514,Klebsiella pneumoniae,1.720113485301685,0.449630603217829,147.82370685178708,52.494461537755264
5,ZnO,Bacillus subtilis,non-pathogenic,chemical_synthesis,MBEC,rod-shaped,Bacteria,Bacillota,Bacilli,Bacillales,Bacillaceae,Bacillus,p,soil,81.3794,3.0,2,0.16,30,8,22.60496136,17.07,0.6865,4.082482905,1.4591600057372762,Klebsiella pneumoniae,1.03234593657811,0.4268140691591662,28.784587208097594,10.773230118754453
6,Ag,Bacillus subtilis,non-pathogenic,purchased from sigma aldrich ( citrate capped agnps),MBC,spheroidal,Bacteria,Bacillota,Bacilli,Bacillales,Bacillaceae,Bacillus,p,soil,107.8682,8.7,4,0.16,30,11,23.00188061,0.0,0.0,1.78376517,1.6735634777117103,Klebsiella pneumoniae,1.265314040255276,0.40824943745643427,47.1588795053447,18.42103553189197
7,ZnO,Bacillus subtilis,non-pathogenic,green_synthesis,MBEC,quasi-spherical,Bacteria,Bacillota,Bacilli,Bacillales,Bacillaceae,Bacillus,p,meat,81.3794,13.0,1,0.16,30,8,22.60496136,17.07,0.6865,4.082482905,2.2248933608941512,Klebsiella pneumoniae,1.8249089173201227,0.3999844435740285,167.83918457623267,66.82037634229889
8,Pd,Bacillus subtilis,non-pathogenic,"purchased from us research nanomaterials, inc.в ",MBEC,nanoplates,Bacteria,Bacillota,Bacilli,Bacillales,Bacillaceae,Bacillus,p,lungs,195.084,40.0,0,0.16,30,10,21.14774404,0.0,0.0,1.870828693,1.9589942897991925,Klebsiella pneumoniae,1.5623068756446954,0.39668741415449715,90.99013089680489,36.50117758028474
9,TiO2,Bacillus subtilis,non-pathogenic,chemical_synthesis,MBEC,spherical,Bacteria,Bacillota,Bacilli,Bacillales,Bacillaceae,Bacillus,p,urine,79.866,11.3,0,0.16,30,16,26.40611331,34.14,1.373,2.878049394,2.825089925440145,Klebsiella pneumoniae,2.4329148023077956,0.3921751231323496,668.48231984216,270.96600123677524
10,ZnO,Bacillus subtilis,non-pathogenic,purchased from sigma aldrich ( citrate capped agnps),MBC,rod-shaped,Bacteria,Bacillota,Bacilli,Bacillales,Bacillaceae,Bacillus,p,urine,81.3794,17.5,0,0.16,30,8,22.60496136,17.07,0.6865,4.082482905,1.9897339932798332,Klebsiella pneumoniae,1.6072343218912648,0.38249967138856844,97.6638843393007,40.47942379380827
11,Ag,Bacillus subtilis,non-pathogenic,"purchased from us research nanomaterials, inc.в ",MIC,triangular,Bacteria,Bacillota,Bacilli,Bacillales,Bacillaceae,Bacillus,p,lungs,107.87,13.0,0,0.16,30,11,23.00188061,0.0,0.0,1.78376517,-0.15525710805526116,Klebsiella pneumoniae,-0.4927572584134752,0.337500150358214,0.6994278029359622,0.32154572621531874
12,ZnO,Bacillus subtilis,non-pathogenic,"purchased from us research nanomaterials, inc.в ",MBEC,spheroidal,Bacteria,Bacillota,Bacilli,Bacillales,Bacillaceae,Bacillus,p,food,81.3794,20.0,2,0.16,30,8,22.60496136,17.07,0.6865,4.082482905,2.732098180169526,Klebsiella pneumoniae,2.5353496891313037,0.19674849103822245,539.6326024950008,343.0438905342196
13,Ag,Bacillus subtilis,non-pathogenic,electrochemical synthesis,MBEC,quasi-hexagonal,Bacteria,Bacillota,Bacilli,Bacillales,Bacillaceae,Bacillus,p,blood,107.87,25.0,2,0.16,30,11,23.00188061,0.0,0.0,1.78376517,0.4824652928577038,Klebsiella pneumoniae,0.3681741727312471,0.1142911201264567,3.0371433654472275,2.3343940775646814
14,ZnO,Bacillus subtilis,non-pathogenic,purchased from sigma aldrich ( citrate capped agnps),MIC,hexagonal,Bacteria,Bacillota,Bacilli,Bacillales,Bacillaceae,Bacillus,p,skin,81.3794,40.0,4,0.16,30,8,22.60496136,17.07,0.6865,4.082482905,1.2116854112454412,Klebsiella pneumoniae,1.1621733332592794,0.04951207798616175,16.281162510959568,14.526912921751597
15,Ag,Bacillus subtilis,non-pathogenic,chemical_synthesis,MBEC,spherical,Bacteria,Bacillota,Bacilli,Bacillales,Bacillaceae,Bacillus,p,mammary gland,107.87,13.5,2,0.16,30,11,23.00188061,0.0,0.0,1.78376517,1.7966093927619498,Klebsiella pneumoniae,1.7717888549723768,0.02482053778957294,62.60505375178953,59.12740990017119
16,ZnO,Bacillus subtilis,non-pathogenic,chemical_synthesis,MIC,spherical,Bacteria,Bacillota,Bacilli,Bacillales,Bacillaceae,Bacillus,p,nose,81.3794,25.0,4,0.16,30,8,22.60496136,17.07,0.6865,4.082482905,1.1311165208186937,Klebsiella pneumoniae,1.178508583138687,-0.04739206231999327,13.524353717147399,15.083724208242524
17,Ag,Bacillus subtilis,non-pathogenic,green_synthesis,MBEC,quasi-hexagonal,Bacteria,Bacillota,Bacilli,Bacillales,Bacillaceae,Bacillus,p,blood,107.87,22.5,18,0.16,30,11,23.00188061,0.0,0.0,1.78376517,0.5490608502756205,Klebsiella pneumoniae,0.7270946336965365,-0.17803378342091603,3.540469441657138,5.33451122964767
