,np,bacteria,bac_type,np_synthesis,method,shape,kingdom,phylum,class,order,family,genus,gram,isolated_from,mol_weight (g/mol),np_size_avg (nm),time_set,"min_Incub_period, h","growth_temp, C",Valance_electron,labuteASA,tpsa,CrippenMR,chi0v,pred_MIC_norm,pathogenic_bacteria,pred_MIC_pathogen,Fitness,pred_norm_MIC_original,pred_path_MIC_original
0,ZnO,Bacillus subtilis,non-pathogenic,"purchased from us research nanomaterials, inc.в ",MIC,quasi-spherical,Bacteria,Bacillota,Bacilli,Bacillales,Bacillaceae,Bacillus,p,water,81.3794,4.0,1,0.16,30,8,22.60496136,17.07,0.6865,4.082482905,1.2223505756863662,Klebsiella pneumoniae,0.22038507666824092,1.0019654990181253,16.685936084536806,1.6610590689068931
1,ZrO2,Bacillus subtilis,non-pathogenic,green_synthesis,MIC,quasi-spherical,Bacteria,Bacillota,Bacilli,Bacillales,Bacillaceae,Bacillus,p,soil,123.2218,1.4,2,0.16,30,16,29.29254423,34.14,1.373,3.774536472,2.0130633897520296,Klebsiella pneumoniae,1.1268320705080306,0.886231319243999,103.05365268833025,13.391587721737958
2,ZnO,Bacillus subtilis,non-pathogenic,"purchased from us research nanomaterials, inc.в ",MIC,rod-shaped,Bacteria,Bacillota,Bacilli,Bacillales,Bacillaceae,Bacillus,p,nose,81.3794,1.4,1,0.16,30,8,22.60496136,17.07,0.6865,4.082482905,1.0569458994130259,Klebsiella pneumoniae,0.1743480974335354,0.8825978019794904,11.401077541178521,1.4939913997117236
3,Ag,Bacillus subtilis,non-pathogenic,"purchased from us research nanomaterials, inc.в ",MIC,quasi-hexagonal,Bacteria,Bacillota,Bacilli,Bacillales,Bacillaceae,Bacillus,p,soil,107.87,1.9,24,0.16,30,11,23.00188061,0.0,0.0,1.78376517,1.6299367440342083,Klebsiella pneumoniae,0.7525972825594386,0.8773394614747697,42.65173910621203,5.657144637129587
4,ZnO,Bacillus subtilis,non-pathogenic,green_synthesis,MBC,quasi-spherical,Bacteria,Bacillota,Bacilli,Bacillales,Bacillaceae,Bacillus,p,soil,81.3794,5.1,2,0.16,30,8,22.60496136,17.07,0.6865,4.082482905,2.2714145705766633,Klebsiella pneumoniae,1.4248942636974768,0.8465203068791864,186.81621577029688,26.60077340344716
5,Ag,Bacillus subtilis,non-pathogenic,electrochemical synthesis,MIC,rod-shaped,Bacteria,Bacillota,Bacilli,Bacillales,Bacillaceae,Bacillus,p,urine,107.87,0.8,4,0.16,30,11,23.00188061,0.0,0.0,1.78376517,1.0585162818389373,Klebsiella pneumoniae,0.25980758452783426,0.798708697311103,11.442377768528488,1.8188948132629381
6,ZnO,Bacillus subtilis,non-pathogenic,"purchased from us research nanomaterials, inc.в ",MBC,quasi-spherical,Bacteria,Bacillota,Bacilli,Bacillales,Bacillaceae,Bacillus,p,respiratory tract,81.3794,12.0,3,0.16,30,8,22.60496136,17.07,0.6865,4.082482905,2.2374851217940623,Klebsiella pneumoniae,1.4595216198328516,0.7779635019612108,172.77667890801573,28.80856459575212
7,Ag,Bacillus subtilis,non-pathogenic,"purchased from us research nanomaterials, inc.в ",MIC,nanoplates,Bacteria,Bacillota,Bacilli,Bacillales,Bacillaceae,Bacillus,p,lungs,107.8682,1.4,2,0.16,30,11,23.00188061,0.0,0.0,1.78376517,1.7565466683436846,Klebsiella pneumoniae,1.0248629521937982,0.7316837161498864,57.08824186632548,10.589195153203223
8,ZnO,Bacillus subtilis,non-pathogenic,"purchased from us research nanomaterials, inc.в ",MBEC,cubic,Bacteria,Bacillota,Bacilli,Bacillales,Bacillaceae,Bacillus,p,food,81.3794,4.0,1,0.16,30,8,22.60496136,17.07,0.6865,4.082482905,2.0853808100410847,Klebsiella pneumoniae,1.3649101090295668,0.7204707010115179,121.72528780056214,23.169150415330407
9,TiO2,Bacillus subtilis,non-pathogenic,purchased from sigma aldrich ( citrate capped agnps),MIC,cubic,Bacteria,Bacillota,Bacilli,Bacillales,Bacillaceae,Bacillus,p,mammary gland,79.866,5.1,1,0.16,30,16,26.40611331,34.14,1.373,2.878049394,2.5274958010187727,Klebsiella pneumoniae,1.83014684622626,0.6973489547925127,336.89595844326874,67.63116152301912
10,ZnO,Bacillus subtilis,non-pathogenic,"purchased from us research nanomaterials, inc.в ",MIC,cubic,Bacteria,Bacillota,Bacilli,Bacillales,Bacillaceae,Bacillus,p,carious dentine,81.3794,1.9,24,0.16,30,8,22.60496136,17.07,0.6865,4.082482905,1.901465610023034,Klebsiella pneumoniae,1.2148131839622935,0.6866524260607405,79.7013375911149,16.398842091557054
11,ZnO,Bacillus subtilis,non-pathogenic,"purchased from us research nanomaterials, inc.в ",MBC,quasi-spherical,Bacteria,Bacillota,Bacilli,Bacillales,Bacillaceae,Bacillus,p,respiratory tract,81.3794,18.5,4,0.16,30,8,22.60496136,17.07,0.6865,4.082482905,2.3045652243303234,Klebsiella pneumoniae,1.6222161823500665,0.6823490419802569,201.63467721000978,41.90020833422647
12,TiO2,Bacillus subtilis,non-pathogenic,purchased from sigma aldrich ( citrate capped agnps),MBC,quasi-hexagonal,Bacteria,Bacillota,Bacilli,Bacillales,Bacillaceae,Bacillus,p,mouth,79.866,8.7,3,0.16,30,16,26.40611331,34.14,1.373,2.878049394,2.394439536842552,Klebsiella pneumoniae,1.715897980898999,0.678541555943553,247.99306538312803,51.98738598361393
13,CuO,Bacillus subtilis,non-pathogenic,"purchased from us research nanomaterials, inc.в ",MBEC,nanoplates,Bacteria,Bacillota,Bacilli,Bacillales,Bacillaceae,Bacillus,p,food,79.5454,13.5,0,0.16,30,17,20.67942236,17.07,0.6865,1.651411411,3.274440723949702,Klebsiella pneumoniae,2.604833669413366,0.6696070545363364,1881.2249237856968,402.5628271276886
14,Ag,Bacillus subtilis,non-pathogenic,green_synthesis,MIC,cubic,Bacteria,Bacillota,Bacilli,Bacillales,Bacillaceae,Bacillus,p,mammary gland,107.87,3.0,24,0.16,30,11,23.00188061,0.0,0.0,1.78376517,2.2695851156850217,Klebsiella pneumoniae,1.600160603146546,0.6694245125384757,186.0309122240793,39.82544187697487
15,ZnO,Bacillus subtilis,non-pathogenic,electrochemical synthesis,MBEC,triangular,Bacteria,Bacillota,Bacilli,Bacillales,Bacillaceae,Bacillus,p,respiratory tract,81.3794,6.0,18,0.16,30,8,22.60496136,17.07,0.6865,4.082482905,0.7085539342594249,Klebsiella pneumoniae,0.04228571679298487,0.66626821746644,5.111565547194115,1.1022642366186683
16,Pd,Bacillus subtilis,non-pathogenic,green_synthesis,MIC,quasi-spherical,Bacteria,Bacillota,Bacilli,Bacillales,Bacillaceae,Bacillus,p,meat,195.084,4.0,0,0.16,30,10,21.14774404,0.0,0.0,1.870828693,0.9341306867972946,Klebsiella pneumoniae,0.2784793202278555,0.6556513665694391,8.592720525784086,1.8988004248921488
17,CuO,Bacillus subtilis,non-pathogenic,"purchased from us research nanomaterials, inc.в ",MBEC,cubic,Bacteria,Bacillota,Bacilli,Bacillales,Bacillaceae,Bacillus,p,meat,79.5454,12.0,3,0.16,30,17,20.67942236,17.07,0.6865,1.651411411,3.461298086542642,Klebsiella pneumoniae,2.8282665503120104,0.6330315362306318,2892.6646383055477,673.3898256999352
18,Ag,Bacillus subtilis,non-pathogenic,"purchased from us research nanomaterials, inc.в ",MIC,quasi-hexagonal,Bacteria,Bacillota,Bacilli,Bacillales,Bacillaceae,Bacillus,p,skin,107.87,44.45,3,0.16,30,11,23.00188061,0.0,0.0,1.78376517,0.47442143072599885,Klebsiella pneumoniae,0.0651032418370574,0.40931818888894145,2.981408125317088,1.161724749843371
19,Al2O3,Bacillus subtilis,non-pathogenic,green_synthesis,MBC,hexagonal,Bacteria,Bacillota,Bacilli,Bacillales,Bacillaceae,Bacillus,p,urine,101.961276,4.0,4,0.16,30,24,51.55776403,85.5,13.5675,4.688846487,2.5464183638623066,Klebsiella pneumoniae,2.1506792730934694,0.3957390907688372,351.8992683401674,141.47486008238428
20,Ag,Bacillus subtilis,non-pathogenic,chemical_synthesis,MIC,tetragonal,Bacteria,Bacillota,Bacilli,Bacillales,Bacillaceae,Bacillus,p,nose,107.87,13.5,0,0.16,30,11,23.00188061,0.0,0.0,1.78376517,0.0854222812580756,Klebsiella pneumoniae,-0.2838325929055463,0.3692548741636219,1.2173691202574937,0.5201964775491157
21,ZnO,Bacillus subtilis,non-pathogenic,chemical_synthesis,MBC,hexagonal,Bacteria,Bacillota,Bacilli,Bacillales,Bacillaceae,Bacillus,p,skin,81.3794,26.06,3,0.16,30,8,22.60496136,17.07,0.6865,4.082482905,1.7450495421840149,Klebsiella pneumoniae,1.5780621156657013,0.16698742651831355,55.596767571818575,37.84967159465186
22,Au,Bacillus subtilis,non-pathogenic,green_synthesis,MIC,cubic,Bacteria,Bacillota,Bacilli,Bacillales,Bacillaceae,Bacillus,p,skin,196.966569,37.86,2,0.16,30,11,23.00188061,0.0,0.0,2.46797672,1.570988979316077,Klebsiella pneumoniae,1.4376955591596003,0.1332934201564766,37.2382256539249,27.39652999304661
23,Ag,Bacillus subtilis,non-pathogenic,electrochemical synthesis,MBC,spheroidal,Bacteria,Bacillota,Bacilli,Bacillales,Bacillaceae,Bacillus,p,water,107.87,37.86,1,0.16,30,11,23.00188061,0.0,0.0,1.78376517,1.0832322892594468,Klebsiella pneumoniae,0.9618986255338731,0.12133366372557375,12.1124581426848,9.160066478389057
24,ZnO,Bacillus subtilis,non-pathogenic,purchased from sigma aldrich ( citrate capped agnps),MIC,nanoplates,Bacteria,Bacillota,Bacilli,Bacillales,Bacillaceae,Bacillus,p,urine,81.3794,13.0,18,0.16,30,8,22.60496136,17.07,0.6865,4.082482905,1.5527437873622645,Klebsiella pneumoniae,1.4391956865275572,0.11354810083470723,35.70621267016458,27.491325916529593
25,Ag,Bacillus subtilis,non-pathogenic,"purchased from us research nanomaterials, inc.в ",MIC,spheroidal,Bacteria,Bacillota,Bacilli,Bacillales,Bacillaceae,Bacillus,p,nose,107.8682,35.0,3,0.16,30,11,23.00188061,0.0,0.0,1.78376517,1.5021550798400478,Klebsiella pneumoniae,1.4174005870425324,0.08475449279751546,31.780086857922438,26.145718863652135
26,Ag,Bacillus subtilis,non-pathogenic,electrochemical synthesis,MBEC,quasi-spherical,Bacteria,Bacillota,Bacilli,Bacillales,Bacillaceae,Bacillus,p,food,107.8682,38.0,3,0.16,30,11,23.00188061,0.0,0.0,1.78376517,1.0367548664241806,Klebsiella pneumoniae,1.0165471018701875,0.02020776455399309,10.88315630062907,10.38836264405603
