,np,bacteria,bac_type,np_synthesis,method,shape,kingdom,phylum,class,order,family,genus,gram,isolated_from,mol_weight (g/mol),np_size_avg (nm),time_set,"min_Incub_period, h","growth_temp, C",Valance_electron,labuteASA,tpsa,CrippenMR,chi0v,pred_MIC_norm,pathogenic_bacteria,pred_MIC_pathogen,Fitness,pred_norm_MIC_original,pred_path_MIC_original
0,Pd,Bacillus subtilis,non-pathogenic,chemical_synthesis,MIC,hexagonal,Bacteria,Bacillota,Bacilli,Bacillales,Bacillaceae,Bacillus,p,lungs,107.87,0.8,4,0.16,30,11,23.00188061,0.0,0.0,1.78376517,1.4193873065217752,Klebsiella pneumoniae,0.3574859424839132,1.061901364037862,26.26559881667999,2.277644516438374
1,ZnO,Bacillus subtilis,non-pathogenic,"purchased from us research nanomaterials, inc.в ",MBC,cubic,Bacteria,Bacillota,Bacilli,Bacillales,Bacillaceae,Bacillus,p,mouth,81.3794,1.9,4,0.16,30,8,22.60496136,17.07,0.6865,4.082482905,1.7486495314812616,Klebsiella pneumoniae,0.8966430720445233,0.8520064594367383,56.05954021588033,7.882120537614927
2,Ag,Bacillus subtilis,non-pathogenic,electrochemical synthesis,MIC,quasi-spherical,Bacteria,Bacillota,Bacilli,Bacillales,Bacillaceae,Bacillus,p,lungs,107.87,1.4,0,0.16,30,11,23.00188061,0.0,0.0,1.78376517,1.1932099558326184,Klebsiella pneumoniae,0.45159810468178163,0.7416118511508367,15.603066369892435,2.8287730428057185
3,ZnO,Bacillus subtilis,non-pathogenic,electrochemical synthesis,MBC,quasi-hexagonal,Bacteria,Bacillota,Bacilli,Bacillales,Bacillaceae,Bacillus,p,water,81.3794,11.3,4,0.16,30,8,22.60496136,17.07,0.6865,4.082482905,0.9755494393208816,Klebsiella pneumoniae,0.25354238699588527,0.7220070523249963,9.452559925977443,1.792843524753932
4,Ag,Bacillus subtilis,non-pathogenic,"purchased from us research nanomaterials, inc.в ",MIC,quasi-hexagonal,Bacteria,Bacillota,Bacilli,Bacillales,Bacillaceae,Bacillus,p,urine,107.87,10.0,2,0.16,30,11,23.00188061,0.0,0.0,1.78376517,1.07586064272938,Klebsiella pneumoniae,0.4944914643903313,0.5813691783390487,11.908598212621119,3.1224210376583517
5,ZnO,Bacillus subtilis,non-pathogenic,purchased from sigma aldrich ( citrate capped agnps),MBEC,nanoplates,Bacteria,Bacillota,Bacilli,Bacillales,Bacillaceae,Bacillus,p,urine,81.3794,10.0,4,0.16,30,8,22.60496136,17.07,0.6865,4.082482905,2.4383997299727684,Klebsiella pneumoniae,1.931293565915853,0.5071061640569154,274.4098712083366,85.36769709429055
6,Al2O3,Bacillus subtilis,non-pathogenic,electrochemical synthesis,MIC,quasi-hexagonal,Bacteria,Bacillota,Bacilli,Bacillales,Bacillaceae,Bacillus,p,water,101.961276,13.0,1,0.16,30,24,51.55776403,85.5,13.5675,4.688846487,2.1732049756796603,Klebsiella pneumoniae,1.8949777801270336,0.27822719555262676,149.00641832441104,78.5195460510604
7,TiO2,Bacillus subtilis,non-pathogenic,purchased from sigma aldrich ( citrate capped agnps),MIC,quasi-hexagonal,Bacteria,Bacillota,Bacilli,Bacillales,Bacillaceae,Bacillus,p,carious dentine,79.866,22.5,1,0.16,30,16,26.40611331,34.14,1.373,2.878049394,1.5398254578039696,Klebsiella pneumoniae,1.513678574509695,0.026146883294274614,34.65975255152155,32.63462108254472
8,Ag,Bacillus subtilis,non-pathogenic,purchased from sigma aldrich ( citrate capped agnps),MBEC,spherical,Bacteria,Bacillota,Bacilli,Bacillales,Bacillaceae,Bacillus,p,blood,107.87,30.0,3,0.16,30,11,23.00188061,0.0,0.0,1.78376517,1.3248381069603092,Klebsiella pneumoniae,1.504967533260268,-0.18012942629995887,21.12701336070131,31.98655977449767
9,CuO,Bacillus subtilis,non-pathogenic,chemical_synthesis,MIC,triangular,Bacteria,Bacillota,Bacilli,Bacillales,Bacillaceae,Bacillus,p,skin,79.5454,44.45,1,0.16,30,17,20.67942236,17.07,0.6865,1.651411411,0.27341742725469986,Klebsiella pneumoniae,0.4842909217929221,-0.21087349453822224,1.8767975474826584,3.049937373691861
