,np,bacteria,bac_type,np_synthesis,method,shape,kingdom,phylum,class,order,family,genus,gram,isolated_from,mol_weight (g/mol),np_size_avg (nm),time_set,"min_Incub_period, h","growth_temp, C",Valance_electron,labuteASA,tpsa,CrippenMR,chi0v,pred_MIC_norm,pathogenic_bacteria,pred_MIC_pathogen,Fitness,pred_norm_MIC_original,pred_path_MIC_original
0,ZnO,Bacillus subtilis,non-pathogenic,"purchased from us research nanomaterials, inc.в ",MBC,quasi-spherical,Bacteria,Bacillota,Bacilli,Bacillales,Bacillaceae,Bacillus,p,urine,81.3794,5.1,4,0.16,30,8,22.60496136,17.07,0.6865,4.082482905,2.0955088310213155,Klebsiella pneumoniae,1.1527565920632263,0.9427522389580891,124.5973572861617,14.215318414341304
1,Ag,Bacillus subtilis,non-pathogenic,"purchased from us research nanomaterials, inc.в ",MIC,quasi-spherical,Bacteria,Bacillota,Bacilli,Bacillales,Bacillaceae,Bacillus,p,mammary gland,107.87,1.9,24,0.16,30,11,23.00188061,0.0,0.0,1.78376517,2.074008408816142,Klebsiella pneumoniae,1.2106960087412726,0.8633124000748693,118.5791707261357,16.244113254391117
2,Pt,Bacillus subtilis,non-pathogenic,chemical_synthesis,MIC,spheroidal,Bacteria,Bacillota,Bacilli,Bacillales,Bacillaceae,Bacillus,p,nose,195.084,3.0,24,0.16,30,10,21.75656585,0.0,0.0,2.588435821,1.001422727269751,Klebsiella pneumoniae,0.1735382247674233,0.8278845025023276,10.032813223932052,1.491207999511559
3,Ag,Bacillus subtilis,non-pathogenic,chemical_synthesis,MIC,quasi-spherical,Bacteria,Bacillota,Bacilli,Bacillales,Bacillaceae,Bacillus,p,soil,107.87,3.0,0,0.16,30,11,23.00188061,0.0,0.0,1.78376517,1.1323371029626659,Klebsiella pneumoniae,0.31342863904703977,0.8189084639156261,13.562417299181691,2.057920716203131
4,ZnO,Bacillus subtilis,non-pathogenic,green_synthesis,MBEC,cubic,Bacteria,Bacillota,Bacilli,Bacillales,Bacillaceae,Bacillus,p,lungs,81.3794,4.7,4,0.16,30,8,22.60496136,17.07,0.6865,4.082482905,2.280343015170762,Klebsiella pneumoniae,1.4730645120140753,0.8072785031566869,190.69662865192285,29.721074888786244
5,TiO2,Bacillus subtilis,non-pathogenic,"purchased from us research nanomaterials, inc.в ",MBEC,nanoplates,Bacteria,Bacillota,Bacilli,Bacillales,Bacillaceae,Bacillus,p,mammary gland,79.866,4.7,4,0.16,30,16,26.40611331,34.14,1.373,2.878049394,2.9210839936216653,Klebsiella pneumoniae,2.1156573657398963,0.805426627881769,833.8424362052808,130.51407981371506
6,ZnO,Bacillus subtilis,non-pathogenic,"purchased from us research nanomaterials, inc.в ",MBC,nanoplates,Bacteria,Bacillota,Bacilli,Bacillales,Bacillaceae,Bacillus,p,meat,81.3794,1.9,0,0.16,30,8,22.60496136,17.07,0.6865,4.082482905,1.8194028934554876,Klebsiella pneumoniae,1.015890434132794,0.8035124593226937,65.97856922736361,10.372666962544491
7,TiO2,Bacillus subtilis,non-pathogenic,green_synthesis,MIC,rod-shaped,Bacteria,Bacillota,Bacilli,Bacillales,Bacillaceae,Bacillus,p,water,79.866,1.9,3,0.16,30,16,26.40611331,34.14,1.373,2.878049394,2.238525856344526,Klebsiella pneumoniae,1.4453510278067434,0.7931748285377827,173.19121395525826,27.8837402100889
8,ZnO,Bacillus subtilis,non-pathogenic,purchased from sigma aldrich ( citrate capped agnps),MBC,quasi-spherical,Bacteria,Bacillota,Bacilli,Bacillales,Bacillaceae,Bacillus,p,soil,81.3794,3.0,1,0.16,30,8,22.60496136,17.07,0.6865,4.082482905,1.7124570481162187,Klebsiella pneumoniae,0.9991142821319867,0.713342765984232,51.5771152593331,9.979626374867598
9,Ag,Bacillus subtilis,non-pathogenic,purchased from sigma aldrich ( citrate capped agnps),MIC,nanoplates,Bacteria,Bacillota,Bacilli,Bacillales,Bacillaceae,Bacillus,p,carious dentine,107.87,3.0,0,0.16,30,11,23.00188061,0.0,0.0,1.78376517,1.1338080535771429,Klebsiella pneumoniae,0.44265082704260905,0.6911572265345338,13.608430936663176,2.7710912501692966
10,ZnO,Bacillus subtilis,non-pathogenic,electrochemical synthesis,MBC,triangular,Bacteria,Bacillota,Bacilli,Bacillales,Bacillaceae,Bacillus,p,respiratory tract,81.3794,12.0,18,0.16,30,8,22.60496136,17.07,0.6865,4.082482905,0.8396230634190014,Klebsiella pneumoniae,0.3445673841359256,0.4950556792830758,6.912307715685875,2.210891266507464
11,Ag,Bacillus subtilis,non-pathogenic,electrochemical synthesis,MBEC,quasi-hexagonal,Bacteria,Bacillota,Bacilli,Bacillales,Bacillaceae,Bacillus,p,skin,107.87,10.0,4,0.16,30,11,23.00188061,0.0,0.0,1.78376517,1.204042321668406,Klebsiella pneumoniae,0.8038987646235256,0.40014355704488036,15.997139119285757,6.366470992172715
12,Al2O3,Bacillus subtilis,non-pathogenic,"purchased from us research nanomaterials, inc.в ",MIC,hexagonal,Bacteria,Bacillota,Bacilli,Bacillales,Bacillaceae,Bacillus,p,food,101.961276,8.0,18,0.16,30,24,51.55776403,85.5,13.5675,4.688846487,2.4752699269677536,Klebsiella pneumoniae,2.1340851697510317,0.3411847572167219,298.7238699961382,136.17117023801313
13,Au,Bacillus subtilis,non-pathogenic,chemical_synthesis,MIC,hexagonal,Bacteria,Bacillota,Bacilli,Bacillales,Bacillaceae,Bacillus,p,water,196.966569,20.0,4,0.16,30,11,23.00188061,0.0,0.0,2.46797672,2.29817412563378,Klebsiella pneumoniae,1.9659869616414123,0.3321871639923679,198.68913800993636,92.467041313098
14,ZnO,Bacillus subtilis,non-pathogenic,green_synthesis,MBC,rod-shaped,Bacteria,Bacillota,Bacilli,Bacillales,Bacillaceae,Bacillus,p,mammary gland,81.3794,28.0,2,0.16,30,8,22.60496136,17.07,0.6865,4.082482905,1.7448774993983465,Klebsiella pneumoniae,1.4549882725837242,0.28988922681462226,55.57474765478829,28.50941281431094
15,CeO2,Bacillus subtilis,non-pathogenic,green_synthesis,MBC,cubic,Bacteria,Bacillota,Bacilli,Bacillales,Bacillaceae,Bacillus,p,skin,172.115,30.0,0,0.16,30,16,39.19032095,34.14,1.373,4.456551526,2.6099414477477705,Klebsiella pneumoniae,2.4258214772880433,0.18411997045972717,407.3253578686908,266.5762640920502
16,Ag,Bacillus subtilis,non-pathogenic,electrochemical synthesis,MBEC,hexagonal,Bacteria,Bacillota,Bacilli,Bacillales,Bacillaceae,Bacillus,p,respiratory tract,107.87,13.5,2,0.16,30,11,23.00188061,0.0,0.0,1.78376517,2.257192895735502,Klebsiella pneumoniae,2.095205802912447,0.1619870928230549,180.79769766669864,124.51045005173341
17,Cu,Bacillus subtilis,non-pathogenic,chemical_synthesis,MBEC,quasi-spherical,Bacteria,Bacillota,Bacilli,Bacillales,Bacillaceae,Bacillus,p,mouth,63.55,6.0,1,0.16,30,11,17.96409803,0.0,0.0,1.243163121,1.8548713665982328,Klebsiella pneumoniae,1.7360336592216048,0.11883770737662802,71.59313275691717,54.45448551877422
18,ZnO,Bacillus subtilis,non-pathogenic,chemical_synthesis,MBC,triangular,Bacteria,Bacillota,Bacilli,Bacillales,Bacillaceae,Bacillus,p,blood,81.3794,60.0,18,0.16,30,8,22.60496136,17.07,0.6865,4.082482905,0.48437624881472363,Klebsiella pneumoniae,0.3921609024177741,0.0922153463969495,3.0505366620791947,2.4669531531387054
19,Ag,Bacillus subtilis,non-pathogenic,purchased from sigma aldrich ( citrate capped agnps),MIC,quasi-spherical,Bacteria,Bacillota,Bacilli,Bacillales,Bacillaceae,Bacillus,p,urine,107.8682,100.0,1,0.16,30,11,23.00188061,0.0,0.0,1.78376517,0.9215734567797689,Klebsiella pneumoniae,0.905477387978467,0.016096068801301877,8.347827318940944,8.044098649743338
