,np,bacteria,bac_type,np_synthesis,method,shape,kingdom,phylum,class,order,family,genus,gram,isolated_from,mol_weight (g/mol),np_size_avg (nm),time_set,"min_Incub_period, h","growth_temp, C",Valance_electron,labuteASA,tpsa,CrippenMR,chi0v,pred_MIC_norm,pathogenic_bacteria,pred_MIC_pathogen,Fitness,pred_norm_MIC_original,pred_path_MIC_original
0,ZnO,Bacillus subtilis,non-pathogenic,"purchased from us research nanomaterials, inc.в ",MBC,hexagonal,Bacteria,Bacillota,Bacilli,Bacillales,Bacillaceae,Bacillus,p,mammary gland,81.3794,8.7,4,0.16,30,8,22.60496136,17.07,0.6865,4.082482905,2.294923474254386,Klebsiella pneumoniae,1.322877529587026,0.9720459446673597,197.20752119597617,21.031852609444467
1,Ag,Bacillus subtilis,non-pathogenic,"purchased from us research nanomaterials, inc.в ",MIC,nanoplates,Bacteria,Bacillota,Bacilli,Bacillales,Bacillaceae,Bacillus,p,lungs,107.87,1.9,1,0.16,30,11,23.00188061,0.0,0.0,1.78376517,1.8178155047153548,Klebsiella pneumoniae,0.849447510946105,0.9683679937692498,65.73785130579112,7.070457416060153
2,ZnO,Bacillus subtilis,non-pathogenic,green_synthesis,MBC,quasi-hexagonal,Bacteria,Bacillota,Bacilli,Bacillales,Bacillaceae,Bacillus,p,lungs,81.3794,6.0,4,0.16,30,8,22.60496136,17.07,0.6865,4.082482905,1.4133727741551656,Klebsiella pneumoniae,0.5656951652421129,0.8476776089130527,25.90435446442126,3.6787067164490805
3,CeO2,Bacillus subtilis,non-pathogenic,electrochemical synthesis,MIC,quasi-spherical,Bacteria,Bacillota,Bacilli,Bacillales,Bacillaceae,Bacillus,p,respiratory tract,172.115,1.9,3,0.16,30,16,39.19032095,34.14,1.373,4.456551526,2.41628657018375,Klebsiella pneumoniae,1.568982119908755,0.8473044502749949,260.7873793729839,37.06654610114369
4,TiO2,Bacillus subtilis,non-pathogenic,electrochemical synthesis,MBC,nanoplates,Bacteria,Bacillota,Bacilli,Bacillales,Bacillaceae,Bacillus,p,blood,79.866,11.3,4,0.16,30,16,26.40611331,34.14,1.373,2.878049394,2.196855713778099,Klebsiella pneumoniae,1.374342473262367,0.822513240515732,157.34600249438353,23.677861356553695
5,ZnO,Bacillus subtilis,non-pathogenic,electrochemical synthesis,MIC,hexagonal,Bacteria,Bacillota,Bacilli,Bacillales,Bacillaceae,Bacillus,p,lungs,81.3794,4.7,4,0.16,30,8,22.60496136,17.07,0.6865,4.082482905,1.626081560177283,Klebsiella pneumoniae,0.8035736310195191,0.8225079291577638,42.27479985676044,6.3617065314095305
6,Ag,Bacillus subtilis,non-pathogenic,"purchased from us research nanomaterials, inc.в ",MIC,spheroidal,Bacteria,Bacillota,Bacilli,Bacillales,Bacillaceae,Bacillus,p,mouth,107.87,5.1,18,0.16,30,11,23.00188061,0.0,0.0,1.78376517,1.6308399862008354,Klebsiella pneumoniae,0.8083707931381949,0.8224691930626404,42.74053815955299,6.432366673140413
7,TiO2,Bacillus subtilis,non-pathogenic,"purchased from us research nanomaterials, inc.в ",MIC,hexagonal,Bacteria,Bacillota,Bacilli,Bacillales,Bacillaceae,Bacillus,p,mouth,79.866,1.4,0,0.16,30,16,26.40611331,34.14,1.373,2.878049394,2.3944270474733274,Klebsiella pneumoniae,1.5791708695140574,0.81525617795927,247.98593374191978,37.94642526288514
8,ZnO,Bacillus subtilis,non-pathogenic,purchased from sigma aldrich ( citrate capped agnps),MBC,nanoplates,Bacteria,Bacillota,Bacilli,Bacillales,Bacillaceae,Bacillus,p,food,81.3794,5.1,0,0.16,30,8,22.60496136,17.07,0.6865,4.082482905,2.4087769123793423,Klebsiella pneumoniae,1.597932525956374,0.8108443864229684,256.31670551788767,39.62164714092956
9,TiO2,Bacillus subtilis,non-pathogenic,purchased from sigma aldrich ( citrate capped agnps),MBC,hexagonal,Bacteria,Bacillota,Bacilli,Bacillales,Bacillaceae,Bacillus,p,lungs,79.866,10.4,1,0.16,30,16,26.40611331,34.14,1.373,2.878049394,3.2254110136788015,Klebsiella pneumoniae,2.4594585556023483,0.7659524580764532,1680.3935801791592,288.04381585993775
10,Ag,Bacillus subtilis,non-pathogenic,purchased from sigma aldrich ( citrate capped agnps),MIC,hexagonal,Bacteria,Bacillota,Bacilli,Bacillales,Bacillaceae,Bacillus,p,mammary gland,107.87,1.4,2,0.16,30,11,23.00188061,0.0,0.0,1.78376517,1.7734185288694275,Klebsiella pneumoniae,1.0077626893420872,0.7656558395273403,59.34970011461446,10.180349532557344
11,CuO,Bacillus subtilis,non-pathogenic,"purchased from us research nanomaterials, inc.в ",MBEC,quasi-hexagonal,Bacteria,Bacillota,Bacilli,Bacillales,Bacillaceae,Bacillus,p,nose,79.5454,5.1,4,0.16,30,17,20.67942236,17.07,0.6865,1.651411411,2.9485018947472112,Klebsiella pneumoniae,2.1978733649254996,0.7506285298217117,888.1818512853938,157.7151324190109
12,ZnO,Bacillus subtilis,non-pathogenic,electrochemical synthesis,MBC,hexagonal,Bacteria,Bacillota,Bacilli,Bacillales,Bacillaceae,Bacillus,p,soil,81.3794,4.7,2,0.16,30,8,22.60496136,17.07,0.6865,4.082482905,1.915007021826614,Klebsiella pneumoniae,1.1708831369083594,0.7441238849182545,82.22559443641973,14.821192121548133
13,Ag,Bacillus subtilis,non-pathogenic,purchased from sigma aldrich ( citrate capped agnps),MIC,spherical,Bacteria,Bacillota,Bacilli,Bacillales,Bacillaceae,Bacillus,p,water,107.87,0.8,3,0.16,30,11,23.00188061,0.0,0.0,1.78376517,1.2824957604998881,Klebsiella pneumoniae,0.544751215990104,0.7377445445097841,19.16442354698393,3.5055100456006247
14,TiO2,Bacillus subtilis,non-pathogenic,purchased from sigma aldrich ( citrate capped agnps),MBC,cubic,Bacteria,Bacillota,Bacilli,Bacillales,Bacillaceae,Bacillus,p,carious dentine,79.866,11.3,3,0.16,30,16,26.40611331,34.14,1.373,2.878049394,2.7474229632340963,Klebsiella pneumoniae,2.0376358183485497,0.7097871448855466,559.0143587351372,109.05254827009269
15,ZnO,Bacillus subtilis,non-pathogenic,"purchased from us research nanomaterials, inc.в ",MBC,spherical,Bacteria,Bacillota,Bacilli,Bacillales,Bacillaceae,Bacillus,p,skin,81.3794,10.4,3,0.16,30,8,22.60496136,17.07,0.6865,4.082482905,2.459954681440289,Klebsiella pneumoniae,1.7557781820085125,0.7041764994317763,288.37305706020254,56.987313249842394
16,TiO2,Bacillus subtilis,non-pathogenic,"purchased from us research nanomaterials, inc.в ",MBEC,hexagonal,Bacteria,Bacillota,Bacilli,Bacillales,Bacillaceae,Bacillus,p,lungs,79.866,13.0,2,0.16,30,16,26.40611331,34.14,1.373,2.878049394,2.855385713815494,Klebsiella pneumoniae,2.189579039652785,0.6658066741627087,716.7797275476546,154.73160829288867
17,Ag,Bacillus subtilis,non-pathogenic,green_synthesis,MIC,nanoplates,Bacteria,Bacillota,Bacilli,Bacillales,Bacillaceae,Bacillus,p,meat,107.87,1.9,1,0.16,30,11,23.00188061,0.0,0.0,1.78376517,1.87366088060176,Klebsiella pneumoniae,1.2183448483873027,0.6553160322144573,74.75855194365124,16.532740474500446
18,TiO2,Bacillus subtilis,non-pathogenic,electrochemical synthesis,MBEC,rod-shaped,Bacteria,Bacillota,Bacilli,Bacillales,Bacillaceae,Bacillus,p,water,79.866,1.4,2,0.16,30,16,26.40611331,34.14,1.373,2.878049394,2.595370096924652,Klebsiella pneumoniae,1.942025320306379,0.6533447766182727,393.8855937665636,87.50347901586389
19,CuO,Bacillus subtilis,non-pathogenic,"purchased from us research nanomaterials, inc.в ",MBC,nanoplates,Bacteria,Bacillota,Bacilli,Bacillales,Bacillaceae,Bacillus,p,skin,79.5454,13.0,4,0.16,30,17,20.67942236,17.07,0.6865,1.651411411,3.1422989767377536,Klebsiella pneumoniae,2.4895867729396484,0.6527122037981052,1387.710827141065,308.7356444293951
20,ZnO,Bacillus subtilis,non-pathogenic,electrochemical synthesis,MBEC,cubic,Bacteria,Bacillota,Bacilli,Bacillales,Bacillaceae,Bacillus,p,urine,81.3794,4.7,0,0.16,30,8,22.60496136,17.07,0.6865,4.082482905,2.3574521573126366,Klebsiella pneumoniae,1.7133266889221541,0.6441254683904825,227.74673380024032,51.68049788062684
21,Ag,Bacillus subtilis,non-pathogenic,purchased from sigma aldrich ( citrate capped agnps),MIC,quasi-spherical,Bacteria,Bacillota,Bacilli,Bacillales,Bacillaceae,Bacillus,p,blood,107.87,1.4,4,0.16,30,11,23.00188061,0.0,0.0,1.78376517,0.2456580469562013,Klebsiella pneumoniae,-0.38401414563012404,0.6296721925863253,1.7605892548281528,0.41303404862550536
22,ZrO2,Bacillus subtilis,non-pathogenic,green_synthesis,MBC,hexagonal,Bacteria,Bacillota,Bacilli,Bacillales,Bacillaceae,Bacillus,p,soil,123.2218,9.0,3,0.16,30,16,29.29254423,34.14,1.373,3.774536472,3.2326153900203796,Klebsiella pneumoniae,2.813657499137222,0.4189578908831577,1708.501600675115,651.1146981373128
23,CeO2,Bacillus subtilis,non-pathogenic,"purchased from us research nanomaterials, inc.в ",MBC,rod-shaped,Bacteria,Bacillota,Bacilli,Bacillales,Bacillaceae,Bacillus,p,respiratory tract,172.115,1.4,2,0.16,30,16,39.19032095,34.14,1.373,4.456551526,2.148954346520262,Klebsiella pneumoniae,1.7568712964569038,0.3920830500633583,140.91406603295997,57.13093035788044
24,ZnO,Bacillus subtilis,non-pathogenic,"purchased from us research nanomaterials, inc.в ",MIC,spheroidal,Bacteria,Bacillota,Bacilli,Bacillales,Bacillaceae,Bacillus,p,water,81.3794,12.5,3,0.16,30,8,22.60496136,17.07,0.6865,4.082482905,1.42715153566723,Klebsiella pneumoniae,1.1550879904065243,0.27206354526070564,26.73939246867681,14.291834894701005
25,CuO,Bacillus subtilis,non-pathogenic,green_synthesis,MBC,cubic,Bacteria,Bacillota,Bacilli,Bacillales,Bacillaceae,Bacillus,p,soil,79.5454,18.5,18,0.16,30,17,20.67942236,17.07,0.6865,1.651411411,3.101805968959614,Klebsiella pneumoniae,2.8606915303723173,0.24111443858729675,1264.1714236485436,725.5904037775731
26,ZnO,Bacillus subtilis,non-pathogenic,green_synthesis,MIC,quasi-hexagonal,Bacteria,Bacillota,Bacilli,Bacillales,Bacillaceae,Bacillus,p,respiratory tract,81.3794,28.0,1,0.16,30,8,22.60496136,17.07,0.6865,4.082482905,0.40597526374887494,Klebsiella pneumoniae,0.16632850818119604,0.2396467555676789,2.5466851960825254,1.466656827158392
27,Ag,Bacillus subtilis,non-pathogenic,chemical_synthesis,MBC,spheroidal,Bacteria,Bacillota,Bacilli,Bacillales,Bacillaceae,Bacillus,p,respiratory tract,107.87,1.9,24,0.16,30,11,23.00188061,0.0,0.0,1.78376517,1.9878267451775522,Klebsiella pneumoniae,1.7972757150948298,0.19055103008272245,97.23592392590072,62.701180146662374
28,Au,Bacillus subtilis,non-pathogenic,green_synthesis,MBEC,rod-shaped,Bacteria,Bacillota,Bacilli,Bacillales,Bacillaceae,Bacillus,p,water,196.966569,10.0,3,0.16,30,11,23.00188061,0.0,0.0,2.46797672,1.846407766282392,Klebsiella pneumoniae,1.6573223511726454,0.18908541510974652,70.21142157038143,45.42786758059742
29,Ag,Bacillus subtilis,non-pathogenic,electrochemical synthesis,MBEC,quasi-hexagonal,Bacteria,Bacillota,Bacilli,Bacillales,Bacillaceae,Bacillus,p,nose,107.87,41.23,3,0.16,30,11,23.00188061,0.0,0.0,1.78376517,0.11120722771936697,Klebsiella pneumoniae,-0.06416797992997547,0.17537520764934245,1.2918355381181315,0.8626448224937222
30,ZnO,Bacillus subtilis,non-pathogenic,"purchased from us research nanomaterials, inc.в ",MBC,spherical,Bacteria,Bacillota,Bacilli,Bacillales,Bacillaceae,Bacillus,p,lungs,81.3794,1.4,24,0.16,30,8,22.60496136,17.07,0.6865,4.082482905,2.3614981174082654,Klebsiella pneumoniae,2.198410932059137,0.16308718534912847,229.87837444110468,157.91047214465192
31,ZnO,Bacillus subtilis,non-pathogenic,chemical_synthesis,MBEC,quasi-spherical,Bacteria,Bacillota,Bacilli,Bacillales,Bacillaceae,Bacillus,p,nose,81.3794,28.0,1,0.16,30,8,22.60496136,17.07,0.6865,4.082482905,1.6162080417481215,Klebsiella pneumoniae,1.4621768376613873,0.1540312040867342,41.32454131154402,28.985235791864223
32,Ag,Bacillus subtilis,non-pathogenic,green_synthesis,MBEC,quasi-spherical,Bacteria,Bacillota,Bacilli,Bacillales,Bacillaceae,Bacillus,p,nose,107.8682,17.5,3,0.16,30,11,23.00188061,0.0,0.0,1.78376517,1.615962641447023,Klebsiella pneumoniae,1.4930465028287774,0.12291613861824557,41.301197265705596,31.120495473251864
33,Au,Bacillus subtilis,non-pathogenic,electrochemical synthesis,MIC,hexagonal,Bacteria,Bacillota,Bacilli,Bacillales,Bacillaceae,Bacillus,p,nose,196.966569,40.0,18,0.16,30,11,23.00188061,0.0,0.0,2.46797672,1.3157209864152426,Klebsiella pneumoniae,1.2154596298252398,0.10026135659000279,20.68811808391695,16.423269888212403
34,ZnO,Bacillus subtilis,non-pathogenic,"purchased from us research nanomaterials, inc.в ",MBEC,spheroidal,Bacteria,Bacillota,Bacilli,Bacillales,Bacillaceae,Bacillus,p,mouth,81.3794,50.0,1,0.16,30,8,22.60496136,17.07,0.6865,4.082482905,2.30445763377403,Klebsiella pneumoniae,2.221857695381414,0.0825999383926157,201.58473114571566,166.67009976623598
35,Ag,Bacillus subtilis,non-pathogenic,green_synthesis,MBC,triangular,Bacteria,Bacillota,Bacilli,Bacillales,Bacillaceae,Bacillus,p,urine,107.87,40.0,0,0.16,30,11,23.00188061,0.0,0.0,1.78376517,0.14780508889791744,Klebsiella pneumoniae,0.13504560510741537,0.012759483790502069,1.4054166324298614,1.364726438497438
36,ZnO,Bacillus subtilis,non-pathogenic,purchased from sigma aldrich ( citrate capped agnps),MBC,cubic,Bacteria,Bacillota,Bacilli,Bacillales,Bacillaceae,Bacillus,p,carious dentine,81.3794,22.5,24,0.16,30,8,22.60496136,17.07,0.6865,4.082482905,2.0856191435147875,Klebsiella pneumoniae,2.216016221493264,-0.13039707797847644,121.79210691472476,164.4433143896307
