,np,bacteria,bac_type,np_synthesis,method,shape,kingdom,phylum,class,order,family,genus,gram,isolated_from,mol_weight (g/mol),np_size_avg (nm),time_set,"min_Incub_period, h","growth_temp, C",Valance_electron,labuteASA,tpsa,CrippenMR,chi0v,pred_MIC_norm,pathogenic_bacteria,pred_MIC_pathogen,Fitness,pred_norm_MIC_original,pred_path_MIC_original
0,ZnO,Bacillus subtilis,non-pathogenic,"purchased from us research nanomaterials, inc.в ",MBC,hexagonal,Bacteria,Bacillota,Bacilli,Bacillales,Bacillaceae,Bacillus,p,mammary gland,81.3794,8.7,4,0.16,30,8,22.60496136,17.07,0.6865,4.082482905,2.294923474254386,Klebsiella pneumoniae,1.322877529587026,0.9720459446673597,197.20752119597617,21.031852609444467
1,Ag,Bacillus subtilis,non-pathogenic,"purchased from us research nanomaterials, inc.в ",MIC,cubic,Bacteria,Bacillota,Bacilli,Bacillales,Bacillaceae,Bacillus,p,blood,107.87,1.9,1,0.16,30,11,23.00188061,0.0,0.0,1.78376517,0.9021520695360739,Klebsiella pneumoniae,0.016726979818331156,0.8854250897177427,7.982741564647433,1.0392666231756105
2,ZnO,Bacillus subtilis,non-pathogenic,electrochemical synthesis,MIC,hexagonal,Bacteria,Bacillota,Bacilli,Bacillales,Bacillaceae,Bacillus,p,lungs,81.3794,4.7,4,0.16,30,8,22.60496136,17.07,0.6865,4.082482905,1.626081560177283,Klebsiella pneumoniae,0.8035736310195191,0.8225079291577638,42.27479985676044,6.3617065314095305
3,Ag,Bacillus subtilis,non-pathogenic,"purchased from us research nanomaterials, inc.в ",MIC,spheroidal,Bacteria,Bacillota,Bacilli,Bacillales,Bacillaceae,Bacillus,p,mouth,107.87,5.1,18,0.16,30,11,23.00188061,0.0,0.0,1.78376517,1.6308399862008354,Klebsiella pneumoniae,0.8083707931381949,0.8224691930626404,42.74053815955299,6.432366673140413
4,TiO2,Bacillus subtilis,non-pathogenic,purchased from sigma aldrich ( citrate capped agnps),MBC,hexagonal,Bacteria,Bacillota,Bacilli,Bacillales,Bacillaceae,Bacillus,p,lungs,79.866,10.4,1,0.16,30,16,26.40611331,34.14,1.373,2.878049394,3.2254110136788015,Klebsiella pneumoniae,2.4594585556023483,0.7659524580764532,1680.3935801791592,288.04381585993775
5,Ag,Bacillus subtilis,non-pathogenic,purchased from sigma aldrich ( citrate capped agnps),MIC,hexagonal,Bacteria,Bacillota,Bacilli,Bacillales,Bacillaceae,Bacillus,p,mammary gland,107.87,1.4,2,0.16,30,11,23.00188061,0.0,0.0,1.78376517,1.7734185288694275,Klebsiella pneumoniae,1.0077626893420872,0.7656558395273403,59.34970011461446,10.180349532557344
6,ZnO,Bacillus subtilis,non-pathogenic,electrochemical synthesis,MBC,hexagonal,Bacteria,Bacillota,Bacilli,Bacillales,Bacillaceae,Bacillus,p,soil,81.3794,4.7,2,0.16,30,8,22.60496136,17.07,0.6865,4.082482905,1.915007021826614,Klebsiella pneumoniae,1.1708831369083594,0.7441238849182545,82.22559443641973,14.821192121548133
7,TiO2,Bacillus subtilis,non-pathogenic,purchased from sigma aldrich ( citrate capped agnps),MBC,cubic,Bacteria,Bacillota,Bacilli,Bacillales,Bacillaceae,Bacillus,p,carious dentine,79.866,11.3,3,0.16,30,16,26.40611331,34.14,1.373,2.878049394,2.7474229632340963,Klebsiella pneumoniae,2.0376358183485497,0.7097871448855466,559.0143587351372,109.05254827009269
8,ZnO,Bacillus subtilis,non-pathogenic,green_synthesis,MBEC,nanoplates,Bacteria,Bacillota,Bacilli,Bacillales,Bacillaceae,Bacillus,p,food,81.3794,10.0,0,0.16,30,8,22.60496136,17.07,0.6865,4.082482905,2.607608943909373,Klebsiella pneumoniae,1.9401590169241407,0.6674499269852321,405.1435637154374,87.12825516640756
9,Ag,Bacillus subtilis,non-pathogenic,green_synthesis,MIC,nanoplates,Bacteria,Bacillota,Bacilli,Bacillales,Bacillaceae,Bacillus,p,meat,107.87,1.9,1,0.16,30,11,23.00188061,0.0,0.0,1.78376517,1.87366088060176,Klebsiella pneumoniae,1.2183448483873027,0.6553160322144573,74.75855194365124,16.532740474500446
10,ZnO,Bacillus subtilis,non-pathogenic,"purchased from us research nanomaterials, inc.в ",MBC,spherical,Bacteria,Bacillota,Bacilli,Bacillales,Bacillaceae,Bacillus,p,nose,81.3794,11.3,3,0.16,30,8,22.60496136,17.07,0.6865,4.082482905,2.4349039295217443,Klebsiella pneumoniae,1.784553844216501,0.6503500853052433,272.2099084704827,60.89110344138586
11,CuO,Bacillus subtilis,non-pathogenic,purchased from sigma aldrich ( citrate capped agnps),MBC,cubic,Bacteria,Bacillota,Bacilli,Bacillales,Bacillaceae,Bacillus,p,lungs,79.5454,10.4,0,0.16,30,17,20.67942236,17.07,0.6865,1.651411411,3.4307636563191126,Klebsiella pneumoniae,2.7913928942950452,0.6393707620240674,2696.2717181729877,618.575755587761
12,Cu,Bacillus subtilis,non-pathogenic,"purchased from us research nanomaterials, inc.в ",MBC,hexagonal,Bacteria,Bacillota,Bacilli,Bacillales,Bacillaceae,Bacillus,p,food,63.55,8.0,0,0.16,30,11,17.96409803,0.0,0.0,1.243163121,2.0066691389597877,Klebsiella pneumoniae,1.3704469961724175,0.6362221427873702,101.54747731746164,23.466428472507197
13,ZnO,Bacillus subtilis,non-pathogenic,chemical_synthesis,MBC,hexagonal,Bacteria,Bacillota,Bacilli,Bacillales,Bacillaceae,Bacillus,p,mouth,81.3794,5.1,1,0.16,30,8,22.60496136,17.07,0.6865,4.082482905,1.8889305415541213,Klebsiella pneumoniae,1.2528121910721932,0.6361183504819281,77.43379449476448,17.89831681035082
14,Cu,Bacillus subtilis,non-pathogenic,"purchased from us research nanomaterials, inc.в ",MIC,cubic,Bacteria,Bacillota,Bacilli,Bacillales,Bacillaceae,Bacillus,p,food,63.55,4.0,0,0.16,30,11,17.96409803,0.0,0.0,1.243163121,1.4016843207499228,Klebsiella pneumoniae,0.7677932847969892,0.6338910359529336,25.216471754589794,5.858592412405589
15,CuO,Bacillus subtilis,non-pathogenic,"purchased from us research nanomaterials, inc.в ",MBC,quasi-spherical,Bacteria,Bacillota,Bacilli,Bacillales,Bacillaceae,Bacillus,p,mouth,79.5454,13.0,2,0.16,30,17,20.67942236,17.07,0.6865,1.651411411,3.1708046383846913,Klebsiella pneumoniae,2.5490253370834495,0.6217793013012418,1481.851344012439,354.0179941706546
16,Au,Bacillus subtilis,non-pathogenic,electrochemical synthesis,MIC,spheroidal,Bacteria,Bacillota,Bacilli,Bacillales,Bacillaceae,Bacillus,p,respiratory tract,196.966569,1.4,24,0.16,30,11,23.00188061,0.0,0.0,2.46797672,3.5670806284616603,Klebsiella pneumoniae,2.9500986439283814,0.6169819845332789,3690.4610705732,891.4533963334994
17,Al2O3,Bacillus subtilis,non-pathogenic,"purchased from us research nanomaterials, inc.в ",MBC,cubic,Bacteria,Bacillota,Bacilli,Bacillales,Bacillaceae,Bacillus,p,nose,101.961276,6.0,1,0.16,30,24,51.55776403,85.5,13.5675,4.688846487,2.799091701602088,Klebsiella pneumoniae,2.182525884311521,0.6165658172905673,629.6391175889236,152.23898658758745
18,TiO2,Bacillus subtilis,non-pathogenic,green_synthesis,MBEC,cubic,Bacteria,Bacillota,Bacilli,Bacillales,Bacillaceae,Bacillus,p,food,79.866,1.9,3,0.16,30,16,26.40611331,34.14,1.373,2.878049394,2.853731197561011,Klebsiella pneumoniae,2.238991809320784,0.6147393882402268,714.0542321990935,173.37712989770466
19,ZnO,Bacillus subtilis,non-pathogenic,green_synthesis,MIC,hexagonal,Bacteria,Bacillota,Bacilli,Bacillales,Bacillaceae,Bacillus,p,urine,81.3794,1.9,18,0.16,30,8,22.60496136,17.07,0.6865,4.082482905,1.4760580121158713,Klebsiella pneumoniae,0.8663842948238932,0.6096737172919781,29.926643635314967,7.351641062156482
20,ZnO,Bacillus subtilis,non-pathogenic,"purchased from us research nanomaterials, inc.в ",MIC,quasi-spherical,Bacteria,Bacillota,Bacilli,Bacillales,Bacillaceae,Bacillus,p,lungs,81.3794,10.4,0,0.16,30,8,22.60496136,17.07,0.6865,4.082482905,1.5862814498302766,Klebsiella pneumoniae,1.041552595992956,0.5447288538373207,38.57282525769541,11.00405103711384
21,ZnO,Bacillus subtilis,non-pathogenic,electrochemical synthesis,MBEC,quasi-hexagonal,Bacteria,Bacillota,Bacilli,Bacillales,Bacillaceae,Bacillus,p,meat,81.3794,79.0,3,0.16,30,8,22.60496136,17.07,0.6865,4.082482905,0.5689988880251815,Klebsiella pneumoniae,0.3223974258811728,0.2466014621440087,3.7067977268670256,2.1008615171297245
22,ZnO,Bacillus subtilis,non-pathogenic,electrochemical synthesis,MBEC,quasi-hexagonal,Bacteria,Bacillota,Bacilli,Bacillales,Bacillaceae,Bacillus,p,meat,81.3794,79.0,3,0.16,30,8,22.60496136,17.07,0.6865,4.082482905,0.5689988880251815,Klebsiella pneumoniae,0.3223974258811728,0.2466014621440087,3.7067977268670256,2.1008615171297245
23,Au,Bacillus subtilis,non-pathogenic,purchased from sigma aldrich ( citrate capped agnps),MIC,rod-shaped,Bacteria,Bacillota,Bacilli,Bacillales,Bacillaceae,Bacillus,p,blood,196.966569,5.1,3,0.16,30,11,23.00188061,0.0,0.0,2.46797672,0.7737735759979503,Klebsiella pneumoniae,0.5361945028008075,0.23757907319714278,5.939823988949657,3.4371184796485577
24,ZnO,Bacillus subtilis,non-pathogenic,electrochemical synthesis,MBEC,spherical,Bacteria,Bacillota,Bacilli,Bacillales,Bacillaceae,Bacillus,p,urine,81.3794,37.86,3,0.16,30,8,22.60496136,17.07,0.6865,4.082482905,1.6899913163834335,Klebsiella pneumoniae,1.4948394881890632,0.19515182819437027,48.97690264534359,31.249242063584607
25,Ag,Bacillus subtilis,non-pathogenic,electrochemical synthesis,MIC,spherical,Bacteria,Bacillota,Bacilli,Bacillales,Bacillaceae,Bacillus,p,lungs,107.87,55.6,1,0.16,30,11,23.00188061,0.0,0.0,1.78376517,1.0529278688325938,Klebsiella pneumoniae,0.8720417372325441,0.18088613160004974,11.296082845405396,7.44803548716438
26,Ag,Bacillus subtilis,non-pathogenic,"purchased from us research nanomaterials, inc.в ",MIC,tetragonal,Bacteria,Bacillota,Bacilli,Bacillales,Bacillaceae,Bacillus,p,blood,107.8682,12.0,3,0.16,30,11,23.00188061,0.0,0.0,1.78376517,-0.09216650063970278,Klebsiella pneumoniae,-0.21523769838980567,0.12307119775010289,0.8087857659161294,0.6092033763166307
27,Au,Bacillus subtilis,non-pathogenic,green_synthesis,MIC,quasi-spherical,Bacteria,Bacillota,Bacilli,Bacillales,Bacillaceae,Bacillus,p,respiratory tract,196.966569,22.5,3,0.16,30,11,23.00188061,0.0,0.0,2.46797672,1.5101213464933105,Klebsiella pneumoniae,1.3912339811281562,0.11888736536515432,32.36840850687727,24.61693512526694
28,Ag,Bacillus subtilis,non-pathogenic,purchased from sigma aldrich ( citrate capped agnps),MIC,cubic,Bacteria,Bacillota,Bacilli,Bacillales,Bacillaceae,Bacillus,p,nose,107.87,38.0,0,0.16,30,11,23.00188061,0.0,0.0,1.78376517,1.5171426656881737,Klebsiella pneumoniae,1.4438381677142624,0.07330449797391125,32.89596763450135,27.78677648917532
29,CeO2,Bacillus subtilis,non-pathogenic,green_synthesis,MBC,triangular,Bacteria,Bacillota,Bacilli,Bacillales,Bacillaceae,Bacillus,p,respiratory tract,172.115,26.06,4,0.16,30,16,39.19032095,34.14,1.373,4.456551526,1.2028500216389761,Klebsiella pneumoniae,1.1353065540168774,0.06754346762209873,15.95328124772103,13.655466904276137
30,Ag,Bacillus subtilis,non-pathogenic,chemical_synthesis,MIC,tetragonal,Bacteria,Bacillota,Bacilli,Bacillales,Bacillaceae,Bacillus,p,urine,107.8682,60.0,1,0.16,30,11,23.00188061,0.0,0.0,1.78376517,-0.03968822624015722,Klebsiella pneumoniae,-0.10616220116278052,0.0664739749226233,0.9126657938783755,0.7831371005454688
31,ZnO,Bacillus subtilis,non-pathogenic,electrochemical synthesis,MBC,spheroidal,Bacteria,Bacillota,Bacilli,Bacillales,Bacillaceae,Bacillus,p,soil,81.3794,50.0,1,0.16,30,8,22.60496136,17.07,0.6865,4.082482905,1.711897092113356,Klebsiella pneumoniae,1.6497248429192872,0.06217224919406883,51.510657347131556,44.64006753031989
32,Pd,Bacillus subtilis,non-pathogenic,"purchased from us research nanomaterials, inc.в ",MBEC,hexagonal,Bacteria,Bacillota,Bacilli,Bacillales,Bacillaceae,Bacillus,p,carious dentine,195.084,13.5,24,0.16,30,10,21.14774404,0.0,0.0,1.870828693,1.3536335814742761,Klebsiella pneumoniae,1.4089460509964826,-0.055312469522206476,22.575302659991628,25.641654905281325
33,Ag,Bacillus subtilis,non-pathogenic,"purchased from us research nanomaterials, inc.в ",MBC,quasi-hexagonal,Bacteria,Bacillota,Bacilli,Bacillales,Bacillaceae,Bacillus,p,mammary gland,107.8682,79.0,24,0.16,30,11,23.00188061,0.0,0.0,1.78376517,1.2405053408897295,Klebsiella pneumoniae,1.3080329828977946,-0.06752764200806505,17.39824094007809,20.325113660382875
34,Ag,Bacillus subtilis,non-pathogenic,green_synthesis,MBEC,cubic,Bacteria,Bacillota,Bacilli,Bacillales,Bacillaceae,Bacillus,p,respiratory tract,107.87,50.0,18,0.16,30,11,23.00188061,0.0,0.0,1.78376517,1.5092860490888125,Klebsiella pneumoniae,1.6893545018028913,-0.18006845271407879,32.30621277461398,48.90513947194114
