,np,bacteria,bac_type,np_synthesis,method,shape,kingdom,phylum,class,order,family,genus,gram,isolated_from,mol_weight (g/mol),np_size_avg (nm),time_set,"min_Incub_period, h","growth_temp, C",Valance_electron,labuteASA,tpsa,CrippenMR,chi0v,pred_MIC_norm,pathogenic_bacteria,pred_MIC_pathogen,Fitness,pred_norm_MIC_original,pred_path_MIC_original
0,Ag,Bacillus subtilis,non-pathogenic,chemical_synthesis,MIC,spheroidal,Bacteria,Bacillota,Bacilli,Bacillales,Bacillaceae,Bacillus,p,mouth,107.87,1.4,1,0.16,30,11,23.00188061,0.0,0.0,1.78376517,0.7005851162457293,Klebsiella pneumoniae,-0.02507896427879186,0.7256640805245211,5.018629282085421,0.9438892408804572
1,ZnO,Bacillus subtilis,non-pathogenic,green_synthesis,MBC,nanoplates,Bacteria,Bacillota,Bacilli,Bacillales,Bacillaceae,Bacillus,p,mammary gland,81.3794,17.5,4,0.16,30,8,22.60496136,17.07,0.6865,4.082482905,2.117111933670286,Klebsiella pneumoniae,1.5584743161562309,0.558637617514055,130.95193908467238,36.18047932407417
2,ZnO,Bacillus subtilis,non-pathogenic,green_synthesis,MBEC,hexagonal,Bacteria,Bacillota,Bacilli,Bacillales,Bacillaceae,Bacillus,p,lungs,81.3794,13.0,3,0.16,30,8,22.60496136,17.07,0.6865,4.082482905,2.5297084855176237,Klebsiella pneumoniae,2.0383702505156043,0.49133823500201945,338.6167877553021,109.23712224493669
3,Pd,Bacillus subtilis,non-pathogenic,electrochemical synthesis,MBEC,hexagonal,Bacteria,Bacillota,Bacilli,Bacillales,Bacillaceae,Bacillus,p,urine,195.084,6.0,0,0.16,30,10,21.14774404,0.0,0.0,1.870828693,2.167950021938288,Klebsiella pneumoniae,1.8225730145849925,0.34537700735329535,147.21430803138657,66.46194008544936
4,ZnO,Bacillus subtilis,non-pathogenic,"purchased from us research nanomaterials, inc.в ",MBEC,nanoplates,Bacteria,Bacillota,Bacilli,Bacillales,Bacillaceae,Bacillus,p,mouth,81.3794,12.0,24,0.16,30,8,22.60496136,17.07,0.6865,4.082482905,2.588230831211041,Klebsiella pneumoniae,2.273781418947453,0.31444941226358836,387.4635303638138,187.83711918679234
5,Ag,Bacillus subtilis,non-pathogenic,electrochemical synthesis,MBC,nanoplates,Bacteria,Bacillota,Bacilli,Bacillales,Bacillaceae,Bacillus,p,food,107.8682,0.8,2,0.16,30,11,23.00188061,0.0,0.0,1.78376517,1.3062182518567769,Klebsiella pneumoniae,1.1045273601300027,0.20169089172677412,20.240360892595962,12.721178897512063
6,Au,Bacillus subtilis,non-pathogenic,electrochemical synthesis,MBC,spherical,Bacteria,Bacillota,Bacilli,Bacillales,Bacillaceae,Bacillus,p,meat,196.966569,27.43,0,0.16,30,11,23.00188061,0.0,0.0,2.46797672,1.5256658310349427,Klebsiella pneumoniae,1.3433182118881297,0.18234761914681297,33.54793794663266,22.045411606723665
7,Ag,Bacillus subtilis,non-pathogenic,electrochemical synthesis,MIC,nanoplates,Bacteria,Bacillota,Bacilli,Bacillales,Bacillaceae,Bacillus,p,soil,107.87,25.0,1,0.16,30,11,23.00188061,0.0,0.0,1.78376517,1.582303217963139,Klebsiella pneumoniae,1.4022047327816873,0.18009848518145177,38.221103177602885,25.24670658731514
8,Ag,Bacillus subtilis,non-pathogenic,"purchased from us research nanomaterials, inc.в ",MBEC,tetragonal,Bacteria,Bacillota,Bacilli,Bacillales,Bacillaceae,Bacillus,p,respiratory tract,107.8682,25.0,4,0.16,30,11,23.00188061,0.0,0.0,1.78376517,1.0016355567224586,Klebsiella pneumoniae,0.8325323026770283,0.16910325404543036,10.037731088484868,6.800366240169167
9,ZnO,Bacillus subtilis,non-pathogenic,chemical_synthesis,MBC,spheroidal,Bacteria,Bacillota,Bacilli,Bacillales,Bacillaceae,Bacillus,p,urine,81.3794,11.3,0,0.16,30,8,22.60496136,17.07,0.6865,4.082482905,1.9813427963060928,Klebsiella pneumoniae,1.814746979631949,0.1665958166741437,95.7949899738651,65.27501490041097
10,ZnO,Bacillus subtilis,non-pathogenic,"purchased from us research nanomaterials, inc.в ",MBC,spheroidal,Bacteria,Bacillota,Bacilli,Bacillales,Bacillaceae,Bacillus,p,blood,81.3794,18.5,2,0.16,30,8,22.60496136,17.07,0.6865,4.082482905,1.882601783676364,Klebsiella pneumoniae,1.7316764027355733,0.15092538094079067,76.31357229479103,53.9108777355275
11,Au,Bacillus subtilis,non-pathogenic,chemical_synthesis,MIC,tetragonal,Bacteria,Bacillota,Bacilli,Bacillales,Bacillaceae,Bacillus,p,carious dentine,196.966569,4.7,24,0.16,30,11,23.00188061,0.0,0.0,2.46797672,0.8174667067071578,Klebsiella pneumoniae,0.7320663222529651,0.08540038445419273,6.568507599466017,5.395930188930741
12,Al2O3,Bacillus subtilis,non-pathogenic,chemical_synthesis,MBEC,triangular,Bacteria,Bacillota,Bacilli,Bacillales,Bacillaceae,Bacillus,p,nose,101.961276,10.4,24,0.16,30,24,51.55776403,85.5,13.5675,4.688846487,1.5534196922249712,Klebsiella pneumoniae,1.5497402238451103,0.003679468379860884,35.76182653067457,35.46012186888724
13,Ag,Bacillus subtilis,non-pathogenic,purchased from sigma aldrich ( citrate capped agnps),MBC,quasi-hexagonal,Bacteria,Bacillota,Bacilli,Bacillales,Bacillaceae,Bacillus,p,lungs,107.87,20.0,18,0.16,30,11,23.00188061,0.0,0.0,1.78376517,1.001520219064658,Klebsiella pneumoniae,1.1233323384835174,-0.1218121194188595,10.035065674293586,13.284106186819502
