,np,bacteria,bac_type,np_synthesis,method,shape,kingdom,phylum,class,order,family,genus,gram,isolated_from,mol_weight (g/mol),np_size_avg (nm),time_set,"min_Incub_period, h","growth_temp, C",Valance_electron,labuteASA,tpsa,CrippenMR,chi0v,pred_MIC_norm,pathogenic_bacteria,pred_MIC_pathogen,Fitness,pred_norm_MIC_original,pred_path_MIC_original
0,ZnO,Bacillus subtilis,non-pathogenic,electrochemical synthesis,MIC,cubic,Bacteria,Bacillota,Bacilli,Bacillales,Bacillaceae,Bacillus,p,lungs,81.3794,1.9,3,0.16,30,8,22.60496136,17.07,0.6865,4.082482905,1.6687848971870762,Klebsiella pneumoniae,0.741366256381723,0.9274186408053532,46.64283046386834,5.512724085586882
1,Ag,Bacillus subtilis,non-pathogenic,chemical_synthesis,MIC,hexagonal,Bacteria,Bacillota,Bacilli,Bacillales,Bacillaceae,Bacillus,p,skin,107.87,3.0,0,0.16,30,11,23.00188061,0.0,0.0,1.78376517,1.4589868271249367,Klebsiella pneumoniae,0.6964617454552136,0.7625250816697231,28.773111397723202,4.971205832558982
2,ZnO,Bacillus subtilis,non-pathogenic,electrochemical synthesis,MBC,nanoplates,Bacteria,Bacillota,Bacilli,Bacillales,Bacillaceae,Bacillus,p,nose,81.3794,8.7,4,0.16,30,8,22.60496136,17.07,0.6865,4.082482905,2.0681607241354585,Klebsiella pneumoniae,1.320221448265704,0.7479392758697545,116.99322806192842,20.903617418687592
3,TiO2,Bacillus subtilis,non-pathogenic,purchased from sigma aldrich ( citrate capped agnps),MIC,cubic,Bacteria,Bacillota,Bacilli,Bacillales,Bacillaceae,Bacillus,p,mammary gland,79.866,5.1,1,0.16,30,16,26.40611331,34.14,1.373,2.878049394,2.5274958010187727,Klebsiella pneumoniae,1.83014684622626,0.6973489547925127,336.89595844326874,67.63116152301912
4,ZnO,Bacillus subtilis,non-pathogenic,"purchased from us research nanomaterials, inc.в ",MIC,cubic,Bacteria,Bacillota,Bacilli,Bacillales,Bacillaceae,Bacillus,p,carious dentine,81.3794,1.9,24,0.16,30,8,22.60496136,17.07,0.6865,4.082482905,1.901465610023034,Klebsiella pneumoniae,1.2148131839622935,0.6866524260607405,79.7013375911149,16.398842091557054
5,CuO,Bacillus subtilis,non-pathogenic,"purchased from us research nanomaterials, inc.в ",MBEC,nanoplates,Bacteria,Bacillota,Bacilli,Bacillales,Bacillaceae,Bacillus,p,food,79.5454,13.5,0,0.16,30,17,20.67942236,17.07,0.6865,1.651411411,3.274440723949702,Klebsiella pneumoniae,2.604833669413366,0.6696070545363364,1881.2249237856968,402.5628271276886
6,ZnO,Bacillus subtilis,non-pathogenic,green_synthesis,MBC,quasi-hexagonal,Bacteria,Bacillota,Bacilli,Bacillales,Bacillaceae,Bacillus,p,soil,81.3794,0.8,0,0.16,30,8,22.60496136,17.07,0.6865,4.082482905,0.7622515210542125,Klebsiella pneumoniae,0.09870407601671638,0.6635474450374961,5.7843094790880665,1.2551744087627377
7,Au,Bacillus subtilis,non-pathogenic,green_synthesis,MIC,rod-shaped,Bacteria,Bacillota,Bacilli,Bacillales,Bacillaceae,Bacillus,p,urine,196.966569,3.0,1,0.16,30,11,23.00188061,0.0,0.0,2.46797672,1.5023117335815013,Klebsiella pneumoniae,0.8494183497522699,0.6528933838292313,31.79155227531495,7.069982678144374
8,TiO2,Bacillus subtilis,non-pathogenic,"purchased from us research nanomaterials, inc.в ",MBEC,hexagonal,Bacteria,Bacillota,Bacilli,Bacillales,Bacillaceae,Bacillus,p,food,79.866,13.0,0,0.16,30,16,26.40611331,34.14,1.373,2.878049394,2.872008101812113,Klebsiella pneumoniae,2.223173219074937,0.6488348827371762,744.7458670938107,167.17572645142872
9,Au,Bacillus subtilis,non-pathogenic,chemical_synthesis,MIC,quasi-hexagonal,Bacteria,Bacillota,Bacilli,Bacillales,Bacillaceae,Bacillus,p,mouth,196.966569,1.9,4,0.16,30,11,23.00188061,0.0,0.0,2.46797672,1.0131036096820172,Klebsiella pneumoniae,0.3906128640302984,0.6224907456517188,10.30631969095898,2.4581753764547023
10,ZnO,Bacillus subtilis,non-pathogenic,electrochemical synthesis,MBEC,nanoplates,Bacteria,Bacillota,Bacilli,Bacillales,Bacillaceae,Bacillus,p,respiratory tract,81.3794,4.0,2,0.16,30,8,22.60496136,17.07,0.6865,4.082482905,2.0952581296908543,Klebsiella pneumoniae,1.4749802993016716,0.6202778303891827,124.52545282868856,29.85247197468086
11,Ag,Bacillus subtilis,non-pathogenic,"purchased from us research nanomaterials, inc.в ",MBEC,tetragonal,Bacteria,Bacillota,Bacilli,Bacillales,Bacillaceae,Bacillus,p,nose,107.87,12.0,18,0.16,30,11,23.00188061,0.0,0.0,1.78376517,0.8622385670195526,Klebsiella pneumoniae,0.2451708319736723,0.6170677350458803,7.281796989921826,1.7586152382941516
12,Ag,Bacillus subtilis,non-pathogenic,"purchased from us research nanomaterials, inc.в ",MBC,spheroidal,Bacteria,Bacillota,Bacilli,Bacillales,Bacillaceae,Bacillus,p,water,107.8682,1.9,1,0.16,30,11,23.00188061,0.0,0.0,1.78376517,1.3458391972951302,Klebsiella pneumoniae,0.7634132378533163,0.582425959441814,22.173752581863415,5.799802940941028
13,CuO,Bacillus subtilis,non-pathogenic,"purchased from us research nanomaterials, inc.в ",MIC,rod-shaped,Bacteria,Bacillota,Bacilli,Bacillales,Bacillaceae,Bacillus,p,meat,79.5454,0.8,1,0.16,30,17,20.67942236,17.07,0.6865,1.651411411,2.1118449538154977,Klebsiella pneumoniae,1.5363196439538058,0.5755253098616919,129.37338868977199,34.381090216961105
14,ZnO,Bacillus subtilis,non-pathogenic,chemical_synthesis,MBC,cubic,Bacteria,Bacillota,Bacilli,Bacillales,Bacillaceae,Bacillus,p,blood,81.3794,12.0,4,0.16,30,8,22.60496136,17.07,0.6865,4.082482905,1.1278492476513384,Klebsiella pneumoniae,0.5579213168580588,0.5699279307932796,13.42298941302934,3.6134439027272327
15,Ag,Bacillus subtilis,non-pathogenic,"purchased from us research nanomaterials, inc.в ",MBEC,spheroidal,Bacteria,Bacillota,Bacilli,Bacillales,Bacillaceae,Bacillus,p,water,107.8682,6.0,0,0.16,30,11,23.00188061,0.0,0.0,1.78376517,2.1223099185535417,Klebsiella pneumoniae,1.5544082952340759,0.5679016233194658,132.52869409321465,35.843325422636894
16,Pt,Bacillus subtilis,non-pathogenic,green_synthesis,MIC,nanoplates,Bacteria,Bacillota,Bacilli,Bacillales,Bacillaceae,Bacillus,p,meat,195.084,6.0,0,0.16,30,10,21.75656585,0.0,0.0,2.588435821,1.6420447985918116,Klebsiella pneumoniae,1.0788271607169753,0.5632176378748364,43.85759356765131,11.990220248066343
17,ZnO,Bacillus subtilis,non-pathogenic,green_synthesis,MBC,nanoplates,Bacteria,Bacillota,Bacilli,Bacillales,Bacillaceae,Bacillus,p,lungs,81.3794,18.0,1,0.16,30,8,22.60496136,17.07,0.6865,4.082482905,2.0937151077908154,Klebsiella pneumoniae,1.6000969853448088,0.49361812244600656,124.08380649867229,39.81960845838027
18,Au,Bacillus subtilis,non-pathogenic,chemical_synthesis,MIC,cubic,Bacteria,Bacillota,Bacilli,Bacillales,Bacillaceae,Bacillus,p,mouth,196.966569,12.0,1,0.16,30,11,23.00188061,0.0,0.0,2.46797672,2.3731845433319445,Klebsiella pneumoniae,1.9577261283147671,0.4154584150171774,236.14814766033584,90.72482273471837
19,CuO,Bacillus subtilis,non-pathogenic,"purchased from us research nanomaterials, inc.в ",MBEC,cubic,Bacteria,Bacillota,Bacilli,Bacillales,Bacillaceae,Bacillus,p,meat,79.5454,28.0,2,0.16,30,17,20.67942236,17.07,0.6865,1.651411411,3.5364890110999063,Klebsiella pneumoniae,3.129842354633695,0.40664665646621145,3439.450084721047,1348.4733088927678
20,Ag,Bacillus subtilis,non-pathogenic,"purchased from us research nanomaterials, inc.в ",MIC,spheroidal,Bacteria,Bacillota,Bacilli,Bacillales,Bacillaceae,Bacillus,p,mammary gland,107.87,25.0,24,0.16,30,11,23.00188061,0.0,0.0,1.78376517,2.2879962024168,Klebsiella pneumoniae,1.9136162589432675,0.37437994347353243,194.08689060592135,81.96270047757474
21,Pd,Bacillus subtilis,non-pathogenic,"purchased from us research nanomaterials, inc.в ",MIC,spherical,Bacteria,Bacillota,Bacilli,Bacillales,Bacillaceae,Bacillus,p,mammary gland,195.084,100.0,3,0.16,30,10,21.14774404,0.0,0.0,1.870828693,1.4519228461075744,Klebsiella pneumoniae,1.1090551189266655,0.34286772718090885,28.308890340550835,12.85449793761546
22,ZnO,Bacillus subtilis,non-pathogenic,purchased from sigma aldrich ( citrate capped agnps),MBC,hexagonal,Bacteria,Bacillota,Bacilli,Bacillales,Bacillaceae,Bacillus,p,carious dentine,81.3794,35.0,1,0.16,30,8,22.60496136,17.07,0.6865,4.082482905,1.3502488599515095,Klebsiella pneumoniae,1.0354457346883832,0.31480312526312626,22.400043408902523,10.85039964878743
23,Ag,Bacillus subtilis,non-pathogenic,green_synthesis,MIC,nanoplates,Bacteria,Bacillota,Bacilli,Bacillales,Bacillaceae,Bacillus,p,carious dentine,107.87,40.0,1,0.16,30,11,23.00188061,0.0,0.0,1.78376517,0.6057609090693212,Klebsiella pneumoniae,0.4007468812633834,0.2050140278059378,4.034232363516766,2.51620998411528
24,ZnO,Bacillus subtilis,non-pathogenic,green_synthesis,MIC,spheroidal,Bacteria,Bacillota,Bacilli,Bacillales,Bacillaceae,Bacillus,p,skin,81.3794,12.0,1,0.16,30,8,22.60496136,17.07,0.6865,4.082482905,1.4165858401618916,Klebsiella pneumoniae,1.235379586398797,0.18120625376309452,26.096714847721238,17.194105469673808
25,Ag,Bacillus subtilis,non-pathogenic,green_synthesis,MBEC,hexagonal,Bacteria,Bacillota,Bacilli,Bacillales,Bacillaceae,Bacillus,p,nose,107.87,13.0,1,0.16,30,11,23.00188061,0.0,0.0,1.78376517,2.3992519297900627,Klebsiella pneumoniae,2.2732145996200317,0.12603733017003105,250.75634431346836,187.59212353348235
26,ZnO,Bacillus subtilis,non-pathogenic,chemical_synthesis,MIC,cubic,Bacteria,Bacillota,Bacilli,Bacillales,Bacillaceae,Bacillus,p,food,81.3794,35.0,1,0.16,30,8,22.60496136,17.07,0.6865,4.082482905,1.7576834392060985,Klebsiella pneumoniae,1.764777804233816,-0.007094365027717542,57.237866741026544,58.18054755832279
