,np,bacteria,bac_type,np_synthesis,method,shape,kingdom,phylum,class,order,family,genus,gram,isolated_from,mol_weight (g/mol),np_size_avg (nm),time_set,"min_Incub_period, h","growth_temp, C",Valance_electron,labuteASA,tpsa,CrippenMR,chi0v,pred_MIC_norm,pathogenic_bacteria,pred_MIC_pathogen,Fitness,pred_norm_MIC_original,pred_path_MIC_original
0,ZnO,Bacillus subtilis,non-pathogenic,"purchased from us research nanomaterials, inc.в ",MIC,cubic,Bacteria,Bacillota,Bacilli,Bacillales,Bacillaceae,Bacillus,p,water,81.3794,1.9,3,0.16,30,8,22.60496136,17.07,0.6865,4.082482905,1.6372486083720257,Klebsiella pneumoniae,0.6390853272500518,0.9981632811219738,43.37591092341386,4.355974485268537
1,Ag,Bacillus subtilis,non-pathogenic,green_synthesis,MIC,tetragonal,Bacteria,Bacillota,Bacilli,Bacillales,Bacillaceae,Bacillus,p,water,107.87,1.4,24,0.16,30,11,23.00188061,0.0,0.0,1.78376517,1.6858020264635334,Klebsiella pneumoniae,0.719078239163673,0.9667237872998604,48.50673313696569,5.236947729226177
2,ZnO,Bacillus subtilis,non-pathogenic,"purchased from us research nanomaterials, inc.в ",MBEC,hexagonal,Bacteria,Bacillota,Bacilli,Bacillales,Bacillaceae,Bacillus,p,meat,81.3794,6.0,3,0.16,30,8,22.60496136,17.07,0.6865,4.082482905,2.498786046423852,Klebsiella pneumoniae,1.6140498183299237,0.8847362280939282,315.34507047705785,41.11968871822707
3,CuO,Bacillus subtilis,non-pathogenic,"purchased from us research nanomaterials, inc.в ",MIC,quasi-spherical,Bacteria,Bacillota,Bacilli,Bacillales,Bacillaceae,Bacillus,p,urine,79.5454,1.4,4,0.16,30,17,20.67942236,17.07,0.6865,1.651411411,2.3511793104235643,Klebsiella pneumoniae,1.4977964286790666,0.8533828817444977,224.48085634415898,31.462731834006508
4,TiO2,Bacillus subtilis,non-pathogenic,"purchased from us research nanomaterials, inc.в ",MIC,quasi-hexagonal,Bacteria,Bacillota,Bacilli,Bacillales,Bacillaceae,Bacillus,p,nose,79.866,0.8,2,0.16,30,16,26.40611331,34.14,1.373,2.878049394,1.67083900981942,Klebsiella pneumoniae,0.8692499179699464,0.8015890918494735,46.863962823635404,7.400310088650686
5,ZnO,Bacillus subtilis,non-pathogenic,green_synthesis,MBC,quasi-spherical,Bacteria,Bacillota,Bacilli,Bacillales,Bacillaceae,Bacillus,p,respiratory tract,81.3794,4.7,2,0.16,30,8,22.60496136,17.07,0.6865,4.082482905,2.0847291549658067,Klebsiella pneumoniae,1.2906475961127268,0.7940815588530798,121.54277703198963,19.527542699179868
6,ZnO,Bacillus subtilis,non-pathogenic,"purchased from us research nanomaterials, inc.в ",MBEC,spheroidal,Bacteria,Bacillota,Bacilli,Bacillales,Bacillaceae,Bacillus,p,urine,81.3794,5.1,18,0.16,30,8,22.60496136,17.07,0.6865,4.082482905,2.3751890993973475,Klebsiella pneumoniae,1.6074796717049504,0.767709427692397,237.2406467986751,40.50229865270434
7,ZnO,Bacillus subtilis,non-pathogenic,"purchased from us research nanomaterials, inc.в ",MBC,hexagonal,Bacteria,Bacillota,Bacilli,Bacillales,Bacillaceae,Bacillus,p,respiratory tract,81.3794,8.7,2,0.16,30,8,22.60496136,17.07,0.6865,4.082482905,2.3158401802194764,Klebsiella pneumoniae,1.5592426239576778,0.7565975562617986,206.93796797365715,36.244542646550165
8,ZnO,Bacillus subtilis,non-pathogenic,green_synthesis,MBEC,spherical,Bacteria,Bacillota,Bacilli,Bacillales,Bacillaceae,Bacillus,p,soil,81.3794,6.0,2,0.16,30,8,22.60496136,17.07,0.6865,4.082482905,2.5205561722525114,Klebsiella pneumoniae,1.8070687397384433,0.7134874325140681,331.5554508819357,64.13110746902565
9,ZrO2,Bacillus subtilis,non-pathogenic,purchased from sigma aldrich ( citrate capped agnps),MIC,spheroidal,Bacteria,Bacillota,Bacilli,Bacillales,Bacillaceae,Bacillus,p,respiratory tract,123.2218,1.9,1,0.16,30,16,29.29254423,34.14,1.373,3.774536472,1.7263717215419778,Klebsiella pneumoniae,1.0377361362777378,0.6886355852642401,53.25638965910134,10.907774128975603
10,TiO2,Bacillus subtilis,non-pathogenic,"purchased from us research nanomaterials, inc.в ",MBC,spherical,Bacteria,Bacillota,Bacilli,Bacillales,Bacillaceae,Bacillus,p,water,79.866,5.1,2,0.16,30,16,26.40611331,34.14,1.373,2.878049394,2.9891959801295833,Klebsiella pneumoniae,2.3007805058366357,0.6884154742929476,975.4297117297077,199.88513868397854
11,Ag,Bacillus subtilis,non-pathogenic,"purchased from us research nanomaterials, inc.в ",MIC,spherical,Bacteria,Bacillota,Bacilli,Bacillales,Bacillaceae,Bacillus,p,mammary gland,107.87,4.0,3,0.16,30,11,23.00188061,0.0,0.0,1.78376517,1.3478705794768033,Klebsiella pneumoniae,0.66168424489801,0.6861863345787933,22.277711705955184,4.588642728862459
12,ZnO,Bacillus subtilis,non-pathogenic,chemical_synthesis,MBEC,hexagonal,Bacteria,Bacillota,Bacilli,Bacillales,Bacillaceae,Bacillus,p,carious dentine,81.3794,5.1,4,0.16,30,8,22.60496136,17.07,0.6865,4.082482905,1.7953468012339087,Klebsiella pneumoniae,1.1112749223631138,0.6840718788707949,62.42331112133214,12.92036915676656
13,Ag,Bacillus subtilis,non-pathogenic,chemical_synthesis,MIC,cubic,Bacteria,Bacillota,Bacilli,Bacillales,Bacillaceae,Bacillus,p,mouth,107.87,1.9,18,0.16,30,11,23.00188061,0.0,0.0,1.78376517,1.4271029035547946,Klebsiella pneumoniae,0.7744490839955924,0.6526538195592022,26.736398370457394,5.949070067052722
14,CeO2,Bacillus subtilis,non-pathogenic,"purchased from us research nanomaterials, inc.в ",MIC,cubic,Bacteria,Bacillota,Bacilli,Bacillales,Bacillaceae,Bacillus,p,lungs,172.115,8.7,4,0.16,30,16,39.19032095,34.14,1.373,4.456551526,2.760462196695208,Klebsiella pneumoniae,2.1121239723455107,0.6483382243496973,576.0526736846292,129.45653312843552
15,ZnO,Bacillus subtilis,non-pathogenic,purchased from sigma aldrich ( citrate capped agnps),MBC,cubic,Bacteria,Bacillota,Bacilli,Bacillales,Bacillaceae,Bacillus,p,soil,81.3794,8.0,2,0.16,30,8,22.60496136,17.07,0.6865,4.082482905,2.391720268041475,Klebsiella pneumoniae,1.745046924975101,0.646673343066374,246.4451456365516,55.59643252745746
16,Au,Bacillus subtilis,non-pathogenic,"purchased from us research nanomaterials, inc.в ",MIC,quasi-hexagonal,Bacteria,Bacillota,Bacilli,Bacillales,Bacillaceae,Bacillus,p,lungs,196.966569,1.4,3,0.16,30,11,23.00188061,0.0,0.0,2.46797672,1.2206585958281067,Klebsiella pneumoniae,0.584616963543849,0.6360416322842577,16.621055353006295,3.842527316187118
17,Ag,Bacillus subtilis,non-pathogenic,"purchased from us research nanomaterials, inc.в ",MBEC,nanoplates,Bacteria,Bacillota,Bacilli,Bacillales,Bacillaceae,Bacillus,p,mouth,107.8682,8.7,4,0.16,30,11,23.00188061,0.0,0.0,1.78376517,2.224984692858731,Klebsiella pneumoniae,1.5989367790891824,0.6260479137695485,167.8744848046784,39.71337338973991
18,ZnO,Bacillus subtilis,non-pathogenic,purchased from sigma aldrich ( citrate capped agnps),MBC,hexagonal,Bacteria,Bacillota,Bacilli,Bacillales,Bacillaceae,Bacillus,p,skin,81.3794,10.0,2,0.16,30,8,22.60496136,17.07,0.6865,4.082482905,2.4380125894786993,Klebsiella pneumoniae,1.8297373815171438,0.6082752079615554,274.1653646780429,67.56742706523167
19,CuO,Bacillus subtilis,non-pathogenic,purchased from sigma aldrich ( citrate capped agnps),MBC,hexagonal,Bacteria,Bacillota,Bacilli,Bacillales,Bacillaceae,Bacillus,p,meat,79.5454,8.0,1,0.16,30,17,20.67942236,17.07,0.6865,1.651411411,3.3109223009065945,Klebsiella pneumoniae,2.7143146522747488,0.5966076486318457,2046.0785425729239,517.9819810429888
20,ZnO,Bacillus subtilis,non-pathogenic,green_synthesis,MBC,rod-shaped,Bacteria,Bacillota,Bacilli,Bacillales,Bacillaceae,Bacillus,p,respiratory tract,81.3794,9.0,2,0.16,30,8,22.60496136,17.07,0.6865,4.082482905,2.1483834215628415,Klebsiella pneumoniae,1.5570970669733948,0.5912863545894467,140.72894164650066,36.06592431459057
21,CeO2,Bacillus subtilis,non-pathogenic,purchased from sigma aldrich ( citrate capped agnps),MIC,triangular,Bacteria,Bacillota,Bacilli,Bacillales,Bacillaceae,Bacillus,p,urine,172.115,1.4,0,0.16,30,16,39.19032095,34.14,1.373,4.456551526,0.7272718150217685,Klebsiella pneumoniae,0.13669486160700273,0.5905769534147658,5.336688021292115,1.3699189131753915
22,Ag,Bacillus subtilis,non-pathogenic,purchased from sigma aldrich ( citrate capped agnps),MBC,spheroidal,Bacteria,Bacillota,Bacilli,Bacillales,Bacillaceae,Bacillus,p,skin,107.87,1.4,18,0.16,30,11,23.00188061,0.0,0.0,1.78376517,1.105350515185342,Klebsiella pneumoniae,0.5156224325857235,0.5897280825996185,12.745313288325567,3.2781017722152335
23,ZnO,Bacillus subtilis,non-pathogenic,green_synthesis,MBEC,spherical,Bacteria,Bacillota,Bacilli,Bacillales,Bacillaceae,Bacillus,p,soil,81.3794,8.7,4,0.16,30,8,22.60496136,17.07,0.6865,4.082482905,2.374988766230386,Klebsiella pneumoniae,1.7887155676707465,0.5862731985596394,237.1312366817959,61.477410704726736
24,Pd,Bacillus subtilis,non-pathogenic,"purchased from us research nanomaterials, inc.в ",MBC,hexagonal,Bacteria,Bacillota,Bacilli,Bacillales,Bacillaceae,Bacillus,p,lungs,195.084,44.45,4,0.16,30,10,21.14774404,0.0,0.0,1.870828693,1.5762591072180476,Klebsiella pneumoniae,0.9944490543818547,0.5818100528361929,37.6928613712427,9.872998121487878
25,ZnO,Bacillus subtilis,non-pathogenic,electrochemical synthesis,MBEC,quasi-spherical,Bacteria,Bacillota,Bacilli,Bacillales,Bacillaceae,Bacillus,p,urine,81.3794,4.0,18,0.16,30,8,22.60496136,17.07,0.6865,4.082482905,1.840766490101752,Klebsiella pneumoniae,1.2593871902979927,0.5813792998037592,69.30530675333777,18.17134986818183
26,Ag,Bacillus subtilis,non-pathogenic,chemical_synthesis,MIC,quasi-hexagonal,Bacteria,Bacillota,Bacilli,Bacillales,Bacillaceae,Bacillus,p,water,107.87,10.4,3,0.16,30,11,23.00188061,0.0,0.0,1.78376517,0.9276280690131031,Klebsiella pneumoniae,0.35131260614210613,0.576315462870997,8.46502156857088,2.245497656458306
27,ZnO,Bacillus subtilis,non-pathogenic,green_synthesis,MBC,cubic,Bacteria,Bacillota,Bacilli,Bacillales,Bacillaceae,Bacillus,p,urine,81.3794,10.4,2,0.16,30,8,22.60496136,17.07,0.6865,4.082482905,2.4455011405534988,Klebsiella pneumoniae,1.8697766850107171,0.5757244555427816,278.93379817496975,74.09291562518567
28,Ag,Bacillus subtilis,non-pathogenic,chemical_synthesis,MIC,hexagonal,Bacteria,Bacillota,Bacilli,Bacillales,Bacillaceae,Bacillus,p,soil,107.87,6.0,3,0.16,30,11,23.00188061,0.0,0.0,1.78376517,2.074057543162467,Klebsiella pneumoniae,1.501431605573887,0.5726259375885798,118.59258705970508,31.727189720602354
29,CuO,Bacillus subtilis,non-pathogenic,purchased from sigma aldrich ( citrate capped agnps),MBC,hexagonal,Bacteria,Bacillota,Bacilli,Bacillales,Bacillaceae,Bacillus,p,urine,79.5454,6.0,0,0.16,30,17,20.67942236,17.07,0.6865,1.651411411,3.549893831575306,Klebsiella pneumoniae,2.988554881475295,0.5613389501000108,3547.266615036503,973.9908600629873
30,ZnO,Bacillus subtilis,non-pathogenic,electrochemical synthesis,MBEC,quasi-spherical,Bacteria,Bacillota,Bacilli,Bacillales,Bacillaceae,Bacillus,p,blood,81.3794,12.0,2,0.16,30,8,22.60496136,17.07,0.6865,4.082482905,1.2668430244732973,Klebsiella pneumoniae,0.7061837346667821,0.5606592898065152,18.48600322531037,5.083744723676718
31,Ag,Bacillus subtilis,non-pathogenic,"purchased from us research nanomaterials, inc.в ",MIC,quasi-spherical,Bacteria,Bacillota,Bacilli,Bacillales,Bacillaceae,Bacillus,p,respiratory tract,107.8682,4.0,2,0.16,30,11,23.00188061,0.0,0.0,1.78376517,1.3833904932773506,Klebsiella pneumoniae,0.8265774714357217,0.556813021841629,24.17633658254235,6.707759321087583
32,ZnO,Bacillus subtilis,non-pathogenic,electrochemical synthesis,MBEC,spherical,Bacteria,Bacillota,Bacilli,Bacillales,Bacillaceae,Bacillus,p,mammary gland,81.3794,10.4,1,0.16,30,8,22.60496136,17.07,0.6865,4.082482905,2.309029146213142,Klebsiella pneumoniae,1.7584104682447657,0.5506186779683762,203.71787915194378,57.333765823215955
33,Ag,Bacillus subtilis,non-pathogenic,electrochemical synthesis,MIC,cubic,Bacteria,Bacillota,Bacilli,Bacillales,Bacillaceae,Bacillus,p,food,107.8682,5.1,3,0.16,30,11,23.00188061,0.0,0.0,1.78376517,2.2630783253711777,Klebsiella pneumoniae,1.713409200971487,0.5496691243996907,183.2644911603021,51.69031764366767
34,ZnO,Bacillus subtilis,non-pathogenic,"purchased from us research nanomaterials, inc.в ",MBC,quasi-spherical,Bacteria,Bacillota,Bacilli,Bacillales,Bacillaceae,Bacillus,p,mammary gland,81.3794,27.43,0,0.16,30,8,22.60496136,17.07,0.6865,4.082482905,2.4558077438674353,Klebsiella pneumoniae,1.9131942040262082,0.5426135398412271,285.6325807709065,81.88308639378184
35,TiO2,Bacillus subtilis,non-pathogenic,"purchased from us research nanomaterials, inc.в ",MBC,tetragonal,Bacteria,Bacillota,Bacilli,Bacillales,Bacillaceae,Bacillus,p,respiratory tract,79.866,10.0,18,0.16,30,16,26.40611331,34.14,1.373,2.878049394,2.1939865625042687,Klebsiella pneumoniae,1.6599679571846693,0.5340186053195994,156.30992780733632,45.70544662940449
36,CuO,Bacillus subtilis,non-pathogenic,"purchased from us research nanomaterials, inc.в ",MBC,cubic,Bacteria,Bacillota,Bacilli,Bacillales,Bacillaceae,Bacillus,p,food,79.5454,5.1,24,0.16,30,17,20.67942236,17.07,0.6865,1.651411411,2.8849131043825116,Klebsiella pneumoniae,2.3537694360201984,0.5311436683623132,767.2079675400506,225.8236569525332
37,Ag,Bacillus subtilis,non-pathogenic,"purchased from us research nanomaterials, inc.в ",MBC,tetragonal,Bacteria,Bacillota,Bacilli,Bacillales,Bacillaceae,Bacillus,p,urine,107.87,1.4,1,0.16,30,11,23.00188061,0.0,0.0,1.78376517,0.6014990526037645,Klebsiella pneumoniae,0.07114037861284506,0.5303586739909194,3.9948368984946545,1.1779866769830958
38,CuO,Bacillus subtilis,non-pathogenic,"purchased from us research nanomaterials, inc.в ",MBC,quasi-hexagonal,Bacteria,Bacillota,Bacilli,Bacillales,Bacillaceae,Bacillus,p,blood,79.5454,4.0,4,0.16,30,17,20.67942236,17.07,0.6865,1.651411411,2.073663017166728,Klebsiella pneumoniae,1.5437059359166527,0.5299570812500751,118.48490295332124,34.970829670742674
39,Cu,Bacillus subtilis,non-pathogenic,"purchased from us research nanomaterials, inc.в ",MBEC,quasi-hexagonal,Bacteria,Bacillota,Bacilli,Bacillales,Bacillaceae,Bacillus,p,urine,63.55,8.7,3,0.16,30,11,17.96409803,0.0,0.0,1.243163121,1.6835492238893808,Klebsiella pneumoniae,1.1553908526038867,0.528158371285494,48.25576711053797,14.301805010166516
40,TiO2,Bacillus subtilis,non-pathogenic,purchased from sigma aldrich ( citrate capped agnps),MBEC,nanoplates,Bacteria,Bacillota,Bacilli,Bacillales,Bacillaceae,Bacillus,p,blood,79.866,12.5,0,0.16,30,16,26.40611331,34.14,1.373,2.878049394,2.0555930457986538,Klebsiella pneumoniae,1.5354633757846659,0.5201296700139879,113.6561775249495,34.313370198349034
41,Ag,Bacillus subtilis,non-pathogenic,purchased from sigma aldrich ( citrate capped agnps),MBEC,cubic,Bacteria,Bacillota,Bacilli,Bacillales,Bacillaceae,Bacillus,p,mammary gland,107.87,6.0,2,0.16,30,11,23.00188061,0.0,0.0,1.78376517,2.5121173137717294,Klebsiella pneumoniae,1.9926597364792142,0.5194575772925152,325.1751234342505,98.32404490593272
42,ZnO,Bacillus subtilis,non-pathogenic,green_synthesis,MIC,rod-shaped,Bacteria,Bacillota,Bacilli,Bacillales,Bacillaceae,Bacillus,p,mammary gland,81.3794,4.7,1,0.16,30,8,22.60496136,17.07,0.6865,4.082482905,0.9257374881362382,Klebsiella pneumoniae,0.40831259202792936,0.5174248961083089,8.42825153122984,2.5604281425340916
43,Ag,Bacillus subtilis,non-pathogenic,chemical_synthesis,MIC,cubic,Bacteria,Bacillota,Bacilli,Bacillales,Bacillaceae,Bacillus,p,lungs,107.87,26.06,4,0.16,30,11,23.00188061,0.0,0.0,1.78376517,1.6456240509551086,Klebsiella pneumoniae,1.1292752889000217,0.5163487620550868,44.220540945348496,13.467137332315817
44,ZnO,Bacillus subtilis,non-pathogenic,"purchased from us research nanomaterials, inc.в ",MIC,nanoplates,Bacteria,Bacillota,Bacilli,Bacillales,Bacillaceae,Bacillus,p,mammary gland,81.3794,8.0,18,0.16,30,8,22.60496136,17.07,0.6865,4.082482905,1.6466087505222216,Klebsiella pneumoniae,1.1319668422951212,0.5146419082271003,44.32091834238405,13.550859497072583
45,Ag,Bacillus subtilis,non-pathogenic,"purchased from us research nanomaterials, inc.в ",MBC,quasi-hexagonal,Bacteria,Bacillota,Bacilli,Bacillales,Bacillaceae,Bacillus,p,mouth,107.8682,8.0,3,0.16,30,11,23.00188061,0.0,0.0,1.78376517,1.153987777024477,Klebsiella pneumoniae,0.6395646970935838,0.5144230799308933,14.255674712376647,4.360785220249076
46,Ag,Bacillus subtilis,non-pathogenic,electrochemical synthesis,MIC,hexagonal,Bacteria,Bacillota,Bacilli,Bacillales,Bacillaceae,Bacillus,p,meat,107.87,0.8,18,0.16,30,11,23.00188061,0.0,0.0,1.78376517,1.445424018292127,Klebsiella pneumoniae,0.9364178576924135,0.5090061605997135,27.88842693500812,8.638092646480107
47,Al2O3,Bacillus subtilis,non-pathogenic,green_synthesis,MBEC,nanoplates,Bacteria,Bacillota,Bacilli,Bacillales,Bacillaceae,Bacillus,p,lungs,101.961276,11.3,3,0.16,30,24,51.55776403,85.5,13.5675,4.688846487,3.1252198735760883,Klebsiella pneumoniae,2.6361357935867518,0.48908407998933656,1334.1967351493802,432.6490889993329
48,TiO2,Bacillus subtilis,non-pathogenic,purchased from sigma aldrich ( citrate capped agnps),MIC,nanoplates,Bacteria,Bacillota,Bacilli,Bacillales,Bacillaceae,Bacillus,p,mammary gland,79.866,11.3,3,0.16,30,16,26.40611331,34.14,1.373,2.878049394,2.5825608287753496,Klebsiella pneumoniae,2.1009569251958897,0.4816039035794599,382.43781545970967,126.17023884495823
49,ZnO,Bacillus subtilis,non-pathogenic,"purchased from us research nanomaterials, inc.в ",MBEC,quasi-spherical,Bacteria,Bacillota,Bacilli,Bacillales,Bacillaceae,Bacillus,p,lungs,81.3794,9.0,18,0.16,30,8,22.60496136,17.07,0.6865,4.082482905,2.2502426230307355,Klebsiella pneumoniae,1.7714230867199778,0.4788195363107577,177.92731414764233,59.07763301925361
50,ZnO,Bacillus subtilis,non-pathogenic,"purchased from us research nanomaterials, inc.в ",MBC,rod-shaped,Bacteria,Bacillota,Bacilli,Bacillales,Bacillaceae,Bacillus,p,mouth,81.3794,22.5,4,0.16,30,8,22.60496136,17.07,0.6865,4.082482905,2.3549289813586185,Klebsiella pneumoniae,1.885306254173066,0.4696227271855524,226.42740085926937,76.79028053318777
51,TiO2,Bacillus subtilis,non-pathogenic,chemical_synthesis,MBC,cubic,Bacteria,Bacillota,Bacilli,Bacillales,Bacillaceae,Bacillus,p,urine,79.866,8.7,2,0.16,30,16,26.40611331,34.14,1.373,2.878049394,3.004887066455728,Klebsiella pneumoniae,2.538130165828016,0.46675690062771213,1011.316438252251,345.24720059477465
52,Ag,Bacillus subtilis,non-pathogenic,purchased from sigma aldrich ( citrate capped agnps),MBEC,tetragonal,Bacteria,Bacillota,Bacilli,Bacillales,Bacillaceae,Bacillus,p,soil,107.87,5.1,0,0.16,30,11,23.00188061,0.0,0.0,1.78376517,0.8839082461500294,Klebsiella pneumoniae,0.5254102689638389,0.3584979771861905,7.654348755995799,3.352820235528066
53,Au,Bacillus subtilis,non-pathogenic,electrochemical synthesis,MIC,quasi-spherical,Bacteria,Bacillota,Bacilli,Bacillales,Bacillaceae,Bacillus,p,carious dentine,196.966569,55.6,2,0.16,30,11,23.00188061,0.0,0.0,2.46797672,0.4988428073382003,Klebsiella pneumoniae,0.17396075814417333,0.32488204919402697,3.153862877732053,1.4926595301850787
54,Ag,Bacillus subtilis,non-pathogenic,green_synthesis,MIC,nanoplates,Bacteria,Bacillota,Bacilli,Bacillales,Bacillaceae,Bacillus,p,mammary gland,107.87,13.5,0,0.16,30,11,23.00188061,0.0,0.0,1.78376517,2.27995989897709,Klebsiella pneumoniae,1.9833106626928845,0.2966492362842055,190.5284783431593,96.23003919684157
55,TiO2,Bacillus subtilis,non-pathogenic,"purchased from us research nanomaterials, inc.в ",MBEC,triangular,Bacteria,Bacillota,Bacilli,Bacillales,Bacillaceae,Bacillus,p,mammary gland,79.866,12.5,18,0.16,30,16,26.40611331,34.14,1.373,2.878049394,1.1738154468383115,Klebsiella pneumoniae,0.8918882882158781,0.28192715862243345,14.921601823183513,7.796295438265215
56,ZnO,Bacillus subtilis,non-pathogenic,green_synthesis,MBC,nanoplates,Bacteria,Bacillota,Bacilli,Bacillales,Bacillaceae,Bacillus,p,skin,81.3794,41.23,0,0.16,30,8,22.60496136,17.07,0.6865,4.082482905,1.3809972019999424,Klebsiella pneumoniae,1.1022050786371445,0.2787921233627979,24.043473096291777,12.653337109323932
57,Au,Bacillus subtilis,non-pathogenic,green_synthesis,MBEC,quasi-spherical,Bacteria,Bacillota,Bacilli,Bacillales,Bacillaceae,Bacillus,p,mammary gland,196.966569,38.0,2,0.16,30,11,23.00188061,0.0,0.0,2.46797672,1.097117263659233,Klebsiella pneumoniae,0.8262898190584963,0.2708274446007367,12.505966576797475,6.703317947460738
58,CuO,Bacillus subtilis,non-pathogenic,purchased from sigma aldrich ( citrate capped agnps),MBC,nanoplates,Bacteria,Bacillota,Bacilli,Bacillales,Bacillaceae,Bacillus,p,food,79.5454,55.6,2,0.16,30,17,20.67942236,17.07,0.6865,1.651411411,2.720452117086721,Klebsiella pneumoniae,2.461682451080782,0.25876966600593887,525.3540892736966,289.52258724571004
59,Ag,Bacillus subtilis,non-pathogenic,purchased from sigma aldrich ( citrate capped agnps),MBC,hexagonal,Bacteria,Bacillota,Bacilli,Bacillales,Bacillaceae,Bacillus,p,soil,107.87,10.0,0,0.16,30,11,23.00188061,0.0,0.0,1.78376517,1.9361800072319015,Klebsiella pneumoniae,1.696702660237767,0.23947734699413448,86.33363109525604,49.73964258613617
60,Ag,Bacillus subtilis,non-pathogenic,purchased from sigma aldrich ( citrate capped agnps),MIC,spherical,Bacteria,Bacillota,Bacilli,Bacillales,Bacillaceae,Bacillus,p,nose,107.87,10.4,0,0.16,30,11,23.00188061,0.0,0.0,1.78376517,1.5812858921010506,Klebsiella pneumoniae,1.3582336987928498,0.2230521933082008,38.1316758138802,22.815694801779685
61,Ag,Bacillus subtilis,non-pathogenic,chemical_synthesis,MBC,hexagonal,Bacteria,Bacillota,Bacilli,Bacillales,Bacillaceae,Bacillus,p,lungs,107.87,22.5,0,0.16,30,11,23.00188061,0.0,0.0,1.78376517,1.8890214804392562,Klebsiella pneumoniae,1.7045993874527738,0.18442209298648238,77.45001040479612,50.65232531286512
62,ZnO,Bacillus subtilis,non-pathogenic,chemical_synthesis,MBEC,triangular,Bacteria,Bacillota,Bacilli,Bacillales,Bacillaceae,Bacillus,p,urine,81.3794,8.7,0,0.16,30,8,22.60496136,17.07,0.6865,4.082482905,0.595963730625326,Klebsiella pneumoniae,0.42359181761644904,0.172371913008877,3.9442436101133733,2.652111737569561
63,Pd,Bacillus subtilis,non-pathogenic,green_synthesis,MIC,spherical,Bacteria,Bacillota,Bacilli,Bacillales,Bacillaceae,Bacillus,p,water,195.084,28.0,1,0.16,30,10,21.14774404,0.0,0.0,1.870828693,1.160233999244039,Klebsiella pneumoniae,0.9978311643075071,0.16240283493653185,14.46218788127705,9.950185201957709
64,CeO2,Bacillus subtilis,non-pathogenic,chemical_synthesis,MIC,spherical,Bacteria,Bacillota,Bacilli,Bacillales,Bacillaceae,Bacillus,p,mouth,172.115,13.0,2,0.16,30,16,39.19032095,34.14,1.373,4.456551526,2.4178937592041376,Klebsiella pneumoniae,2.2820518887676107,0.13584187043652696,261.7542604441813,191.4484650733729
65,Ag,Bacillus subtilis,non-pathogenic,purchased from sigma aldrich ( citrate capped agnps),MBEC,spheroidal,Bacteria,Bacillota,Bacilli,Bacillales,Bacillaceae,Bacillus,p,blood,107.8682,3.0,4,0.16,30,11,23.00188061,0.0,0.0,1.78376517,0.3754921566454321,Klebsiella pneumoniae,0.2667149177541748,0.10877723889125734,2.374062546798834,1.8480551090694708
66,Ag,Bacillus subtilis,non-pathogenic,"purchased from us research nanomaterials, inc.в ",MBEC,triangular,Bacteria,Bacillota,Bacilli,Bacillales,Bacillaceae,Bacillus,p,carious dentine,107.87,38.0,1,0.16,30,11,23.00188061,0.0,0.0,1.78376517,0.6937141674409715,Klebsiella pneumoniae,0.5986578007710686,0.09505636666990291,4.939854615709088,3.968787084971765
67,Ag,Bacillus subtilis,non-pathogenic,purchased from sigma aldrich ( citrate capped agnps),MIC,hexagonal,Bacteria,Bacillota,Bacilli,Bacillales,Bacillaceae,Bacillus,p,water,107.87,11.3,24,0.16,30,11,23.00188061,0.0,0.0,1.78376517,2.2137495368399875,Klebsiella pneumoniae,2.1253550683902582,0.08839446844972931,163.58728206374582,133.46121319952644
68,ZnO,Bacillus subtilis,non-pathogenic,chemical_synthesis,MBEC,quasi-spherical,Bacteria,Bacillota,Bacilli,Bacillales,Bacillaceae,Bacillus,p,soil,81.3794,41.23,0,0.16,30,8,22.60496136,17.07,0.6865,4.082482905,1.5720028246187567,Klebsiella pneumoniae,1.4943768475061447,0.07762597711261199,37.32525853946635,31.21597092238227
69,Ag,Bacillus subtilis,non-pathogenic,purchased from sigma aldrich ( citrate capped agnps),MBEC,rod-shaped,Bacteria,Bacillota,Bacilli,Bacillales,Bacillaceae,Bacillus,p,carious dentine,107.87,4.7,2,0.16,30,11,23.00188061,0.0,0.0,1.78376517,0.9002461690910754,Klebsiella pneumoniae,0.835307649379985,0.06493851971109033,7.947786076772459,6.843962943237023
70,ZnO,Bacillus subtilis,non-pathogenic,chemical_synthesis,MBEC,spherical,Bacteria,Bacillota,Bacilli,Bacillales,Bacillaceae,Bacillus,p,soil,81.3794,13.5,18,0.16,30,8,22.60496136,17.07,0.6865,4.082482905,1.9373859931918598,Klebsiella pneumoniae,1.8759787725387784,0.06140722065308135,86.5737028574063,75.15861570653279
71,Ag,Bacillus subtilis,non-pathogenic,"purchased from us research nanomaterials, inc.в ",MBEC,nanoplates,Bacteria,Bacillota,Bacilli,Bacillales,Bacillaceae,Bacillus,p,mammary gland,107.8682,28.0,24,0.16,30,11,23.00188061,0.0,0.0,1.78376517,2.5640947747895235,Klebsiella pneumoniae,2.510351009130182,0.05374376565934158,366.51754995293516,323.8553002297257
72,Ag,Bacillus subtilis,non-pathogenic,electrochemical synthesis,MBEC,tetragonal,Bacteria,Bacillota,Bacilli,Bacillales,Bacillaceae,Bacillus,p,lungs,107.8682,25.0,0,0.16,30,11,23.00188061,0.0,0.0,1.78376517,0.8427131712117234,Klebsiella pneumoniae,0.8289964538990634,0.013716717312659998,6.961665806349692,6.7452252006472575
73,TiO2,Bacillus subtilis,non-pathogenic,chemical_synthesis,MIC,rod-shaped,Bacteria,Bacillota,Bacilli,Bacillales,Bacillaceae,Bacillus,p,soil,79.866,20.0,3,0.16,30,16,26.40611331,34.14,1.373,2.878049394,2.3336917040915166,Klebsiella pneumoniae,2.3387687229589513,-0.005077018867434724,215.6213218352991,218.15678410721824
74,ZnO,Bacillus subtilis,non-pathogenic,chemical_synthesis,MBEC,triangular,Bacteria,Bacillota,Bacilli,Bacillales,Bacillaceae,Bacillus,p,meat,81.3794,17.5,2,0.16,30,8,22.60496136,17.07,0.6865,4.082482905,0.39359130735820935,Klebsiella pneumoniae,0.4020919306050794,-0.008500623246870065,2.47509177726172,2.5240149944861443
75,Ag,Bacillus subtilis,non-pathogenic,purchased from sigma aldrich ( citrate capped agnps),MBEC,nanoplates,Bacteria,Bacillota,Bacilli,Bacillales,Bacillaceae,Bacillus,p,water,107.87,50.0,4,0.16,30,11,23.00188061,0.0,0.0,1.78376517,2.149485992787442,Klebsiella pneumoniae,2.183262053626848,-0.033776060839405986,141.0866731323404,152.4972645913582
76,ZnO,Bacillus subtilis,non-pathogenic,purchased from sigma aldrich ( citrate capped agnps),MBC,triangular,Bacteria,Bacillota,Bacilli,Bacillales,Bacillaceae,Bacillus,p,respiratory tract,81.3794,35.0,1,0.16,30,8,22.60496136,17.07,0.6865,4.082482905,0.6789795170421253,Klebsiella pneumoniae,0.7517585398661071,-0.07277902282398174,4.775067521158613,5.64622967037465
77,CuO,Bacillus subtilis,non-pathogenic,electrochemical synthesis,MIC,tetragonal,Bacteria,Bacillota,Bacilli,Bacillales,Bacillaceae,Bacillus,p,urine,79.5454,27.43,2,0.16,30,17,20.67942236,17.07,0.6865,1.651411411,1.053767294233106,Klebsiella pneumoniae,1.1562266171660514,-0.10245932293294535,11.317937575352548,14.329354175344996
78,Ag,Bacillus subtilis,non-pathogenic,chemical_synthesis,MBEC,nanoplates,Bacteria,Bacillota,Bacilli,Bacillales,Bacillaceae,Bacillus,p,carious dentine,107.87,22.5,24,0.16,30,11,23.00188061,0.0,0.0,1.78376517,1.5384220796024541,Klebsiella pneumoniae,1.6542658580068454,-0.1158437784043913,34.5479338685398,45.109276129033056
79,CuO,Bacillus subtilis,non-pathogenic,green_synthesis,MIC,tetragonal,Bacteria,Bacillota,Bacilli,Bacillales,Bacillaceae,Bacillus,p,water,79.5454,60.0,3,0.16,30,17,20.67942236,17.07,0.6865,1.651411411,0.7143601183313948,Klebsiella pneumoniae,0.8590489411725519,-0.14468882284115714,5.180362111376962,7.228512579985462
80,Ag2O,Bacillus subtilis,non-pathogenic,green_synthesis,MBC,tetragonal,Bacteria,Bacillota,Bacilli,Bacillales,Bacillaceae,Bacillus,p,respiratory tract,231.7358,55.6,1,0.16,30,28,46.55109718,17.07,0.6865,3.975778631,1.0896498068308986,Klebsiella pneumoniae,1.2466611785621489,-0.15701137173125024,12.292771439696867,17.646605567672815
81,Ag,Bacillus subtilis,non-pathogenic,chemical_synthesis,MBC,spherical,Bacteria,Bacillota,Bacilli,Bacillales,Bacillaceae,Bacillus,p,soil,107.8682,25.0,0,0.16,30,11,23.00188061,0.0,0.0,1.78376517,1.6917032830541328,Klebsiella pneumoniae,1.8524671140515747,-0.16076383099744196,49.170348120194845,71.19788849982541
82,ZnO,Bacillus subtilis,non-pathogenic,chemical_synthesis,MIC,tetragonal,Bacteria,Bacillota,Bacilli,Bacillales,Bacillaceae,Bacillus,p,blood,81.3794,12.5,3,0.16,30,8,22.60496136,17.07,0.6865,4.082482905,-0.17473413686916928,Klebsiella pneumoniae,0.036832466264984154,-0.21156660313415343,0.6687531845815672,1.0885101079313981
83,Ag,Bacillus subtilis,non-pathogenic,purchased from sigma aldrich ( citrate capped agnps),MBC,spherical,Bacteria,Bacillota,Bacilli,Bacillales,Bacillaceae,Bacillus,p,mouth,107.87,27.43,18,0.16,30,11,23.00188061,0.0,0.0,1.78376517,1.5415384352567496,Klebsiella pneumoniae,1.7668987562000045,-0.22536032094325487,34.796730154894405,58.465377232806574
84,ZnO,Bacillus subtilis,non-pathogenic,purchased from sigma aldrich ( citrate capped agnps),MIC,rod-shaped,Bacteria,Bacillota,Bacilli,Bacillales,Bacillaceae,Bacillus,p,nose,81.3794,40.0,24,0.16,30,8,22.60496136,17.07,0.6865,4.082482905,1.426139167894097,Klebsiella pneumoniae,1.760674420218222,-0.3345352523241252,26.677133854339974,57.63342379406634
