,np,bacteria,bac_type,np_synthesis,method,shape,kingdom,phylum,class,order,family,genus,gram,isolated_from,mol_weight (g/mol),np_size_avg (nm),time_set,"min_Incub_period, h","growth_temp, C",Valance_electron,labuteASA,tpsa,CrippenMR,chi0v,pred_MIC_norm,pathogenic_bacteria,pred_MIC_pathogen,Fitness,pred_norm_MIC_original,pred_path_MIC_original
0,Pd,Bacillus subtilis,non-pathogenic,chemical_synthesis,MIC,hexagonal,Bacteria,Bacillota,Bacilli,Bacillales,Bacillaceae,Bacillus,p,mouth,195.084,0.8,4,0.16,30,10,21.14774404,0.0,0.0,1.870828693,0.8987060162193384,Klebsiella pneumoniae,0.01774804109793271,0.8809579751214057,7.919650498938463,1.041712897215117
1,ZnO,Bacillus subtilis,non-pathogenic,"purchased from us research nanomaterials, inc.в ",MBC,cubic,Bacteria,Bacillota,Bacilli,Bacillales,Bacillaceae,Bacillus,p,mouth,81.3794,1.9,4,0.16,30,8,22.60496136,17.07,0.6865,4.082482905,1.7486495314812616,Klebsiella pneumoniae,0.8966430720445233,0.8520064594367383,56.05954021588033,7.882120537614927
2,ZnO,Bacillus subtilis,non-pathogenic,"purchased from us research nanomaterials, inc.в ",MBC,nanoplates,Bacteria,Bacillota,Bacilli,Bacillales,Bacillaceae,Bacillus,p,blood,81.3794,13.0,4,0.16,30,8,22.60496136,17.07,0.6865,4.082482905,1.3480995075947302,Klebsiella pneumoniae,0.6561697795351269,0.6919297280596033,22.289457973136617,4.530746665939872
3,Ni,Bacillus subtilis,non-pathogenic,green_synthesis,MBC,triangular,Bacteria,Bacillota,Bacilli,Bacillales,Bacillaceae,Bacillus,p,urine,58.6934,5.1,18,0.16,30,10,17.41523038,0.0,0.0,1.303840481,2.00371841809561,Klebsiella pneumoniae,1.5851586221453553,0.4185597959502545,100.85987326101564,38.47322763831241
4,Ag,Bacillus subtilis,non-pathogenic,"purchased from us research nanomaterials, inc.в ",MBEC,hexagonal,Bacteria,Bacillota,Bacilli,Bacillales,Bacillaceae,Bacillus,p,meat,107.8682,17.5,0,0.16,30,11,23.00188061,0.0,0.0,1.78376517,2.353458258110608,Klebsiella pneumoniae,1.9407427719812878,0.4127154861293201,225.6619091816962,87.24544697907922
5,Al2O3,Bacillus subtilis,non-pathogenic,green_synthesis,MIC,hexagonal,Bacteria,Bacillota,Bacilli,Bacillales,Bacillaceae,Bacillus,p,skin,101.961276,5.1,4,0.16,30,24,51.55776403,85.5,13.5675,4.688846487,2.655860607745568,Klebsiella pneumoniae,2.2491783507451744,0.40668225700039384,452.7522400774089,177.49182329500556
6,ZnO,Bacillus subtilis,non-pathogenic,"purchased from us research nanomaterials, inc.в ",MBEC,quasi-spherical,Bacteria,Bacillota,Bacilli,Bacillales,Bacillaceae,Bacillus,p,meat,81.3794,4.7,24,0.16,30,8,22.60496136,17.07,0.6865,4.082482905,2.7549389374194195,Klebsiella pneumoniae,2.455644125254783,0.2992948121646366,568.7729547273027,285.5249901703439
7,Ag,Bacillus subtilis,non-pathogenic,green_synthesis,MBC,hexagonal,Bacteria,Bacillota,Bacilli,Bacillales,Bacillaceae,Bacillus,p,water,107.8682,10.0,3,0.16,30,11,23.00188061,0.0,0.0,1.78376517,2.1070176142377504,Klebsiella pneumoniae,1.8589822906792772,0.24803532355847313,127.9433194716597,72.27403316612909
8,Au,Bacillus subtilis,non-pathogenic,"purchased from us research nanomaterials, inc.в ",MBC,hexagonal,Bacteria,Bacillota,Bacilli,Bacillales,Bacillaceae,Bacillus,p,mouth,196.966569,1.9,18,0.16,30,11,23.00188061,0.0,0.0,2.46797672,1.2034016188939276,Klebsiella pneumoniae,1.069633581339395,0.1337680375545327,15.973556377108533,11.739067000082214
9,Ag,Bacillus subtilis,non-pathogenic,purchased from sigma aldrich ( citrate capped agnps),MBC,quasi-spherical,Bacteria,Bacillota,Bacilli,Bacillales,Bacillaceae,Bacillus,p,carious dentine,107.87,18.5,0,0.16,30,11,23.00188061,0.0,0.0,1.78376517,1.2306859689770802,Klebsiella pneumoniae,1.1942246298284167,0.03646133914866345,17.009281511342152,15.639563575206125
