,np,bacteria,bac_type,np_synthesis,method,shape,kingdom,phylum,class,order,family,genus,gram,isolated_from,mol_weight (g/mol),np_size_avg (nm),time_set,"min_Incub_period, h","growth_temp, C",Valance_electron,labuteASA,tpsa,CrippenMR,chi0v,pred_MIC_norm,pathogenic_bacteria,pred_MIC_pathogen,Fitness,pred_norm_MIC_original,pred_path_MIC_original
0,ZnO,Bacillus subtilis,non-pathogenic,"purchased from us research nanomaterials, inc.в ",MBC,hexagonal,Bacteria,Bacillota,Bacilli,Bacillales,Bacillaceae,Bacillus,p,mammary gland,81.3794,8.7,4,0.16,30,8,22.60496136,17.07,0.6865,4.082482905,2.294923474254386,Klebsiella pneumoniae,1.322877529587026,0.9720459446673597,197.20752119597617,21.031852609444467
1,Ag,Bacillus subtilis,non-pathogenic,"purchased from us research nanomaterials, inc.в ",MIC,nanoplates,Bacteria,Bacillota,Bacilli,Bacillales,Bacillaceae,Bacillus,p,lungs,107.87,1.9,1,0.16,30,11,23.00188061,0.0,0.0,1.78376517,1.8178155047153548,Klebsiella pneumoniae,0.849447510946105,0.9683679937692498,65.73785130579112,7.070457416060153
2,CeO2,Bacillus subtilis,non-pathogenic,electrochemical synthesis,MIC,quasi-spherical,Bacteria,Bacillota,Bacilli,Bacillales,Bacillaceae,Bacillus,p,respiratory tract,172.115,1.9,3,0.16,30,16,39.19032095,34.14,1.373,4.456551526,2.41628657018375,Klebsiella pneumoniae,1.568982119908755,0.8473044502749949,260.7873793729839,37.06654610114369
3,TiO2,Bacillus subtilis,non-pathogenic,electrochemical synthesis,MBC,nanoplates,Bacteria,Bacillota,Bacilli,Bacillales,Bacillaceae,Bacillus,p,blood,79.866,11.3,4,0.16,30,16,26.40611331,34.14,1.373,2.878049394,2.196855713778099,Klebsiella pneumoniae,1.374342473262367,0.822513240515732,157.34600249438353,23.677861356553695
4,ZnO,Bacillus subtilis,non-pathogenic,electrochemical synthesis,MIC,hexagonal,Bacteria,Bacillota,Bacilli,Bacillales,Bacillaceae,Bacillus,p,lungs,81.3794,4.7,4,0.16,30,8,22.60496136,17.07,0.6865,4.082482905,1.626081560177283,Klebsiella pneumoniae,0.8035736310195191,0.8225079291577638,42.27479985676044,6.3617065314095305
5,Ag,Bacillus subtilis,non-pathogenic,"purchased from us research nanomaterials, inc.в ",MIC,spheroidal,Bacteria,Bacillota,Bacilli,Bacillales,Bacillaceae,Bacillus,p,mouth,107.87,5.1,18,0.16,30,11,23.00188061,0.0,0.0,1.78376517,1.6308399862008354,Klebsiella pneumoniae,0.8083707931381949,0.8224691930626404,42.74053815955299,6.432366673140413
6,TiO2,Bacillus subtilis,non-pathogenic,"purchased from us research nanomaterials, inc.в ",MIC,hexagonal,Bacteria,Bacillota,Bacilli,Bacillales,Bacillaceae,Bacillus,p,mouth,79.866,1.4,0,0.16,30,16,26.40611331,34.14,1.373,2.878049394,2.3944270474733274,Klebsiella pneumoniae,1.5791708695140574,0.81525617795927,247.98593374191978,37.94642526288514
7,ZnO,Bacillus subtilis,non-pathogenic,purchased from sigma aldrich ( citrate capped agnps),MBC,nanoplates,Bacteria,Bacillota,Bacilli,Bacillales,Bacillaceae,Bacillus,p,food,81.3794,5.1,0,0.16,30,8,22.60496136,17.07,0.6865,4.082482905,2.4087769123793423,Klebsiella pneumoniae,1.597932525956374,0.8108443864229684,256.31670551788767,39.62164714092956
8,TiO2,Bacillus subtilis,non-pathogenic,purchased from sigma aldrich ( citrate capped agnps),MBC,hexagonal,Bacteria,Bacillota,Bacilli,Bacillales,Bacillaceae,Bacillus,p,lungs,79.866,10.4,1,0.16,30,16,26.40611331,34.14,1.373,2.878049394,3.2254110136788015,Klebsiella pneumoniae,2.4594585556023483,0.7659524580764532,1680.3935801791592,288.04381585993775
9,Ag,Bacillus subtilis,non-pathogenic,purchased from sigma aldrich ( citrate capped agnps),MIC,hexagonal,Bacteria,Bacillota,Bacilli,Bacillales,Bacillaceae,Bacillus,p,mammary gland,107.87,1.4,2,0.16,30,11,23.00188061,0.0,0.0,1.78376517,1.7734185288694275,Klebsiella pneumoniae,1.0077626893420872,0.7656558395273403,59.34970011461446,10.180349532557344
10,CuO,Bacillus subtilis,non-pathogenic,"purchased from us research nanomaterials, inc.в ",MBEC,quasi-hexagonal,Bacteria,Bacillota,Bacilli,Bacillales,Bacillaceae,Bacillus,p,nose,79.5454,5.1,4,0.16,30,17,20.67942236,17.07,0.6865,1.651411411,2.9485018947472112,Klebsiella pneumoniae,2.1978733649254996,0.7506285298217117,888.1818512853938,157.7151324190109
11,ZnO,Bacillus subtilis,non-pathogenic,electrochemical synthesis,MBC,hexagonal,Bacteria,Bacillota,Bacilli,Bacillales,Bacillaceae,Bacillus,p,soil,81.3794,4.7,2,0.16,30,8,22.60496136,17.07,0.6865,4.082482905,1.915007021826614,Klebsiella pneumoniae,1.1708831369083594,0.7441238849182545,82.22559443641973,14.821192121548133
12,Ag,Bacillus subtilis,non-pathogenic,purchased from sigma aldrich ( citrate capped agnps),MIC,spherical,Bacteria,Bacillota,Bacilli,Bacillales,Bacillaceae,Bacillus,p,water,107.87,0.8,3,0.16,30,11,23.00188061,0.0,0.0,1.78376517,1.2824957604998881,Klebsiella pneumoniae,0.544751215990104,0.7377445445097841,19.16442354698393,3.5055100456006247
13,TiO2,Bacillus subtilis,non-pathogenic,purchased from sigma aldrich ( citrate capped agnps),MBC,cubic,Bacteria,Bacillota,Bacilli,Bacillales,Bacillaceae,Bacillus,p,carious dentine,79.866,11.3,3,0.16,30,16,26.40611331,34.14,1.373,2.878049394,2.7474229632340963,Klebsiella pneumoniae,2.0376358183485497,0.7097871448855466,559.0143587351372,109.05254827009269
14,ZnO,Bacillus subtilis,non-pathogenic,green_synthesis,MBEC,nanoplates,Bacteria,Bacillota,Bacilli,Bacillales,Bacillaceae,Bacillus,p,food,81.3794,10.0,0,0.16,30,8,22.60496136,17.07,0.6865,4.082482905,2.607608943909373,Klebsiella pneumoniae,1.9401590169241407,0.6674499269852321,405.1435637154374,87.12825516640756
15,Ag,Bacillus subtilis,non-pathogenic,green_synthesis,MIC,nanoplates,Bacteria,Bacillota,Bacilli,Bacillales,Bacillaceae,Bacillus,p,meat,107.87,1.9,1,0.16,30,11,23.00188061,0.0,0.0,1.78376517,1.87366088060176,Klebsiella pneumoniae,1.2183448483873027,0.6553160322144573,74.75855194365124,16.532740474500446
16,TiO2,Bacillus subtilis,non-pathogenic,electrochemical synthesis,MBEC,rod-shaped,Bacteria,Bacillota,Bacilli,Bacillales,Bacillaceae,Bacillus,p,water,79.866,1.4,2,0.16,30,16,26.40611331,34.14,1.373,2.878049394,2.595370096924652,Klebsiella pneumoniae,1.942025320306379,0.6533447766182727,393.8855937665636,87.50347901586389
17,CuO,Bacillus subtilis,non-pathogenic,"purchased from us research nanomaterials, inc.в ",MBC,nanoplates,Bacteria,Bacillota,Bacilli,Bacillales,Bacillaceae,Bacillus,p,skin,79.5454,13.0,4,0.16,30,17,20.67942236,17.07,0.6865,1.651411411,3.1422989767377536,Klebsiella pneumoniae,2.4895867729396484,0.6527122037981052,1387.710827141065,308.7356444293951
18,ZnO,Bacillus subtilis,non-pathogenic,purchased from sigma aldrich ( citrate capped agnps),MIC,quasi-hexagonal,Bacteria,Bacillota,Bacilli,Bacillales,Bacillaceae,Bacillus,p,carious dentine,81.3794,0.8,2,0.16,30,8,22.60496136,17.07,0.6865,4.082482905,0.5301796989889829,Klebsiella pneumoniae,-0.10747309583087672,0.6376527948198596,3.389843894459599,0.7807768070905109
19,TiO2,Bacillus subtilis,non-pathogenic,green_synthesis,MIC,hexagonal,Bacteria,Bacillota,Bacilli,Bacillales,Bacillaceae,Bacillus,p,lungs,79.866,5.1,18,0.16,30,16,26.40611331,34.14,1.373,2.878049394,2.694033250239154,Klebsiella pneumoniae,2.0914722685498455,0.6025609816893085,494.3485336057544,123.444648827865
20,Ag,Bacillus subtilis,non-pathogenic,"purchased from us research nanomaterials, inc.в ",MBC,spheroidal,Bacteria,Bacillota,Bacilli,Bacillales,Bacillaceae,Bacillus,p,meat,107.8682,18.5,18,0.16,30,11,23.00188061,0.0,0.0,1.78376517,1.8874503740953623,Klebsiella pneumoniae,1.368682459641705,0.5187679144536572,77.17033296523022,23.37127790800181
21,ZnO,Bacillus subtilis,non-pathogenic,green_synthesis,MBC,quasi-spherical,Bacteria,Bacillota,Bacilli,Bacillales,Bacillaceae,Bacillus,p,respiratory tract,81.3794,28.0,0,0.16,30,8,22.60496136,17.07,0.6865,4.082482905,1.9010229357334243,Klebsiella pneumoniae,1.40730561094634,0.4937173247870843,79.62013978795265,25.544982585191608
22,ZnO,Bacillus subtilis,non-pathogenic,"purchased from us research nanomaterials, inc.в ",MBC,cubic,Bacteria,Bacillota,Bacilli,Bacillales,Bacillaceae,Bacillus,p,water,81.3794,30.0,4,0.16,30,8,22.60496136,17.07,0.6865,4.082482905,2.110669410391104,Klebsiella pneumoniae,1.6264905012316795,0.4841789091594244,129.02367576777812,42.314625467801484
23,Ag,Bacillus subtilis,non-pathogenic,electrochemical synthesis,MIC,quasi-spherical,Bacteria,Bacillota,Bacilli,Bacillales,Bacillaceae,Bacillus,p,urine,107.87,8.7,3,0.16,30,11,23.00188061,0.0,0.0,1.78376517,1.6939029106283432,Klebsiella pneumoniae,1.2436655299046437,0.45023738072369945,49.42001929513266,17.525302780433844
24,TiO2,Bacillus subtilis,non-pathogenic,electrochemical synthesis,MBEC,nanoplates,Bacteria,Bacillota,Bacilli,Bacillales,Bacillaceae,Bacillus,p,food,79.866,55.6,0,0.16,30,16,26.40611331,34.14,1.373,2.878049394,2.5289114794345227,Klebsiella pneumoniae,2.138490155931621,0.3904213235029017,337.9959367792007,137.5593629609221
25,ZnO,Bacillus subtilis,non-pathogenic,electrochemical synthesis,MBC,quasi-spherical,Bacteria,Bacillota,Bacilli,Bacillales,Bacillaceae,Bacillus,p,carious dentine,81.3794,38.0,4,0.16,30,8,22.60496136,17.07,0.6865,4.082482905,0.4595244474624274,Klebsiella pneumoniae,0.10889681660253858,0.3506276308598888,2.8808752164827642,1.28498132681936
26,CeO2,Bacillus subtilis,non-pathogenic,green_synthesis,MBEC,cubic,Bacteria,Bacillota,Bacilli,Bacillales,Bacillaceae,Bacillus,p,lungs,172.115,30.0,4,0.16,30,16,39.19032095,34.14,1.373,4.456551526,2.7645840245153055,Klebsiella pneumoniae,2.4504582464457743,0.31412577806953124,581.5459352084757,282.1358321526236
27,Ag,Bacillus subtilis,non-pathogenic,purchased from sigma aldrich ( citrate capped agnps),MIC,rod-shaped,Bacteria,Bacillota,Bacilli,Bacillales,Bacillaceae,Bacillus,p,urine,107.87,12.0,1,0.16,30,11,23.00188061,0.0,0.0,1.78376517,1.3996783387216345,Klebsiella pneumoniae,1.090182187842312,0.3094961508793226,25.100266854311677,12.307849805328352
28,ZnO,Bacillus subtilis,non-pathogenic,"purchased from us research nanomaterials, inc.в ",MBEC,triangular,Bacteria,Bacillota,Bacilli,Bacillales,Bacillaceae,Bacillus,p,skin,81.3794,10.0,1,0.16,30,8,22.60496136,17.07,0.6865,4.082482905,0.7363478033850495,Klebsiella pneumoniae,0.4412095419879585,0.295138261397091,5.449388907549601,2.76191012399673
29,Ag,Bacillus subtilis,non-pathogenic,chemical_synthesis,MBEC,triangular,Bacteria,Bacillota,Bacilli,Bacillales,Bacillaceae,Bacillus,p,nose,107.87,8.0,2,0.16,30,11,23.00188061,0.0,0.0,1.78376517,0.14105660713837231,Klebsiella pneumoniae,-0.06540759643247762,0.20646420357084994,1.3837467285759137,0.8601860666951856
30,Ag,Bacillus subtilis,non-pathogenic,"purchased from us research nanomaterials, inc.в ",MBC,quasi-spherical,Bacteria,Bacillota,Bacilli,Bacillales,Bacillaceae,Bacillus,p,respiratory tract,107.87,45.26,1,0.16,30,11,23.00188061,0.0,0.0,1.78376517,1.4059839363952287,Klebsiella pneumoniae,1.2089853099700836,0.1969986264251451,25.467360526361542,16.180253069403964
31,Au,Bacillus subtilis,non-pathogenic,"purchased from us research nanomaterials, inc.в ",MBEC,triangular,Bacteria,Bacillota,Bacilli,Bacillales,Bacillaceae,Bacillus,p,meat,196.966569,6.0,24,0.16,30,11,23.00188061,0.0,0.0,2.46797672,0.7956786382588628,Klebsiella pneumoniae,0.6231801272833601,0.17249851097550262,6.247102593806827,4.199331186639593
32,Ag,Bacillus subtilis,non-pathogenic,electrochemical synthesis,MBC,triangular,Bacteria,Bacillota,Bacilli,Bacillales,Bacillaceae,Bacillus,p,soil,107.87,4.7,4,0.16,30,11,23.00188061,0.0,0.0,1.78376517,0.3508900710229197,Klebsiella pneumoniae,0.20139542299724367,0.14949464802567602,2.2433140224183172,1.5899937712802843
33,ZnO,Bacillus subtilis,non-pathogenic,electrochemical synthesis,MBC,triangular,Bacteria,Bacillota,Bacilli,Bacillales,Bacillaceae,Bacillus,p,food,81.3794,20.0,2,0.16,30,8,22.60496136,17.07,0.6865,4.082482905,0.7360728056319006,Klebsiella pneumoniae,0.6462605515870956,0.08981225404480497,5.44593941551896,4.428539794711042
34,Ag,Bacillus subtilis,non-pathogenic,purchased from sigma aldrich ( citrate capped agnps),MBEC,triangular,Bacteria,Bacillota,Bacilli,Bacillales,Bacillaceae,Bacillus,p,urine,107.87,27.43,4,0.16,30,11,23.00188061,0.0,0.0,1.78376517,0.0272814924224678,Klebsiella pneumoniae,-0.03305734986545983,0.06033884228792763,1.0648329770129565,0.926707440852051
35,Au,Bacillus subtilis,non-pathogenic,"purchased from us research nanomaterials, inc.в ",MBEC,nanoplates,Bacteria,Bacillota,Bacilli,Bacillales,Bacillaceae,Bacillus,p,carious dentine,196.966569,25.0,18,0.16,30,11,23.00188061,0.0,0.0,2.46797672,2.0088600346219865,Klebsiella pneumoniae,2.1424535589182163,-0.13359352429622984,102.0610506106661,138.8204854940481
