,np,bacteria,bac_type,np_synthesis,method,shape,kingdom,phylum,class,order,family,genus,gram,isolated_from,mol_weight (g/mol),np_size_avg (nm),time_set,"min_Incub_period, h","growth_temp, C",Valance_electron,labuteASA,tpsa,CrippenMR,chi0v,pred_MIC_norm,pathogenic_bacteria,pred_MIC_pathogen,Fitness,pred_norm_MIC_original,pred_path_MIC_original
0,ZnO,Bacillus subtilis,non-pathogenic,"purchased from us research nanomaterials, inc.в ",MIC,cubic,Bacteria,Bacillota,Bacilli,Bacillales,Bacillaceae,Bacillus,p,water,81.3794,1.9,3,0.16,30,8,22.60496136,17.07,0.6865,4.082482905,1.6372486083720257,Klebsiella pneumoniae,0.6390853272500518,0.9981632811219738,43.37591092341386,4.355974485268537
1,CuO,Bacillus subtilis,non-pathogenic,"purchased from us research nanomaterials, inc.в ",MIC,quasi-spherical,Bacteria,Bacillota,Bacilli,Bacillales,Bacillaceae,Bacillus,p,urine,79.5454,1.4,4,0.16,30,17,20.67942236,17.07,0.6865,1.651411411,2.3511793104235643,Klebsiella pneumoniae,1.4977964286790666,0.8533828817444977,224.48085634415898,31.462731834006508
2,ZnO,Bacillus subtilis,non-pathogenic,"purchased from us research nanomaterials, inc.в ",MBEC,hexagonal,Bacteria,Bacillota,Bacilli,Bacillales,Bacillaceae,Bacillus,p,food,81.3794,12.0,3,0.16,30,8,22.60496136,17.07,0.6865,4.082482905,2.415297644611667,Klebsiella pneumoniae,1.657852311277936,0.757445333333731,260.19421986380405,45.48333605542277
3,Ag,Bacillus subtilis,non-pathogenic,"purchased from us research nanomaterials, inc.в ",MIC,triangular,Bacteria,Bacillota,Bacilli,Bacillales,Bacillaceae,Bacillus,p,water,107.87,0.8,4,0.16,30,11,23.00188061,0.0,0.0,1.78376517,-0.053366985586091875,Klebsiella pneumoniae,-0.7822027188113054,0.7288357332252136,0.8843679893059064,0.16511908798772856
4,ZnO,Bacillus subtilis,non-pathogenic,"purchased from us research nanomaterials, inc.в ",MBC,spherical,Bacteria,Bacillota,Bacilli,Bacillales,Bacillaceae,Bacillus,p,respiratory tract,81.3794,1.9,0,0.16,30,8,22.60496136,17.07,0.6865,4.082482905,1.8463076843240136,Klebsiella pneumoniae,1.150137656730729,0.6961700275932845,70.19524340726437,14.129853424375826
5,TiO2,Bacillus subtilis,non-pathogenic,purchased from sigma aldrich ( citrate capped agnps),MBEC,cubic,Bacteria,Bacillota,Bacilli,Bacillales,Bacillaceae,Bacillus,p,blood,79.866,8.7,2,0.16,30,16,26.40611331,34.14,1.373,2.878049394,2.1514951324403806,Klebsiella pneumoniae,1.48134128762239,0.6701538448179907,141.7408825077882,30.292930441076802
6,ZnO,Bacillus subtilis,non-pathogenic,"purchased from us research nanomaterials, inc.в ",MBEC,nanoplates,Bacteria,Bacillota,Bacilli,Bacillales,Bacillaceae,Bacillus,p,carious dentine,81.3794,1.9,2,0.16,30,8,22.60496136,17.07,0.6865,4.082482905,1.657683829481209,Klebsiella pneumoniae,1.0116947761598925,0.6459890533213166,45.46569450513173,10.272940581258899
7,ZnO,Bacillus subtilis,non-pathogenic,"purchased from us research nanomaterials, inc.в ",MBEC,rod-shaped,Bacteria,Bacillota,Bacilli,Bacillales,Bacillaceae,Bacillus,p,meat,81.3794,8.7,0,0.16,30,8,22.60496136,17.07,0.6865,4.082482905,2.206932907893974,Klebsiella pneumoniae,1.578564926119042,0.6283679817749319,161.0396833349801,37.893517953294364
8,Ag,Bacillus subtilis,non-pathogenic,"purchased from us research nanomaterials, inc.в ",MIC,spheroidal,Bacteria,Bacillota,Bacilli,Bacillales,Bacillaceae,Bacillus,p,soil,107.87,8.7,24,0.16,30,11,23.00188061,0.0,0.0,1.78376517,1.6693384567614633,Klebsiella pneumoniae,1.0726095965110942,0.5967288602503691,46.70232016153741,11.81978553455675
9,Ag,Bacillus subtilis,non-pathogenic,chemical_synthesis,MIC,nanoplates,Bacteria,Bacillota,Bacilli,Bacillales,Bacillaceae,Bacillus,p,lungs,107.87,4.7,3,0.16,30,11,23.00188061,0.0,0.0,1.78376517,1.5560643626596442,Klebsiella pneumoniae,0.9603248799745715,0.5957394826850727,35.980265413817044,9.12693336881706
10,CeO2,Bacillus subtilis,non-pathogenic,purchased from sigma aldrich ( citrate capped agnps),MIC,triangular,Bacteria,Bacillota,Bacilli,Bacillales,Bacillaceae,Bacillus,p,urine,172.115,1.4,0,0.16,30,16,39.19032095,34.14,1.373,4.456551526,0.7272718150217685,Klebsiella pneumoniae,0.13669486160700273,0.5905769534147658,5.336688021292115,1.3699189131753915
11,Ag,Bacillus subtilis,non-pathogenic,green_synthesis,MIC,spherical,Bacteria,Bacillota,Bacilli,Bacillales,Bacillaceae,Bacillus,p,soil,107.87,4.0,2,0.16,30,11,23.00188061,0.0,0.0,1.78376517,1.4151232823656328,Klebsiella pneumoniae,0.8395619351872987,0.5755613471783341,26.008977703890395,6.911334856416487
12,ZnO,Bacillus subtilis,non-pathogenic,purchased from sigma aldrich ( citrate capped agnps),MBEC,quasi-spherical,Bacteria,Bacillota,Bacilli,Bacillales,Bacillaceae,Bacillus,p,lungs,81.3794,4.7,3,0.16,30,8,22.60496136,17.07,0.6865,4.082482905,1.9272969228901717,Klebsiella pneumoniae,1.3634768375049269,0.5638200853852449,84.5856951640827,23.092812933134287
13,TiO2,Bacillus subtilis,non-pathogenic,"purchased from us research nanomaterials, inc.в ",MBC,tetragonal,Bacteria,Bacillota,Bacilli,Bacillales,Bacillaceae,Bacillus,p,respiratory tract,79.866,10.0,18,0.16,30,16,26.40611331,34.14,1.373,2.878049394,2.1939865625042687,Klebsiella pneumoniae,1.6599679571846693,0.5340186053195994,156.30992780733632,45.70544662940449
14,Ag,Bacillus subtilis,non-pathogenic,chemical_synthesis,MIC,cubic,Bacteria,Bacillota,Bacilli,Bacillales,Bacillaceae,Bacillus,p,lungs,107.87,26.06,4,0.16,30,11,23.00188061,0.0,0.0,1.78376517,1.6456240509551086,Klebsiella pneumoniae,1.1292752889000217,0.5163487620550868,44.220540945348496,13.467137332315817
15,ZnO,Bacillus subtilis,non-pathogenic,chemical_synthesis,MBC,spherical,Bacteria,Bacillota,Bacilli,Bacillales,Bacillaceae,Bacillus,p,soil,81.3794,8.7,4,0.16,30,8,22.60496136,17.07,0.6865,4.082482905,1.7221513806444841,Klebsiella pneumoniae,1.241720392544726,0.48043098809975815,52.741366828920604,17.446985195222464
16,ZnO,Bacillus subtilis,non-pathogenic,chemical_synthesis,MBEC,cubic,Bacteria,Bacillota,Bacilli,Bacillales,Bacillaceae,Bacillus,p,meat,81.3794,1.9,4,0.16,30,8,22.60496136,17.07,0.6865,4.082482905,1.9149684584259625,Klebsiella pneumoniae,1.4353207729663195,0.479647685459643,82.21829349685551,27.247130573150454
17,TiO2,Bacillus subtilis,non-pathogenic,green_synthesis,MBEC,rod-shaped,Bacteria,Bacillota,Bacilli,Bacillales,Bacillaceae,Bacillus,p,mouth,79.866,10.4,2,0.16,30,16,26.40611331,34.14,1.373,2.878049394,2.8345116086561344,Klebsiella pneumoniae,2.362062538306287,0.4724490703498474,683.1429780914187,230.1773248367439
18,ZnO,Bacillus subtilis,non-pathogenic,chemical_synthesis,MBEC,spheroidal,Bacteria,Bacillota,Bacilli,Bacillales,Bacillaceae,Bacillus,p,mouth,81.3794,10.4,18,0.16,30,8,22.60496136,17.07,0.6865,4.082482905,2.2000907441095143,Klebsiella pneumoniae,1.7295878717024529,0.47050287240706146,158.52243842071417,53.65224161511103
19,TiO2,Bacillus subtilis,non-pathogenic,electrochemical synthesis,MBEC,triangular,Bacteria,Bacillota,Bacilli,Bacillales,Bacillaceae,Bacillus,p,water,79.866,12.0,18,0.16,30,16,26.40611331,34.14,1.373,2.878049394,1.2523878046946648,Klebsiella pneumoniae,0.7911789599846151,0.46120884471004975,17.880835372973003,6.182711190002635
20,CeO2,Bacillus subtilis,non-pathogenic,electrochemical synthesis,MIC,rod-shaped,Bacteria,Bacillota,Bacilli,Bacillales,Bacillaceae,Bacillus,p,carious dentine,172.115,5.1,4,0.16,30,16,39.19032095,34.14,1.373,4.456551526,1.8583092453123262,Klebsiella pneumoniae,1.397374696035345,0.4609345492769812,72.16211364604915,24.96747915920997
21,Au,Bacillus subtilis,non-pathogenic,chemical_synthesis,MIC,hexagonal,Bacteria,Bacillota,Bacilli,Bacillales,Bacillaceae,Bacillus,p,meat,196.966569,11.3,4,0.16,30,11,23.00188061,0.0,0.0,2.46797672,2.3866170752907028,Klebsiella pneumoniae,1.9297729310200145,0.4568441442706883,243.56623071203862,85.06931406994147
22,Ag,Bacillus subtilis,non-pathogenic,electrochemical synthesis,MIC,spheroidal,Bacteria,Bacillota,Bacilli,Bacillales,Bacillaceae,Bacillus,p,meat,107.87,30.0,18,0.16,30,11,23.00188061,0.0,0.0,1.78376517,1.1716331014728136,Klebsiella pneumoniae,0.7149634841932346,0.456669617279579,14.846808315656137,5.18756419665182
23,Pd,Bacillus subtilis,non-pathogenic,purchased from sigma aldrich ( citrate capped agnps),MIC,nanoplates,Bacteria,Bacillota,Bacilli,Bacillales,Bacillaceae,Bacillus,p,mouth,195.084,5.1,2,0.16,30,10,21.14774404,0.0,0.0,1.870828693,1.7381946602814062,Klebsiella pneumoniae,1.2836544563004864,0.4545402039809199,54.72612023642336,19.21562241498323
24,CeO2,Bacillus subtilis,non-pathogenic,purchased from sigma aldrich ( citrate capped agnps),MIC,spherical,Bacteria,Bacillota,Bacilli,Bacillales,Bacillaceae,Bacillus,p,mammary gland,172.115,1.9,18,0.16,30,16,39.19032095,34.14,1.373,4.456551526,1.9331460918170786,Klebsiella pneumoniae,1.4888348775339733,0.4443112142831054,85.73261916926928,30.820159187171132
25,ZnO,Bacillus subtilis,non-pathogenic,purchased from sigma aldrich ( citrate capped agnps),MBEC,quasi-hexagonal,Bacteria,Bacillota,Bacilli,Bacillales,Bacillaceae,Bacillus,p,food,81.3794,18.0,4,0.16,30,8,22.60496136,17.07,0.6865,4.082482905,1.3181529557286344,Klebsiella pneumoniae,0.8796614532336491,0.43849150249498536,20.804292719248387,7.57986469398558
26,Ag,Bacillus subtilis,non-pathogenic,"purchased from us research nanomaterials, inc.в ",MBEC,nanoplates,Bacteria,Bacillota,Bacilli,Bacillales,Bacillaceae,Bacillus,p,nose,107.87,8.7,1,0.16,30,11,23.00188061,0.0,0.0,1.78376517,2.1886526744944104,Klebsiella pneumoniae,1.756582477068291,0.4320701974261194,154.40191216963947,57.0929491363829
27,TiO2,Bacillus subtilis,non-pathogenic,"purchased from us research nanomaterials, inc.в ",MBC,spheroidal,Bacteria,Bacillota,Bacilli,Bacillales,Bacillaceae,Bacillus,p,meat,79.866,18.0,0,0.16,30,16,26.40611331,34.14,1.373,2.878049394,3.1679390312383773,Klebsiella pneumoniae,2.7444736577748485,0.42346537346352875,1472.1058252282846,555.2309384462618
28,ZnO,Bacillus subtilis,non-pathogenic,green_synthesis,MBEC,quasi-spherical,Bacteria,Bacillota,Bacilli,Bacillales,Bacillaceae,Bacillus,p,food,81.3794,8.7,18,0.16,30,8,22.60496136,17.07,0.6865,4.082482905,2.2083619346944103,Klebsiella pneumoniae,1.7913143272275134,0.41704760746689695,161.5704500496772,61.84638608033862
29,Ag,Bacillus subtilis,non-pathogenic,"purchased from us research nanomaterials, inc.в ",MBEC,tetragonal,Bacteria,Bacillota,Bacilli,Bacillales,Bacillaceae,Bacillus,p,nose,107.8682,0.8,24,0.16,30,11,23.00188061,0.0,0.0,1.78376517,1.0354375063805965,Klebsiella pneumoniae,0.6200136532958604,0.41542385308473606,10.850194074952455,4.168824891641269
30,ZnO,Bacillus subtilis,non-pathogenic,electrochemical synthesis,MBC,cubic,Bacteria,Bacillota,Bacilli,Bacillales,Bacillaceae,Bacillus,p,soil,81.3794,27.43,2,0.16,30,8,22.60496136,17.07,0.6865,4.082482905,1.8589095157615392,Klebsiella pneumoniae,1.4550965609926634,0.4038129547688758,72.2619231892037,28.516522331021932
31,Pt,Bacillus subtilis,non-pathogenic,purchased from sigma aldrich ( citrate capped agnps),MBC,nanoplates,Bacteria,Bacillota,Bacilli,Bacillales,Bacillaceae,Bacillus,p,food,195.084,1.4,3,0.16,30,10,21.75656585,0.0,0.0,2.588435821,1.206675527692883,Klebsiella pneumoniae,0.8065720403991053,0.40010348729377776,16.094427308170932,6.405780312955375
32,ZnO,Bacillus subtilis,non-pathogenic,"purchased from us research nanomaterials, inc.в ",MBEC,spheroidal,Bacteria,Bacillota,Bacilli,Bacillales,Bacillaceae,Bacillus,p,water,81.3794,9.0,2,0.16,30,8,22.60496136,17.07,0.6865,4.082482905,2.4844537933762902,Klebsiella pneumoniae,2.0896869075523963,0.39476688582389396,305.1081393034099,122.93821626124932
33,ZnO,Bacillus subtilis,non-pathogenic,green_synthesis,MBEC,quasi-hexagonal,Bacteria,Bacillota,Bacilli,Bacillales,Bacillaceae,Bacillus,p,lungs,81.3794,13.0,0,0.16,30,8,22.60496136,17.07,0.6865,4.082482905,1.4905142400403,Klebsiella pneumoniae,1.0969618601602429,0.3935523798800571,30.939567612413235,12.501492370076383
34,CuO,Bacillus subtilis,non-pathogenic,purchased from sigma aldrich ( citrate capped agnps),MBC,quasi-hexagonal,Bacteria,Bacillota,Bacilli,Bacillales,Bacillaceae,Bacillus,p,mouth,79.5454,25.0,4,0.16,30,17,20.67942236,17.07,0.6865,1.651411411,2.6736121764805993,Klebsiella pneumoniae,2.283028571103474,0.3905836053771252,471.64167871271155,191.879496904442
35,ZnO,Bacillus subtilis,non-pathogenic,green_synthesis,MBEC,hexagonal,Bacteria,Bacillota,Bacilli,Bacillales,Bacillaceae,Bacillus,p,mouth,81.3794,17.5,2,0.16,30,8,22.60496136,17.07,0.6865,4.082482905,2.261947981957178,Klebsiella pneumoniae,1.8801694147696955,0.3817785671874825,182.7881266778852,75.88735477388775
36,Ag,Bacillus subtilis,non-pathogenic,"purchased from us research nanomaterials, inc.в ",MBC,nanoplates,Bacteria,Bacillota,Bacilli,Bacillales,Bacillaceae,Bacillus,p,respiratory tract,107.87,5.1,3,0.16,30,11,23.00188061,0.0,0.0,1.78376517,1.8389504587162895,Klebsiella pneumoniae,1.461340044488086,0.3776104142282035,69.01610705911104,28.929441171689085
37,ZnO,Bacillus subtilis,non-pathogenic,electrochemical synthesis,MBC,quasi-hexagonal,Bacteria,Bacillota,Bacilli,Bacillales,Bacillaceae,Bacillus,p,urine,81.3794,41.23,3,0.16,30,8,22.60496136,17.07,0.6865,4.082482905,0.08146178000323245,Klebsiella pneumoniae,-0.29502222354220775,0.3764840035454402,1.2063179217643103,0.5069647654142717
38,ZnO,Bacillus subtilis,non-pathogenic,green_synthesis,MBEC,nanoplates,Bacteria,Bacillota,Bacilli,Bacillales,Bacillaceae,Bacillus,p,blood,81.3794,18.0,3,0.16,30,8,22.60496136,17.07,0.6865,4.082482905,1.3265704705437877,Klebsiella pneumoniae,0.9679740154292542,0.35859645511453353,21.211455516273453,9.289108068182154
39,CeO2,Bacillus subtilis,non-pathogenic,green_synthesis,MBC,nanoplates,Bacteria,Bacillota,Bacilli,Bacillales,Bacillaceae,Bacillus,p,mammary gland,172.115,27.43,4,0.16,30,16,39.19032095,34.14,1.373,4.456551526,2.7570283991591373,Klebsiella pneumoniae,2.403562995482943,0.35346540367619417,571.5160077278446,253.2578965448072
40,CuO,Bacillus subtilis,non-pathogenic,purchased from sigma aldrich ( citrate capped agnps),MBEC,rod-shaped,Bacteria,Bacillota,Bacilli,Bacillales,Bacillaceae,Bacillus,p,respiratory tract,79.5454,3.0,4,0.16,30,17,20.67942236,17.07,0.6865,1.651411411,2.7919585497849964,Klebsiella pneumoniae,2.439005192154472,0.35295335763052416,619.3819568020582,274.7927005410675
41,Ag,Bacillus subtilis,non-pathogenic,"purchased from us research nanomaterials, inc.в ",MIC,spheroidal,Bacteria,Bacillota,Bacilli,Bacillales,Bacillaceae,Bacillus,p,nose,107.87,28.0,1,0.16,30,11,23.00188061,0.0,0.0,1.78376517,1.8857503467338328,Klebsiella pneumoniae,1.5328355014420862,0.35291484529174655,76.86884343318398,34.10637017972942
42,Ag,Bacillus subtilis,non-pathogenic,chemical_synthesis,MIC,spheroidal,Bacteria,Bacillota,Bacilli,Bacillales,Bacillaceae,Bacillus,p,meat,107.87,12.0,3,0.16,30,11,23.00188061,0.0,0.0,1.78376517,1.1670819156080192,Klebsiella pneumoniae,0.8164047919040717,0.35067712370394755,14.69203369209356,6.5524662381459295
43,ZnO,Bacillus subtilis,non-pathogenic,green_synthesis,MBEC,quasi-spherical,Bacteria,Bacillota,Bacilli,Bacillales,Bacillaceae,Bacillus,p,blood,81.3794,20.0,4,0.16,30,8,22.60496136,17.07,0.6865,4.082482905,1.0996870468985687,Klebsiella pneumoniae,0.7499099321405096,0.34977711475805906,12.580185554795873,5.6222471392788025
44,Ag,Bacillus subtilis,non-pathogenic,"purchased from us research nanomaterials, inc.в ",MIC,hexagonal,Bacteria,Bacillota,Bacilli,Bacillales,Bacillaceae,Bacillus,p,food,107.87,26.38,1,0.16,30,11,23.00188061,0.0,0.0,1.78376517,2.333256705565423,Klebsiella pneumoniae,1.9953951670845438,0.3378615384808792,215.4054590894589,98.94529942389053
45,ZnO,Bacillus subtilis,non-pathogenic,"purchased from us research nanomaterials, inc.в ",MBEC,hexagonal,Bacteria,Bacillota,Bacilli,Bacillales,Bacillaceae,Bacillus,p,mouth,81.3794,60.0,3,0.16,30,8,22.60496136,17.07,0.6865,4.082482905,2.1906514377057373,Klebsiella pneumoniae,1.856434300804489,0.3342171369012483,155.1141572783403,71.85124550397549
46,ZnO,Bacillus subtilis,non-pathogenic,chemical_synthesis,MBC,nanoplates,Bacteria,Bacillota,Bacilli,Bacillales,Bacillaceae,Bacillus,p,carious dentine,81.3794,13.0,0,0.16,30,8,22.60496136,17.07,0.6865,4.082482905,1.4686332775740207,Klebsiella pneumoniae,1.1413037735160714,0.32732950405794936,29.41936385361752,13.845344728911906
47,CeO2,Bacillus subtilis,non-pathogenic,electrochemical synthesis,MBEC,quasi-spherical,Bacteria,Bacillota,Bacilli,Bacillales,Bacillaceae,Bacillus,p,urine,172.115,40.0,4,0.16,30,16,39.19032095,34.14,1.373,4.456551526,1.7637551350622958,Klebsiella pneumoniae,1.4459305749193647,0.31782456014293103,58.04370618534129,27.920974688004332
48,CuO,Bacillus subtilis,non-pathogenic,green_synthesis,MBC,spherical,Bacteria,Bacillota,Bacilli,Bacillales,Bacillaceae,Bacillus,p,soil,79.5454,20.0,0,0.16,30,17,20.67942236,17.07,0.6865,1.651411411,3.107088788561058,Klebsiella pneumoniae,2.7893016608417716,0.3177871277192863,1279.642891726261,615.6043228526092
49,Au,Bacillus subtilis,non-pathogenic,"purchased from us research nanomaterials, inc.в ",MBEC,quasi-hexagonal,Bacteria,Bacillota,Bacilli,Bacillales,Bacillaceae,Bacillus,p,mouth,196.966569,1.4,1,0.16,30,11,23.00188061,0.0,0.0,2.46797672,1.0456175067849158,Klebsiella pneumoniae,0.7313948990511607,0.3142226077337551,11.107530304285048,5.387594477198665
50,Ag,Bacillus subtilis,non-pathogenic,electrochemical synthesis,MBC,triangular,Bacteria,Bacillota,Bacilli,Bacillales,Bacillaceae,Bacillus,p,mouth,107.8682,10.4,18,0.16,30,11,23.00188061,0.0,0.0,1.78376517,0.49028361811897736,Klebsiella pneumoniae,0.18498839742572581,0.30529522069325155,3.092314224061626,1.5310465578266081
51,ZnO,Bacillus subtilis,non-pathogenic,"purchased from us research nanomaterials, inc.в ",MIC,nanoplates,Bacteria,Bacillota,Bacilli,Bacillales,Bacillaceae,Bacillus,p,water,81.3794,20.0,0,0.16,30,8,22.60496136,17.07,0.6865,4.082482905,2.187531732669399,Klebsiella pneumoniae,1.8843539758931551,0.3031777567762437,154.00390482458866,76.62208681573284
52,CeO2,Bacillus subtilis,non-pathogenic,electrochemical synthesis,MIC,spheroidal,Bacteria,Bacillota,Bacilli,Bacillales,Bacillaceae,Bacillus,p,lungs,172.115,50.0,24,0.16,30,16,39.19032095,34.14,1.373,4.456551526,2.246704427782487,Klebsiella pneumoniae,1.9473712831352983,0.29933314464718874,176.48362992570478,88.58726284587938
53,ZnO,Bacillus subtilis,non-pathogenic,green_synthesis,MBEC,nanoplates,Bacteria,Bacillota,Bacilli,Bacillales,Bacillaceae,Bacillus,p,food,81.3794,100.0,1,0.16,30,8,22.60496136,17.07,0.6865,4.082482905,1.5227373194824796,Klebsiella pneumoniae,1.2245157404502685,0.29822157903221114,33.32248026942146,16.769331129516992
54,CuO,Bacillus subtilis,non-pathogenic,electrochemical synthesis,MBC,quasi-hexagonal,Bacteria,Bacillota,Bacilli,Bacillales,Bacillaceae,Bacillus,p,meat,79.5454,0.8,1,0.16,30,17,20.67942236,17.07,0.6865,1.651411411,1.6235747469408417,Klebsiella pneumoniae,1.3336367118153378,0.28993803512550387,42.03148623441901,21.55940206443301
55,CeO2,Bacillus subtilis,non-pathogenic,electrochemical synthesis,MBEC,nanoplates,Bacteria,Bacillota,Bacilli,Bacillales,Bacillaceae,Bacillus,p,soil,172.115,1.4,2,0.16,30,16,39.19032095,34.14,1.373,4.456551526,2.726567089968624,Klebsiella pneumoniae,2.43828960250506,0.28827748746356363,532.8035256471557,274.3402957607001
56,ZnO,Bacillus subtilis,non-pathogenic,green_synthesis,MBEC,rod-shaped,Bacteria,Bacillota,Bacilli,Bacillales,Bacillaceae,Bacillus,p,skin,81.3794,28.0,3,0.16,30,8,22.60496136,17.07,0.6865,4.082482905,1.7806750390242518,Klebsiella pneumoniae,1.4937100336394127,0.28696500538483916,60.3496893660901,31.16807883187657
57,Ag,Bacillus subtilis,non-pathogenic,"purchased from us research nanomaterials, inc.в ",MBC,tetragonal,Bacteria,Bacillota,Bacilli,Bacillales,Bacillaceae,Bacillus,p,meat,107.87,11.3,2,0.16,30,11,23.00188061,0.0,0.0,1.78376517,1.0583691254514962,Klebsiella pneumoniae,0.7731469322844252,0.285222193167071,11.438501288845176,5.931259594374589
58,ZnO,Bacillus subtilis,non-pathogenic,"purchased from us research nanomaterials, inc.в ",MBC,spherical,Bacteria,Bacillota,Bacilli,Bacillales,Bacillaceae,Bacillus,p,soil,81.3794,25.0,18,0.16,30,8,22.60496136,17.07,0.6865,4.082482905,2.5169454694064264,Klebsiella pneumoniae,2.2336422827358104,0.28330318667061594,328.8103424193921,171.2546145931572
59,ZnO,Bacillus subtilis,non-pathogenic,chemical_synthesis,MBC,rod-shaped,Bacteria,Bacillota,Bacilli,Bacillales,Bacillaceae,Bacillus,p,mouth,81.3794,6.0,18,0.16,30,8,22.60496136,17.07,0.6865,4.082482905,1.454796680872438,Klebsiella pneumoniae,1.1733506650819203,0.28144601579051765,28.496838483392505,14.905641273729854
60,Au,Bacillus subtilis,non-pathogenic,green_synthesis,MBEC,rod-shaped,Bacteria,Bacillota,Bacilli,Bacillales,Bacillaceae,Bacillus,p,nose,196.966569,6.0,2,0.16,30,11,23.00188061,0.0,0.0,2.46797672,1.9180352502505822,Klebsiella pneumoniae,1.6733223178844274,0.24471293236615477,82.8009367774137,47.13269987221539
61,Ag,Bacillus subtilis,non-pathogenic,green_synthesis,MBC,nanoplates,Bacteria,Bacillota,Bacilli,Bacillales,Bacillaceae,Bacillus,p,food,107.87,1.4,3,0.16,30,11,23.00188061,0.0,0.0,1.78376517,1.4009752759582255,Klebsiella pneumoniae,1.1584490449552711,0.24252623100295434,25.175336024799872,14.402870138676587
62,Ag,Bacillus subtilis,non-pathogenic,green_synthesis,MBC,nanoplates,Bacteria,Bacillota,Bacilli,Bacillales,Bacillaceae,Bacillus,p,food,107.87,1.4,3,0.16,30,11,23.00188061,0.0,0.0,1.78376517,1.4009752759582255,Klebsiella pneumoniae,1.1584490449552711,0.24252623100295434,25.175336024799872,14.402870138676587
63,ZnO,Bacillus subtilis,non-pathogenic,chemical_synthesis,MBC,hexagonal,Bacteria,Bacillota,Bacilli,Bacillales,Bacillaceae,Bacillus,p,mammary gland,81.3794,35.0,4,0.16,30,8,22.60496136,17.07,0.6865,4.082482905,1.7190737467656534,Klebsiella pneumoniae,1.4949972928675206,0.2240764538981328,52.36893557844988,31.2605988107252
64,Ag,Bacillus subtilis,non-pathogenic,chemical_synthesis,MBEC,triangular,Bacteria,Bacillota,Bacilli,Bacillales,Bacillaceae,Bacillus,p,food,107.87,18.0,4,0.16,30,11,23.00188061,0.0,0.0,1.78376517,-0.01663009609733801,Klebsiella pneumoniae,-0.22458135503236143,0.20795125893502342,0.9624316663228056,0.5962366182238266
65,Cu,Bacillus subtilis,non-pathogenic,green_synthesis,MBC,spherical,Bacteria,Bacillota,Bacilli,Bacillales,Bacillaceae,Bacillus,p,respiratory tract,63.55,4.0,2,0.16,30,11,17.96409803,0.0,0.0,1.243163121,1.7186390632244688,Klebsiella pneumoniae,1.5407599394769838,0.17787912374748505,52.31654595122779,34.73441105143736
66,Ag,Bacillus subtilis,non-pathogenic,green_synthesis,MBEC,spherical,Bacteria,Bacillota,Bacilli,Bacillales,Bacillaceae,Bacillus,p,soil,107.8682,11.3,4,0.16,30,11,23.00188061,0.0,0.0,1.78376517,1.9890158614379636,Klebsiella pneumoniae,1.822252468716078,0.16676339272188567,97.50252472420428,66.41290368032217
67,Au,Bacillus subtilis,non-pathogenic,purchased from sigma aldrich ( citrate capped agnps),MBEC,quasi-hexagonal,Bacteria,Bacillota,Bacilli,Bacillales,Bacillaceae,Bacillus,p,meat,196.966569,1.4,2,0.16,30,11,23.00188061,0.0,0.0,2.46797672,0.775415791557585,Klebsiella pneumoniae,0.6199122047761931,0.15550358678139187,5.962327008312677,4.167851193518013
68,CeO2,Bacillus subtilis,non-pathogenic,"purchased from us research nanomaterials, inc.в ",MIC,hexagonal,Bacteria,Bacillota,Bacilli,Bacillales,Bacillaceae,Bacillus,p,food,172.115,20.0,18,0.16,30,16,39.19032095,34.14,1.373,4.456551526,3.113692416828365,Klebsiella pneumoniae,2.9796129896432815,0.1340794271850836,1299.2490765831344,954.1419480109003
69,ZnO,Bacillus subtilis,non-pathogenic,chemical_synthesis,MBC,quasi-hexagonal,Bacteria,Bacillota,Bacilli,Bacillales,Bacillaceae,Bacillus,p,food,81.3794,60.0,3,0.16,30,8,22.60496136,17.07,0.6865,4.082482905,0.749387469348916,Klebsiella pneumoniae,0.6394424038407129,0.10994506550820304,5.6154875581906465,4.35955743690496
70,Ag,Bacillus subtilis,non-pathogenic,chemical_synthesis,MBEC,nanoplates,Bacteria,Bacillota,Bacilli,Bacillales,Bacillaceae,Bacillus,p,carious dentine,107.8682,13.0,1,0.16,30,11,23.00188061,0.0,0.0,1.78376517,1.9164590699227126,Klebsiella pneumoniae,1.8189756961010088,0.0974833738217038,82.50097287845877,65.91370077217401
71,Ag,Bacillus subtilis,non-pathogenic,chemical_synthesis,MBC,triangular,Bacteria,Bacillota,Bacilli,Bacillales,Bacillaceae,Bacillus,p,mammary gland,107.87,5.1,0,0.16,30,11,23.00188061,0.0,0.0,1.78376517,0.5670318466812634,Klebsiella pneumoniae,0.5055905045132907,0.0614413421679727,3.6900465657644155,3.2032475637502187
72,Ag,Bacillus subtilis,non-pathogenic,green_synthesis,MBEC,quasi-spherical,Bacteria,Bacillota,Bacilli,Bacillales,Bacillaceae,Bacillus,p,carious dentine,107.87,38.0,2,0.16,30,11,23.00188061,0.0,0.0,1.78376517,0.4702137572189835,Klebsiella pneumoniae,0.4326993139285429,0.037514443290440624,2.9526621522207,2.7083158658663264
73,ZnO,Bacillus subtilis,non-pathogenic,chemical_synthesis,MIC,quasi-spherical,Bacteria,Bacillota,Bacilli,Bacillales,Bacillaceae,Bacillus,p,blood,81.3794,20.0,3,0.16,30,8,22.60496136,17.07,0.6865,4.082482905,0.4529642124824693,Klebsiella pneumoniae,0.44174198251522645,0.01122222996724287,2.837685182752106,2.7652982736366325
74,Pd,Bacillus subtilis,non-pathogenic,green_synthesis,MBC,tetragonal,Bacteria,Bacillota,Bacilli,Bacillales,Bacillaceae,Bacillus,p,skin,195.084,79.0,1,0.16,30,10,21.14774404,0.0,0.0,1.870828693,1.2445029097813998,Klebsiella pneumoniae,1.2375546637986685,0.006948245982731249,17.559126588083917,17.28043472278556
75,Au,Bacillus subtilis,non-pathogenic,green_synthesis,MIC,cubic,Bacteria,Bacillota,Bacilli,Bacillales,Bacillaceae,Bacillus,p,mammary gland,196.966569,22.5,18,0.16,30,11,23.00188061,0.0,0.0,2.46797672,1.9614203323212849,Klebsiella pneumoniae,1.9830090354484369,-0.021588703127151998,91.49983951069095,96.16322848283765
76,ZnO,Bacillus subtilis,non-pathogenic,green_synthesis,MBC,tetragonal,Bacteria,Bacillota,Bacilli,Bacillales,Bacillaceae,Bacillus,p,mammary gland,81.3794,79.0,24,0.16,30,8,22.60496136,17.07,0.6865,4.082482905,1.1462127644426703,Klebsiella pneumoniae,1.2357749381523362,-0.0895621737096659,14.002731599111273,17.20976492439438
77,CuO,Bacillus subtilis,non-pathogenic,chemical_synthesis,MBEC,tetragonal,Bacteria,Bacillota,Bacilli,Bacillales,Bacillaceae,Bacillus,p,mammary gland,79.5454,1.4,0,0.16,30,17,20.67942236,17.07,0.6865,1.651411411,1.3895438220393277,Klebsiella pneumoniae,1.4991947281351354,-0.10965090609580774,24.52131871178408,31.56419575549852
78,Ag,Bacillus subtilis,non-pathogenic,chemical_synthesis,MBEC,quasi-spherical,Bacteria,Bacillota,Bacilli,Bacillales,Bacillaceae,Bacillus,p,blood,107.8682,18.0,4,0.16,30,11,23.00188061,0.0,0.0,1.78376517,1.1124953585491804,Klebsiella pneumoniae,1.225284728113468,-0.11278936956428764,12.956728501526186,16.79905020891374
79,Au,Bacillus subtilis,non-pathogenic,chemical_synthesis,MIC,quasi-spherical,Bacteria,Bacillota,Bacilli,Bacillales,Bacillaceae,Bacillus,p,carious dentine,196.966569,13.5,18,0.16,30,11,23.00188061,0.0,0.0,2.46797672,1.21795370948649,Klebsiella pneumoniae,1.3392974042177255,-0.12134369473123541,16.51785728562291,21.84225153963904
80,ZnO,Bacillus subtilis,non-pathogenic,chemical_synthesis,MBEC,spheroidal,Bacteria,Bacillota,Bacilli,Bacillales,Bacillaceae,Bacillus,p,nose,81.3794,38.0,2,0.16,30,8,22.60496136,17.07,0.6865,4.082482905,2.0000161316563894,Klebsiella pneumoniae,2.135275124215581,-0.1352589925591916,100.00371452013934,136.54478696736035
81,Cu,Bacillus subtilis,non-pathogenic,purchased from sigma aldrich ( citrate capped agnps),MBEC,tetragonal,Bacteria,Bacillota,Bacilli,Bacillales,Bacillaceae,Bacillus,p,mouth,63.55,25.0,4,0.16,30,11,17.96409803,0.0,0.0,1.243163121,1.106835896372221,Klebsiella pneumoniae,1.2577764450749918,-0.15094054870277085,12.788979651773298,18.104079375668135
82,ZnO,Bacillus subtilis,non-pathogenic,purchased from sigma aldrich ( citrate capped agnps),MIC,spheroidal,Bacteria,Bacillota,Bacilli,Bacillales,Bacillaceae,Bacillus,p,carious dentine,81.3794,26.06,1,0.16,30,8,22.60496136,17.07,0.6865,4.082482905,0.9149612809842466,Klebsiella pneumoniae,1.074056320779536,-0.15909503979528938,8.221693471345429,11.859225326465086
83,Ag,Bacillus subtilis,non-pathogenic,chemical_synthesis,MBC,triangular,Bacteria,Bacillota,Bacilli,Bacillales,Bacillaceae,Bacillus,p,soil,107.8682,100.0,1,0.16,30,11,23.00188061,0.0,0.0,1.78376517,0.4039669215657704,Klebsiella pneumoniae,0.6032753477086048,-0.1993084261428344,2.534935547473188,4.011209523333116
84,Al2O3,Bacillus subtilis,non-pathogenic,chemical_synthesis,MIC,tetragonal,Bacteria,Bacillota,Bacilli,Bacillales,Bacillaceae,Bacillus,p,meat,101.961276,30.0,4,0.16,30,24,51.55776403,85.5,13.5675,4.688846487,1.3983059240778517,Klebsiella pneumoniae,1.6645392168524569,-0.26623329277460517,25.02107266012071,46.189069880685345
