,np,bacteria,bac_type,np_synthesis,method,shape,kingdom,phylum,class,order,family,genus,gram,isolated_from,mol_weight (g/mol),np_size_avg (nm),time_set,"min_Incub_period, h","growth_temp, C",Valance_electron,labuteASA,tpsa,CrippenMR,chi0v,pred_MIC_norm,pathogenic_bacteria,pred_MIC_pathogen,Fitness,pred_norm_MIC_original,pred_path_MIC_original
0,ZnO,Bacillus subtilis,non-pathogenic,"purchased from us research nanomaterials, inc.в ",MBC,hexagonal,Bacteria,Bacillota,Bacilli,Bacillales,Bacillaceae,Bacillus,p,mammary gland,81.3794,8.7,4,0.16,30,8,22.60496136,17.07,0.6865,4.082482905,2.294923474254386,Klebsiella pneumoniae,1.322877529587026,0.9720459446673597,197.20752119597617,21.031852609444467
1,Ag,Bacillus subtilis,non-pathogenic,"purchased from us research nanomaterials, inc.в ",MIC,nanoplates,Bacteria,Bacillota,Bacilli,Bacillales,Bacillaceae,Bacillus,p,lungs,107.87,1.9,1,0.16,30,11,23.00188061,0.0,0.0,1.78376517,1.8178155047153548,Klebsiella pneumoniae,0.849447510946105,0.9683679937692498,65.73785130579112,7.070457416060153
2,CeO2,Bacillus subtilis,non-pathogenic,electrochemical synthesis,MIC,quasi-spherical,Bacteria,Bacillota,Bacilli,Bacillales,Bacillaceae,Bacillus,p,respiratory tract,172.115,1.9,3,0.16,30,16,39.19032095,34.14,1.373,4.456551526,2.41628657018375,Klebsiella pneumoniae,1.568982119908755,0.8473044502749949,260.7873793729839,37.06654610114369
3,ZnO,Bacillus subtilis,non-pathogenic,electrochemical synthesis,MIC,hexagonal,Bacteria,Bacillota,Bacilli,Bacillales,Bacillaceae,Bacillus,p,lungs,81.3794,4.7,4,0.16,30,8,22.60496136,17.07,0.6865,4.082482905,1.626081560177283,Klebsiella pneumoniae,0.8035736310195191,0.8225079291577638,42.27479985676044,6.3617065314095305
4,Ag,Bacillus subtilis,non-pathogenic,"purchased from us research nanomaterials, inc.в ",MIC,spheroidal,Bacteria,Bacillota,Bacilli,Bacillales,Bacillaceae,Bacillus,p,mouth,107.87,5.1,18,0.16,30,11,23.00188061,0.0,0.0,1.78376517,1.6308399862008354,Klebsiella pneumoniae,0.8083707931381949,0.8224691930626404,42.74053815955299,6.432366673140413
5,TiO2,Bacillus subtilis,non-pathogenic,"purchased from us research nanomaterials, inc.в ",MIC,hexagonal,Bacteria,Bacillota,Bacilli,Bacillales,Bacillaceae,Bacillus,p,mouth,79.866,1.4,0,0.16,30,16,26.40611331,34.14,1.373,2.878049394,2.3944270474733274,Klebsiella pneumoniae,1.5791708695140574,0.81525617795927,247.98593374191978,37.94642526288514
6,ZnO,Bacillus subtilis,non-pathogenic,"purchased from us research nanomaterials, inc.в ",MIC,nanoplates,Bacteria,Bacillota,Bacilli,Bacillales,Bacillaceae,Bacillus,p,mammary gland,81.3794,1.9,18,0.16,30,8,22.60496136,17.07,0.6865,4.082482905,1.541863719465519,Klebsiella pneumoniae,0.7396493394994617,0.8022143799660573,34.82280247963357,5.490973395497445
7,TiO2,Bacillus subtilis,non-pathogenic,purchased from sigma aldrich ( citrate capped agnps),MBC,hexagonal,Bacteria,Bacillota,Bacilli,Bacillales,Bacillaceae,Bacillus,p,lungs,79.866,10.4,1,0.16,30,16,26.40611331,34.14,1.373,2.878049394,3.2254110136788015,Klebsiella pneumoniae,2.4594585556023483,0.7659524580764532,1680.3935801791592,288.04381585993775
8,Ag,Bacillus subtilis,non-pathogenic,purchased from sigma aldrich ( citrate capped agnps),MIC,hexagonal,Bacteria,Bacillota,Bacilli,Bacillales,Bacillaceae,Bacillus,p,mammary gland,107.87,1.4,2,0.16,30,11,23.00188061,0.0,0.0,1.78376517,1.7734185288694275,Klebsiella pneumoniae,1.0077626893420872,0.7656558395273403,59.34970011461446,10.180349532557344
9,CuO,Bacillus subtilis,non-pathogenic,"purchased from us research nanomaterials, inc.в ",MBEC,quasi-hexagonal,Bacteria,Bacillota,Bacilli,Bacillales,Bacillaceae,Bacillus,p,nose,79.5454,5.1,4,0.16,30,17,20.67942236,17.07,0.6865,1.651411411,2.9485018947472112,Klebsiella pneumoniae,2.1978733649254996,0.7506285298217117,888.1818512853938,157.7151324190109
10,ZnO,Bacillus subtilis,non-pathogenic,electrochemical synthesis,MBC,hexagonal,Bacteria,Bacillota,Bacilli,Bacillales,Bacillaceae,Bacillus,p,soil,81.3794,4.7,2,0.16,30,8,22.60496136,17.07,0.6865,4.082482905,1.915007021826614,Klebsiella pneumoniae,1.1708831369083594,0.7441238849182545,82.22559443641973,14.821192121548133
11,Ag,Bacillus subtilis,non-pathogenic,purchased from sigma aldrich ( citrate capped agnps),MIC,spherical,Bacteria,Bacillota,Bacilli,Bacillales,Bacillaceae,Bacillus,p,water,107.87,0.8,3,0.16,30,11,23.00188061,0.0,0.0,1.78376517,1.2824957604998881,Klebsiella pneumoniae,0.544751215990104,0.7377445445097841,19.16442354698393,3.5055100456006247
12,TiO2,Bacillus subtilis,non-pathogenic,purchased from sigma aldrich ( citrate capped agnps),MBC,cubic,Bacteria,Bacillota,Bacilli,Bacillales,Bacillaceae,Bacillus,p,carious dentine,79.866,11.3,3,0.16,30,16,26.40611331,34.14,1.373,2.878049394,2.7474229632340963,Klebsiella pneumoniae,2.0376358183485497,0.7097871448855466,559.0143587351372,109.05254827009269
13,ZnO,Bacillus subtilis,non-pathogenic,green_synthesis,MBEC,nanoplates,Bacteria,Bacillota,Bacilli,Bacillales,Bacillaceae,Bacillus,p,food,81.3794,10.0,0,0.16,30,8,22.60496136,17.07,0.6865,4.082482905,2.607608943909373,Klebsiella pneumoniae,1.9401590169241407,0.6674499269852321,405.1435637154374,87.12825516640756
14,Ag,Bacillus subtilis,non-pathogenic,green_synthesis,MIC,nanoplates,Bacteria,Bacillota,Bacilli,Bacillales,Bacillaceae,Bacillus,p,meat,107.87,1.9,1,0.16,30,11,23.00188061,0.0,0.0,1.78376517,1.87366088060176,Klebsiella pneumoniae,1.2183448483873027,0.6553160322144573,74.75855194365124,16.532740474500446
15,TiO2,Bacillus subtilis,non-pathogenic,electrochemical synthesis,MBEC,rod-shaped,Bacteria,Bacillota,Bacilli,Bacillales,Bacillaceae,Bacillus,p,water,79.866,1.4,2,0.16,30,16,26.40611331,34.14,1.373,2.878049394,2.595370096924652,Klebsiella pneumoniae,1.942025320306379,0.6533447766182727,393.8855937665636,87.50347901586389
16,CuO,Bacillus subtilis,non-pathogenic,"purchased from us research nanomaterials, inc.в ",MBC,nanoplates,Bacteria,Bacillota,Bacilli,Bacillales,Bacillaceae,Bacillus,p,skin,79.5454,13.0,4,0.16,30,17,20.67942236,17.07,0.6865,1.651411411,3.1422989767377536,Klebsiella pneumoniae,2.4895867729396484,0.6527122037981052,1387.710827141065,308.7356444293951
17,ZnO,Bacillus subtilis,non-pathogenic,"purchased from us research nanomaterials, inc.в ",MBC,spherical,Bacteria,Bacillota,Bacilli,Bacillales,Bacillaceae,Bacillus,p,nose,81.3794,11.3,3,0.16,30,8,22.60496136,17.07,0.6865,4.082482905,2.4349039295217443,Klebsiella pneumoniae,1.784553844216501,0.6503500853052433,272.2099084704827,60.89110344138586
18,CuO,Bacillus subtilis,non-pathogenic,"purchased from us research nanomaterials, inc.в ",MIC,nanoplates,Bacteria,Bacillota,Bacilli,Bacillales,Bacillaceae,Bacillus,p,respiratory tract,79.5454,1.9,1,0.16,30,17,20.67942236,17.07,0.6865,1.651411411,2.431488165009537,Klebsiella pneumoniae,1.7879057752462413,0.6435823897632957,270.0773508346832,61.36288574894671
19,CuO,Bacillus subtilis,non-pathogenic,purchased from sigma aldrich ( citrate capped agnps),MBC,cubic,Bacteria,Bacillota,Bacilli,Bacillales,Bacillaceae,Bacillus,p,lungs,79.5454,10.4,0,0.16,30,17,20.67942236,17.07,0.6865,1.651411411,3.4307636563191126,Klebsiella pneumoniae,2.7913928942950452,0.6393707620240674,2696.2717181729877,618.575755587761
20,Cu,Bacillus subtilis,non-pathogenic,"purchased from us research nanomaterials, inc.в ",MBC,hexagonal,Bacteria,Bacillota,Bacilli,Bacillales,Bacillaceae,Bacillus,p,food,63.55,8.0,0,0.16,30,11,17.96409803,0.0,0.0,1.243163121,2.0066691389597877,Klebsiella pneumoniae,1.3704469961724175,0.6362221427873702,101.54747731746164,23.466428472507197
21,ZnO,Bacillus subtilis,non-pathogenic,chemical_synthesis,MBC,hexagonal,Bacteria,Bacillota,Bacilli,Bacillales,Bacillaceae,Bacillus,p,mouth,81.3794,5.1,1,0.16,30,8,22.60496136,17.07,0.6865,4.082482905,1.8889305415541213,Klebsiella pneumoniae,1.2528121910721932,0.6361183504819281,77.43379449476448,17.89831681035082
22,Ag,Bacillus subtilis,non-pathogenic,"purchased from us research nanomaterials, inc.в ",MBC,nanoplates,Bacteria,Bacillota,Bacilli,Bacillales,Bacillaceae,Bacillus,p,lungs,107.8682,8.0,18,0.16,30,11,23.00188061,0.0,0.0,1.78376517,1.9182260597131726,Klebsiella pneumoniae,1.4643893757276099,0.45383668398556276,82.83732377781264,29.133279521082738
23,TiO2,Bacillus subtilis,non-pathogenic,chemical_synthesis,MBEC,triangular,Bacteria,Bacillota,Bacilli,Bacillales,Bacillaceae,Bacillus,p,carious dentine,79.866,8.0,1,0.16,30,16,26.40611331,34.14,1.373,2.878049394,1.2002666525636618,Klebsiella pneumoniae,0.7669209705290618,0.4333456820346,15.858666001788407,5.846836783572526
24,Au,Bacillus subtilis,non-pathogenic,"purchased from us research nanomaterials, inc.в ",MBEC,nanoplates,Bacteria,Bacillota,Bacilli,Bacillales,Bacillaceae,Bacillus,p,blood,196.966569,5.1,1,0.16,30,11,23.00188061,0.0,0.0,2.46797672,1.2594156098409424,Klebsiella pneumoniae,0.9105074758862755,0.3489081339546669,18.1725390114402,8.137808689716634
25,Ag,Bacillus subtilis,non-pathogenic,electrochemical synthesis,MIC,tetragonal,Bacteria,Bacillota,Bacilli,Bacillales,Bacillaceae,Bacillus,p,respiratory tract,107.87,9.0,2,0.16,30,11,23.00188061,0.0,0.0,1.78376517,0.2992145742458505,Klebsiella pneumoniae,0.005308629658667963,0.29390594458718255,1.9916571248447419,1.012298584697988
26,CuO,Bacillus subtilis,non-pathogenic,"purchased from us research nanomaterials, inc.в ",MBC,cubic,Bacteria,Bacillota,Bacilli,Bacillales,Bacillaceae,Bacillus,p,skin,79.5454,35.0,0,0.16,30,17,20.67942236,17.07,0.6865,1.651411411,3.0568493724150905,Klebsiella pneumoniae,2.771697168914612,0.2851522035004783,1139.8543800727234,591.1492853754316
27,ZnO,Bacillus subtilis,non-pathogenic,electrochemical synthesis,MIC,triangular,Bacteria,Bacillota,Bacilli,Bacillales,Bacillaceae,Bacillus,p,mammary gland,81.3794,10.4,24,0.16,30,8,22.60496136,17.07,0.6865,4.082482905,0.2759086371080286,Klebsiella pneumoniae,-0.002898200838768128,0.2788068379467967,1.8875942125577236,0.9933488633303251
28,Ag,Bacillus subtilis,non-pathogenic,"purchased from us research nanomaterials, inc.в ",MIC,cubic,Bacteria,Bacillota,Bacilli,Bacillales,Bacillaceae,Bacillus,p,carious dentine,107.8682,11.3,24,0.16,30,11,23.00188061,0.0,0.0,1.78376517,1.3017566825636602,Klebsiella pneumoniae,1.0584263177777116,0.2433303647859486,20.033493182009444,11.440007726531539
29,ZnO,Bacillus subtilis,non-pathogenic,purchased from sigma aldrich ( citrate capped agnps),MBEC,quasi-hexagonal,Bacteria,Bacillota,Bacilli,Bacillales,Bacillaceae,Bacillus,p,water,81.3794,100.0,2,0.16,30,8,22.60496136,17.07,0.6865,4.082482905,0.9525533009481146,Klebsiella pneumoniae,0.7582571246407553,0.1942961763073593,8.96506207377004,5.731352560671793
30,Ag,Bacillus subtilis,non-pathogenic,electrochemical synthesis,MIC,triangular,Bacteria,Bacillota,Bacilli,Bacillales,Bacillaceae,Bacillus,p,nose,107.8682,20.0,24,0.16,30,11,23.00188061,0.0,0.0,1.78376517,-0.42202976757833355,Klebsiella pneumoniae,-0.5597548551574709,0.13772508757913737,0.37841664624979143,0.27557838130288004
31,ZnO,Bacillus subtilis,non-pathogenic,"purchased from us research nanomaterials, inc.в ",MBC,spheroidal,Bacteria,Bacillota,Bacilli,Bacillales,Bacillaceae,Bacillus,p,mammary gland,81.3794,41.23,4,0.16,30,8,22.60496136,17.07,0.6865,4.082482905,2.0220145273168857,Klebsiella pneumoniae,1.897646517039381,0.12436801027750466,105.1997062939663,79.00353370478409
32,Ag,Bacillus subtilis,non-pathogenic,electrochemical synthesis,MBC,spheroidal,Bacteria,Bacillota,Bacilli,Bacillales,Bacillaceae,Bacillus,p,food,107.8682,1.4,4,0.16,30,11,23.00188061,0.0,0.0,1.78376517,0.8850685163288752,Klebsiella pneumoniae,0.771042299961374,0.11402621636750121,7.674825614499083,5.902585681201922
33,Ag,Bacillus subtilis,non-pathogenic,purchased from sigma aldrich ( citrate capped agnps),MBEC,cubic,Bacteria,Bacillota,Bacilli,Bacillales,Bacillaceae,Bacillus,p,skin,107.87,27.43,3,0.16,30,11,23.00188061,0.0,0.0,1.78376517,2.2806015012478094,Klebsiella pneumoniae,2.268204643855451,0.012396857392358296,190.8101624348661,185.44052316591825
34,CuO,Bacillus subtilis,non-pathogenic,green_synthesis,MBEC,spheroidal,Bacteria,Bacillota,Bacilli,Bacillales,Bacillaceae,Bacillus,p,mouth,79.5454,38.0,2,0.16,30,17,20.67942236,17.07,0.6865,1.651411411,2.4347266253889286,Klebsiella pneumoniae,2.4224185259399986,0.012308099448929966,272.0987993197799,264.49564518186776
35,ZnO,Bacillus subtilis,non-pathogenic,green_synthesis,MIC,spherical,Bacteria,Bacillota,Bacilli,Bacillales,Bacillaceae,Bacillus,p,meat,81.3794,11.3,24,0.16,30,8,22.60496136,17.07,0.6865,4.082482905,1.8125022937363526,Klebsiella pneumoniae,1.9115056455068369,-0.09900335177048425,64.93850613093777,81.56533899542649
36,Ag,Bacillus subtilis,non-pathogenic,chemical_synthesis,MBC,quasi-spherical,Bacteria,Bacillota,Bacilli,Bacillales,Bacillaceae,Bacillus,p,nose,107.8682,60.0,3,0.16,30,11,23.00188061,0.0,0.0,1.78376517,1.1508428094461145,Klebsiella pneumoniae,1.3094349932004234,-0.15859218375430895,14.152814337327836,20.390834192388184
37,CuO,Bacillus subtilis,non-pathogenic,chemical_synthesis,MIC,spherical,Bacteria,Bacillota,Bacilli,Bacillales,Bacillaceae,Bacillus,p,lungs,79.5454,12.0,0,0.16,30,17,20.67942236,17.07,0.6865,1.651411411,2.35953381046874,Klebsiella pneumoniae,2.555774357300412,-0.1962405468316719,228.84098607378306,359.56247179334923
