,np,bacteria,bac_type,np_synthesis,method,shape,kingdom,phylum,class,order,family,genus,gram,isolated_from,mol_weight (g/mol),np_size_avg (nm),time_set,"min_Incub_period, h","growth_temp, C",Valance_electron,labuteASA,tpsa,CrippenMR,chi0v,pred_MIC_norm,pathogenic_bacteria,pred_MIC_pathogen,Fitness,pred_norm_MIC_original,pred_path_MIC_original
0,Pd,Bacillus subtilis,non-pathogenic,chemical_synthesis,MIC,hexagonal,Bacteria,Bacillota,Bacilli,Bacillales,Bacillaceae,Bacillus,p,mouth,195.084,0.8,4,0.16,30,10,21.14774404,0.0,0.0,1.870828693,0.8987060162193384,Klebsiella pneumoniae,0.01774804109793271,0.8809579751214057,7.919650498938463,1.041712897215117
1,ZnO,Bacillus subtilis,non-pathogenic,"purchased from us research nanomaterials, inc.в ",MBC,cubic,Bacteria,Bacillota,Bacilli,Bacillales,Bacillaceae,Bacillus,p,mouth,81.3794,1.9,4,0.16,30,8,22.60496136,17.07,0.6865,4.082482905,1.7486495314812616,Klebsiella pneumoniae,0.8966430720445233,0.8520064594367383,56.05954021588033,7.882120537614927
2,Al2O3,Bacillus subtilis,non-pathogenic,green_synthesis,MIC,hexagonal,Bacteria,Bacillota,Bacilli,Bacillales,Bacillaceae,Bacillus,p,skin,101.961276,5.1,4,0.16,30,24,51.55776403,85.5,13.5675,4.688846487,2.655860607745568,Klebsiella pneumoniae,2.2491783507451744,0.40668225700039384,452.7522400774089,177.49182329500556
3,Al2O3,Bacillus subtilis,non-pathogenic,green_synthesis,MBEC,hexagonal,Bacteria,Bacillota,Bacilli,Bacillales,Bacillaceae,Bacillus,p,blood,101.961276,44.45,0,0.16,30,24,51.55776403,85.5,13.5675,4.688846487,1.4456691042676126,Klebsiella pneumoniae,1.114477426834789,0.33119167743282363,27.904169689262925,13.015996610522244
4,ZnO,Bacillus subtilis,non-pathogenic,chemical_synthesis,MBEC,hexagonal,Bacteria,Bacillota,Bacilli,Bacillales,Bacillaceae,Bacillus,p,lungs,81.3794,18.0,3,0.16,30,8,22.60496136,17.07,0.6865,4.082482905,2.211577185152781,Klebsiella pneumoniae,1.910450683044823,0.3011265021079579,162.77105754211877,81.36744575203922
5,Ag,Bacillus subtilis,non-pathogenic,electrochemical synthesis,MBC,spheroidal,Bacteria,Bacillota,Bacilli,Bacillales,Bacillaceae,Bacillus,p,carious dentine,107.87,13.0,18,0.16,30,11,23.00188061,0.0,0.0,1.78376517,1.3530060467231226,Klebsiella pneumoniae,1.0570749133015076,0.29593113342161503,22.54270598356555,11.404464910592136
6,Cu,Bacillus subtilis,non-pathogenic,electrochemical synthesis,MIC,cubic,Bacteria,Bacillota,Bacilli,Bacillales,Bacillaceae,Bacillus,p,blood,63.55,10.0,3,0.16,30,11,17.96409803,0.0,0.0,1.243163121,0.9006349134410148,Klebsiella pneumoniae,0.6805045557544773,0.22013035768653744,7.9549034597360775,4.791864795539458
7,Ag,Bacillus subtilis,non-pathogenic,electrochemical synthesis,MBEC,triangular,Bacteria,Bacillota,Bacilli,Bacillales,Bacillaceae,Bacillus,p,soil,107.87,50.0,4,0.16,30,11,23.00188061,0.0,0.0,1.78376517,-0.3129499952209023,Klebsiella pneumoniae,-0.47718457212649223,0.16423457690558996,0.4864632139674116,0.3332847389700981
8,TiO2,Bacillus subtilis,non-pathogenic,"purchased from us research nanomaterials, inc.в ",MIC,nanoplates,Bacteria,Bacillota,Bacilli,Bacillales,Bacillaceae,Bacillus,p,respiratory tract,79.866,18.5,0,0.16,30,16,26.40611331,34.14,1.373,2.878049394,2.7599829998970145,Klebsiella pneumoniae,2.5997495378615825,0.16023346203543198,575.4174126513916,397.87764420486286
9,Ag,Bacillus subtilis,non-pathogenic,green_synthesis,MBEC,quasi-spherical,Bacteria,Bacillota,Bacilli,Bacillales,Bacillaceae,Bacillus,p,mouth,107.87,26.38,2,0.16,30,11,23.00188061,0.0,0.0,1.78376517,1.6827676121586117,Klebsiella pneumoniae,1.61008392384706,0.07268368831155181,48.168997982295686,40.7459008308716
