,np,bacteria,bac_type,np_synthesis,method,shape,kingdom,phylum,class,order,family,genus,gram,isolated_from,mol_weight (g/mol),np_size_avg (nm),time_set,"min_Incub_period, h","growth_temp, C",Valance_electron,labuteASA,tpsa,CrippenMR,chi0v,pred_MIC_norm,pathogenic_bacteria,pred_MIC_pathogen,Fitness,pred_norm_MIC_original,pred_path_MIC_original
0,ZnO,Bacillus subtilis,non-pathogenic,"purchased from us research nanomaterials, inc.в ",MBC,quasi-spherical,Bacteria,Bacillota,Bacilli,Bacillales,Bacillaceae,Bacillus,p,urine,81.3794,5.1,4,0.16,30,8,22.60496136,17.07,0.6865,4.082482905,2.0955088310213155,Klebsiella pneumoniae,1.1527565920632263,0.9427522389580891,124.5973572861617,14.215318414341304
1,Ag,Bacillus subtilis,non-pathogenic,"purchased from us research nanomaterials, inc.в ",MIC,quasi-spherical,Bacteria,Bacillota,Bacilli,Bacillales,Bacillaceae,Bacillus,p,mammary gland,107.87,1.9,24,0.16,30,11,23.00188061,0.0,0.0,1.78376517,2.074008408816142,Klebsiella pneumoniae,1.2106960087412726,0.8633124000748693,118.5791707261357,16.244113254391117
2,Pt,Bacillus subtilis,non-pathogenic,chemical_synthesis,MIC,spheroidal,Bacteria,Bacillota,Bacilli,Bacillales,Bacillaceae,Bacillus,p,nose,195.084,3.0,24,0.16,30,10,21.75656585,0.0,0.0,2.588435821,1.001422727269751,Klebsiella pneumoniae,0.1735382247674233,0.8278845025023276,10.032813223932052,1.491207999511559
3,Ag,Bacillus subtilis,non-pathogenic,chemical_synthesis,MIC,quasi-spherical,Bacteria,Bacillota,Bacilli,Bacillales,Bacillaceae,Bacillus,p,soil,107.87,3.0,0,0.16,30,11,23.00188061,0.0,0.0,1.78376517,1.1323371029626659,Klebsiella pneumoniae,0.31342863904703977,0.8189084639156261,13.562417299181691,2.057920716203131
4,ZnO,Bacillus subtilis,non-pathogenic,"purchased from us research nanomaterials, inc.в ",MBC,nanoplates,Bacteria,Bacillota,Bacilli,Bacillales,Bacillaceae,Bacillus,p,meat,81.3794,1.9,0,0.16,30,8,22.60496136,17.07,0.6865,4.082482905,1.8194028934554876,Klebsiella pneumoniae,1.015890434132794,0.8035124593226937,65.97856922736361,10.372666962544491
5,ZnO,Bacillus subtilis,non-pathogenic,purchased from sigma aldrich ( citrate capped agnps),MIC,quasi-spherical,Bacteria,Bacillota,Bacilli,Bacillales,Bacillaceae,Bacillus,p,nose,81.3794,0.8,1,0.16,30,8,22.60496136,17.07,0.6865,4.082482905,0.8630214142391485,Klebsiella pneumoniae,0.14964838352569254,0.7133730307134559,7.294934793109256,1.4113943791280845
6,CeO2,Bacillus subtilis,non-pathogenic,purchased from sigma aldrich ( citrate capped agnps),MIC,spherical,Bacteria,Bacillota,Bacilli,Bacillales,Bacillaceae,Bacillus,p,lungs,172.115,1.4,3,0.16,30,16,39.19032095,34.14,1.373,4.456551526,1.9861302290938727,Klebsiella pneumoniae,1.3267993561708964,0.6593308729229763,96.85682510534315,21.222637507033557
7,Au,Bacillus subtilis,non-pathogenic,electrochemical synthesis,MIC,hexagonal,Bacteria,Bacillota,Bacilli,Bacillales,Bacillaceae,Bacillus,p,mammary gland,196.966569,1.9,4,0.16,30,11,23.00188061,0.0,0.0,2.46797672,2.0082212373935304,Klebsiella pneumoniae,1.3577136727551886,0.6505075646383418,101.91104089528368,22.78839154272672
8,TiO2,Bacillus subtilis,non-pathogenic,green_synthesis,MBC,spherical,Bacteria,Bacillota,Bacilli,Bacillales,Bacillaceae,Bacillus,p,mammary gland,79.866,5.1,3,0.16,30,16,26.40611331,34.14,1.373,2.878049394,3.0276505755168936,Klebsiella pneumoniae,2.3870177721546573,0.6406328033622364,1065.7383048804002,243.79105802565508
9,ZnO,Bacillus subtilis,non-pathogenic,"purchased from us research nanomaterials, inc.в ",MIC,quasi-hexagonal,Bacteria,Bacillota,Bacilli,Bacillales,Bacillaceae,Bacillus,p,lungs,81.3794,10.4,1,0.16,30,8,22.60496136,17.07,0.6865,4.082482905,0.8171794950039653,Klebsiella pneumoniae,0.26026702009938907,0.5569124749045762,6.56416508843967,1.820820021133364
10,TiO2,Bacillus subtilis,non-pathogenic,purchased from sigma aldrich ( citrate capped agnps),MBEC,quasi-hexagonal,Bacteria,Bacillota,Bacilli,Bacillales,Bacillaceae,Bacillus,p,urine,79.866,0.8,18,0.16,30,16,26.40611331,34.14,1.373,2.878049394,1.8016237426546347,Klebsiella pneumoniae,1.451452152045953,0.35017159060868175,63.33207868255497,28.278225414040612
11,CuO,Bacillus subtilis,non-pathogenic,"purchased from us research nanomaterials, inc.в ",MBC,tetragonal,Bacteria,Bacillota,Bacilli,Bacillales,Bacillaceae,Bacillus,p,blood,79.5454,0.8,1,0.16,30,17,20.67942236,17.07,0.6865,1.651411411,2.0180464996548055,Klebsiella pneumoniae,1.7248774792888246,0.2931690203659809,104.24290356822738,53.073469522827104
12,Au,Bacillus subtilis,non-pathogenic,purchased from sigma aldrich ( citrate capped agnps),MBC,quasi-spherical,Bacteria,Bacillota,Bacilli,Bacillales,Bacillaceae,Bacillus,p,carious dentine,196.966569,40.0,0,0.16,30,11,23.00188061,0.0,0.0,2.46797672,0.7486450024720497,Klebsiella pneumoniae,0.5497246452797395,0.19892035719231016,5.6058955605988245,3.5458849902648093
13,Pd,Bacillus subtilis,non-pathogenic,green_synthesis,MBEC,quasi-hexagonal,Bacteria,Bacillota,Bacilli,Bacillales,Bacillaceae,Bacillus,p,skin,195.084,17.5,3,0.16,30,10,21.14774404,0.0,0.0,1.870828693,1.2296233198641473,Klebsiella pneumoniae,1.1061724469380434,0.1234508729261039,16.967713396859867,12.769457497941808
14,Ag,Bacillus subtilis,non-pathogenic,electrochemical synthesis,MBEC,quasi-hexagonal,Bacteria,Bacillota,Bacilli,Bacillales,Bacillaceae,Bacillus,p,soil,107.87,12.5,18,0.16,30,11,23.00188061,0.0,0.0,1.78376517,1.070914878908935,Klebsiella pneumoniae,1.0607817079547728,0.01013317095416233,11.773751870688285,11.502221005759365
15,Au,Bacillus subtilis,non-pathogenic,chemical_synthesis,MIC,rod-shaped,Bacteria,Bacillota,Bacilli,Bacillales,Bacillaceae,Bacillus,p,carious dentine,196.966569,17.5,3,0.16,30,11,23.00188061,0.0,0.0,2.46797672,0.9122528916891401,Klebsiella pneumoniae,0.9113550179351501,0.0008978737539900861,8.170580095268296,8.153705436572734
16,Ag,Bacillus subtilis,non-pathogenic,purchased from sigma aldrich ( citrate capped agnps),MIC,tetragonal,Bacteria,Bacillota,Bacilli,Bacillales,Bacillaceae,Bacillus,p,food,107.8682,100.0,0,0.16,30,11,23.00188061,0.0,0.0,1.78376517,-0.058956358636181205,Klebsiella pneumoniae,0.03392273557160541,-0.09287909420778662,0.8730590959023236,1.081241572745262
