,np,bacteria,bac_type,np_synthesis,method,shape,kingdom,phylum,class,order,family,genus,gram,isolated_from,mol_weight (g/mol),np_size_avg (nm),time_set,"min_Incub_period, h","growth_temp, C",Valance_electron,labuteASA,tpsa,CrippenMR,chi0v,pred_MIC_norm,pathogenic_bacteria,pred_MIC_pathogen,Fitness,pred_norm_MIC_original,pred_path_MIC_original
0,Ag,Bacillus subtilis,non-pathogenic,chemical_synthesis,MIC,spheroidal,Bacteria,Bacillota,Bacilli,Bacillales,Bacillaceae,Bacillus,p,mouth,107.87,1.4,1,0.16,30,11,23.00188061,0.0,0.0,1.78376517,0.7005851162457293,Klebsiella pneumoniae,-0.02507896427879186,0.7256640805245211,5.018629282085421,0.9438892408804572
1,ZnO,Bacillus subtilis,non-pathogenic,purchased from sigma aldrich ( citrate capped agnps),MBC,quasi-spherical,Bacteria,Bacillota,Bacilli,Bacillales,Bacillaceae,Bacillus,p,urine,81.3794,11.3,1,0.16,30,8,22.60496136,17.07,0.6865,4.082482905,2.0059374677627853,Klebsiella pneumoniae,1.3671410788008258,0.6387963889619594,101.37654074071264,23.288476515157537
2,ZnO,Bacillus subtilis,non-pathogenic,green_synthesis,MBC,nanoplates,Bacteria,Bacillota,Bacilli,Bacillales,Bacillaceae,Bacillus,p,mammary gland,81.3794,17.5,4,0.16,30,8,22.60496136,17.07,0.6865,4.082482905,2.117111933670286,Klebsiella pneumoniae,1.5584743161562309,0.558637617514055,130.95193908467238,36.18047932407417
3,ZnO,Bacillus subtilis,non-pathogenic,electrochemical synthesis,MBC,spherical,Bacteria,Bacillota,Bacilli,Bacillales,Bacillaceae,Bacillus,p,nose,81.3794,12.5,2,0.16,30,8,22.60496136,17.07,0.6865,4.082482905,2.090150236304448,Klebsiella pneumoniae,1.72637396289544,0.363776273409008,123.06944336160032,53.2566645110885
4,Pd,Bacillus subtilis,non-pathogenic,electrochemical synthesis,MBEC,hexagonal,Bacteria,Bacillota,Bacilli,Bacillales,Bacillaceae,Bacillus,p,urine,195.084,6.0,0,0.16,30,10,21.14774404,0.0,0.0,1.870828693,2.167950021938288,Klebsiella pneumoniae,1.8225730145849925,0.34537700735329535,147.21430803138657,66.46194008544936
5,Ag,Bacillus subtilis,non-pathogenic,electrochemical synthesis,MIC,spheroidal,Bacteria,Bacillota,Bacilli,Bacillales,Bacillaceae,Bacillus,p,meat,107.8682,4.7,24,0.16,30,11,23.00188061,0.0,0.0,1.78376517,1.7549030063825584,Klebsiella pneumoniae,1.4225269891543315,0.33237601722822685,56.87258996587418,26.45617101025765
6,ZnO,Bacillus subtilis,non-pathogenic,"purchased from us research nanomaterials, inc.в ",MBEC,nanoplates,Bacteria,Bacillota,Bacilli,Bacillales,Bacillaceae,Bacillus,p,mouth,81.3794,12.0,24,0.16,30,8,22.60496136,17.07,0.6865,4.082482905,2.588230831211041,Klebsiella pneumoniae,2.273781418947453,0.31444941226358836,387.4635303638138,187.83711918679234
7,ZnO,Bacillus subtilis,non-pathogenic,purchased from sigma aldrich ( citrate capped agnps),MBC,quasi-hexagonal,Bacteria,Bacillota,Bacilli,Bacillales,Bacillaceae,Bacillus,p,water,81.3794,26.38,18,0.16,30,8,22.60496136,17.07,0.6865,4.082482905,1.1536634820427305,Klebsiella pneumoniae,0.8901138984018598,0.26354958364087067,14.245033734099138,7.764507224869308
8,Ag,Bacillus subtilis,non-pathogenic,electrochemical synthesis,MBC,nanoplates,Bacteria,Bacillota,Bacilli,Bacillales,Bacillaceae,Bacillus,p,food,107.8682,0.8,2,0.16,30,11,23.00188061,0.0,0.0,1.78376517,1.3062182518567769,Klebsiella pneumoniae,1.1045273601300027,0.20169089172677412,20.240360892595962,12.721178897512063
9,Au,Bacillus subtilis,non-pathogenic,electrochemical synthesis,MBC,spherical,Bacteria,Bacillota,Bacilli,Bacillales,Bacillaceae,Bacillus,p,meat,196.966569,27.43,0,0.16,30,11,23.00188061,0.0,0.0,2.46797672,1.5256658310349427,Klebsiella pneumoniae,1.3433182118881297,0.18234761914681297,33.54793794663266,22.045411606723665
10,Ag,Bacillus subtilis,non-pathogenic,electrochemical synthesis,MIC,nanoplates,Bacteria,Bacillota,Bacilli,Bacillales,Bacillaceae,Bacillus,p,soil,107.87,25.0,1,0.16,30,11,23.00188061,0.0,0.0,1.78376517,1.582303217963139,Klebsiella pneumoniae,1.4022047327816873,0.18009848518145177,38.221103177602885,25.24670658731514
11,ZnO,Bacillus subtilis,non-pathogenic,chemical_synthesis,MBC,spheroidal,Bacteria,Bacillota,Bacilli,Bacillales,Bacillaceae,Bacillus,p,urine,81.3794,11.3,0,0.16,30,8,22.60496136,17.07,0.6865,4.082482905,1.9813427963060928,Klebsiella pneumoniae,1.814746979631949,0.1665958166741437,95.7949899738651,65.27501490041097
12,Ag,Bacillus subtilis,non-pathogenic,chemical_synthesis,MBC,hexagonal,Bacteria,Bacillota,Bacilli,Bacillales,Bacillaceae,Bacillus,p,mammary gland,107.87,13.0,2,0.16,30,11,23.00188061,0.0,0.0,1.78376517,2.0248996912276254,Klebsiella pneumoniae,1.910169969844979,0.11472972138264637,105.90090981427727,81.31486959276084
13,ZnO,Bacillus subtilis,non-pathogenic,chemical_synthesis,MBEC,nanoplates,Bacteria,Bacillota,Bacilli,Bacillales,Bacillaceae,Bacillus,p,respiratory tract,81.3794,50.0,1,0.16,30,8,22.60496136,17.07,0.6865,4.082482905,2.0788129486915023,Klebsiella pneumoniae,2.146140496948745,-0.06732754825724285,119.89827881746906,140.0040170966306
14,CuO,Bacillus subtilis,non-pathogenic,chemical_synthesis,MBC,quasi-hexagonal,Bacteria,Bacillota,Bacilli,Bacillales,Bacillaceae,Bacillus,p,lungs,79.5454,41.23,4,0.16,30,17,20.67942236,17.07,0.6865,1.651411411,1.9845004680204799,Klebsiella pneumoniae,2.143432394765195,-0.15893192674471512,96.49403516797271,139.133719296953
15,Ag,Bacillus subtilis,non-pathogenic,purchased from sigma aldrich ( citrate capped agnps),MBEC,quasi-spherical,Bacteria,Bacillota,Bacilli,Bacillales,Bacillaceae,Bacillus,p,nose,107.8682,41.23,24,0.16,30,11,23.00188061,0.0,0.0,1.78376517,1.311995293449153,Klebsiella pneumoniae,1.50751986419476,-0.19552457074560703,20.511399500218808,32.17509695001927
