,np,bacteria,bac_type,np_synthesis,method,shape,kingdom,phylum,class,order,family,genus,gram,isolated_from,mol_weight (g/mol),np_size_avg (nm),time_set,"min_Incub_period, h","growth_temp, C",Valance_electron,labuteASA,tpsa,CrippenMR,chi0v,pred_MIC_norm,pathogenic_bacteria,pred_MIC_pathogen,Fitness,pred_norm_MIC_original,pred_path_MIC_original
0,TiO2,Bacillus subtilis,non-pathogenic,purchased from sigma aldrich ( citrate capped agnps),MBC,hexagonal,Bacteria,Bacillota,Bacilli,Bacillales,Bacillaceae,Bacillus,p,lungs,79.866,10.4,1,0.16,30,16,26.40611331,34.14,1.373,2.878049394,3.2254110136788015,Klebsiella pneumoniae,2.4594585556023483,0.7659524580764532,1680.3935801791592,288.04381585993775
1,ZnO,Bacillus subtilis,non-pathogenic,electrochemical synthesis,MIC,spheroidal,Bacteria,Bacillota,Bacilli,Bacillales,Bacillaceae,Bacillus,p,soil,81.3794,5.1,18,0.16,30,8,22.60496136,17.07,0.6865,4.082482905,1.5571471994476216,Klebsiella pneumoniae,0.8480011275597312,0.7091460718878904,36.07008779917855,7.046948985657075
2,CuO,Bacillus subtilis,non-pathogenic,"purchased from us research nanomaterials, inc.в ",MBC,quasi-spherical,Bacteria,Bacillota,Bacilli,Bacillales,Bacillaceae,Bacillus,p,mouth,79.5454,13.0,2,0.16,30,17,20.67942236,17.07,0.6865,1.651411411,3.1708046383846913,Klebsiella pneumoniae,2.5490253370834495,0.6217793013012418,1481.851344012439,354.0179941706546
3,ZnO,Bacillus subtilis,non-pathogenic,electrochemical synthesis,MBC,spherical,Bacteria,Bacillota,Bacilli,Bacillales,Bacillaceae,Bacillus,p,food,81.3794,8.7,3,0.16,30,8,22.60496136,17.07,0.6865,4.082482905,2.054289788906242,Klebsiella pneumoniae,1.4461932303108822,0.6080965585953597,113.31562249477322,27.93786602077534
4,ZnO,Bacillus subtilis,non-pathogenic,"purchased from us research nanomaterials, inc.в ",MBC,quasi-hexagonal,Bacteria,Bacillota,Bacilli,Bacillales,Bacillaceae,Bacillus,p,skin,81.3794,1.4,18,0.16,30,8,22.60496136,17.07,0.6865,4.082482905,0.807285787479085,Klebsiella pneumoniae,0.20131354173888827,0.6059722457401967,6.41631663401929,1.5896940243942832
5,Al2O3,Bacillus subtilis,non-pathogenic,"purchased from us research nanomaterials, inc.в ",MBEC,cubic,Bacteria,Bacillota,Bacilli,Bacillales,Bacillaceae,Bacillus,p,lungs,101.961276,17.5,2,0.16,30,24,51.55776403,85.5,13.5675,4.688846487,2.9611406147303825,Klebsiella pneumoniae,2.4622351630617354,0.4989054516686471,914.4092585816928,289.89128747171605
6,Ag,Bacillus subtilis,non-pathogenic,"purchased from us research nanomaterials, inc.в ",MBC,triangular,Bacteria,Bacillota,Bacilli,Bacillales,Bacillaceae,Bacillus,p,mammary gland,107.87,9.0,18,0.16,30,11,23.00188061,0.0,0.0,1.78376517,0.6864633454603002,Klebsiella pneumoniae,0.2022942527327578,0.4841690927275424,4.858065270407064,1.5932878808111812
7,CuO,Bacillus subtilis,non-pathogenic,electrochemical synthesis,MIC,quasi-spherical,Bacteria,Bacillota,Bacilli,Bacillales,Bacillaceae,Bacillus,p,nose,79.5454,3.0,1,0.16,30,17,20.67942236,17.07,0.6865,1.651411411,2.084285416540948,Klebsiella pneumoniae,1.610255861341167,0.47402955519978085,121.41865467018431,40.76203535559925
8,Pd,Bacillus subtilis,non-pathogenic,chemical_synthesis,MIC,cubic,Bacteria,Bacillota,Bacilli,Bacillales,Bacillaceae,Bacillus,p,soil,195.084,11.3,4,0.16,30,10,21.14774404,0.0,0.0,1.870828693,1.3267382413235667,Klebsiella pneumoniae,0.8530139745648637,0.47372426675870294,21.219651222266172,7.128759684128628
9,Ag,Bacillus subtilis,non-pathogenic,"purchased from us research nanomaterials, inc.в ",MIC,spheroidal,Bacteria,Bacillota,Bacilli,Bacillales,Bacillaceae,Bacillus,p,nose,107.87,9.0,0,0.16,30,11,23.00188061,0.0,0.0,1.78376517,1.6049106435414748,Klebsiella pneumoniae,1.1420028464433956,0.4629077970980793,40.263418347720226,13.867649179464003
10,TiO2,Bacillus subtilis,non-pathogenic,electrochemical synthesis,MBEC,quasi-spherical,Bacteria,Bacillota,Bacilli,Bacillales,Bacillaceae,Bacillus,p,soil,79.866,28.0,4,0.16,30,16,26.40611331,34.14,1.373,2.878049394,2.4800442379563625,Klebsiella pneumoniae,2.023356294829015,0.4566879431273474,302.0259353361684,105.52522694446101
11,Ag,Bacillus subtilis,non-pathogenic,chemical_synthesis,MIC,cubic,Bacteria,Bacillota,Bacilli,Bacillales,Bacillaceae,Bacillus,p,carious dentine,107.87,20.0,3,0.16,30,11,23.00188061,0.0,0.0,1.78376517,1.1304570326936356,Klebsiella pneumoniae,0.6763878451962317,0.4540691874974039,13.503832198948276,4.746656946051467
12,ZnO,Bacillus subtilis,non-pathogenic,chemical_synthesis,MIC,quasi-hexagonal,Bacteria,Bacillota,Bacilli,Bacillales,Bacillaceae,Bacillus,p,mammary gland,81.3794,0.8,24,0.16,30,8,22.60496136,17.07,0.6865,4.082482905,1.5957577038370263,Klebsiella pneumoniae,1.1604379902695534,0.4353197135674729,39.42372927531581,14.468982463346762
13,Ag,Bacillus subtilis,non-pathogenic,"purchased from us research nanomaterials, inc.в ",MBEC,spherical,Bacteria,Bacillota,Bacilli,Bacillales,Bacillaceae,Bacillus,p,respiratory tract,107.87,5.1,1,0.16,30,11,23.00188061,0.0,0.0,1.78376517,2.078985468676617,Klebsiella pneumoniae,1.6539414695312347,0.42504399914538227,119.9459169043615,45.075595144385034
14,CeO2,Bacillus subtilis,non-pathogenic,electrochemical synthesis,MBEC,quasi-spherical,Bacteria,Bacillota,Bacilli,Bacillales,Bacillaceae,Bacillus,p,soil,172.115,13.5,2,0.16,30,16,39.19032095,34.14,1.373,4.456551526,2.768144911008693,Klebsiella pneumoniae,2.3653500749900265,0.4027948360186664,586.3337738260882,231.9263402625103
15,Au,Bacillus subtilis,non-pathogenic,electrochemical synthesis,MIC,quasi-hexagonal,Bacteria,Bacillota,Bacilli,Bacillales,Bacillaceae,Bacillus,p,soil,196.966569,40.0,1,0.16,30,11,23.00188061,0.0,0.0,2.46797672,0.1722537689482082,Klebsiella pneumoniae,-0.21572798849067065,0.38798175743887886,1.4868041647574741,0.6085160135662859
16,Au,Bacillus subtilis,non-pathogenic,electrochemical synthesis,MIC,quasi-hexagonal,Bacteria,Bacillota,Bacilli,Bacillales,Bacillaceae,Bacillus,p,soil,196.966569,40.0,1,0.16,30,11,23.00188061,0.0,0.0,2.46797672,0.1722537689482082,Klebsiella pneumoniae,-0.21572798849067065,0.38798175743887886,1.4868041647574741,0.6085160135662859
17,ZnO,Bacillus subtilis,non-pathogenic,green_synthesis,MBC,triangular,Bacteria,Bacillota,Bacilli,Bacillales,Bacillaceae,Bacillus,p,carious dentine,81.3794,8.7,24,0.16,30,8,22.60496136,17.07,0.6865,4.082482905,1.456295431227156,Klebsiella pneumoniae,1.073923238756079,0.382372192471077,28.595350964936713,11.855591828965386
18,Ag,Bacillus subtilis,non-pathogenic,green_synthesis,MBC,spheroidal,Bacteria,Bacillota,Bacilli,Bacillales,Bacillaceae,Bacillus,p,nose,107.87,79.0,18,0.16,30,11,23.00188061,0.0,0.0,1.78376517,0.8664454589355162,Klebsiella pneumoniae,0.5177486383053815,0.34869682063013463,7.352676507640097,3.2941899530792096
19,Au,Bacillus subtilis,non-pathogenic,electrochemical synthesis,MIC,spherical,Bacteria,Bacillota,Bacilli,Bacillales,Bacillaceae,Bacillus,p,lungs,196.966569,55.6,3,0.16,30,11,23.00188061,0.0,0.0,2.46797672,1.4031547653989564,Klebsiella pneumoniae,1.0717889215755148,0.3313658438234417,25.301994989665985,11.797471084805801
20,Pd,Bacillus subtilis,non-pathogenic,chemical_synthesis,MIC,spherical,Bacteria,Bacillota,Bacilli,Bacillales,Bacillaceae,Bacillus,p,mammary gland,195.084,3.0,24,0.16,30,10,21.14774404,0.0,0.0,1.870828693,1.129780842848589,Klebsiella pneumoniae,0.8015874736728617,0.3281933691757273,13.482823298912251,6.332678988844828
21,ZnO,Bacillus subtilis,non-pathogenic,electrochemical synthesis,MBEC,tetragonal,Bacteria,Bacillota,Bacilli,Bacillales,Bacillaceae,Bacillus,p,mammary gland,81.3794,9.0,4,0.16,30,8,22.60496136,17.07,0.6865,4.082482905,1.1882012456373112,Klebsiella pneumoniae,0.8699347324112446,0.3182665132260666,15.424150196762698,7.411988424724087
22,Ag,Bacillus subtilis,non-pathogenic,purchased from sigma aldrich ( citrate capped agnps),MIC,spherical,Bacteria,Bacillota,Bacilli,Bacillales,Bacillaceae,Bacillus,p,blood,107.8682,1.4,24,0.16,30,11,23.00188061,0.0,0.0,1.78376517,0.6094605393021204,Klebsiella pneumoniae,0.34402968899017927,0.26543085031194114,4.068745628498418,2.2081556805309686
23,ZnO,Bacillus subtilis,non-pathogenic,chemical_synthesis,MIC,spheroidal,Bacteria,Bacillota,Bacilli,Bacillales,Bacillaceae,Bacillus,p,urine,81.3794,4.7,4,0.16,30,8,22.60496136,17.07,0.6865,4.082482905,1.1884085399135533,Klebsiella pneumoniae,0.9346028949502411,0.25380564496331226,15.431514096999557,8.60206846720298
24,Au,Bacillus subtilis,non-pathogenic,electrochemical synthesis,MIC,quasi-hexagonal,Bacteria,Bacillota,Bacilli,Bacillales,Bacillaceae,Bacillus,p,skin,196.966569,3.0,24,0.16,30,11,23.00188061,0.0,0.0,2.46797672,2.3933951078576547,Klebsiella pneumoniae,2.1503176654922624,0.2430774423653923,247.39738673738026,141.35711257518545
25,ZnO,Bacillus subtilis,non-pathogenic,electrochemical synthesis,MIC,spherical,Bacteria,Bacillota,Bacilli,Bacillales,Bacillaceae,Bacillus,p,food,81.3794,12.5,2,0.16,30,8,22.60496136,17.07,0.6865,4.082482905,1.5299418871497967,Klebsiella pneumoniae,1.3062852228131383,0.22365666433665843,33.879881850971465,20.243482324947824
26,ZnO,Bacillus subtilis,non-pathogenic,green_synthesis,MBC,hexagonal,Bacteria,Bacillota,Bacilli,Bacillales,Bacillaceae,Bacillus,p,lungs,81.3794,60.0,18,0.16,30,8,22.60496136,17.07,0.6865,4.082482905,1.472601602901532,Klebsiella pneumoniae,1.2715621285093182,0.20103947439221392,29.689412440254817,18.68797001093295
27,ZnO,Bacillus subtilis,non-pathogenic,"purchased from us research nanomaterials, inc.в ",MBC,spheroidal,Bacteria,Bacillota,Bacilli,Bacillales,Bacillaceae,Bacillus,p,blood,81.3794,28.0,1,0.16,30,8,22.60496136,17.07,0.6865,4.082482905,1.9714478896308951,Klebsiella pneumoniae,1.837861665265456,0.1335862243654391,93.63708593632764,68.84329765831438
28,Cu,Bacillus subtilis,non-pathogenic,purchased from sigma aldrich ( citrate capped agnps),MIC,quasi-spherical,Bacteria,Bacillota,Bacilli,Bacillales,Bacillaceae,Bacillus,p,carious dentine,63.55,8.0,18,0.16,30,11,17.96409803,0.0,0.0,1.243163121,1.056398699353536,Klebsiella pneumoniae,1.0146593816313647,0.04173931772217121,11.386721517937676,10.343306200930936
29,Ag,Bacillus subtilis,non-pathogenic,purchased from sigma aldrich ( citrate capped agnps),MBEC,tetragonal,Bacteria,Bacillota,Bacilli,Bacillales,Bacillaceae,Bacillus,p,food,107.8682,0.8,2,0.16,30,11,23.00188061,0.0,0.0,1.78376517,0.2018573368438319,Klebsiella pneumoniae,0.18142988530081583,0.020427451543016062,1.5916857818441874,1.5185527593974952
30,ZnO,Bacillus subtilis,non-pathogenic,electrochemical synthesis,MIC,triangular,Bacteria,Bacillota,Bacilli,Bacillales,Bacillaceae,Bacillus,p,nose,81.3794,44.45,2,0.16,30,8,22.60496136,17.07,0.6865,4.082482905,-0.8880408140722778,Klebsiella pneumoniae,-0.8605590660908504,-0.02748174798142733,0.12940742213906217,0.13786084429899162
31,Au,Bacillus subtilis,non-pathogenic,green_synthesis,MBEC,triangular,Bacteria,Bacillota,Bacilli,Bacillales,Bacillaceae,Bacillus,p,soil,196.966569,9.0,0,0.16,30,11,23.00188061,0.0,0.0,2.46797672,0.7429329308969569,Klebsiella pneumoniae,0.7720648421562043,-0.02913191125924741,5.532646606745095,5.916499636319858
32,Ag,Bacillus subtilis,non-pathogenic,green_synthesis,MBEC,cubic,Bacteria,Bacillota,Bacilli,Bacillales,Bacillaceae,Bacillus,p,urine,107.8682,26.06,18,0.16,30,11,23.00188061,0.0,0.0,1.78376517,1.8585460066303745,Klebsiella pneumoniae,1.9884177836182308,-0.12987177698785635,72.20146449163407,97.36834396585611
33,ZnO,Bacillus subtilis,non-pathogenic,chemical_synthesis,MIC,rod-shaped,Bacteria,Bacillota,Bacilli,Bacillales,Bacillaceae,Bacillus,p,blood,81.3794,25.0,4,0.16,30,8,22.60496136,17.07,0.6865,4.082482905,0.15064744927801432,Klebsiella pneumoniae,0.2925217858130331,-0.1418743365350188,1.4146449360278597,1.96119955401169
