,np,bacteria,bac_type,np_synthesis,method,shape,kingdom,phylum,class,order,family,genus,gram,isolated_from,mol_weight (g/mol),np_size_avg (nm),time_set,"min_Incub_period, h","growth_temp, C",Valance_electron,labuteASA,tpsa,CrippenMR,chi0v,pred_MIC_norm,pathogenic_bacteria,pred_MIC_pathogen,Fitness,pred_norm_MIC_original,pred_path_MIC_original
0,Pd,Bacillus subtilis,non-pathogenic,chemical_synthesis,MIC,hexagonal,Bacteria,Bacillota,Bacilli,Bacillales,Bacillaceae,Bacillus,p,mouth,195.084,0.8,4,0.16,30,10,21.14774404,0.0,0.0,1.870828693,0.8987060162193384,Klebsiella pneumoniae,0.01774804109793271,0.8809579751214057,7.919650498938463,1.041712897215117
1,ZnO,Bacillus subtilis,non-pathogenic,"purchased from us research nanomaterials, inc.в ",MBC,cubic,Bacteria,Bacillota,Bacilli,Bacillales,Bacillaceae,Bacillus,p,mouth,81.3794,1.9,4,0.16,30,8,22.60496136,17.07,0.6865,4.082482905,1.7486495314812616,Klebsiella pneumoniae,0.8966430720445233,0.8520064594367383,56.05954021588033,7.882120537614927
2,Au,Bacillus subtilis,non-pathogenic,electrochemical synthesis,MIC,quasi-spherical,Bacteria,Bacillota,Bacilli,Bacillales,Bacillaceae,Bacillus,p,blood,196.966569,1.4,4,0.16,30,11,23.00188061,0.0,0.0,2.46797672,0.4155526648946626,Klebsiella pneumoniae,-0.14523764912655124,0.5607903140212138,2.6034705231305053,0.7157516384850486
3,Ni,Bacillus subtilis,non-pathogenic,green_synthesis,MBC,triangular,Bacteria,Bacillota,Bacilli,Bacillales,Bacillaceae,Bacillus,p,urine,58.6934,5.1,18,0.16,30,10,17.41523038,0.0,0.0,1.303840481,2.00371841809561,Klebsiella pneumoniae,1.5851586221453553,0.4185597959502545,100.85987326101564,38.47322763831241
4,Ag,Bacillus subtilis,non-pathogenic,"purchased from us research nanomaterials, inc.в ",MBEC,hexagonal,Bacteria,Bacillota,Bacilli,Bacillales,Bacillaceae,Bacillus,p,meat,107.8682,17.5,0,0.16,30,11,23.00188061,0.0,0.0,1.78376517,2.353458258110608,Klebsiella pneumoniae,1.9407427719812878,0.4127154861293201,225.6619091816962,87.24544697907922
5,Al2O3,Bacillus subtilis,non-pathogenic,green_synthesis,MIC,hexagonal,Bacteria,Bacillota,Bacilli,Bacillales,Bacillaceae,Bacillus,p,skin,101.961276,5.1,4,0.16,30,24,51.55776403,85.5,13.5675,4.688846487,2.655860607745568,Klebsiella pneumoniae,2.2491783507451744,0.40668225700039384,452.7522400774089,177.49182329500556
6,Au,Bacillus subtilis,non-pathogenic,chemical_synthesis,MIC,nanoplates,Bacteria,Bacillota,Bacilli,Bacillales,Bacillaceae,Bacillus,p,soil,196.966569,8.7,2,0.16,30,11,23.00188061,0.0,0.0,2.46797672,2.625807643116648,Klebsiella pneumoniae,2.31294439563181,0.31286324748483807,422.48144814205546,205.56273893707814
7,Ag,Bacillus subtilis,non-pathogenic,electrochemical synthesis,MBEC,quasi-hexagonal,Bacteria,Bacillota,Bacilli,Bacillales,Bacillaceae,Bacillus,p,skin,107.87,13.0,2,0.16,30,11,23.00188061,0.0,0.0,1.78376517,1.1904567761385414,Klebsiella pneumoniae,0.9269594033209592,0.26349737281758223,15.504464684199505,8.451998344622593
8,CuO,Bacillus subtilis,non-pathogenic,"purchased from us research nanomaterials, inc.в ",MBEC,hexagonal,Bacteria,Bacillota,Bacilli,Bacillales,Bacillaceae,Bacillus,p,water,79.5454,50.0,0,0.16,30,17,20.67942236,17.07,0.6865,1.651411411,3.4912997430103587,Klebsiella pneumoniae,3.3570172369613194,0.13428250604903935,3099.5578257028847,2275.187730203182
9,Ag,Bacillus subtilis,non-pathogenic,"purchased from us research nanomaterials, inc.в ",MIC,quasi-spherical,Bacteria,Bacillota,Bacilli,Bacillales,Bacillaceae,Bacillus,p,mouth,107.8682,26.06,3,0.16,30,11,23.00188061,0.0,0.0,1.78376517,1.8231093194672268,Klebsiella pneumoniae,1.80187908419348,0.02123023527374679,66.54406380928512,63.3693254493469
10,Cu,Bacillus subtilis,non-pathogenic,chemical_synthesis,MBEC,cubic,Bacteria,Bacillota,Bacilli,Bacillales,Bacillaceae,Bacillus,p,lungs,63.55,41.23,2,0.16,30,11,17.96409803,0.0,0.0,1.243163121,1.9965524337668656,Klebsiella pneumoniae,2.259865787972311,-0.2633133542054453,99.20931105945616,181.9138594941022
