,np,bacteria,bac_type,np_synthesis,method,shape,kingdom,phylum,class,order,family,genus,gram,isolated_from,mol_weight (g/mol),np_size_avg (nm),time_set,"min_Incub_period, h","growth_temp, C",Valance_electron,labuteASA,tpsa,CrippenMR,chi0v,pred_MIC_norm,pathogenic_bacteria,pred_MIC_pathogen,Fitness,pred_norm_MIC_original,pred_path_MIC_original
0,ZnO,Bacillus subtilis,non-pathogenic,"purchased from us research nanomaterials, inc.в ",MIC,cubic,Bacteria,Bacillota,Bacilli,Bacillales,Bacillaceae,Bacillus,p,water,81.3794,1.9,3,0.16,30,8,22.60496136,17.07,0.6865,4.082482905,1.6372486083720257,Klebsiella pneumoniae,0.6390853272500518,0.9981632811219738,43.37591092341386,4.355974485268537
1,CuO,Bacillus subtilis,non-pathogenic,"purchased from us research nanomaterials, inc.в ",MIC,quasi-spherical,Bacteria,Bacillota,Bacilli,Bacillales,Bacillaceae,Bacillus,p,urine,79.5454,1.4,4,0.16,30,17,20.67942236,17.07,0.6865,1.651411411,2.3511793104235643,Klebsiella pneumoniae,1.4977964286790666,0.8533828817444977,224.48085634415898,31.462731834006508
2,ZnO,Bacillus subtilis,non-pathogenic,purchased from sigma aldrich ( citrate capped agnps),MIC,hexagonal,Bacteria,Bacillota,Bacilli,Bacillales,Bacillaceae,Bacillus,p,meat,81.3794,0.8,4,0.16,30,8,22.60496136,17.07,0.6865,4.082482905,1.35755299977311,Klebsiella pneumoniae,0.5670377433428961,0.7905152564302138,22.779962235526718,3.690096667952289
3,ZnO,Bacillus subtilis,non-pathogenic,purchased from sigma aldrich ( citrate capped agnps),MBC,hexagonal,Bacteria,Bacillota,Bacilli,Bacillales,Bacillaceae,Bacillus,p,meat,81.3794,8.7,0,0.16,30,8,22.60496136,17.07,0.6865,4.082482905,2.390030634810804,Klebsiella pneumoniae,1.65775256595525,0.7322780688555539,245.48820751394246,45.47289100194372
4,ZnO,Bacillus subtilis,non-pathogenic,"purchased from us research nanomaterials, inc.в ",MIC,quasi-spherical,Bacteria,Bacillota,Bacilli,Bacillales,Bacillaceae,Bacillus,p,skin,81.3794,4.7,2,0.16,30,8,22.60496136,17.07,0.6865,4.082482905,1.3590934468231448,Klebsiella pneumoniae,0.6650406510292841,0.6940527957938607,22.86090646895997,4.6242430342318706
5,TiO2,Bacillus subtilis,non-pathogenic,"purchased from us research nanomaterials, inc.в ",MBC,spherical,Bacteria,Bacillota,Bacilli,Bacillales,Bacillaceae,Bacillus,p,water,79.866,5.1,2,0.16,30,16,26.40611331,34.14,1.373,2.878049394,2.9891959801295833,Klebsiella pneumoniae,2.3007805058366357,0.6884154742929476,975.4297117297077,199.88513868397854
6,ZnO,Bacillus subtilis,non-pathogenic,"purchased from us research nanomaterials, inc.в ",MBEC,nanoplates,Bacteria,Bacillota,Bacilli,Bacillales,Bacillaceae,Bacillus,p,carious dentine,81.3794,1.9,2,0.16,30,8,22.60496136,17.07,0.6865,4.082482905,1.657683829481209,Klebsiella pneumoniae,1.0116947761598925,0.6459890533213166,45.46569450513173,10.272940581258899
7,Ag,Bacillus subtilis,non-pathogenic,"purchased from us research nanomaterials, inc.в ",MIC,spheroidal,Bacteria,Bacillota,Bacilli,Bacillales,Bacillaceae,Bacillus,p,soil,107.87,8.7,24,0.16,30,11,23.00188061,0.0,0.0,1.78376517,1.6693384567614633,Klebsiella pneumoniae,1.0726095965110942,0.5967288602503691,46.70232016153741,11.81978553455675
8,CuO,Bacillus subtilis,non-pathogenic,purchased from sigma aldrich ( citrate capped agnps),MBC,hexagonal,Bacteria,Bacillota,Bacilli,Bacillales,Bacillaceae,Bacillus,p,meat,79.5454,8.0,1,0.16,30,17,20.67942236,17.07,0.6865,1.651411411,3.3109223009065945,Klebsiella pneumoniae,2.7143146522747488,0.5966076486318457,2046.0785425729239,517.9819810429888
9,CeO2,Bacillus subtilis,non-pathogenic,purchased from sigma aldrich ( citrate capped agnps),MIC,triangular,Bacteria,Bacillota,Bacilli,Bacillales,Bacillaceae,Bacillus,p,urine,172.115,1.4,0,0.16,30,16,39.19032095,34.14,1.373,4.456551526,0.7272718150217685,Klebsiella pneumoniae,0.13669486160700273,0.5905769534147658,5.336688021292115,1.3699189131753915
10,Ag,Bacillus subtilis,non-pathogenic,electrochemical synthesis,MBEC,tetragonal,Bacteria,Bacillota,Bacilli,Bacillales,Bacillaceae,Bacillus,p,mouth,107.87,6.0,18,0.16,30,11,23.00188061,0.0,0.0,1.78376517,0.798287160851692,Klebsiella pneumoniae,0.21113562475255088,0.5871515360991412,6.284737760473772,1.6260564736348004
11,ZnO,Bacillus subtilis,non-pathogenic,electrochemical synthesis,MBEC,quasi-spherical,Bacteria,Bacillota,Bacilli,Bacillales,Bacillaceae,Bacillus,p,urine,81.3794,4.0,18,0.16,30,8,22.60496136,17.07,0.6865,4.082482905,1.840766490101752,Klebsiella pneumoniae,1.2593871902979927,0.5813792998037592,69.30530675333777,18.17134986818183
12,ZnO,Bacillus subtilis,non-pathogenic,"purchased from us research nanomaterials, inc.в ",MBEC,spherical,Bacteria,Bacillota,Bacilli,Bacillales,Bacillaceae,Bacillus,p,water,81.3794,10.0,2,0.16,30,8,22.60496136,17.07,0.6865,4.082482905,2.3980232336063256,Klebsiella pneumoniae,1.8214535903580897,0.5765696432482359,250.04791271393404,66.2908504057731
13,Ag,Bacillus subtilis,non-pathogenic,chemical_synthesis,MIC,quasi-hexagonal,Bacteria,Bacillota,Bacilli,Bacillales,Bacillaceae,Bacillus,p,water,107.87,10.4,3,0.16,30,11,23.00188061,0.0,0.0,1.78376517,0.9276280690131031,Klebsiella pneumoniae,0.35131260614210613,0.576315462870997,8.46502156857088,2.245497656458306
14,ZnO,Bacillus subtilis,non-pathogenic,purchased from sigma aldrich ( citrate capped agnps),MBEC,quasi-spherical,Bacteria,Bacillota,Bacilli,Bacillales,Bacillaceae,Bacillus,p,lungs,81.3794,4.7,3,0.16,30,8,22.60496136,17.07,0.6865,4.082482905,1.9272969228901717,Klebsiella pneumoniae,1.3634768375049269,0.5638200853852449,84.5856951640827,23.092812933134287
15,CuO,Bacillus subtilis,non-pathogenic,"purchased from us research nanomaterials, inc.в ",MBC,spherical,Bacteria,Bacillota,Bacilli,Bacillales,Bacillaceae,Bacillus,p,meat,79.5454,13.5,2,0.16,30,17,20.67942236,17.07,0.6865,1.651411411,3.1799764686988685,Klebsiella pneumoniae,2.618985790306965,0.5609906783919034,1513.4792416363755,415.8970025259997
16,ZnO,Bacillus subtilis,non-pathogenic,electrochemical synthesis,MBEC,quasi-spherical,Bacteria,Bacillota,Bacilli,Bacillales,Bacillaceae,Bacillus,p,blood,81.3794,12.0,2,0.16,30,8,22.60496136,17.07,0.6865,4.082482905,1.2668430244732973,Klebsiella pneumoniae,0.7061837346667821,0.5606592898065152,18.48600322531037,5.083744723676718
17,TiO2,Bacillus subtilis,non-pathogenic,"purchased from us research nanomaterials, inc.в ",MBC,tetragonal,Bacteria,Bacillota,Bacilli,Bacillales,Bacillaceae,Bacillus,p,respiratory tract,79.866,10.0,18,0.16,30,16,26.40611331,34.14,1.373,2.878049394,2.1939865625042687,Klebsiella pneumoniae,1.6599679571846693,0.5340186053195994,156.30992780733632,45.70544662940449
18,Ag,Bacillus subtilis,non-pathogenic,"purchased from us research nanomaterials, inc.в ",MBC,tetragonal,Bacteria,Bacillota,Bacilli,Bacillales,Bacillaceae,Bacillus,p,urine,107.87,1.4,1,0.16,30,11,23.00188061,0.0,0.0,1.78376517,0.6014990526037645,Klebsiella pneumoniae,0.07114037861284506,0.5303586739909194,3.9948368984946545,1.1779866769830958
19,Ag,Bacillus subtilis,non-pathogenic,green_synthesis,MBC,cubic,Bacteria,Bacillota,Bacilli,Bacillales,Bacillaceae,Bacillus,p,lungs,107.8682,6.0,0,0.16,30,11,23.00188061,0.0,0.0,1.78376517,2.2097284285461978,Klebsiella pneumoniae,1.6797737113528146,0.5299547171933832,162.07962699523216,47.83807676167512
20,ZnO,Bacillus subtilis,non-pathogenic,green_synthesis,MIC,rod-shaped,Bacteria,Bacillota,Bacilli,Bacillales,Bacillaceae,Bacillus,p,mammary gland,81.3794,4.7,1,0.16,30,8,22.60496136,17.07,0.6865,4.082482905,0.9257374881362382,Klebsiella pneumoniae,0.40831259202792936,0.5174248961083089,8.42825153122984,2.5604281425340916
21,Ag,Bacillus subtilis,non-pathogenic,chemical_synthesis,MIC,cubic,Bacteria,Bacillota,Bacilli,Bacillales,Bacillaceae,Bacillus,p,lungs,107.87,26.06,4,0.16,30,11,23.00188061,0.0,0.0,1.78376517,1.6456240509551086,Klebsiella pneumoniae,1.1292752889000217,0.5163487620550868,44.220540945348496,13.467137332315817
22,ZnO,Bacillus subtilis,non-pathogenic,"purchased from us research nanomaterials, inc.в ",MIC,nanoplates,Bacteria,Bacillota,Bacilli,Bacillales,Bacillaceae,Bacillus,p,mammary gland,81.3794,8.0,18,0.16,30,8,22.60496136,17.07,0.6865,4.082482905,1.6466087505222216,Klebsiella pneumoniae,1.1319668422951212,0.5146419082271003,44.32091834238405,13.550859497072583
23,ZnO,Bacillus subtilis,non-pathogenic,chemical_synthesis,MBC,spherical,Bacteria,Bacillota,Bacilli,Bacillales,Bacillaceae,Bacillus,p,soil,81.3794,8.7,4,0.16,30,8,22.60496136,17.07,0.6865,4.082482905,1.7221513806444841,Klebsiella pneumoniae,1.241720392544726,0.48043098809975815,52.741366828920604,17.446985195222464
24,TiO2,Bacillus subtilis,non-pathogenic,green_synthesis,MBEC,rod-shaped,Bacteria,Bacillota,Bacilli,Bacillales,Bacillaceae,Bacillus,p,mouth,79.866,10.4,2,0.16,30,16,26.40611331,34.14,1.373,2.878049394,2.8345116086561344,Klebsiella pneumoniae,2.362062538306287,0.4724490703498474,683.1429780914187,230.1773248367439
25,ZnO,Bacillus subtilis,non-pathogenic,chemical_synthesis,MBEC,spheroidal,Bacteria,Bacillota,Bacilli,Bacillales,Bacillaceae,Bacillus,p,mouth,81.3794,10.4,18,0.16,30,8,22.60496136,17.07,0.6865,4.082482905,2.2000907441095143,Klebsiella pneumoniae,1.7295878717024529,0.47050287240706146,158.52243842071417,53.65224161511103
26,TiO2,Bacillus subtilis,non-pathogenic,electrochemical synthesis,MBEC,triangular,Bacteria,Bacillota,Bacilli,Bacillales,Bacillaceae,Bacillus,p,water,79.866,12.0,18,0.16,30,16,26.40611331,34.14,1.373,2.878049394,1.2523878046946648,Klebsiella pneumoniae,0.7911789599846151,0.46120884471004975,17.880835372973003,6.182711190002635
27,CeO2,Bacillus subtilis,non-pathogenic,electrochemical synthesis,MIC,rod-shaped,Bacteria,Bacillota,Bacilli,Bacillales,Bacillaceae,Bacillus,p,carious dentine,172.115,5.1,4,0.16,30,16,39.19032095,34.14,1.373,4.456551526,1.8583092453123262,Klebsiella pneumoniae,1.397374696035345,0.4609345492769812,72.16211364604915,24.96747915920997
28,Au,Bacillus subtilis,non-pathogenic,chemical_synthesis,MIC,hexagonal,Bacteria,Bacillota,Bacilli,Bacillales,Bacillaceae,Bacillus,p,meat,196.966569,11.3,4,0.16,30,11,23.00188061,0.0,0.0,2.46797672,2.3866170752907028,Klebsiella pneumoniae,1.9297729310200145,0.4568441442706883,243.56623071203862,85.06931406994147
29,Ag,Bacillus subtilis,non-pathogenic,electrochemical synthesis,MIC,spheroidal,Bacteria,Bacillota,Bacilli,Bacillales,Bacillaceae,Bacillus,p,meat,107.87,30.0,18,0.16,30,11,23.00188061,0.0,0.0,1.78376517,1.1716331014728136,Klebsiella pneumoniae,0.7149634841932346,0.456669617279579,14.846808315656137,5.18756419665182
30,Pd,Bacillus subtilis,non-pathogenic,purchased from sigma aldrich ( citrate capped agnps),MIC,nanoplates,Bacteria,Bacillota,Bacilli,Bacillales,Bacillaceae,Bacillus,p,mouth,195.084,5.1,2,0.16,30,10,21.14774404,0.0,0.0,1.870828693,1.7381946602814062,Klebsiella pneumoniae,1.2836544563004864,0.4545402039809199,54.72612023642336,19.21562241498323
31,ZnO,Bacillus subtilis,non-pathogenic,purchased from sigma aldrich ( citrate capped agnps),MBC,cubic,Bacteria,Bacillota,Bacilli,Bacillales,Bacillaceae,Bacillus,p,food,81.3794,22.5,3,0.16,30,8,22.60496136,17.07,0.6865,4.082482905,2.3765440150133066,Klebsiella pneumoniae,1.9295490975708824,0.44699491744242414,237.98194794253675,85.02548101954828
32,CeO2,Bacillus subtilis,non-pathogenic,purchased from sigma aldrich ( citrate capped agnps),MIC,spherical,Bacteria,Bacillota,Bacilli,Bacillales,Bacillaceae,Bacillus,p,mammary gland,172.115,1.9,18,0.16,30,16,39.19032095,34.14,1.373,4.456551526,1.9331460918170786,Klebsiella pneumoniae,1.4888348775339733,0.4443112142831054,85.73261916926928,30.820159187171132
33,ZnO,Bacillus subtilis,non-pathogenic,purchased from sigma aldrich ( citrate capped agnps),MBEC,quasi-hexagonal,Bacteria,Bacillota,Bacilli,Bacillales,Bacillaceae,Bacillus,p,food,81.3794,18.0,4,0.16,30,8,22.60496136,17.07,0.6865,4.082482905,1.3181529557286344,Klebsiella pneumoniae,0.8796614532336491,0.43849150249498536,20.804292719248387,7.57986469398558
34,Cu,Bacillus subtilis,non-pathogenic,electrochemical synthesis,MIC,cubic,Bacteria,Bacillota,Bacilli,Bacillales,Bacillaceae,Bacillus,p,blood,63.55,1.4,0,0.16,30,11,17.96409803,0.0,0.0,1.243163121,0.5751516684486024,Klebsiella pneumoniae,0.14237777988964107,0.4327738885589614,3.7596868072201155,1.3879626514529524
35,Ag,Bacillus subtilis,non-pathogenic,"purchased from us research nanomaterials, inc.в ",MBEC,nanoplates,Bacteria,Bacillota,Bacilli,Bacillales,Bacillaceae,Bacillus,p,nose,107.87,8.7,1,0.16,30,11,23.00188061,0.0,0.0,1.78376517,2.1886526744944104,Klebsiella pneumoniae,1.756582477068291,0.4320701974261194,154.40191216963947,57.0929491363829
36,TiO2,Bacillus subtilis,non-pathogenic,"purchased from us research nanomaterials, inc.в ",MBC,tetragonal,Bacteria,Bacillota,Bacilli,Bacillales,Bacillaceae,Bacillus,p,lungs,79.866,1.9,4,0.16,30,16,26.40611331,34.14,1.373,2.878049394,1.6997882454199404,Klebsiella pneumoniae,1.2715990719796422,0.4281891734402983,50.09429228484253,18.689559779764142
37,ZnO,Bacillus subtilis,non-pathogenic,"purchased from us research nanomaterials, inc.в ",MBEC,cubic,Bacteria,Bacillota,Bacilli,Bacillales,Bacillaceae,Bacillus,p,respiratory tract,81.3794,0.8,18,0.16,30,8,22.60496136,17.07,0.6865,4.082482905,1.9721356499868086,Klebsiella pneumoniae,1.544835327899952,0.42730032208685653,93.78548960675619,35.06189040411906
38,TiO2,Bacillus subtilis,non-pathogenic,"purchased from us research nanomaterials, inc.в ",MBC,spheroidal,Bacteria,Bacillota,Bacilli,Bacillales,Bacillaceae,Bacillus,p,meat,79.866,18.0,0,0.16,30,16,26.40611331,34.14,1.373,2.878049394,3.1679390312383773,Klebsiella pneumoniae,2.7444736577748485,0.42346537346352875,1472.1058252282846,555.2309384462618
39,ZnO,Bacillus subtilis,non-pathogenic,green_synthesis,MBC,triangular,Bacteria,Bacillota,Bacilli,Bacillales,Bacillaceae,Bacillus,p,skin,81.3794,12.5,18,0.16,30,8,22.60496136,17.07,0.6865,4.082482905,1.3523386333304994,Klebsiella pneumoniae,0.9340029879823832,0.4183356453481162,22.50808949684127,8.590194316106487
40,ZnO,Bacillus subtilis,non-pathogenic,green_synthesis,MBEC,quasi-spherical,Bacteria,Bacillota,Bacilli,Bacillales,Bacillaceae,Bacillus,p,food,81.3794,8.7,18,0.16,30,8,22.60496136,17.07,0.6865,4.082482905,2.2083619346944103,Klebsiella pneumoniae,1.7913143272275134,0.41704760746689695,161.5704500496772,61.84638608033862
41,Ag,Bacillus subtilis,non-pathogenic,"purchased from us research nanomaterials, inc.в ",MBEC,tetragonal,Bacteria,Bacillota,Bacilli,Bacillales,Bacillaceae,Bacillus,p,nose,107.8682,0.8,24,0.16,30,11,23.00188061,0.0,0.0,1.78376517,1.0354375063805965,Klebsiella pneumoniae,0.6200136532958604,0.41542385308473606,10.850194074952455,4.168824891641269
42,ZnO,Bacillus subtilis,non-pathogenic,electrochemical synthesis,MBC,cubic,Bacteria,Bacillota,Bacilli,Bacillales,Bacillaceae,Bacillus,p,soil,81.3794,27.43,2,0.16,30,8,22.60496136,17.07,0.6865,4.082482905,1.8589095157615392,Klebsiella pneumoniae,1.4550965609926634,0.4038129547688758,72.2619231892037,28.516522331021932
43,Pt,Bacillus subtilis,non-pathogenic,purchased from sigma aldrich ( citrate capped agnps),MBC,nanoplates,Bacteria,Bacillota,Bacilli,Bacillales,Bacillaceae,Bacillus,p,food,195.084,1.4,3,0.16,30,10,21.75656585,0.0,0.0,2.588435821,1.206675527692883,Klebsiella pneumoniae,0.8065720403991053,0.40010348729377776,16.094427308170932,6.405780312955375
44,ZnO,Bacillus subtilis,non-pathogenic,electrochemical synthesis,MBC,spheroidal,Bacteria,Bacillota,Bacilli,Bacillales,Bacillaceae,Bacillus,p,mouth,81.3794,27.43,18,0.16,30,8,22.60496136,17.07,0.6865,4.082482905,1.7934764071562908,Klebsiella pneumoniae,1.3981805951320077,0.3952958120242831,62.15504813974462,25.01385310666157
45,TiO2,Bacillus subtilis,non-pathogenic,purchased from sigma aldrich ( citrate capped agnps),MBEC,quasi-spherical,Bacteria,Bacillota,Bacilli,Bacillales,Bacillaceae,Bacillus,p,mouth,79.866,20.0,4,0.16,30,16,26.40611331,34.14,1.373,2.878049394,2.820635850932765,Klebsiella pneumoniae,2.425379250528857,0.39525660040390775,661.6614783397815,266.30495703553885
46,Ag,Bacillus subtilis,non-pathogenic,"purchased from us research nanomaterials, inc.в ",MBEC,quasi-spherical,Bacteria,Bacillota,Bacilli,Bacillales,Bacillaceae,Bacillus,p,mouth,107.87,9.0,1,0.16,30,11,23.00188061,0.0,0.0,1.78376517,2.0654306331526655,Klebsiella pneumoniae,1.6702124889870542,0.3952181441656113,116.26008419986788,46.79640479130237
47,ZnO,Bacillus subtilis,non-pathogenic,"purchased from us research nanomaterials, inc.в ",MBEC,spheroidal,Bacteria,Bacillota,Bacilli,Bacillales,Bacillaceae,Bacillus,p,water,81.3794,9.0,2,0.16,30,8,22.60496136,17.07,0.6865,4.082482905,2.4844537933762902,Klebsiella pneumoniae,2.0896869075523963,0.39476688582389396,305.1081393034099,122.93821626124932
48,CuO,Bacillus subtilis,non-pathogenic,purchased from sigma aldrich ( citrate capped agnps),MBC,quasi-hexagonal,Bacteria,Bacillota,Bacilli,Bacillales,Bacillaceae,Bacillus,p,mouth,79.5454,25.0,4,0.16,30,17,20.67942236,17.07,0.6865,1.651411411,2.6736121764805993,Klebsiella pneumoniae,2.283028571103474,0.3905836053771252,471.64167871271155,191.879496904442
49,ZnO,Bacillus subtilis,non-pathogenic,purchased from sigma aldrich ( citrate capped agnps),MBEC,hexagonal,Bacteria,Bacillota,Bacilli,Bacillales,Bacillaceae,Bacillus,p,respiratory tract,81.3794,12.5,2,0.16,30,8,22.60496136,17.07,0.6865,4.082482905,2.438394943421231,Klebsiella pneumoniae,2.0482919773756842,0.39010296604554684,274.4068468324639,111.76143704791177
50,Au,Bacillus subtilis,non-pathogenic,electrochemical synthesis,MIC,quasi-spherical,Bacteria,Bacillota,Bacilli,Bacillales,Bacillaceae,Bacillus,p,mammary gland,196.966569,40.0,3,0.16,30,11,23.00188061,0.0,0.0,2.46797672,1.0540658402713534,Klebsiella pneumoniae,0.6641628479089556,0.3899029923623978,11.325720513461738,4.614905877853988
51,ZnO,Bacillus subtilis,non-pathogenic,"purchased from us research nanomaterials, inc.в ",MBEC,quasi-spherical,Bacteria,Bacillota,Bacilli,Bacillales,Bacillaceae,Bacillus,p,food,81.3794,50.0,4,0.16,30,8,22.60496136,17.07,0.6865,4.082482905,1.670492483171878,Klebsiella pneumoniae,1.2885139998333253,0.38197848333855267,46.826584649432675,19.431843309348746
52,Ag,Bacillus subtilis,non-pathogenic,"purchased from us research nanomaterials, inc.в ",MBC,nanoplates,Bacteria,Bacillota,Bacilli,Bacillales,Bacillaceae,Bacillus,p,respiratory tract,107.87,5.1,3,0.16,30,11,23.00188061,0.0,0.0,1.78376517,1.8389504587162895,Klebsiella pneumoniae,1.461340044488086,0.3776104142282035,69.01610705911104,28.929441171689085
53,ZnO,Bacillus subtilis,non-pathogenic,electrochemical synthesis,MBC,quasi-hexagonal,Bacteria,Bacillota,Bacilli,Bacillales,Bacillaceae,Bacillus,p,urine,81.3794,41.23,3,0.16,30,8,22.60496136,17.07,0.6865,4.082482905,0.08146178000323245,Klebsiella pneumoniae,-0.29502222354220775,0.3764840035454402,1.2063179217643103,0.5069647654142717
54,Au,Bacillus subtilis,non-pathogenic,green_synthesis,MIC,tetragonal,Bacteria,Bacillota,Bacilli,Bacillales,Bacillaceae,Bacillus,p,skin,196.966569,41.23,24,0.16,30,11,23.00188061,0.0,0.0,2.46797672,0.5000753811279937,Klebsiella pneumoniae,0.1269796679643327,0.37309571316366097,3.162826588961684,1.3396139702657186
55,CuO,Bacillus subtilis,non-pathogenic,electrochemical synthesis,MBC,quasi-hexagonal,Bacteria,Bacillota,Bacilli,Bacillales,Bacillaceae,Bacillus,p,urine,79.5454,27.43,0,0.16,30,17,20.67942236,17.07,0.6865,1.651411411,2.082319649409148,Klebsiella pneumoniae,1.7237684877110038,0.35855116169814405,120.87031374347912,52.93811678708601
56,ZnO,Bacillus subtilis,non-pathogenic,purchased from sigma aldrich ( citrate capped agnps),MBC,quasi-spherical,Bacteria,Bacillota,Bacilli,Bacillales,Bacillaceae,Bacillus,p,lungs,81.3794,30.0,1,0.16,30,8,22.60496136,17.07,0.6865,4.082482905,1.7812590272170707,Klebsiella pneumoniae,1.4253319679210132,0.3559270592960575,60.43089512344436,26.627596539976505
57,Ag,Bacillus subtilis,non-pathogenic,electrochemical synthesis,MIC,nanoplates,Bacteria,Bacillota,Bacilli,Bacillales,Bacillaceae,Bacillus,p,mouth,107.8682,9.0,2,0.16,30,11,23.00188061,0.0,0.0,1.78376517,2.1893952916994506,Klebsiella pneumoniae,1.8713953562882921,0.31799993541115845,154.66615592420558,74.3695847021599
58,Au,Bacillus subtilis,non-pathogenic,purchased from sigma aldrich ( citrate capped agnps),MBEC,tetragonal,Bacteria,Bacillota,Bacilli,Bacillales,Bacillaceae,Bacillus,p,urine,196.966569,5.1,18,0.16,30,11,23.00188061,0.0,0.0,2.46797672,1.0182936244790717,Klebsiella pneumoniae,0.7020572493632731,0.3162363751157986,10.43022373636833,5.035669853835769
59,ZnO,Bacillus subtilis,non-pathogenic,purchased from sigma aldrich ( citrate capped agnps),MBC,spheroidal,Bacteria,Bacillota,Bacilli,Bacillales,Bacillaceae,Bacillus,p,meat,81.3794,1.9,4,0.16,30,8,22.60496136,17.07,0.6865,4.082482905,1.501489012131578,Klebsiella pneumoniae,1.2251581479239337,0.2763308642076443,31.731383808264955,16.794154643365076
60,TiO2,Bacillus subtilis,non-pathogenic,chemical_synthesis,MIC,nanoplates,Bacteria,Bacillota,Bacilli,Bacillales,Bacillaceae,Bacillus,p,food,79.866,10.0,18,0.16,30,16,26.40611331,34.14,1.373,2.878049394,2.8082090015060746,Klebsiella pneumoniae,2.553507613523835,0.2547013879822395,642.997081199406,357.69067112029546
61,ZnO,Bacillus subtilis,non-pathogenic,purchased from sigma aldrich ( citrate capped agnps),MBEC,quasi-spherical,Bacteria,Bacillota,Bacilli,Bacillales,Bacillaceae,Bacillus,p,mammary gland,81.3794,22.5,2,0.16,30,8,22.60496136,17.07,0.6865,4.082482905,2.221907542967995,Klebsiella pneumoniae,1.9694926978050638,0.2524148451629311,166.68923097648138,93.21647968606678
62,Au,Bacillus subtilis,non-pathogenic,chemical_synthesis,MBC,nanoplates,Bacteria,Bacillota,Bacilli,Bacillales,Bacillaceae,Bacillus,p,carious dentine,196.966569,28.0,3,0.16,30,11,23.00188061,0.0,0.0,2.46797672,1.3992607836535893,Klebsiella pneumoniae,1.1738290955841602,0.22543168806942915,25.07614564785421,14.92207077768266
63,Ag,Bacillus subtilis,non-pathogenic,electrochemical synthesis,MBEC,triangular,Bacteria,Bacillota,Bacilli,Bacillales,Bacillaceae,Bacillus,p,food,107.87,10.0,1,0.16,30,11,23.00188061,0.0,0.0,1.78376517,0.1875367528809624,Klebsiella pneumoniae,-0.02999935414967103,0.21753610703063342,1.540056850375192,0.9332556886641422
64,ZnO,Bacillus subtilis,non-pathogenic,"purchased from us research nanomaterials, inc.в ",MIC,hexagonal,Bacteria,Bacillota,Bacilli,Bacillales,Bacillaceae,Bacillus,p,blood,81.3794,55.6,3,0.16,30,8,22.60496136,17.07,0.6865,4.082482905,0.755472358370718,Klebsiella pneumoniae,0.5437140959140132,0.21175826245670482,5.69471977675582,3.4971486746921534
65,ZnO,Bacillus subtilis,non-pathogenic,"purchased from us research nanomaterials, inc.в ",MIC,quasi-hexagonal,Bacteria,Bacillota,Bacilli,Bacillales,Bacillaceae,Bacillus,p,mouth,81.3794,45.26,3,0.16,30,8,22.60496136,17.07,0.6865,4.082482905,0.4533453282412332,Klebsiella pneumoniae,0.24522222327016374,0.20812310497106945,2.8401764905064755,1.7588233525309576
66,CuO,Bacillus subtilis,non-pathogenic,"purchased from us research nanomaterials, inc.в ",MBEC,triangular,Bacteria,Bacillota,Bacilli,Bacillales,Bacillaceae,Bacillus,p,respiratory tract,79.5454,5.1,24,0.16,30,17,20.67942236,17.07,0.6865,1.651411411,1.4256815244125598,Klebsiella pneumoniae,1.2247765416233698,0.20090498278919,26.649037282342523,16.779404420439562
67,Au,Bacillus subtilis,non-pathogenic,green_synthesis,MBC,nanoplates,Bacteria,Bacillota,Bacilli,Bacillales,Bacillaceae,Bacillus,p,skin,196.966569,35.0,4,0.16,30,11,23.00188061,0.0,0.0,2.46797672,1.5189021865751444,Klebsiella pneumoniae,1.3258946399618208,0.19300754661332364,33.029514235368254,21.178472822098293
68,ZnO,Bacillus subtilis,non-pathogenic,purchased from sigma aldrich ( citrate capped agnps),MBC,nanoplates,Bacteria,Bacillota,Bacilli,Bacillales,Bacillaceae,Bacillus,p,respiratory tract,81.3794,79.0,2,0.16,30,8,22.60496136,17.07,0.6865,4.082482905,1.8406593683323944,Klebsiella pneumoniae,1.6531921219919237,0.18746724634047074,69.2882142231171,44.99788712786058
69,Ag,Bacillus subtilis,non-pathogenic,"purchased from us research nanomaterials, inc.в ",MBEC,tetragonal,Bacteria,Bacillota,Bacilli,Bacillales,Bacillaceae,Bacillus,p,lungs,107.87,20.0,2,0.16,30,11,23.00188061,0.0,0.0,1.78376517,1.486332795914442,Klebsiella pneumoniae,1.3180464468074748,0.16828634910696705,30.64310687666411,20.799191178302273
70,Au,Bacillus subtilis,non-pathogenic,"purchased from us research nanomaterials, inc.в ",MBEC,spheroidal,Bacteria,Bacillota,Bacilli,Bacillales,Bacillaceae,Bacillus,p,mammary gland,196.966569,10.0,3,0.16,30,11,23.00188061,0.0,0.0,2.46797672,2.187380929313933,Klebsiella pneumoniae,2.0227056550357356,0.1646752742781974,153.9504381680663,105.36725232220883
71,CuO,Bacillus subtilis,non-pathogenic,purchased from sigma aldrich ( citrate capped agnps),MBC,spherical,Bacteria,Bacillota,Bacilli,Bacillales,Bacillaceae,Bacillus,p,nose,79.5454,1.4,18,0.16,30,17,20.67942236,17.07,0.6865,1.651411411,2.403714765665136,Klebsiella pneumoniae,2.2396240756281522,0.16409069003698384,253.3464164677017,173.62972429243106
72,Ag,Bacillus subtilis,non-pathogenic,electrochemical synthesis,MBEC,cubic,Bacteria,Bacillota,Bacilli,Bacillales,Bacillaceae,Bacillus,p,blood,107.87,10.0,18,0.16,30,11,23.00188061,0.0,0.0,1.78376517,1.1858200255810654,Klebsiella pneumoniae,1.0245060868654927,0.16131393871557265,15.339811594320848,10.58049745015755
73,ZnO,Bacillus subtilis,non-pathogenic,electrochemical synthesis,MIC,quasi-hexagonal,Bacteria,Bacillota,Bacilli,Bacillales,Bacillaceae,Bacillus,p,water,81.3794,45.26,2,0.16,30,8,22.60496136,17.07,0.6865,4.082482905,-0.1839777676507841,Klebsiella pneumoniae,-0.3384240932261875,0.1544463255754034,0.6546696869788359,0.4587498199134613
74,Ag,Bacillus subtilis,non-pathogenic,chemical_synthesis,MBEC,spheroidal,Bacteria,Bacillota,Bacilli,Bacillales,Bacillaceae,Bacillus,p,skin,107.87,37.86,0,0.16,30,11,23.00188061,0.0,0.0,1.78376517,1.589488182269498,Klebsiella pneumoniae,1.4726345756967376,0.11685360657276034,38.85869238434741,29.691666625191253
75,ZnO,Bacillus subtilis,non-pathogenic,green_synthesis,MBEC,quasi-hexagonal,Bacteria,Bacillota,Bacilli,Bacillales,Bacillaceae,Bacillus,p,lungs,81.3794,28.0,18,0.16,30,8,22.60496136,17.07,0.6865,4.082482905,1.020705466225391,Klebsiella pneumoniae,0.9084021905654112,0.11230327565997977,10.488308817484171,8.098455321465977
76,Ag,Bacillus subtilis,non-pathogenic,electrochemical synthesis,MBC,tetragonal,Bacteria,Bacillota,Bacilli,Bacillales,Bacillaceae,Bacillus,p,mammary gland,107.87,11.3,4,0.16,30,11,23.00188061,0.0,0.0,1.78376517,1.073615013874326,Klebsiella pneumoniae,0.9704160930692675,0.10319892080505844,11.847180734341439,9.34148870599379
77,ZnO,Bacillus subtilis,non-pathogenic,chemical_synthesis,MBC,cubic,Bacteria,Bacillota,Bacilli,Bacillales,Bacillaceae,Bacillus,p,water,81.3794,55.6,0,0.16,30,8,22.60496136,17.07,0.6865,4.082482905,2.1275438387870533,Klebsiella pneumoniae,2.05351616363222,0.07402767515483344,134.13553283824226,113.1139487456512
78,Au,Bacillus subtilis,non-pathogenic,purchased from sigma aldrich ( citrate capped agnps),MBC,quasi-hexagonal,Bacteria,Bacillota,Bacilli,Bacillales,Bacillaceae,Bacillus,p,food,196.966569,10.0,18,0.16,30,11,23.00188061,0.0,0.0,2.46797672,0.9081084473813142,Klebsiella pneumoniae,0.8611114833456057,0.04699696403570852,8.09297963195669,7.26292372679708
79,Ag,Bacillus subtilis,non-pathogenic,purchased from sigma aldrich ( citrate capped agnps),MBEC,tetragonal,Bacteria,Bacillota,Bacilli,Bacillales,Bacillaceae,Bacillus,p,respiratory tract,107.8682,26.06,3,0.16,30,11,23.00188061,0.0,0.0,1.78376517,0.6329546201405956,Klebsiella pneumoniae,0.6344767733146388,-0.0015221531740432503,4.294915464242006,4.309995069231768
80,Al2O3,Bacillus subtilis,non-pathogenic,green_synthesis,MBEC,triangular,Bacteria,Bacillota,Bacilli,Bacillales,Bacillaceae,Bacillus,p,mouth,101.961276,1.4,3,0.16,30,24,51.55776403,85.5,13.5675,4.688846487,0.7767886116987666,Klebsiella pneumoniae,0.830946181125315,-0.05415756942654848,5.981203953440339,6.775575377577968
81,ZnO,Bacillus subtilis,non-pathogenic,electrochemical synthesis,MBC,cubic,Bacteria,Bacillota,Bacilli,Bacillales,Bacillaceae,Bacillus,p,lungs,81.3794,30.0,24,0.16,30,8,22.60496136,17.07,0.6865,4.082482905,1.692141533632886,Klebsiella pneumoniae,1.7523287364667048,-0.06018720283381884,49.219991416832876,56.536476217441404
82,ZnO,Bacillus subtilis,non-pathogenic,green_synthesis,MBC,nanoplates,Bacteria,Bacillota,Bacilli,Bacillales,Bacillaceae,Bacillus,p,lungs,81.3794,41.23,24,0.16,30,8,22.60496136,17.07,0.6865,4.082482905,1.4667916624635202,Klebsiella pneumoniae,1.5620264681257985,-0.09523480566227827,29.294875892572605,36.4776177573138
83,Ag,Bacillus subtilis,non-pathogenic,electrochemical synthesis,MBC,triangular,Bacteria,Bacillota,Bacilli,Bacillales,Bacillaceae,Bacillus,p,water,107.87,55.6,24,0.16,30,11,23.00188061,0.0,0.0,1.78376517,0.17031320523759774,Klebsiella pneumoniae,0.26965604405076626,-0.09934283881316852,1.480175478823431,1.8606129701291327
84,Ag,Bacillus subtilis,non-pathogenic,electrochemical synthesis,MBC,spherical,Bacteria,Bacillota,Bacilli,Bacillales,Bacillaceae,Bacillus,p,food,107.8682,25.0,18,0.16,30,11,23.00188061,0.0,0.0,1.78376517,1.4485872164674447,Klebsiella pneumoniae,1.6677973978655332,-0.21921018139808846,28.09229474963392,46.53689442358032
85,ZnO,Bacillus subtilis,non-pathogenic,green_synthesis,MBC,spherical,Bacteria,Bacillota,Bacilli,Bacillales,Bacillaceae,Bacillus,p,meat,81.3794,55.6,24,0.16,30,8,22.60496136,17.07,0.6865,4.082482905,1.6544907202845314,Klebsiella pneumoniae,2.02109878027128,-0.3666080599867485,45.13263815961589,104.97811742071724
