,np,bacteria,bac_type,np_synthesis,method,shape,kingdom,phylum,class,order,family,genus,gram,isolated_from,mol_weight (g/mol),np_size_avg (nm),time_set,"min_Incub_period, h","growth_temp, C",Valance_electron,labuteASA,tpsa,CrippenMR,chi0v,pred_MIC_norm,pathogenic_bacteria,pred_MIC_pathogen,Fitness,pred_norm_MIC_original,pred_path_MIC_original
0,ZnO,Bacillus subtilis,non-pathogenic,"purchased from us research nanomaterials, inc.в ",MIC,cubic,Bacteria,Bacillota,Bacilli,Bacillales,Bacillaceae,Bacillus,p,water,81.3794,1.9,3,0.16,30,8,22.60496136,17.07,0.6865,4.082482905,1.6372486083720257,Klebsiella pneumoniae,0.6390853272500518,0.9981632811219738,43.37591092341386,4.355974485268537
1,Ag,Bacillus subtilis,non-pathogenic,green_synthesis,MIC,tetragonal,Bacteria,Bacillota,Bacilli,Bacillales,Bacillaceae,Bacillus,p,water,107.87,1.4,24,0.16,30,11,23.00188061,0.0,0.0,1.78376517,1.6858020264635334,Klebsiella pneumoniae,0.719078239163673,0.9667237872998604,48.50673313696569,5.236947729226177
2,ZnO,Bacillus subtilis,non-pathogenic,electrochemical synthesis,MBEC,cubic,Bacteria,Bacillota,Bacilli,Bacillales,Bacillaceae,Bacillus,p,carious dentine,81.3794,5.1,4,0.16,30,8,22.60496136,17.07,0.6865,4.082482905,1.9451507233953955,Klebsiella pneumoniae,1.0553039885067768,0.8898467348886188,88.13546971187837,11.358055552768338
3,CeO2,Bacillus subtilis,non-pathogenic,electrochemical synthesis,MIC,quasi-hexagonal,Bacteria,Bacillota,Bacilli,Bacillales,Bacillaceae,Bacillus,p,water,172.115,1.9,3,0.16,30,16,39.19032095,34.14,1.373,4.456551526,2.1588296424896973,Klebsiella pneumoniae,1.2870491047690453,0.871780537720652,144.15497744503503,19.366409235078137
4,Ag,Bacillus subtilis,non-pathogenic,green_synthesis,MIC,spheroidal,Bacteria,Bacillota,Bacilli,Bacillales,Bacillaceae,Bacillus,p,food,107.87,3.0,18,0.16,30,11,23.00188061,0.0,0.0,1.78376517,1.1250777192133343,Klebsiella pneumoniae,0.25741698845872985,0.8676607307546045,13.337600939815578,1.8089101200695687
5,CuO,Bacillus subtilis,non-pathogenic,"purchased from us research nanomaterials, inc.в ",MIC,quasi-spherical,Bacteria,Bacillota,Bacilli,Bacillales,Bacillaceae,Bacillus,p,urine,79.5454,1.4,4,0.16,30,17,20.67942236,17.07,0.6865,1.651411411,2.3511793104235643,Klebsiella pneumoniae,1.4977964286790666,0.8533828817444977,224.48085634415898,31.462731834006508
6,ZnO,Bacillus subtilis,non-pathogenic,"purchased from us research nanomaterials, inc.в ",MBC,nanoplates,Bacteria,Bacillota,Bacilli,Bacillales,Bacillaceae,Bacillus,p,mouth,81.3794,9.0,1,0.16,30,8,22.60496136,17.07,0.6865,4.082482905,2.2460801376722763,Klebsiella pneumoniae,1.4181130348889002,0.8279671027833762,176.23012029427238,26.18864537813369
7,TiO2,Bacillus subtilis,non-pathogenic,"purchased from us research nanomaterials, inc.в ",MIC,quasi-hexagonal,Bacteria,Bacillota,Bacilli,Bacillales,Bacillaceae,Bacillus,p,nose,79.866,0.8,2,0.16,30,16,26.40611331,34.14,1.373,2.878049394,1.67083900981942,Klebsiella pneumoniae,0.8692499179699464,0.8015890918494735,46.863962823635404,7.400310088650686
8,ZnO,Bacillus subtilis,non-pathogenic,green_synthesis,MBC,quasi-spherical,Bacteria,Bacillota,Bacilli,Bacillales,Bacillaceae,Bacillus,p,respiratory tract,81.3794,4.7,2,0.16,30,8,22.60496136,17.07,0.6865,4.082482905,2.0847291549658067,Klebsiella pneumoniae,1.2906475961127268,0.7940815588530798,121.54277703198963,19.527542699179868
9,ZnO,Bacillus subtilis,non-pathogenic,"purchased from us research nanomaterials, inc.в ",MBC,quasi-hexagonal,Bacteria,Bacillota,Bacilli,Bacillales,Bacillaceae,Bacillus,p,nose,81.3794,11.3,2,0.16,30,8,22.60496136,17.07,0.6865,4.082482905,1.4439050038702603,Klebsiella pneumoniae,0.6547963772524765,0.7891086266177838,27.79105309023203,4.5164413744052325
10,Ag,Bacillus subtilis,non-pathogenic,electrochemical synthesis,MIC,cubic,Bacteria,Bacillota,Bacilli,Bacillales,Bacillaceae,Bacillus,p,meat,107.87,0.8,3,0.16,30,11,23.00188061,0.0,0.0,1.78376517,1.53376563469774,Klebsiella pneumoniae,0.7861176510763851,0.7476479836213549,34.17949444442357,6.111075525064169
11,ZnO,Bacillus subtilis,non-pathogenic,"purchased from us research nanomaterials, inc.в ",MBC,nanoplates,Bacteria,Bacillota,Bacilli,Bacillales,Bacillaceae,Bacillus,p,urine,81.3794,11.3,4,0.16,30,8,22.60496136,17.07,0.6865,4.082482905,2.168645460036888,Klebsiella pneumoniae,1.4380756569151472,0.7305698031217407,147.45023194033988,27.420518135306647
12,Ag,Bacillus subtilis,non-pathogenic,"purchased from us research nanomaterials, inc.в ",MIC,spheroidal,Bacteria,Bacillota,Bacilli,Bacillales,Bacillaceae,Bacillus,p,respiratory tract,107.87,12.0,18,0.16,30,11,23.00188061,0.0,0.0,1.78376517,1.5190267526115808,Klebsiella pneumoniae,0.7899582873616003,0.7290684652499805,33.038989248174936,6.165357826673428
13,ZrO2,Bacillus subtilis,non-pathogenic,purchased from sigma aldrich ( citrate capped agnps),MIC,spheroidal,Bacteria,Bacillota,Bacilli,Bacillales,Bacillaceae,Bacillus,p,respiratory tract,123.2218,1.9,1,0.16,30,16,29.29254423,34.14,1.373,3.774536472,1.7263717215419778,Klebsiella pneumoniae,1.0377361362777378,0.6886355852642401,53.25638965910134,10.907774128975603
14,ZnO,Bacillus subtilis,non-pathogenic,electrochemical synthesis,MBC,spherical,Bacteria,Bacillota,Bacilli,Bacillales,Bacillaceae,Bacillus,p,urine,81.3794,4.7,4,0.16,30,8,22.60496136,17.07,0.6865,4.082482905,1.8505183313459135,Klebsiella pneumoniae,1.1620003804636605,0.688517950882253,70.87912235314778,14.52112889710614
15,TiO2,Bacillus subtilis,non-pathogenic,"purchased from us research nanomaterials, inc.в ",MBC,spherical,Bacteria,Bacillota,Bacilli,Bacillales,Bacillaceae,Bacillus,p,water,79.866,5.1,2,0.16,30,16,26.40611331,34.14,1.373,2.878049394,2.9891959801295833,Klebsiella pneumoniae,2.3007805058366357,0.6884154742929476,975.4297117297077,199.88513868397854
16,ZnO,Bacillus subtilis,non-pathogenic,electrochemical synthesis,MBEC,hexagonal,Bacteria,Bacillota,Bacilli,Bacillales,Bacillaceae,Bacillus,p,carious dentine,81.3794,9.0,2,0.16,30,8,22.60496136,17.07,0.6865,4.082482905,1.980501525079953,Klebsiella pneumoniae,1.2930520052329615,0.6874495198469914,95.6096052466024,19.6359539638382
17,Ag,Bacillus subtilis,non-pathogenic,"purchased from us research nanomaterials, inc.в ",MIC,spherical,Bacteria,Bacillota,Bacilli,Bacillales,Bacillaceae,Bacillus,p,mammary gland,107.87,4.0,3,0.16,30,11,23.00188061,0.0,0.0,1.78376517,1.3478705794768033,Klebsiella pneumoniae,0.66168424489801,0.6861863345787933,22.277711705955184,4.588642728862459
18,ZnO,Bacillus subtilis,non-pathogenic,chemical_synthesis,MBEC,hexagonal,Bacteria,Bacillota,Bacilli,Bacillales,Bacillaceae,Bacillus,p,carious dentine,81.3794,5.1,4,0.16,30,8,22.60496136,17.07,0.6865,4.082482905,1.7953468012339087,Klebsiella pneumoniae,1.1112749223631138,0.6840718788707949,62.42331112133214,12.92036915676656
19,Ag,Bacillus subtilis,non-pathogenic,chemical_synthesis,MIC,rod-shaped,Bacteria,Bacillota,Bacilli,Bacillales,Bacillaceae,Bacillus,p,respiratory tract,107.87,4.0,0,0.16,30,11,23.00188061,0.0,0.0,1.78376517,0.89425982699816,Klebsiella pneumoniae,0.21565994448778314,0.6785998825103768,7.83898488409292,1.6430846730011108
20,ZnO,Bacillus subtilis,non-pathogenic,purchased from sigma aldrich ( citrate capped agnps),MBC,spherical,Bacteria,Bacillota,Bacilli,Bacillales,Bacillaceae,Bacillus,p,urine,81.3794,6.0,1,0.16,30,8,22.60496136,17.07,0.6865,4.082482905,2.2888485742067703,Klebsiella pneumoniae,1.6162215379893758,0.6726270362173945,194.46819096531775,41.325825543024294
21,CeO2,Bacillus subtilis,non-pathogenic,"purchased from us research nanomaterials, inc.в ",MIC,cubic,Bacteria,Bacillota,Bacilli,Bacillales,Bacillaceae,Bacillus,p,lungs,172.115,8.7,4,0.16,30,16,39.19032095,34.14,1.373,4.456551526,2.760462196695208,Klebsiella pneumoniae,2.1121239723455107,0.6483382243496973,576.0526736846292,129.45653312843552
22,ZnO,Bacillus subtilis,non-pathogenic,purchased from sigma aldrich ( citrate capped agnps),MBC,cubic,Bacteria,Bacillota,Bacilli,Bacillales,Bacillaceae,Bacillus,p,soil,81.3794,8.0,2,0.16,30,8,22.60496136,17.07,0.6865,4.082482905,2.391720268041475,Klebsiella pneumoniae,1.745046924975101,0.646673343066374,246.4451456365516,55.59643252745746
23,Al2O3,Bacillus subtilis,non-pathogenic,"purchased from us research nanomaterials, inc.в ",MIC,cubic,Bacteria,Bacillota,Bacilli,Bacillales,Bacillaceae,Bacillus,p,mouth,101.961276,4.0,2,0.16,30,24,51.55776403,85.5,13.5675,4.688846487,2.22100328545977,Klebsiella pneumoniae,1.5752131628913064,0.6457901225684637,166.3425234218787,37.60219202228266
24,Ag,Bacillus subtilis,non-pathogenic,purchased from sigma aldrich ( citrate capped agnps),MIC,hexagonal,Bacteria,Bacillota,Bacilli,Bacillales,Bacillaceae,Bacillus,p,mouth,107.87,4.0,0,0.16,30,11,23.00188061,0.0,0.0,1.78376517,1.7008263739470566,Klebsiella pneumoniae,1.0582234088530167,0.6426029650940399,50.21417987404157,11.434664031
25,Au,Bacillus subtilis,non-pathogenic,"purchased from us research nanomaterials, inc.в ",MIC,quasi-hexagonal,Bacteria,Bacillota,Bacilli,Bacillales,Bacillaceae,Bacillus,p,lungs,196.966569,1.4,3,0.16,30,11,23.00188061,0.0,0.0,2.46797672,1.2206585958281067,Klebsiella pneumoniae,0.584616963543849,0.6360416322842577,16.621055353006295,3.842527316187118
26,ZnO,Bacillus subtilis,non-pathogenic,green_synthesis,MBC,spherical,Bacteria,Bacillota,Bacilli,Bacillales,Bacillaceae,Bacillus,p,water,81.3794,1.9,0,0.16,30,8,22.60496136,17.07,0.6865,4.082482905,1.917178979588509,Klebsiella pneumoniae,1.2851620145734266,0.6320169650150824,82.63784429683237,19.28244115014954
27,Ag,Bacillus subtilis,non-pathogenic,"purchased from us research nanomaterials, inc.в ",MBEC,nanoplates,Bacteria,Bacillota,Bacilli,Bacillales,Bacillaceae,Bacillus,p,mouth,107.8682,8.7,4,0.16,30,11,23.00188061,0.0,0.0,1.78376517,2.224984692858731,Klebsiella pneumoniae,1.5989367790891824,0.6260479137695485,167.8744848046784,39.71337338973991
28,ZnO,Bacillus subtilis,non-pathogenic,chemical_synthesis,MIC,rod-shaped,Bacteria,Bacillota,Bacilli,Bacillales,Bacillaceae,Bacillus,p,respiratory tract,81.3794,0.8,0,0.16,30,8,22.60496136,17.07,0.6865,4.082482905,0.9521392029378427,Klebsiella pneumoniae,0.32657508061198826,0.6255641223258545,8.956517997808277,2.121168067864517
29,CuO,Bacillus subtilis,non-pathogenic,purchased from sigma aldrich ( citrate capped agnps),MBC,hexagonal,Bacteria,Bacillota,Bacilli,Bacillales,Bacillaceae,Bacillus,p,meat,79.5454,8.0,1,0.16,30,17,20.67942236,17.07,0.6865,1.651411411,3.3109223009065945,Klebsiella pneumoniae,2.7143146522747488,0.5966076486318457,2046.0785425729239,517.9819810429888
30,ZnO,Bacillus subtilis,non-pathogenic,green_synthesis,MBEC,quasi-hexagonal,Bacteria,Bacillota,Bacilli,Bacillales,Bacillaceae,Bacillus,p,urine,81.3794,10.4,0,0.16,30,8,22.60496136,17.07,0.6865,4.082482905,1.4789847824055238,Klebsiella pneumoniae,0.8851262990616415,0.5938584833438822,30.129004508886226,7.675846815364453
31,CeO2,Bacillus subtilis,non-pathogenic,purchased from sigma aldrich ( citrate capped agnps),MIC,triangular,Bacteria,Bacillota,Bacilli,Bacillales,Bacillaceae,Bacillus,p,urine,172.115,1.4,0,0.16,30,16,39.19032095,34.14,1.373,4.456551526,0.7272718150217685,Klebsiella pneumoniae,0.13669486160700273,0.5905769534147658,5.336688021292115,1.3699189131753915
32,Ag,Bacillus subtilis,non-pathogenic,purchased from sigma aldrich ( citrate capped agnps),MBC,spheroidal,Bacteria,Bacillota,Bacilli,Bacillales,Bacillaceae,Bacillus,p,skin,107.87,1.4,18,0.16,30,11,23.00188061,0.0,0.0,1.78376517,1.105350515185342,Klebsiella pneumoniae,0.5156224325857235,0.5897280825996185,12.745313288325567,3.2781017722152335
33,ZnO,Bacillus subtilis,non-pathogenic,purchased from sigma aldrich ( citrate capped agnps),MBEC,hexagonal,Bacteria,Bacillota,Bacilli,Bacillales,Bacillaceae,Bacillus,p,food,81.3794,4.0,1,0.16,30,8,22.60496136,17.07,0.6865,4.082482905,2.005129423525784,Klebsiella pneumoniae,1.4169802886429925,0.5881491348827914,101.18809586421742,26.120427987216473
34,Pd,Bacillus subtilis,non-pathogenic,"purchased from us research nanomaterials, inc.в ",MBC,hexagonal,Bacteria,Bacillota,Bacilli,Bacillales,Bacillaceae,Bacillus,p,lungs,195.084,44.45,4,0.16,30,10,21.14774404,0.0,0.0,1.870828693,1.5762591072180476,Klebsiella pneumoniae,0.9944490543818547,0.5818100528361929,37.6928613712427,9.872998121487878
35,CuO,Bacillus subtilis,non-pathogenic,purchased from sigma aldrich ( citrate capped agnps),MBC,quasi-hexagonal,Bacteria,Bacillota,Bacilli,Bacillales,Bacillaceae,Bacillus,p,skin,79.5454,10.4,0,0.16,30,17,20.67942236,17.07,0.6865,1.651411411,2.7208094589525933,Klebsiella pneumoniae,2.1391171309346166,0.5816923280179767,525.7865337854255,137.7580957813151
36,ZnO,Bacillus subtilis,non-pathogenic,electrochemical synthesis,MBEC,quasi-spherical,Bacteria,Bacillota,Bacilli,Bacillales,Bacillaceae,Bacillus,p,urine,81.3794,4.0,18,0.16,30,8,22.60496136,17.07,0.6865,4.082482905,1.840766490101752,Klebsiella pneumoniae,1.2593871902979927,0.5813792998037592,69.30530675333777,18.17134986818183
37,Ag,Bacillus subtilis,non-pathogenic,chemical_synthesis,MIC,quasi-hexagonal,Bacteria,Bacillota,Bacilli,Bacillales,Bacillaceae,Bacillus,p,water,107.87,10.4,3,0.16,30,11,23.00188061,0.0,0.0,1.78376517,0.9276280690131031,Klebsiella pneumoniae,0.35131260614210613,0.576315462870997,8.46502156857088,2.245497656458306
38,ZnO,Bacillus subtilis,non-pathogenic,green_synthesis,MBC,cubic,Bacteria,Bacillota,Bacilli,Bacillales,Bacillaceae,Bacillus,p,urine,81.3794,10.4,2,0.16,30,8,22.60496136,17.07,0.6865,4.082482905,2.4455011405534988,Klebsiella pneumoniae,1.8697766850107171,0.5757244555427816,278.93379817496975,74.09291562518567
39,Ag,Bacillus subtilis,non-pathogenic,chemical_synthesis,MIC,hexagonal,Bacteria,Bacillota,Bacilli,Bacillales,Bacillaceae,Bacillus,p,soil,107.87,6.0,3,0.16,30,11,23.00188061,0.0,0.0,1.78376517,2.074057543162467,Klebsiella pneumoniae,1.501431605573887,0.5726259375885798,118.59258705970508,31.727189720602354
40,ZnO,Bacillus subtilis,non-pathogenic,chemical_synthesis,MBEC,nanoplates,Bacteria,Bacillota,Bacilli,Bacillales,Bacillaceae,Bacillus,p,mammary gland,81.3794,3.0,4,0.16,30,8,22.60496136,17.07,0.6865,4.082482905,1.9845838359713508,Klebsiella pneumoniae,1.4177599082766195,0.5668239276947313,96.5125601147247,26.167359938711968
41,Pd,Bacillus subtilis,non-pathogenic,"purchased from us research nanomaterials, inc.в ",MIC,rod-shaped,Bacteria,Bacillota,Bacilli,Bacillales,Bacillaceae,Bacillus,p,respiratory tract,195.084,5.1,4,0.16,30,10,21.14774404,0.0,0.0,1.870828693,1.350940541191098,Klebsiella pneumoniae,0.7880425580302848,0.5628979831608132,22.4357473725523,6.138221527903185
42,CuO,Bacillus subtilis,non-pathogenic,purchased from sigma aldrich ( citrate capped agnps),MBC,hexagonal,Bacteria,Bacillota,Bacilli,Bacillales,Bacillaceae,Bacillus,p,urine,79.5454,6.0,0,0.16,30,17,20.67942236,17.07,0.6865,1.651411411,3.549893831575306,Klebsiella pneumoniae,2.988554881475295,0.5613389501000108,3547.266615036503,973.9908600629873
43,ZnO,Bacillus subtilis,non-pathogenic,electrochemical synthesis,MBEC,quasi-spherical,Bacteria,Bacillota,Bacilli,Bacillales,Bacillaceae,Bacillus,p,blood,81.3794,12.0,2,0.16,30,8,22.60496136,17.07,0.6865,4.082482905,1.2668430244732973,Klebsiella pneumoniae,0.7061837346667821,0.5606592898065152,18.48600322531037,5.083744723676718
44,Ag,Bacillus subtilis,non-pathogenic,"purchased from us research nanomaterials, inc.в ",MIC,quasi-spherical,Bacteria,Bacillota,Bacilli,Bacillales,Bacillaceae,Bacillus,p,respiratory tract,107.8682,4.0,2,0.16,30,11,23.00188061,0.0,0.0,1.78376517,1.3833904932773506,Klebsiella pneumoniae,0.8265774714357217,0.556813021841629,24.17633658254235,6.707759321087583
45,ZnO,Bacillus subtilis,non-pathogenic,green_synthesis,MBEC,spherical,Bacteria,Bacillota,Bacilli,Bacillales,Bacillaceae,Bacillus,p,skin,81.3794,10.4,4,0.16,30,8,22.60496136,17.07,0.6865,4.082482905,2.392716230566196,Klebsiella pneumoniae,1.8413696200110115,0.5513466105551845,247.01096399007747,69.40162191199158
46,Ag,Bacillus subtilis,non-pathogenic,electrochemical synthesis,MIC,cubic,Bacteria,Bacillota,Bacilli,Bacillales,Bacillaceae,Bacillus,p,food,107.8682,5.1,3,0.16,30,11,23.00188061,0.0,0.0,1.78376517,2.2630783253711777,Klebsiella pneumoniae,1.713409200971487,0.5496691243996907,183.2644911603021,51.69031764366767
47,ZnO,Bacillus subtilis,non-pathogenic,green_synthesis,MBEC,nanoplates,Bacteria,Bacillota,Bacilli,Bacillales,Bacillaceae,Bacillus,p,mammary gland,81.3794,4.7,18,0.16,30,8,22.60496136,17.07,0.6865,4.082482905,2.2475143019908317,Klebsiella pneumoniae,1.6995917114913732,0.5479225904994585,176.813044405327,50.07162793807518
48,TiO2,Bacillus subtilis,non-pathogenic,"purchased from us research nanomaterials, inc.в ",MBC,tetragonal,Bacteria,Bacillota,Bacilli,Bacillales,Bacillaceae,Bacillus,p,respiratory tract,79.866,10.0,18,0.16,30,16,26.40611331,34.14,1.373,2.878049394,2.1939865625042687,Klebsiella pneumoniae,1.6599679571846693,0.5340186053195994,156.30992780733632,45.70544662940449
49,CuO,Bacillus subtilis,non-pathogenic,purchased from sigma aldrich ( citrate capped agnps),MIC,cubic,Bacteria,Bacillota,Bacilli,Bacillales,Bacillaceae,Bacillus,p,blood,79.5454,5.1,4,0.16,30,17,20.67942236,17.07,0.6865,1.651411411,1.6680120337896414,Klebsiella pneumoniae,1.1352890362499883,0.532722997539653,46.559899454511466,13.654916106438375
50,Ag,Bacillus subtilis,non-pathogenic,"purchased from us research nanomaterials, inc.в ",MBC,tetragonal,Bacteria,Bacillota,Bacilli,Bacillales,Bacillaceae,Bacillus,p,urine,107.87,1.4,1,0.16,30,11,23.00188061,0.0,0.0,1.78376517,0.6014990526037645,Klebsiella pneumoniae,0.07114037861284506,0.5303586739909194,3.9948368984946545,1.1779866769830958
51,Ag,Bacillus subtilis,non-pathogenic,"purchased from us research nanomaterials, inc.в ",MBC,cubic,Bacteria,Bacillota,Bacilli,Bacillales,Bacillaceae,Bacillus,p,soil,107.87,5.1,4,0.16,30,11,23.00188061,0.0,0.0,1.78376517,1.6997922101810081,Klebsiella pneumoniae,1.193931853625419,0.505860356555589,50.09474960772972,15.629023839691177
52,CuO,Bacillus subtilis,non-pathogenic,green_synthesis,MIC,hexagonal,Bacteria,Bacillota,Bacilli,Bacillales,Bacillaceae,Bacillus,p,blood,79.5454,1.4,4,0.16,30,17,20.67942236,17.07,0.6865,1.651411411,1.3224840697091675,Klebsiella pneumoniae,0.8302391158043508,0.4922449539048167,21.012806908708644,6.764553186836992
53,Ag,Bacillus subtilis,non-pathogenic,"purchased from us research nanomaterials, inc.в ",MBC,cubic,Bacteria,Bacillota,Bacilli,Bacillales,Bacillaceae,Bacillus,p,respiratory tract,107.8682,8.0,0,0.16,30,11,23.00188061,0.0,0.0,1.78376517,1.960593823140896,Klebsiella pneumoniae,1.4826758026069515,0.4779180205339444,91.32587105278796,30.386158761314384
54,ZnO,Bacillus subtilis,non-pathogenic,green_synthesis,MBEC,tetragonal,Bacteria,Bacillota,Bacilli,Bacillales,Bacillaceae,Bacillus,p,meat,81.3794,12.0,18,0.16,30,8,22.60496136,17.07,0.6865,4.082482905,1.2552448978550974,Klebsiella pneumoniae,0.784743197036736,0.4705017008183614,17.99885581167998,6.091765781067689
55,TiO2,Bacillus subtilis,non-pathogenic,"purchased from us research nanomaterials, inc.в ",MBC,rod-shaped,Bacteria,Bacillota,Bacilli,Bacillales,Bacillaceae,Bacillus,p,mammary gland,79.866,18.0,3,0.16,30,16,26.40611331,34.14,1.373,2.878049394,2.961895587065424,Klebsiella pneumoniae,2.511857695657862,0.450037891407562,916.0002391745586,324.9807941771946
56,ZnO,Bacillus subtilis,non-pathogenic,purchased from sigma aldrich ( citrate capped agnps),MBC,spherical,Bacteria,Bacillota,Bacilli,Bacillales,Bacillaceae,Bacillus,p,mouth,81.3794,28.0,0,0.16,30,8,22.60496136,17.07,0.6865,4.082482905,2.316144923952822,Klebsiella pneumoniae,2.0005236875641477,0.3156212363886741,207.08322696808503,100.12065624901416
57,ZnO,Bacillus subtilis,non-pathogenic,purchased from sigma aldrich ( citrate capped agnps),MBC,spherical,Bacteria,Bacillota,Bacilli,Bacillales,Bacillaceae,Bacillus,p,mouth,81.3794,28.0,0,0.16,30,8,22.60496136,17.07,0.6865,4.082482905,2.316144923952822,Klebsiella pneumoniae,2.0005236875641477,0.3156212363886741,207.08322696808503,100.12065624901416
58,Au,Bacillus subtilis,non-pathogenic,"purchased from us research nanomaterials, inc.в ",MBEC,quasi-hexagonal,Bacteria,Bacillota,Bacilli,Bacillales,Bacillaceae,Bacillus,p,meat,196.966569,0.8,4,0.16,30,11,23.00188061,0.0,0.0,2.46797672,0.9337264426235302,Klebsiella pneumoniae,0.6252973500071903,0.3084290926163399,8.584726085950125,4.219853267949117
59,ZnO,Bacillus subtilis,non-pathogenic,"purchased from us research nanomaterials, inc.в ",MBC,tetragonal,Bacteria,Bacillota,Bacilli,Bacillales,Bacillaceae,Bacillus,p,nose,81.3794,12.5,1,0.16,30,8,22.60496136,17.07,0.6865,4.082482905,1.6598675295723226,Klebsiella pneumoniae,1.3668624483740066,0.29300508119831603,45.69487878110079,23.273540112944012
60,CuO,Bacillus subtilis,non-pathogenic,green_synthesis,MBEC,spheroidal,Bacteria,Bacillota,Bacilli,Bacillales,Bacillaceae,Bacillus,p,food,79.5454,9.0,1,0.16,30,17,20.67942236,17.07,0.6865,1.651411411,3.4208889282572406,Klebsiella pneumoniae,3.162111690538109,0.25877723771913175,2635.657224646754,1452.485115276307
61,ZnO,Bacillus subtilis,non-pathogenic,green_synthesis,MBC,hexagonal,Bacteria,Bacillota,Bacilli,Bacillales,Bacillaceae,Bacillus,p,nose,81.3794,4.7,24,0.16,30,8,22.60496136,17.07,0.6865,4.082482905,2.693892920729983,Klebsiella pneumoniae,2.4356857057028414,0.2582072150271415,494.1888251971382,272.7003565059885
62,Au,Bacillus subtilis,non-pathogenic,electrochemical synthesis,MBC,quasi-hexagonal,Bacteria,Bacillota,Bacilli,Bacillales,Bacillaceae,Bacillus,p,carious dentine,196.966569,100.0,1,0.16,30,11,23.00188061,0.0,0.0,2.46797672,0.60471780982374,Klebsiella pneumoniae,0.35790172280256294,0.24681608702117708,4.024554471237635,2.279826108103403
63,Ag,Bacillus subtilis,non-pathogenic,electrochemical synthesis,MBC,quasi-spherical,Bacteria,Bacillota,Bacilli,Bacillales,Bacillaceae,Bacillus,p,respiratory tract,107.87,79.0,2,0.16,30,11,23.00188061,0.0,0.0,1.78376517,0.41342626404531235,Klebsiella pneumoniae,0.1694010483647841,0.24402521568052826,2.5907545171339943,1.4770699009051105
64,Ag,Bacillus subtilis,non-pathogenic,green_synthesis,MIC,tetragonal,Bacteria,Bacillota,Bacilli,Bacillales,Bacillaceae,Bacillus,p,soil,107.87,38.0,24,0.16,30,11,23.00188061,0.0,0.0,1.78376517,0.13580228956333618,Klebsiella pneumoniae,-0.07686739746261861,0.2126696870259548,1.3671063154522338,0.8377850428352641
65,Ag,Bacillus subtilis,non-pathogenic,purchased from sigma aldrich ( citrate capped agnps),MBEC,nanoplates,Bacteria,Bacillota,Bacilli,Bacillales,Bacillaceae,Bacillus,p,nose,107.87,1.4,1,0.16,30,11,23.00188061,0.0,0.0,1.78376517,1.8300336971916862,Klebsiella pneumoniae,1.6550519288065986,0.1749817683850876,67.613543514551,45.1909976244543
66,Ag,Bacillus subtilis,non-pathogenic,purchased from sigma aldrich ( citrate capped agnps),MBC,rod-shaped,Bacteria,Bacillota,Bacilli,Bacillales,Bacillaceae,Bacillus,p,mammary gland,107.8682,10.0,2,0.16,30,11,23.00188061,0.0,0.0,1.78376517,1.4743031222998364,Klebsiella pneumoniae,1.3067978478078806,0.16750527449195585,29.805960549864995,20.26739108354624
67,CuO,Bacillus subtilis,non-pathogenic,chemical_synthesis,MIC,quasi-hexagonal,Bacteria,Bacillota,Bacilli,Bacillales,Bacillaceae,Bacillus,p,skin,79.5454,1.9,24,0.16,30,17,20.67942236,17.07,0.6865,1.651411411,2.5123670760989842,Klebsiella pneumoniae,2.3825697834460873,0.12979729265289697,325.36218511064806,241.30692390121717
68,Ag,Bacillus subtilis,non-pathogenic,"purchased from us research nanomaterials, inc.в ",MBEC,hexagonal,Bacteria,Bacillota,Bacilli,Bacillales,Bacillaceae,Bacillus,p,carious dentine,107.87,12.0,24,0.16,30,11,23.00188061,0.0,0.0,1.78376517,1.6495013897189827,Klebsiella pneumoniae,1.5246675986480858,0.12483379107089698,44.61710523020493,33.47091605948834
69,ZnO,Bacillus subtilis,non-pathogenic,"purchased from us research nanomaterials, inc.в ",MBC,nanoplates,Bacteria,Bacillota,Bacilli,Bacillales,Bacillaceae,Bacillus,p,meat,81.3794,25.0,24,0.16,30,8,22.60496136,17.07,0.6865,4.082482905,2.759345907682034,Klebsiella pneumoniae,2.6500129212129715,0.10933298646906264,574.5739177153357,446.69688216482854
70,Ag,Bacillus subtilis,non-pathogenic,chemical_synthesis,MBEC,spheroidal,Bacteria,Bacillota,Bacilli,Bacillales,Bacillaceae,Bacillus,p,mouth,107.87,38.0,2,0.16,30,11,23.00188061,0.0,0.0,1.78376517,1.6216350817913736,Klebsiella pneumoniae,1.564085086113511,0.057549995677862675,41.84418194344193,36.6509373403768
71,Au,Bacillus subtilis,non-pathogenic,chemical_synthesis,MBEC,rod-shaped,Bacteria,Bacillota,Bacilli,Bacillales,Bacillaceae,Bacillus,p,respiratory tract,196.966569,1.9,3,0.16,30,11,23.00188061,0.0,0.0,2.46797672,1.3370492269364118,Klebsiella pneumoniae,1.2882643134965364,0.048784913439875455,21.729474667838453,19.420674686409235
72,ZnO,Bacillus subtilis,non-pathogenic,purchased from sigma aldrich ( citrate capped agnps),MIC,spheroidal,Bacteria,Bacillota,Bacilli,Bacillales,Bacillaceae,Bacillus,p,soil,81.3794,18.5,3,0.16,30,8,22.60496136,17.07,0.6865,4.082482905,1.4406140067761306,Klebsiella pneumoniae,1.3929877044983416,0.04762630227778897,27.581253936545803,24.71654167939776
73,Ag,Bacillus subtilis,non-pathogenic,green_synthesis,MBC,tetragonal,Bacteria,Bacillota,Bacilli,Bacillales,Bacillaceae,Bacillus,p,urine,107.8682,28.0,2,0.16,30,11,23.00188061,0.0,0.0,1.78376517,0.5053464516480761,Klebsiella pneumoniae,0.4801437051482109,0.025202746499865203,3.201447996490787,3.0209511676355247
74,CuO,Bacillus subtilis,non-pathogenic,chemical_synthesis,MBEC,spherical,Bacteria,Bacillota,Bacilli,Bacillales,Bacillaceae,Bacillus,p,respiratory tract,79.5454,3.0,0,0.16,30,17,20.67942236,17.07,0.6865,1.651411411,2.5783234555748296,Klebsiella pneumoniae,2.5934111702262097,-0.015087714651380146,378.72454768109134,392.1129360898953
75,Pd,Bacillus subtilis,non-pathogenic,green_synthesis,MBEC,cubic,Bacteria,Bacillota,Bacilli,Bacillales,Bacillaceae,Bacillus,p,urine,195.084,25.0,1,0.16,30,10,21.14774404,0.0,0.0,1.870828693,1.9482216772372984,Klebsiella pneumoniae,1.979939203064005,-0.031717525826706616,88.76089592932803,95.48589058533011
76,ZnO,Bacillus subtilis,non-pathogenic,chemical_synthesis,MBEC,quasi-hexagonal,Bacteria,Bacillota,Bacilli,Bacillales,Bacillaceae,Bacillus,p,carious dentine,81.3794,41.23,2,0.16,30,8,22.60496136,17.07,0.6865,4.082482905,0.6041623657457802,Klebsiella pneumoniae,0.6470466830383252,-0.04288431729254505,4.019410528245698,4.436563307274922
77,Cu,Bacillus subtilis,non-pathogenic,electrochemical synthesis,MBC,nanoplates,Bacteria,Bacillota,Bacilli,Bacillales,Bacillaceae,Bacillus,p,blood,63.55,3.0,24,0.16,30,11,17.96409803,0.0,0.0,1.243163121,1.0507662688172488,Klebsiella pneumoniae,1.1299039654992717,-0.07913769668202297,11.239998902234507,13.48664622631702
78,Ag,Bacillus subtilis,non-pathogenic,purchased from sigma aldrich ( citrate capped agnps),MBC,quasi-spherical,Bacteria,Bacillota,Bacilli,Bacillales,Bacillaceae,Bacillus,p,mouth,107.87,37.86,18,0.16,30,11,23.00188061,0.0,0.0,1.78376517,0.7724195856774355,Klebsiella pneumoniae,0.8615855535636026,-0.08916596788616704,5.921334368120495,7.270856168730301
79,Ag,Bacillus subtilis,non-pathogenic,chemical_synthesis,MBC,tetragonal,Bacteria,Bacillota,Bacilli,Bacillales,Bacillaceae,Bacillus,p,water,107.8682,27.43,1,0.16,30,11,23.00188061,0.0,0.0,1.78376517,0.9148762095884488,Klebsiella pneumoniae,1.0741484333781055,-0.15927222378965666,8.220083129816045,11.861740900485252
80,Ag,Bacillus subtilis,non-pathogenic,purchased from sigma aldrich ( citrate capped agnps),MBEC,quasi-spherical,Bacteria,Bacillota,Bacilli,Bacillales,Bacillaceae,Bacillus,p,nose,107.87,35.0,18,0.16,30,11,23.00188061,0.0,0.0,1.78376517,1.4155085320198455,Klebsiella pneumoniae,1.5883616324871261,-0.17285310046728064,26.03205972679855,38.758024461905705
81,Ag,Bacillus subtilis,non-pathogenic,chemical_synthesis,MBEC,quasi-spherical,Bacteria,Bacillota,Bacilli,Bacillales,Bacillaceae,Bacillus,p,meat,107.8682,41.23,4,0.16,30,11,23.00188061,0.0,0.0,1.78376517,1.511942419476732,Klebsiella pneumoniae,1.7453220110453675,-0.23337959156863564,32.50441988506252,55.63165896809248
