,np,bacteria,bac_type,np_synthesis,method,shape,kingdom,phylum,class,order,family,genus,gram,isolated_from,mol_weight (g/mol),np_size_avg (nm),time_set,"min_Incub_period, h","growth_temp, C",Valance_electron,labuteASA,tpsa,CrippenMR,chi0v,pred_MIC_norm,pathogenic_bacteria,pred_MIC_pathogen,Fitness,pred_norm_MIC_original,pred_path_MIC_original
0,ZnO,Bacillus subtilis,non-pathogenic,green_synthesis,MIC,cubic,Bacteria,Bacillota,Bacilli,Bacillales,Bacillaceae,Bacillus,p,mammary gland,81.3794,1.4,4,0.16,30,8,22.60496136,17.07,0.6865,4.082482905,1.5778520373426488,Klebsiella pneumoniae,0.6560719256670666,0.9217801116755822,37.83136725729394,4.529725927336345
1,Ag,Bacillus subtilis,non-pathogenic,chemical_synthesis,MIC,quasi-spherical,Bacteria,Bacillota,Bacilli,Bacillales,Bacillaceae,Bacillus,p,soil,107.87,3.0,0,0.16,30,11,23.00188061,0.0,0.0,1.78376517,1.1323371029626659,Klebsiella pneumoniae,0.31342863904703977,0.8189084639156261,13.562417299181691,2.057920716203131
2,ZnO,Bacillus subtilis,non-pathogenic,purchased from sigma aldrich ( citrate capped agnps),MBC,quasi-spherical,Bacteria,Bacillota,Bacilli,Bacillales,Bacillaceae,Bacillus,p,urine,81.3794,11.3,1,0.16,30,8,22.60496136,17.07,0.6865,4.082482905,2.0059374677627853,Klebsiella pneumoniae,1.3671410788008258,0.6387963889619594,101.37654074071264,23.288476515157537
3,ZrO2,Bacillus subtilis,non-pathogenic,green_synthesis,MIC,rod-shaped,Bacteria,Bacillota,Bacilli,Bacillales,Bacillaceae,Bacillus,p,blood,123.2218,1.9,24,0.16,30,16,29.29254423,34.14,1.373,3.774536472,2.169744088519514,Klebsiella pneumoniae,1.720113485301685,0.449630603217829,147.82370685178708,52.494461537755264
4,Ag,Bacillus subtilis,non-pathogenic,purchased from sigma aldrich ( citrate capped agnps),MIC,rod-shaped,Bacteria,Bacillota,Bacilli,Bacillales,Bacillaceae,Bacillus,p,nose,107.87,5.1,1,0.16,30,11,23.00188061,0.0,0.0,1.78376517,1.4676847691054098,Klebsiella pneumoniae,1.0614750839736549,0.4062096851317549,29.355181445000973,11.52059962785642
5,ZnO,Bacillus subtilis,non-pathogenic,purchased from sigma aldrich ( citrate capped agnps),MBC,rod-shaped,Bacteria,Bacillota,Bacilli,Bacillales,Bacillaceae,Bacillus,p,urine,81.3794,17.5,0,0.16,30,8,22.60496136,17.07,0.6865,4.082482905,1.9897339932798332,Klebsiella pneumoniae,1.6072343218912648,0.38249967138856844,97.6638843393007,40.47942379380827
6,Ag,Bacillus subtilis,non-pathogenic,"purchased from us research nanomaterials, inc.в ",MIC,triangular,Bacteria,Bacillota,Bacilli,Bacillales,Bacillaceae,Bacillus,p,lungs,107.87,18.0,24,0.16,30,11,23.00188061,0.0,0.0,1.78376517,0.25893125928740646,Klebsiella pneumoniae,-0.10021272975505857,0.35914398904246503,1.815228323261901,0.793939245502268
7,Au,Bacillus subtilis,non-pathogenic,purchased from sigma aldrich ( citrate capped agnps),MIC,quasi-hexagonal,Bacteria,Bacillota,Bacilli,Bacillales,Bacillaceae,Bacillus,p,skin,196.966569,8.0,0,0.16,30,11,23.00188061,0.0,0.0,2.46797672,1.3426120841110278,Klebsiella pneumoniae,0.9912061626621538,0.35140592144887406,22.009596670651312,9.799550666122549
8,Pd,Bacillus subtilis,non-pathogenic,electrochemical synthesis,MBEC,hexagonal,Bacteria,Bacillota,Bacilli,Bacillales,Bacillaceae,Bacillus,p,urine,195.084,6.0,0,0.16,30,10,21.14774404,0.0,0.0,1.870828693,2.167950021938288,Klebsiella pneumoniae,1.8225730145849925,0.34537700735329535,147.21430803138657,66.46194008544936
9,Ag,Bacillus subtilis,non-pathogenic,electrochemical synthesis,MIC,spheroidal,Bacteria,Bacillota,Bacilli,Bacillales,Bacillaceae,Bacillus,p,meat,107.8682,4.7,24,0.16,30,11,23.00188061,0.0,0.0,1.78376517,1.7549030063825584,Klebsiella pneumoniae,1.4225269891543315,0.33237601722822685,56.87258996587418,26.45617101025765
10,Pt,Bacillus subtilis,non-pathogenic,green_synthesis,MBEC,hexagonal,Bacteria,Bacillota,Bacilli,Bacillales,Bacillaceae,Bacillus,p,food,195.084,79.0,0,0.16,30,10,21.75656585,0.0,0.0,2.588435821,1.7977119264028625,Klebsiella pneumoniae,1.4879776297658516,0.3097342966370109,62.76418970673735,30.759383710195706
11,ZnO,Bacillus subtilis,non-pathogenic,electrochemical synthesis,MIC,cubic,Bacteria,Bacillota,Bacilli,Bacillales,Bacillaceae,Bacillus,p,carious dentine,81.3794,79.0,1,0.16,30,8,22.60496136,17.07,0.6865,4.082482905,0.6941582130298325,Klebsiella pneumoniae,0.4754210793049556,0.2187371337248769,4.94490796662896,2.988278562806499
12,Pd,Bacillus subtilis,non-pathogenic,electrochemical synthesis,MIC,nanoplates,Bacteria,Bacillota,Bacilli,Bacillales,Bacillaceae,Bacillus,p,soil,195.084,35.0,1,0.16,30,10,21.14774404,0.0,0.0,1.870828693,1.408964604284367,Klebsiella pneumoniae,1.2825882259975077,0.12637637828685944,25.642750353616794,19.168504272597954
13,Ni,Bacillus subtilis,non-pathogenic,chemical_synthesis,MBEC,hexagonal,Bacteria,Bacillota,Bacilli,Bacillales,Bacillaceae,Bacillus,p,soil,58.6934,4.0,2,0.16,30,10,17.41523038,0.0,0.0,1.303840481,2.015340858068744,Klebsiella pneumoniae,1.906458569438035,0.10888228863070926,103.5954921787841,80.62292855128938
14,ZnO,Bacillus subtilis,non-pathogenic,chemical_synthesis,MBEC,spheroidal,Bacteria,Bacillota,Bacilli,Bacillales,Bacillaceae,Bacillus,p,carious dentine,81.3794,13.5,24,0.16,30,8,22.60496136,17.07,0.6865,4.082482905,1.7152535411072518,Klebsiella pneumoniae,1.6473296890918523,0.06792385201539952,51.91030028047557,44.39455316058598
15,Ag,Bacillus subtilis,non-pathogenic,electrochemical synthesis,MBC,cubic,Bacteria,Bacillota,Bacilli,Bacillales,Bacillaceae,Bacillus,p,mammary gland,107.87,35.0,18,0.16,30,11,23.00188061,0.0,0.0,1.78376517,1.433830902722108,Klebsiella pneumoniae,1.4158444002082704,0.017986502513837488,27.15381799560364,26.052199799663452
16,Cu,Bacillus subtilis,non-pathogenic,electrochemical synthesis,MBEC,nanoplates,Bacteria,Bacillota,Bacilli,Bacillales,Bacillaceae,Bacillus,p,soil,63.55,41.23,3,0.16,30,11,17.96409803,0.0,0.0,1.243163121,1.658747406504565,Klebsiella pneumoniae,1.770188865159325,-0.11144145865475985,45.57717537835037,58.909978625471346
17,Ag,Bacillus subtilis,non-pathogenic,electrochemical synthesis,MBC,rod-shaped,Bacteria,Bacillota,Bacilli,Bacillales,Bacillaceae,Bacillus,p,water,107.87,13.5,18,0.16,30,11,23.00188061,0.0,0.0,1.78376517,1.4096885956157799,Klebsiella pneumoniae,1.5700563975121145,-0.1603678018963346,25.68553379402596,37.15834798211354
