,np,bacteria,bac_type,np_synthesis,method,shape,kingdom,phylum,class,order,family,genus,gram,isolated_from,mol_weight (g/mol),np_size_avg (nm),time_set,"min_Incub_period, h","growth_temp, C",Valance_electron,labuteASA,tpsa,CrippenMR,chi0v,pred_MIC_norm,pathogenic_bacteria,pred_MIC_pathogen,Fitness,pred_norm_MIC_original,pred_path_MIC_original
0,ZnO,Bacillus subtilis,non-pathogenic,"purchased from us research nanomaterials, inc.в ",MBC,quasi-spherical,Bacteria,Bacillota,Bacilli,Bacillales,Bacillaceae,Bacillus,p,urine,81.3794,5.1,4,0.16,30,8,22.60496136,17.07,0.6865,4.082482905,2.0955088310213155,Klebsiella pneumoniae,1.1527565920632263,0.9427522389580891,124.5973572861617,14.215318414341304
1,Ag,Bacillus subtilis,non-pathogenic,"purchased from us research nanomaterials, inc.в ",MIC,quasi-spherical,Bacteria,Bacillota,Bacilli,Bacillales,Bacillaceae,Bacillus,p,mammary gland,107.87,1.9,24,0.16,30,11,23.00188061,0.0,0.0,1.78376517,2.074008408816142,Klebsiella pneumoniae,1.2106960087412726,0.8633124000748693,118.5791707261357,16.244113254391117
2,Pt,Bacillus subtilis,non-pathogenic,chemical_synthesis,MIC,spheroidal,Bacteria,Bacillota,Bacilli,Bacillales,Bacillaceae,Bacillus,p,nose,195.084,3.0,24,0.16,30,10,21.75656585,0.0,0.0,2.588435821,1.001422727269751,Klebsiella pneumoniae,0.1735382247674233,0.8278845025023276,10.032813223932052,1.491207999511559
3,Ag,Bacillus subtilis,non-pathogenic,chemical_synthesis,MIC,quasi-spherical,Bacteria,Bacillota,Bacilli,Bacillales,Bacillaceae,Bacillus,p,soil,107.87,3.0,0,0.16,30,11,23.00188061,0.0,0.0,1.78376517,1.1323371029626659,Klebsiella pneumoniae,0.31342863904703977,0.8189084639156261,13.562417299181691,2.057920716203131
4,TiO2,Bacillus subtilis,non-pathogenic,"purchased from us research nanomaterials, inc.в ",MBEC,nanoplates,Bacteria,Bacillota,Bacilli,Bacillales,Bacillaceae,Bacillus,p,mammary gland,79.866,4.7,4,0.16,30,16,26.40611331,34.14,1.373,2.878049394,2.9210839936216653,Klebsiella pneumoniae,2.1156573657398963,0.805426627881769,833.8424362052808,130.51407981371506
5,ZnO,Bacillus subtilis,non-pathogenic,"purchased from us research nanomaterials, inc.в ",MBC,nanoplates,Bacteria,Bacillota,Bacilli,Bacillales,Bacillaceae,Bacillus,p,meat,81.3794,1.9,0,0.16,30,8,22.60496136,17.07,0.6865,4.082482905,1.8194028934554876,Klebsiella pneumoniae,1.015890434132794,0.8035124593226937,65.97856922736361,10.372666962544491
6,TiO2,Bacillus subtilis,non-pathogenic,purchased from sigma aldrich ( citrate capped agnps),MBC,quasi-hexagonal,Bacteria,Bacillota,Bacilli,Bacillales,Bacillaceae,Bacillus,p,mammary gland,79.866,6.0,0,0.16,30,16,26.40611331,34.14,1.373,2.878049394,2.4909277039363342,Klebsiella pneumoniae,1.7367654183458106,0.7541622855905237,309.6903721435727,54.54631527367408
7,Ag,Bacillus subtilis,non-pathogenic,green_synthesis,MIC,cubic,Bacteria,Bacillota,Bacilli,Bacillales,Bacillaceae,Bacillus,p,blood,107.87,1.9,1,0.16,30,11,23.00188061,0.0,0.0,1.78376517,0.8042997366937515,Klebsiella pneumoniae,0.12219564314773335,0.6821040935460182,6.372351692888782,1.324938265584162
8,ZnO,Bacillus subtilis,non-pathogenic,electrochemical synthesis,MBC,hexagonal,Bacteria,Bacillota,Bacilli,Bacillales,Bacillaceae,Bacillus,p,mammary gland,81.3794,13.5,4,0.16,30,8,22.60496136,17.07,0.6865,4.082482905,2.01807994626715,Klebsiella pneumoniae,1.3549969536688597,0.6630829925982904,104.2509320060522,22.646284224446926
9,CeO2,Bacillus subtilis,non-pathogenic,purchased from sigma aldrich ( citrate capped agnps),MIC,spherical,Bacteria,Bacillota,Bacilli,Bacillales,Bacillaceae,Bacillus,p,lungs,172.115,1.4,3,0.16,30,16,39.19032095,34.14,1.373,4.456551526,1.9861302290938727,Klebsiella pneumoniae,1.3267993561708964,0.6593308729229763,96.85682510534315,21.222637507033557
10,Au,Bacillus subtilis,non-pathogenic,electrochemical synthesis,MIC,hexagonal,Bacteria,Bacillota,Bacilli,Bacillales,Bacillaceae,Bacillus,p,mammary gland,196.966569,1.9,4,0.16,30,11,23.00188061,0.0,0.0,2.46797672,2.0082212373935304,Klebsiella pneumoniae,1.3577136727551886,0.6505075646383418,101.91104089528368,22.78839154272672
11,CeO2,Bacillus subtilis,non-pathogenic,electrochemical synthesis,MIC,nanoplates,Bacteria,Bacillota,Bacilli,Bacillales,Bacillaceae,Bacillus,p,food,172.115,8.0,0,0.16,30,16,39.19032095,34.14,1.373,4.456551526,2.9736154154686014,Klebsiella pneumoniae,2.4422213450538752,0.5313940704147262,941.0558861155688,276.83522204285583
12,Ag,Bacillus subtilis,non-pathogenic,"purchased from us research nanomaterials, inc.в ",MIC,spheroidal,Bacteria,Bacillota,Bacilli,Bacillales,Bacillaceae,Bacillus,p,mouth,107.87,18.5,3,0.16,30,11,23.00188061,0.0,0.0,1.78376517,2.0327692883257713,Klebsiella pneumoniae,1.6710557268709283,0.361713561454843,107.83737020603697,46.8873542198305
13,ZnO,Bacillus subtilis,non-pathogenic,electrochemical synthesis,MBC,quasi-hexagonal,Bacteria,Bacillota,Bacilli,Bacillales,Bacillaceae,Bacillus,p,blood,81.3794,22.5,2,0.16,30,8,22.60496136,17.07,0.6865,4.082482905,0.42998851456232945,Klebsiella pneumoniae,0.07200028870911024,0.3579882258532192,2.6914636240069565,1.180321420302348
14,Al2O3,Bacillus subtilis,non-pathogenic,purchased from sigma aldrich ( citrate capped agnps),MIC,hexagonal,Bacteria,Bacillota,Bacilli,Bacillales,Bacillaceae,Bacillus,p,meat,101.961276,13.0,18,0.16,30,24,51.55776403,85.5,13.5675,4.688846487,2.4016733468357385,Klebsiella pneumoniae,2.2675786105999034,0.13409473623583512,252.15834583471002,185.17340417986176
15,ZnO,Bacillus subtilis,non-pathogenic,electrochemical synthesis,MBEC,tetragonal,Bacteria,Bacillota,Bacilli,Bacillales,Bacillaceae,Bacillus,p,lungs,81.3794,12.5,0,0.16,30,8,22.60496136,17.07,0.6865,4.082482905,1.4107830407016495,Klebsiella pneumoniae,1.282222963914003,0.12856007678764647,25.750344327663285,19.15238943665579
16,CuO,Bacillus subtilis,non-pathogenic,chemical_synthesis,MBC,nanoplates,Bacteria,Bacillota,Bacilli,Bacillales,Bacillaceae,Bacillus,p,water,79.5454,4.0,0,0.16,30,17,20.67942236,17.07,0.6865,1.651411411,2.4861058468325226,Klebsiella pneumoniae,2.4184345961082148,0.0676712507243078,306.270979046565,262.08043209562175
17,Al2O3,Bacillus subtilis,non-pathogenic,"purchased from us research nanomaterials, inc.в ",MBEC,triangular,Bacteria,Bacillota,Bacilli,Bacillales,Bacillaceae,Bacillus,p,water,101.961276,37.86,24,0.16,30,24,51.55776403,85.5,13.5675,4.688846487,1.6890048101552644,Klebsiella pneumoniae,1.6476305173046752,0.041374292850589134,48.86577715846039,44.42531514616364
18,Au,Bacillus subtilis,non-pathogenic,chemical_synthesis,MBC,rod-shaped,Bacteria,Bacillota,Bacilli,Bacillales,Bacillaceae,Bacillus,p,lungs,196.966569,10.4,2,0.16,30,11,23.00188061,0.0,0.0,2.46797672,1.4149762134740962,Klebsiella pneumoniae,1.4557756585378487,-0.04079944506375255,26.00017155025939,28.5611479243377
19,Ag,Bacillus subtilis,non-pathogenic,chemical_synthesis,MBC,spherical,Bacteria,Bacillota,Bacilli,Bacillales,Bacillaceae,Bacillus,p,mammary gland,107.8682,12.0,1,0.16,30,11,23.00188061,0.0,0.0,1.78376517,1.7848864663501323,Klebsiella pneumoniae,2.0408671339695856,-0.2559806676194534,60.93775723884937,109.86696661325448
