,np,bacteria,bac_type,np_synthesis,method,shape,kingdom,phylum,class,order,family,genus,gram,isolated_from,mol_weight (g/mol),np_size_avg (nm),time_set,"min_Incub_period, h","growth_temp, C",Valance_electron,labuteASA,tpsa,CrippenMR,chi0v,pred_MIC_norm,pathogenic_bacteria,pred_MIC_pathogen,Fitness,pred_norm_MIC_original,pred_path_MIC_original
0,ZnO,Bacillus subtilis,non-pathogenic,"purchased from us research nanomaterials, inc.в ",MBC,quasi-spherical,Bacteria,Bacillota,Bacilli,Bacillales,Bacillaceae,Bacillus,p,urine,81.3794,5.1,4,0.16,30,8,22.60496136,17.07,0.6865,4.082482905,2.0955088310213155,Klebsiella pneumoniae,1.1527565920632263,0.9427522389580891,124.5973572861617,14.215318414341304
1,Ag,Bacillus subtilis,non-pathogenic,"purchased from us research nanomaterials, inc.в ",MIC,quasi-spherical,Bacteria,Bacillota,Bacilli,Bacillales,Bacillaceae,Bacillus,p,mammary gland,107.87,1.9,24,0.16,30,11,23.00188061,0.0,0.0,1.78376517,2.074008408816142,Klebsiella pneumoniae,1.2106960087412726,0.8633124000748693,118.5791707261357,16.244113254391117
2,Pt,Bacillus subtilis,non-pathogenic,chemical_synthesis,MIC,spheroidal,Bacteria,Bacillota,Bacilli,Bacillales,Bacillaceae,Bacillus,p,nose,195.084,3.0,24,0.16,30,10,21.75656585,0.0,0.0,2.588435821,1.001422727269751,Klebsiella pneumoniae,0.1735382247674233,0.8278845025023276,10.032813223932052,1.491207999511559
3,Ag,Bacillus subtilis,non-pathogenic,chemical_synthesis,MIC,quasi-spherical,Bacteria,Bacillota,Bacilli,Bacillales,Bacillaceae,Bacillus,p,soil,107.87,3.0,0,0.16,30,11,23.00188061,0.0,0.0,1.78376517,1.1323371029626659,Klebsiella pneumoniae,0.31342863904703977,0.8189084639156261,13.562417299181691,2.057920716203131
4,ZnO,Bacillus subtilis,non-pathogenic,green_synthesis,MBEC,cubic,Bacteria,Bacillota,Bacilli,Bacillales,Bacillaceae,Bacillus,p,lungs,81.3794,4.7,4,0.16,30,8,22.60496136,17.07,0.6865,4.082482905,2.280343015170762,Klebsiella pneumoniae,1.4730645120140753,0.8072785031566869,190.69662865192285,29.721074888786244
5,TiO2,Bacillus subtilis,non-pathogenic,"purchased from us research nanomaterials, inc.в ",MBEC,nanoplates,Bacteria,Bacillota,Bacilli,Bacillales,Bacillaceae,Bacillus,p,mammary gland,79.866,4.7,4,0.16,30,16,26.40611331,34.14,1.373,2.878049394,2.9210839936216653,Klebsiella pneumoniae,2.1156573657398963,0.805426627881769,833.8424362052808,130.51407981371506
6,ZnO,Bacillus subtilis,non-pathogenic,"purchased from us research nanomaterials, inc.в ",MBC,nanoplates,Bacteria,Bacillota,Bacilli,Bacillales,Bacillaceae,Bacillus,p,meat,81.3794,1.9,0,0.16,30,8,22.60496136,17.07,0.6865,4.082482905,1.8194028934554876,Klebsiella pneumoniae,1.015890434132794,0.8035124593226937,65.97856922736361,10.372666962544491
7,TiO2,Bacillus subtilis,non-pathogenic,green_synthesis,MIC,rod-shaped,Bacteria,Bacillota,Bacilli,Bacillales,Bacillaceae,Bacillus,p,water,79.866,1.9,3,0.16,30,16,26.40611331,34.14,1.373,2.878049394,2.238525856344526,Klebsiella pneumoniae,1.4453510278067434,0.7931748285377827,173.19121395525826,27.8837402100889
8,ZnO,Bacillus subtilis,non-pathogenic,purchased from sigma aldrich ( citrate capped agnps),MBC,quasi-spherical,Bacteria,Bacillota,Bacilli,Bacillales,Bacillaceae,Bacillus,p,soil,81.3794,3.0,1,0.16,30,8,22.60496136,17.07,0.6865,4.082482905,1.7124570481162187,Klebsiella pneumoniae,0.9991142821319867,0.713342765984232,51.5771152593331,9.979626374867598
9,Ag,Bacillus subtilis,non-pathogenic,purchased from sigma aldrich ( citrate capped agnps),MIC,nanoplates,Bacteria,Bacillota,Bacilli,Bacillales,Bacillaceae,Bacillus,p,carious dentine,107.87,3.0,0,0.16,30,11,23.00188061,0.0,0.0,1.78376517,1.1338080535771429,Klebsiella pneumoniae,0.44265082704260905,0.6911572265345338,13.608430936663176,2.7710912501692966
10,ZnO,Bacillus subtilis,non-pathogenic,electrochemical synthesis,MBC,triangular,Bacteria,Bacillota,Bacilli,Bacillales,Bacillaceae,Bacillus,p,respiratory tract,81.3794,12.0,18,0.16,30,8,22.60496136,17.07,0.6865,4.082482905,0.8396230634190014,Klebsiella pneumoniae,0.3445673841359256,0.4950556792830758,6.912307715685875,2.210891266507464
11,ZnO,Bacillus subtilis,non-pathogenic,"purchased from us research nanomaterials, inc.в ",MIC,spherical,Bacteria,Bacillota,Bacilli,Bacillales,Bacillaceae,Bacillus,p,lungs,81.3794,13.5,2,0.16,30,8,22.60496136,17.07,0.6865,4.082482905,1.2149240726365043,Klebsiella pneumoniae,0.8113812016625626,0.4035428709739417,16.40302975247864,6.47710894070776
12,Ag,Bacillus subtilis,non-pathogenic,electrochemical synthesis,MIC,spheroidal,Bacteria,Bacillota,Bacilli,Bacillales,Bacillaceae,Bacillus,p,respiratory tract,107.87,18.5,2,0.16,30,11,23.00188061,0.0,0.0,1.78376517,0.983821196376826,Klebsiella pneumoniae,0.6086465657420081,0.3751746306348178,9.634322867155092,4.061126950774891
13,ZnO,Bacillus subtilis,non-pathogenic,chemical_synthesis,MBC,tetragonal,Bacteria,Bacillota,Bacilli,Bacillales,Bacillaceae,Bacillus,p,mouth,81.3794,8.0,2,0.16,30,8,22.60496136,17.07,0.6865,4.082482905,1.111280311637978,Klebsiella pneumoniae,0.9145094096106521,0.19677090202732583,12.920529490032749,8.213143475909574
14,Cu,Bacillus subtilis,non-pathogenic,"purchased from us research nanomaterials, inc.в ",MBEC,spherical,Bacteria,Bacillota,Bacilli,Bacillales,Bacillaceae,Bacillus,p,water,63.55,26.38,4,0.16,30,11,17.96409803,0.0,0.0,1.243163121,2.4637217713161066,Klebsiella pneumoniae,2.2759122905801514,0.18780948073595516,290.88529782481027,188.76100918795422
15,Ag,Bacillus subtilis,non-pathogenic,purchased from sigma aldrich ( citrate capped agnps),MBC,triangular,Bacteria,Bacillota,Bacilli,Bacillales,Bacillaceae,Bacillus,p,skin,107.87,1.4,2,0.16,30,11,23.00188061,0.0,0.0,1.78376517,0.21481510194846942,Klebsiella pneumoniae,0.075736721392194,0.13907838055627542,1.6398914514355858,1.1905200704814467
16,CuO,Bacillus subtilis,non-pathogenic,electrochemical synthesis,MBEC,spheroidal,Bacteria,Bacillota,Bacilli,Bacillales,Bacillaceae,Bacillus,p,respiratory tract,79.5454,100.0,0,0.16,30,17,20.67942236,17.07,0.6865,1.651411411,2.288502048363624,Klebsiella pneumoniae,2.296796418845542,-0.008294370481917834,194.31308566447947,198.05983770627535
17,Ag,Bacillus subtilis,non-pathogenic,purchased from sigma aldrich ( citrate capped agnps),MBEC,rod-shaped,Bacteria,Bacillota,Bacilli,Bacillales,Bacillaceae,Bacillus,p,skin,107.87,50.0,3,0.16,30,11,23.00188061,0.0,0.0,1.78376517,1.6417295429355798,Klebsiella pneumoniae,1.7014536082269271,-0.05972406529134733,43.825768762283104,50.286754616458005
