,np,bacteria,bac_type,np_synthesis,method,shape,kingdom,phylum,class,order,family,genus,gram,isolated_from,mol_weight (g/mol),np_size_avg (nm),time_set,"min_Incub_period, h","growth_temp, C",Valance_electron,labuteASA,tpsa,CrippenMR,chi0v,pred_MIC_norm,pathogenic_bacteria,pred_MIC_pathogen,Fitness,pred_norm_MIC_original,pred_path_MIC_original
0,ZnO,Bacillus subtilis,non-pathogenic,"purchased from us research nanomaterials, inc.в ",MBC,hexagonal,Bacteria,Bacillota,Bacilli,Bacillales,Bacillaceae,Bacillus,p,mammary gland,81.3794,8.7,4,0.16,30,8,22.60496136,17.07,0.6865,4.082482905,2.294923474254386,Klebsiella pneumoniae,1.322877529587026,0.9720459446673597,197.20752119597617,21.031852609444467
1,Ag,Bacillus subtilis,non-pathogenic,"purchased from us research nanomaterials, inc.в ",MIC,nanoplates,Bacteria,Bacillota,Bacilli,Bacillales,Bacillaceae,Bacillus,p,lungs,107.87,1.9,1,0.16,30,11,23.00188061,0.0,0.0,1.78376517,1.8178155047153548,Klebsiella pneumoniae,0.849447510946105,0.9683679937692498,65.73785130579112,7.070457416060153
2,CeO2,Bacillus subtilis,non-pathogenic,electrochemical synthesis,MIC,quasi-spherical,Bacteria,Bacillota,Bacilli,Bacillales,Bacillaceae,Bacillus,p,respiratory tract,172.115,1.9,3,0.16,30,16,39.19032095,34.14,1.373,4.456551526,2.41628657018375,Klebsiella pneumoniae,1.568982119908755,0.8473044502749949,260.7873793729839,37.06654610114369
3,ZnO,Bacillus subtilis,non-pathogenic,electrochemical synthesis,MIC,hexagonal,Bacteria,Bacillota,Bacilli,Bacillales,Bacillaceae,Bacillus,p,lungs,81.3794,4.7,4,0.16,30,8,22.60496136,17.07,0.6865,4.082482905,1.626081560177283,Klebsiella pneumoniae,0.8035736310195191,0.8225079291577638,42.27479985676044,6.3617065314095305
4,Ag,Bacillus subtilis,non-pathogenic,"purchased from us research nanomaterials, inc.в ",MIC,spheroidal,Bacteria,Bacillota,Bacilli,Bacillales,Bacillaceae,Bacillus,p,mouth,107.87,5.1,18,0.16,30,11,23.00188061,0.0,0.0,1.78376517,1.6308399862008354,Klebsiella pneumoniae,0.8083707931381949,0.8224691930626404,42.74053815955299,6.432366673140413
5,TiO2,Bacillus subtilis,non-pathogenic,"purchased from us research nanomaterials, inc.в ",MIC,hexagonal,Bacteria,Bacillota,Bacilli,Bacillales,Bacillaceae,Bacillus,p,mouth,79.866,1.4,0,0.16,30,16,26.40611331,34.14,1.373,2.878049394,2.3944270474733274,Klebsiella pneumoniae,1.5791708695140574,0.81525617795927,247.98593374191978,37.94642526288514
6,ZnO,Bacillus subtilis,non-pathogenic,"purchased from us research nanomaterials, inc.в ",MIC,nanoplates,Bacteria,Bacillota,Bacilli,Bacillales,Bacillaceae,Bacillus,p,mammary gland,81.3794,1.9,18,0.16,30,8,22.60496136,17.07,0.6865,4.082482905,1.541863719465519,Klebsiella pneumoniae,0.7396493394994617,0.8022143799660573,34.82280247963357,5.490973395497445
7,TiO2,Bacillus subtilis,non-pathogenic,purchased from sigma aldrich ( citrate capped agnps),MBC,hexagonal,Bacteria,Bacillota,Bacilli,Bacillales,Bacillaceae,Bacillus,p,lungs,79.866,10.4,1,0.16,30,16,26.40611331,34.14,1.373,2.878049394,3.2254110136788015,Klebsiella pneumoniae,2.4594585556023483,0.7659524580764532,1680.3935801791592,288.04381585993775
8,Ag,Bacillus subtilis,non-pathogenic,purchased from sigma aldrich ( citrate capped agnps),MIC,hexagonal,Bacteria,Bacillota,Bacilli,Bacillales,Bacillaceae,Bacillus,p,mammary gland,107.87,1.4,2,0.16,30,11,23.00188061,0.0,0.0,1.78376517,1.7734185288694275,Klebsiella pneumoniae,1.0077626893420872,0.7656558395273403,59.34970011461446,10.180349532557344
9,ZnO,Bacillus subtilis,non-pathogenic,electrochemical synthesis,MBC,hexagonal,Bacteria,Bacillota,Bacilli,Bacillales,Bacillaceae,Bacillus,p,soil,81.3794,4.7,2,0.16,30,8,22.60496136,17.07,0.6865,4.082482905,1.915007021826614,Klebsiella pneumoniae,1.1708831369083594,0.7441238849182545,82.22559443641973,14.821192121548133
10,ZnO,Bacillus subtilis,non-pathogenic,electrochemical synthesis,MBC,quasi-hexagonal,Bacteria,Bacillota,Bacilli,Bacillales,Bacillaceae,Bacillus,p,water,81.3794,8.7,3,0.16,30,8,22.60496136,17.07,0.6865,4.082482905,1.04148636689641,Klebsiella pneumoniae,0.33054018881038516,0.7109461780860249,11.002373067850375,2.140623006911607
11,TiO2,Bacillus subtilis,non-pathogenic,purchased from sigma aldrich ( citrate capped agnps),MBC,cubic,Bacteria,Bacillota,Bacilli,Bacillales,Bacillaceae,Bacillus,p,carious dentine,79.866,11.3,3,0.16,30,16,26.40611331,34.14,1.373,2.878049394,2.7474229632340963,Klebsiella pneumoniae,2.0376358183485497,0.7097871448855466,559.0143587351372,109.05254827009269
12,ZnO,Bacillus subtilis,non-pathogenic,green_synthesis,MBEC,nanoplates,Bacteria,Bacillota,Bacilli,Bacillales,Bacillaceae,Bacillus,p,food,81.3794,10.0,0,0.16,30,8,22.60496136,17.07,0.6865,4.082482905,2.607608943909373,Klebsiella pneumoniae,1.9401590169241407,0.6674499269852321,405.1435637154374,87.12825516640756
13,Ag,Bacillus subtilis,non-pathogenic,green_synthesis,MIC,nanoplates,Bacteria,Bacillota,Bacilli,Bacillales,Bacillaceae,Bacillus,p,meat,107.87,1.9,1,0.16,30,11,23.00188061,0.0,0.0,1.78376517,1.87366088060176,Klebsiella pneumoniae,1.2183448483873027,0.6553160322144573,74.75855194365124,16.532740474500446
14,TiO2,Bacillus subtilis,non-pathogenic,electrochemical synthesis,MBEC,rod-shaped,Bacteria,Bacillota,Bacilli,Bacillales,Bacillaceae,Bacillus,p,water,79.866,1.4,2,0.16,30,16,26.40611331,34.14,1.373,2.878049394,2.595370096924652,Klebsiella pneumoniae,1.942025320306379,0.6533447766182727,393.8855937665636,87.50347901586389
15,CuO,Bacillus subtilis,non-pathogenic,"purchased from us research nanomaterials, inc.в ",MBC,nanoplates,Bacteria,Bacillota,Bacilli,Bacillales,Bacillaceae,Bacillus,p,skin,79.5454,13.0,4,0.16,30,17,20.67942236,17.07,0.6865,1.651411411,3.1422989767377536,Klebsiella pneumoniae,2.4895867729396484,0.6527122037981052,1387.710827141065,308.7356444293951
16,ZnO,Bacillus subtilis,non-pathogenic,"purchased from us research nanomaterials, inc.в ",MBC,spherical,Bacteria,Bacillota,Bacilli,Bacillales,Bacillaceae,Bacillus,p,nose,81.3794,11.3,3,0.16,30,8,22.60496136,17.07,0.6865,4.082482905,2.4349039295217443,Klebsiella pneumoniae,1.784553844216501,0.6503500853052433,272.2099084704827,60.89110344138586
17,CuO,Bacillus subtilis,non-pathogenic,purchased from sigma aldrich ( citrate capped agnps),MBC,cubic,Bacteria,Bacillota,Bacilli,Bacillales,Bacillaceae,Bacillus,p,lungs,79.5454,10.4,0,0.16,30,17,20.67942236,17.07,0.6865,1.651411411,3.4307636563191126,Klebsiella pneumoniae,2.7913928942950452,0.6393707620240674,2696.2717181729877,618.575755587761
18,Cu,Bacillus subtilis,non-pathogenic,"purchased from us research nanomaterials, inc.в ",MBC,hexagonal,Bacteria,Bacillota,Bacilli,Bacillales,Bacillaceae,Bacillus,p,food,63.55,8.0,0,0.16,30,11,17.96409803,0.0,0.0,1.243163121,2.0066691389597877,Klebsiella pneumoniae,1.3704469961724175,0.6362221427873702,101.54747731746164,23.466428472507197
19,ZnO,Bacillus subtilis,non-pathogenic,chemical_synthesis,MBC,hexagonal,Bacteria,Bacillota,Bacilli,Bacillales,Bacillaceae,Bacillus,p,mouth,81.3794,5.1,1,0.16,30,8,22.60496136,17.07,0.6865,4.082482905,1.8889305415541213,Klebsiella pneumoniae,1.2528121910721932,0.6361183504819281,77.43379449476448,17.89831681035082
20,Cu,Bacillus subtilis,non-pathogenic,"purchased from us research nanomaterials, inc.в ",MIC,cubic,Bacteria,Bacillota,Bacilli,Bacillales,Bacillaceae,Bacillus,p,food,63.55,4.0,0,0.16,30,11,17.96409803,0.0,0.0,1.243163121,1.4016843207499228,Klebsiella pneumoniae,0.7677932847969892,0.6338910359529336,25.216471754589794,5.858592412405589
21,Ag,Bacillus subtilis,non-pathogenic,"purchased from us research nanomaterials, inc.в ",MBC,hexagonal,Bacteria,Bacillota,Bacilli,Bacillales,Bacillaceae,Bacillus,p,lungs,107.8682,28.0,0,0.16,30,11,23.00188061,0.0,0.0,1.78376517,2.1480164942919227,Klebsiella pneumoniae,1.738436273867075,0.40958022042484754,140.61009261409868,54.75657480922897
22,ZnO,Bacillus subtilis,non-pathogenic,electrochemical synthesis,MBC,spheroidal,Bacteria,Bacillota,Bacilli,Bacillales,Bacillaceae,Bacillus,p,skin,81.3794,1.9,2,0.16,30,8,22.60496136,17.07,0.6865,4.082482905,1.4788695626316508,Klebsiella pneumoniae,1.073876105266613,0.4049934573650378,30.121012243781976,11.854305224796446
23,Au,Bacillus subtilis,non-pathogenic,chemical_synthesis,MBEC,hexagonal,Bacteria,Bacillota,Bacilli,Bacillales,Bacillaceae,Bacillus,p,food,196.966569,20.0,4,0.16,30,11,23.00188061,0.0,0.0,2.46797672,2.3757227369563636,Klebsiella pneumoniae,1.9870880203410937,0.38863471661526994,237.53233443629588,97.07066846323896
24,Ag,Bacillus subtilis,non-pathogenic,electrochemical synthesis,MBEC,nanoplates,Bacteria,Bacillota,Bacilli,Bacillales,Bacillaceae,Bacillus,p,lungs,107.87,18.5,0,0.16,30,11,23.00188061,0.0,0.0,1.78376517,2.033567780821896,Klebsiella pneumoniae,1.7077040395425849,0.3258637412793113,108.03582204315454,51.015722253505494
25,ZnO,Bacillus subtilis,non-pathogenic,"purchased from us research nanomaterials, inc.в ",MBEC,rod-shaped,Bacteria,Bacillota,Bacilli,Bacillales,Bacillaceae,Bacillus,p,lungs,81.3794,25.0,2,0.16,30,8,22.60496136,17.07,0.6865,4.082482905,2.3758686414060626,Klebsiella pneumoniae,2.05222113114613,0.32364751025993277,237.61214859070063,112.77715411442004
26,Ag,Bacillus subtilis,non-pathogenic,"purchased from us research nanomaterials, inc.в ",MBC,quasi-hexagonal,Bacteria,Bacillota,Bacilli,Bacillales,Bacillaceae,Bacillus,p,carious dentine,107.87,3.0,4,0.16,30,11,23.00188061,0.0,0.0,1.78376517,0.6355570948635696,Klebsiella pneumoniae,0.31728817717383095,0.31826891768973864,4.320729666948292,2.0762907883284645
27,ZnO,Bacillus subtilis,non-pathogenic,chemical_synthesis,MBC,quasi-spherical,Bacteria,Bacillota,Bacilli,Bacillales,Bacillaceae,Bacillus,p,respiratory tract,81.3794,100.0,4,0.16,30,8,22.60496136,17.07,0.6865,4.082482905,0.9724084623167193,Klebsiella pneumoniae,0.7292406605822672,0.24316780173445207,9.384442168361854,5.360936469398071
28,Ag,Bacillus subtilis,non-pathogenic,"purchased from us research nanomaterials, inc.в ",MIC,quasi-hexagonal,Bacteria,Bacillota,Bacilli,Bacillales,Bacillaceae,Bacillus,p,carious dentine,107.87,17.5,2,0.16,30,11,23.00188061,0.0,0.0,1.78376517,1.2593649776161544,Klebsiella pneumoniae,1.0283059129766372,0.2310590646395172,18.17042048936647,10.67347686242399
29,Pd,Bacillus subtilis,non-pathogenic,"purchased from us research nanomaterials, inc.в ",MIC,hexagonal,Bacteria,Bacillota,Bacilli,Bacillales,Bacillaceae,Bacillus,p,mammary gland,195.084,100.0,24,0.16,30,10,21.14774404,0.0,0.0,1.870828693,1.9062636846916323,Klebsiella pneumoniae,1.7665231887222073,0.13974049596942506,80.58675803834181,58.41483962831879
30,Ag,Bacillus subtilis,non-pathogenic,electrochemical synthesis,MIC,triangular,Bacteria,Bacillota,Bacilli,Bacillales,Bacillaceae,Bacillus,p,urine,107.8682,12.5,0,0.16,30,11,23.00188061,0.0,0.0,1.78376517,-0.10795595507878453,Klebsiella pneumoniae,-0.2223347369355475,0.11437878185676298,0.7799092027037624,0.5993289592325131
31,ZnO,Bacillus subtilis,non-pathogenic,green_synthesis,MBC,spheroidal,Bacteria,Bacillota,Bacilli,Bacillales,Bacillaceae,Bacillus,p,mouth,81.3794,44.45,4,0.16,30,8,22.60496136,17.07,0.6865,4.082482905,1.3422412246332964,Klebsiella pneumoniae,1.256796417842503,0.08544480679079336,21.990809917082643,18.063271841200933
32,Ag,Bacillus subtilis,non-pathogenic,electrochemical synthesis,MBEC,spheroidal,Bacteria,Bacillota,Bacilli,Bacillales,Bacillaceae,Bacillus,p,carious dentine,107.87,50.0,2,0.16,30,11,23.00188061,0.0,0.0,1.78376517,0.9446984344715386,Klebsiella pneumoniae,0.8867303909534,0.05796804351813856,8.804373023915858,7.704250424271475
33,ZnO,Bacillus subtilis,non-pathogenic,green_synthesis,MIC,nanoplates,Bacteria,Bacillota,Bacilli,Bacillales,Bacillaceae,Bacillus,p,mammary gland,81.3794,28.0,18,0.16,30,8,22.60496136,17.07,0.6865,4.082482905,1.5163626207490954,Klebsiella pneumoniae,1.4815083540118494,0.03485426673724601,32.83693556430106,30.304585905932235
34,Ag,Bacillus subtilis,non-pathogenic,green_synthesis,MBC,rod-shaped,Bacteria,Bacillota,Bacilli,Bacillales,Bacillaceae,Bacillus,p,food,107.87,60.0,2,0.16,30,11,23.00188061,0.0,0.0,1.78376517,1.07553645262951,Klebsiella pneumoniae,1.0943091333456902,-0.018772680716180323,11.899712055362935,12.425364375752856
35,Cu,Bacillus subtilis,non-pathogenic,electrochemical synthesis,MIC,spheroidal,Bacteria,Bacillota,Bacilli,Bacillales,Bacillaceae,Bacillus,p,urine,63.55,27.43,3,0.16,30,11,17.96409803,0.0,0.0,1.243163121,1.3744541962420387,Klebsiella pneumoniae,1.4250992335663064,-0.05064503732426773,23.683953309420296,26.613330882562625
36,Ag,Bacillus subtilis,non-pathogenic,chemical_synthesis,MBC,spherical,Bacteria,Bacillota,Bacilli,Bacillales,Bacillaceae,Bacillus,p,carious dentine,107.87,40.0,2,0.16,30,11,23.00188061,0.0,0.0,1.78376517,0.9757320370064326,Klebsiella pneumoniae,1.2557154914330757,-0.2799834544266431,9.456535059295026,18.01836961398435
37,Ag2O,Bacillus subtilis,non-pathogenic,chemical_synthesis,MBC,rod-shaped,Bacteria,Bacillota,Bacilli,Bacillales,Bacillaceae,Bacillus,p,water,231.7358,17.5,4,0.16,30,28,46.55109718,17.07,0.6865,3.975778631,1.6093753830738573,Klebsiella pneumoniae,1.9571881038838526,-0.34781272080999526,40.67947909256221,90.61249814799328
