,np,bacteria,bac_type,np_synthesis,method,shape,kingdom,phylum,class,order,family,genus,gram,isolated_from,mol_weight (g/mol),np_size_avg (nm),time_set,"min_Incub_period, h","growth_temp, C",Valance_electron,labuteASA,tpsa,CrippenMR,chi0v,pred_MIC_norm,pathogenic_bacteria,pred_MIC_pathogen,Fitness,pred_norm_MIC_original,pred_path_MIC_original
0,ZnO,Bacillus subtilis,non-pathogenic,"purchased from us research nanomaterials, inc.в ",MBC,quasi-spherical,Bacteria,Bacillota,Bacilli,Bacillales,Bacillaceae,Bacillus,p,urine,81.3794,5.1,4,0.16,30,8,22.60496136,17.07,0.6865,4.082482905,2.0955088310213155,Klebsiella pneumoniae,1.1527565920632263,0.9427522389580891,124.5973572861617,14.215318414341304
1,ZnO,Bacillus subtilis,non-pathogenic,green_synthesis,MIC,cubic,Bacteria,Bacillota,Bacilli,Bacillales,Bacillaceae,Bacillus,p,mammary gland,81.3794,1.4,4,0.16,30,8,22.60496136,17.07,0.6865,4.082482905,1.5778520373426488,Klebsiella pneumoniae,0.6560719256670666,0.9217801116755822,37.83136725729394,4.529725927336345
2,Ag,Bacillus subtilis,non-pathogenic,chemical_synthesis,MIC,quasi-spherical,Bacteria,Bacillota,Bacilli,Bacillales,Bacillaceae,Bacillus,p,soil,107.87,3.0,0,0.16,30,11,23.00188061,0.0,0.0,1.78376517,1.1323371029626659,Klebsiella pneumoniae,0.31342863904703977,0.8189084639156261,13.562417299181691,2.057920716203131
3,CeO2,Bacillus subtilis,non-pathogenic,purchased from sigma aldrich ( citrate capped agnps),MIC,spherical,Bacteria,Bacillota,Bacilli,Bacillales,Bacillaceae,Bacillus,p,lungs,172.115,1.4,3,0.16,30,16,39.19032095,34.14,1.373,4.456551526,1.9861302290938727,Klebsiella pneumoniae,1.3267993561708964,0.6593308729229763,96.85682510534315,21.222637507033557
4,TiO2,Bacillus subtilis,non-pathogenic,green_synthesis,MBC,spherical,Bacteria,Bacillota,Bacilli,Bacillales,Bacillaceae,Bacillus,p,mammary gland,79.866,5.1,3,0.16,30,16,26.40611331,34.14,1.373,2.878049394,3.0276505755168936,Klebsiella pneumoniae,2.3870177721546573,0.6406328033622364,1065.7383048804002,243.79105802565508
5,TiO2,Bacillus subtilis,non-pathogenic,electrochemical synthesis,MBEC,hexagonal,Bacteria,Bacillota,Bacilli,Bacillales,Bacillaceae,Bacillus,p,water,79.866,9.0,3,0.16,30,16,26.40611331,34.14,1.373,2.878049394,3.443396670881251,Klebsiella pneumoniae,2.8223855565759095,0.6210111143053414,2775.8543249215986,664.3325877582361
6,ZnO,Bacillus subtilis,non-pathogenic,"purchased from us research nanomaterials, inc.в ",MIC,quasi-hexagonal,Bacteria,Bacillota,Bacilli,Bacillales,Bacillaceae,Bacillus,p,lungs,81.3794,10.4,1,0.16,30,8,22.60496136,17.07,0.6865,4.082482905,0.8171794950039653,Klebsiella pneumoniae,0.26026702009938907,0.5569124749045762,6.56416508843967,1.820820021133364
7,ZrO2,Bacillus subtilis,non-pathogenic,green_synthesis,MIC,rod-shaped,Bacteria,Bacillota,Bacilli,Bacillales,Bacillaceae,Bacillus,p,blood,123.2218,1.9,24,0.16,30,16,29.29254423,34.14,1.373,3.774536472,2.169744088519514,Klebsiella pneumoniae,1.720113485301685,0.449630603217829,147.82370685178708,52.494461537755264
8,ZnO,Bacillus subtilis,non-pathogenic,chemical_synthesis,MBEC,rod-shaped,Bacteria,Bacillota,Bacilli,Bacillales,Bacillaceae,Bacillus,p,soil,81.3794,3.0,2,0.16,30,8,22.60496136,17.07,0.6865,4.082482905,1.4591600057372762,Klebsiella pneumoniae,1.03234593657811,0.4268140691591662,28.784587208097594,10.773230118754453
9,CuO,Bacillus subtilis,non-pathogenic,purchased from sigma aldrich ( citrate capped agnps),MBC,nanoplates,Bacteria,Bacillota,Bacilli,Bacillales,Bacillaceae,Bacillus,p,respiratory tract,79.5454,12.0,0,0.16,30,17,20.67942236,17.07,0.6865,1.651411411,3.4925910086117713,Klebsiella pneumoniae,3.072815646147127,0.4197753624646441,3108.787296633906,1182.5394724746802
10,Ag,Bacillus subtilis,non-pathogenic,purchased from sigma aldrich ( citrate capped agnps),MBC,spheroidal,Bacteria,Bacillota,Bacilli,Bacillales,Bacillaceae,Bacillus,p,soil,107.8682,8.7,4,0.16,30,11,23.00188061,0.0,0.0,1.78376517,1.6735634777117103,Klebsiella pneumoniae,1.265314040255276,0.40824943745643427,47.1588795053447,18.42103553189197
11,ZnO,Bacillus subtilis,non-pathogenic,green_synthesis,MBEC,quasi-spherical,Bacteria,Bacillota,Bacilli,Bacillales,Bacillaceae,Bacillus,p,meat,81.3794,13.0,1,0.16,30,8,22.60496136,17.07,0.6865,4.082482905,2.2248933608941512,Klebsiella pneumoniae,1.8249089173201227,0.3999844435740285,167.83918457623267,66.82037634229889
12,Pd,Bacillus subtilis,non-pathogenic,"purchased from us research nanomaterials, inc.в ",MBEC,nanoplates,Bacteria,Bacillota,Bacilli,Bacillales,Bacillaceae,Bacillus,p,lungs,195.084,40.0,0,0.16,30,10,21.14774404,0.0,0.0,1.870828693,1.9589942897991925,Klebsiella pneumoniae,1.5623068756446954,0.39668741415449715,90.99013089680489,36.50117758028474
13,TiO2,Bacillus subtilis,non-pathogenic,chemical_synthesis,MBEC,spherical,Bacteria,Bacillota,Bacilli,Bacillales,Bacillaceae,Bacillus,p,urine,79.866,11.3,0,0.16,30,16,26.40611331,34.14,1.373,2.878049394,2.825089925440145,Klebsiella pneumoniae,2.4329148023077956,0.3921751231323496,668.48231984216,270.96600123677524
14,ZnO,Bacillus subtilis,non-pathogenic,purchased from sigma aldrich ( citrate capped agnps),MBC,nanoplates,Bacteria,Bacillota,Bacilli,Bacillales,Bacillaceae,Bacillus,p,carious dentine,81.3794,26.06,18,0.16,30,8,22.60496136,17.07,0.6865,4.082482905,1.8603366810376603,Klebsiella pneumoniae,1.6742790129899512,0.18605766804770907,72.49977871922388,47.236641614932765
15,Cu,Bacillus subtilis,non-pathogenic,electrochemical synthesis,MBC,quasi-spherical,Bacteria,Bacillota,Bacilli,Bacillales,Bacillaceae,Bacillus,p,carious dentine,63.55,10.0,1,0.16,30,11,17.96409803,0.0,0.0,1.243163121,1.1209825654064853,Klebsiella pneumoniae,0.9494206197443573,0.171561945662128,13.21242592320123,8.900627376582637
16,Ag,Bacillus subtilis,non-pathogenic,chemical_synthesis,MBEC,spherical,Bacteria,Bacillota,Bacilli,Bacillales,Bacillaceae,Bacillus,p,skin,107.87,25.0,3,0.16,30,11,23.00188061,0.0,0.0,1.78376517,1.4308970318695613,Klebsiella pneumoniae,1.3564704493699484,0.07442658249961287,26.97099893445521,22.723250145625364
17,Al2O3,Bacillus subtilis,non-pathogenic,"purchased from us research nanomaterials, inc.в ",MIC,spherical,Bacteria,Bacillota,Bacilli,Bacillales,Bacillaceae,Bacillus,p,blood,101.961276,55.6,3,0.16,30,24,51.55776403,85.5,13.5675,4.688846487,1.513303210549226,Klebsiella pneumoniae,1.5910469198526784,-0.07774370930345254,32.60642692206133,38.998411709654455
18,Cu,Bacillus subtilis,non-pathogenic,purchased from sigma aldrich ( citrate capped agnps),MBEC,spheroidal,Bacteria,Bacillota,Bacilli,Bacillales,Bacillaceae,Bacillus,p,nose,63.55,40.0,4,0.16,30,11,17.96409803,0.0,0.0,1.243163121,1.7362272338454334,Klebsiella pneumoniae,1.853214659816853,-0.11698742597141965,54.47876249331101,71.32054608630602
