,np,bacteria,bac_type,np_synthesis,method,shape,kingdom,phylum,class,order,family,genus,gram,isolated_from,mol_weight (g/mol),np_size_avg (nm),time_set,"min_Incub_period, h","growth_temp, C",Valance_electron,labuteASA,tpsa,CrippenMR,chi0v,pred_MIC_norm,pathogenic_bacteria,pred_MIC_pathogen,Fitness,pred_norm_MIC_original,pred_path_MIC_original
0,ZnO,Bacillus subtilis,non-pathogenic,"purchased from us research nanomaterials, inc.в ",MIC,cubic,Bacteria,Bacillota,Bacilli,Bacillales,Bacillaceae,Bacillus,p,water,81.3794,1.9,3,0.16,30,8,22.60496136,17.07,0.6865,4.082482905,1.6372486083720257,Klebsiella pneumoniae,0.6390853272500518,0.9981632811219738,43.37591092341386,4.355974485268537
1,Ag,Bacillus subtilis,non-pathogenic,green_synthesis,MIC,tetragonal,Bacteria,Bacillota,Bacilli,Bacillales,Bacillaceae,Bacillus,p,water,107.87,1.4,24,0.16,30,11,23.00188061,0.0,0.0,1.78376517,1.6858020264635334,Klebsiella pneumoniae,0.719078239163673,0.9667237872998604,48.50673313696569,5.236947729226177
2,ZnO,Bacillus subtilis,non-pathogenic,electrochemical synthesis,MBEC,cubic,Bacteria,Bacillota,Bacilli,Bacillales,Bacillaceae,Bacillus,p,carious dentine,81.3794,5.1,4,0.16,30,8,22.60496136,17.07,0.6865,4.082482905,1.9451507233953955,Klebsiella pneumoniae,1.0553039885067768,0.8898467348886188,88.13546971187837,11.358055552768338
3,CeO2,Bacillus subtilis,non-pathogenic,electrochemical synthesis,MIC,quasi-hexagonal,Bacteria,Bacillota,Bacilli,Bacillales,Bacillaceae,Bacillus,p,water,172.115,1.9,3,0.16,30,16,39.19032095,34.14,1.373,4.456551526,2.1588296424896973,Klebsiella pneumoniae,1.2870491047690453,0.871780537720652,144.15497744503503,19.366409235078137
4,Ag,Bacillus subtilis,non-pathogenic,green_synthesis,MIC,spheroidal,Bacteria,Bacillota,Bacilli,Bacillales,Bacillaceae,Bacillus,p,food,107.87,3.0,18,0.16,30,11,23.00188061,0.0,0.0,1.78376517,1.1250777192133343,Klebsiella pneumoniae,0.25741698845872985,0.8676607307546045,13.337600939815578,1.8089101200695687
5,CuO,Bacillus subtilis,non-pathogenic,"purchased from us research nanomaterials, inc.в ",MIC,quasi-spherical,Bacteria,Bacillota,Bacilli,Bacillales,Bacillaceae,Bacillus,p,urine,79.5454,1.4,4,0.16,30,17,20.67942236,17.07,0.6865,1.651411411,2.3511793104235643,Klebsiella pneumoniae,1.4977964286790666,0.8533828817444977,224.48085634415898,31.462731834006508
6,ZnO,Bacillus subtilis,non-pathogenic,"purchased from us research nanomaterials, inc.в ",MBC,nanoplates,Bacteria,Bacillota,Bacilli,Bacillales,Bacillaceae,Bacillus,p,mouth,81.3794,9.0,1,0.16,30,8,22.60496136,17.07,0.6865,4.082482905,2.2460801376722763,Klebsiella pneumoniae,1.4181130348889002,0.8279671027833762,176.23012029427238,26.18864537813369
7,TiO2,Bacillus subtilis,non-pathogenic,"purchased from us research nanomaterials, inc.в ",MIC,quasi-hexagonal,Bacteria,Bacillota,Bacilli,Bacillales,Bacillaceae,Bacillus,p,nose,79.866,0.8,2,0.16,30,16,26.40611331,34.14,1.373,2.878049394,1.67083900981942,Klebsiella pneumoniae,0.8692499179699464,0.8015890918494735,46.863962823635404,7.400310088650686
8,ZnO,Bacillus subtilis,non-pathogenic,green_synthesis,MBC,quasi-spherical,Bacteria,Bacillota,Bacilli,Bacillales,Bacillaceae,Bacillus,p,respiratory tract,81.3794,4.7,2,0.16,30,8,22.60496136,17.07,0.6865,4.082482905,2.0847291549658067,Klebsiella pneumoniae,1.2906475961127268,0.7940815588530798,121.54277703198963,19.527542699179868
9,ZnO,Bacillus subtilis,non-pathogenic,purchased from sigma aldrich ( citrate capped agnps),MBEC,cubic,Bacteria,Bacillota,Bacilli,Bacillales,Bacillaceae,Bacillus,p,mammary gland,81.3794,5.1,1,0.16,30,8,22.60496136,17.07,0.6865,4.082482905,2.4218126046028963,Klebsiella pneumoniae,1.65373996027763,0.7680726443252663,264.1268820155237,45.05468527105638
10,Ag,Bacillus subtilis,non-pathogenic,electrochemical synthesis,MIC,cubic,Bacteria,Bacillota,Bacilli,Bacillales,Bacillaceae,Bacillus,p,meat,107.87,0.8,3,0.16,30,11,23.00188061,0.0,0.0,1.78376517,1.53376563469774,Klebsiella pneumoniae,0.7861176510763851,0.7476479836213549,34.17949444442357,6.111075525064169
11,ZnO,Bacillus subtilis,non-pathogenic,green_synthesis,MIC,rod-shaped,Bacteria,Bacillota,Bacilli,Bacillales,Bacillaceae,Bacillus,p,food,81.3794,3.0,4,0.16,30,8,22.60496136,17.07,0.6865,4.082482905,0.7826751839327757,Klebsiella pneumoniae,0.06646061291058114,0.7162145710221945,6.062827110505087,1.1653613569466692
12,ZrO2,Bacillus subtilis,non-pathogenic,purchased from sigma aldrich ( citrate capped agnps),MIC,spheroidal,Bacteria,Bacillota,Bacilli,Bacillales,Bacillaceae,Bacillus,p,respiratory tract,123.2218,1.9,1,0.16,30,16,29.29254423,34.14,1.373,3.774536472,1.7263717215419778,Klebsiella pneumoniae,1.0377361362777378,0.6886355852642401,53.25638965910134,10.907774128975603
13,ZnO,Bacillus subtilis,non-pathogenic,electrochemical synthesis,MBC,spherical,Bacteria,Bacillota,Bacilli,Bacillales,Bacillaceae,Bacillus,p,urine,81.3794,4.7,4,0.16,30,8,22.60496136,17.07,0.6865,4.082482905,1.8505183313459135,Klebsiella pneumoniae,1.1620003804636605,0.688517950882253,70.87912235314778,14.52112889710614
14,TiO2,Bacillus subtilis,non-pathogenic,"purchased from us research nanomaterials, inc.в ",MBC,spherical,Bacteria,Bacillota,Bacilli,Bacillales,Bacillaceae,Bacillus,p,water,79.866,5.1,2,0.16,30,16,26.40611331,34.14,1.373,2.878049394,2.9891959801295833,Klebsiella pneumoniae,2.3007805058366357,0.6884154742929476,975.4297117297077,199.88513868397854
15,ZnO,Bacillus subtilis,non-pathogenic,electrochemical synthesis,MBEC,hexagonal,Bacteria,Bacillota,Bacilli,Bacillales,Bacillaceae,Bacillus,p,carious dentine,81.3794,9.0,2,0.16,30,8,22.60496136,17.07,0.6865,4.082482905,1.980501525079953,Klebsiella pneumoniae,1.2930520052329615,0.6874495198469914,95.6096052466024,19.6359539638382
16,Ag,Bacillus subtilis,non-pathogenic,"purchased from us research nanomaterials, inc.в ",MIC,spherical,Bacteria,Bacillota,Bacilli,Bacillales,Bacillaceae,Bacillus,p,mammary gland,107.87,4.0,3,0.16,30,11,23.00188061,0.0,0.0,1.78376517,1.3478705794768033,Klebsiella pneumoniae,0.66168424489801,0.6861863345787933,22.277711705955184,4.588642728862459
17,ZnO,Bacillus subtilis,non-pathogenic,chemical_synthesis,MBEC,hexagonal,Bacteria,Bacillota,Bacilli,Bacillales,Bacillaceae,Bacillus,p,carious dentine,81.3794,5.1,4,0.16,30,8,22.60496136,17.07,0.6865,4.082482905,1.7953468012339087,Klebsiella pneumoniae,1.1112749223631138,0.6840718788707949,62.42331112133214,12.92036915676656
18,Ag,Bacillus subtilis,non-pathogenic,"purchased from us research nanomaterials, inc.в ",MIC,rod-shaped,Bacteria,Bacillota,Bacilli,Bacillales,Bacillaceae,Bacillus,p,food,107.87,4.0,3,0.16,30,11,23.00188061,0.0,0.0,1.78376517,1.244512915214597,Klebsiella pneumoniae,0.5669434043876562,0.6775695108269408,17.559531126246807,3.6892951793961872
19,ZnO,Bacillus subtilis,non-pathogenic,green_synthesis,MBC,nanoplates,Bacteria,Bacillota,Bacilli,Bacillales,Bacillaceae,Bacillus,p,blood,81.3794,3.0,2,0.16,30,8,22.60496136,17.07,0.6865,4.082482905,1.23931708660737,Klebsiella pneumoniae,0.5878001106983162,0.6515169759090538,17.350703430487354,3.8707944590681183
20,CeO2,Bacillus subtilis,non-pathogenic,"purchased from us research nanomaterials, inc.в ",MIC,cubic,Bacteria,Bacillota,Bacilli,Bacillales,Bacillaceae,Bacillus,p,lungs,172.115,8.7,4,0.16,30,16,39.19032095,34.14,1.373,4.456551526,2.760462196695208,Klebsiella pneumoniae,2.1121239723455107,0.6483382243496973,576.0526736846292,129.45653312843552
21,ZnO,Bacillus subtilis,non-pathogenic,purchased from sigma aldrich ( citrate capped agnps),MBC,cubic,Bacteria,Bacillota,Bacilli,Bacillales,Bacillaceae,Bacillus,p,soil,81.3794,8.0,2,0.16,30,8,22.60496136,17.07,0.6865,4.082482905,2.391720268041475,Klebsiella pneumoniae,1.745046924975101,0.646673343066374,246.4451456365516,55.59643252745746
22,Ag,Bacillus subtilis,non-pathogenic,purchased from sigma aldrich ( citrate capped agnps),MIC,hexagonal,Bacteria,Bacillota,Bacilli,Bacillales,Bacillaceae,Bacillus,p,mouth,107.87,4.0,0,0.16,30,11,23.00188061,0.0,0.0,1.78376517,1.7008263739470566,Klebsiella pneumoniae,1.0582234088530167,0.6426029650940399,50.21417987404157,11.434664031
23,Au,Bacillus subtilis,non-pathogenic,"purchased from us research nanomaterials, inc.в ",MIC,quasi-hexagonal,Bacteria,Bacillota,Bacilli,Bacillales,Bacillaceae,Bacillus,p,lungs,196.966569,1.4,3,0.16,30,11,23.00188061,0.0,0.0,2.46797672,1.2206585958281067,Klebsiella pneumoniae,0.584616963543849,0.6360416322842577,16.621055353006295,3.842527316187118
24,ZnO,Bacillus subtilis,non-pathogenic,green_synthesis,MBC,spherical,Bacteria,Bacillota,Bacilli,Bacillales,Bacillaceae,Bacillus,p,water,81.3794,1.9,0,0.16,30,8,22.60496136,17.07,0.6865,4.082482905,1.917178979588509,Klebsiella pneumoniae,1.2851620145734266,0.6320169650150824,82.63784429683237,19.28244115014954
25,Ag,Bacillus subtilis,non-pathogenic,"purchased from us research nanomaterials, inc.в ",MBEC,nanoplates,Bacteria,Bacillota,Bacilli,Bacillales,Bacillaceae,Bacillus,p,mouth,107.8682,8.7,4,0.16,30,11,23.00188061,0.0,0.0,1.78376517,2.224984692858731,Klebsiella pneumoniae,1.5989367790891824,0.6260479137695485,167.8744848046784,39.71337338973991
26,ZnO,Bacillus subtilis,non-pathogenic,chemical_synthesis,MIC,rod-shaped,Bacteria,Bacillota,Bacilli,Bacillales,Bacillaceae,Bacillus,p,respiratory tract,81.3794,0.8,0,0.16,30,8,22.60496136,17.07,0.6865,4.082482905,0.9521392029378427,Klebsiella pneumoniae,0.32657508061198826,0.6255641223258545,8.956517997808277,2.121168067864517
27,CuO,Bacillus subtilis,non-pathogenic,purchased from sigma aldrich ( citrate capped agnps),MBC,hexagonal,Bacteria,Bacillota,Bacilli,Bacillales,Bacillaceae,Bacillus,p,meat,79.5454,8.0,1,0.16,30,17,20.67942236,17.07,0.6865,1.651411411,3.3109223009065945,Klebsiella pneumoniae,2.7143146522747488,0.5966076486318457,2046.0785425729239,517.9819810429888
28,ZnO,Bacillus subtilis,non-pathogenic,green_synthesis,MBC,rod-shaped,Bacteria,Bacillota,Bacilli,Bacillales,Bacillaceae,Bacillus,p,respiratory tract,81.3794,9.0,2,0.16,30,8,22.60496136,17.07,0.6865,4.082482905,2.1483834215628415,Klebsiella pneumoniae,1.5570970669733948,0.5912863545894467,140.72894164650066,36.06592431459057
29,CeO2,Bacillus subtilis,non-pathogenic,purchased from sigma aldrich ( citrate capped agnps),MIC,triangular,Bacteria,Bacillota,Bacilli,Bacillales,Bacillaceae,Bacillus,p,urine,172.115,1.4,0,0.16,30,16,39.19032095,34.14,1.373,4.456551526,0.7272718150217685,Klebsiella pneumoniae,0.13669486160700273,0.5905769534147658,5.336688021292115,1.3699189131753915
30,Ag,Bacillus subtilis,non-pathogenic,purchased from sigma aldrich ( citrate capped agnps),MBC,spheroidal,Bacteria,Bacillota,Bacilli,Bacillales,Bacillaceae,Bacillus,p,skin,107.87,1.4,18,0.16,30,11,23.00188061,0.0,0.0,1.78376517,1.105350515185342,Klebsiella pneumoniae,0.5156224325857235,0.5897280825996185,12.745313288325567,3.2781017722152335
31,ZnO,Bacillus subtilis,non-pathogenic,purchased from sigma aldrich ( citrate capped agnps),MBEC,hexagonal,Bacteria,Bacillota,Bacilli,Bacillales,Bacillaceae,Bacillus,p,food,81.3794,4.0,1,0.16,30,8,22.60496136,17.07,0.6865,4.082482905,2.005129423525784,Klebsiella pneumoniae,1.4169802886429925,0.5881491348827914,101.18809586421742,26.120427987216473
32,Pd,Bacillus subtilis,non-pathogenic,"purchased from us research nanomaterials, inc.в ",MBC,hexagonal,Bacteria,Bacillota,Bacilli,Bacillales,Bacillaceae,Bacillus,p,lungs,195.084,44.45,4,0.16,30,10,21.14774404,0.0,0.0,1.870828693,1.5762591072180476,Klebsiella pneumoniae,0.9944490543818547,0.5818100528361929,37.6928613712427,9.872998121487878
33,CuO,Bacillus subtilis,non-pathogenic,purchased from sigma aldrich ( citrate capped agnps),MBC,quasi-hexagonal,Bacteria,Bacillota,Bacilli,Bacillales,Bacillaceae,Bacillus,p,skin,79.5454,10.4,0,0.16,30,17,20.67942236,17.07,0.6865,1.651411411,2.7208094589525933,Klebsiella pneumoniae,2.1391171309346166,0.5816923280179767,525.7865337854255,137.7580957813151
34,ZnO,Bacillus subtilis,non-pathogenic,electrochemical synthesis,MBEC,quasi-spherical,Bacteria,Bacillota,Bacilli,Bacillales,Bacillaceae,Bacillus,p,urine,81.3794,4.0,18,0.16,30,8,22.60496136,17.07,0.6865,4.082482905,1.840766490101752,Klebsiella pneumoniae,1.2593871902979927,0.5813792998037592,69.30530675333777,18.17134986818183
35,Ag,Bacillus subtilis,non-pathogenic,chemical_synthesis,MIC,quasi-hexagonal,Bacteria,Bacillota,Bacilli,Bacillales,Bacillaceae,Bacillus,p,water,107.87,10.4,3,0.16,30,11,23.00188061,0.0,0.0,1.78376517,0.9276280690131031,Klebsiella pneumoniae,0.35131260614210613,0.576315462870997,8.46502156857088,2.245497656458306
36,ZnO,Bacillus subtilis,non-pathogenic,green_synthesis,MBC,cubic,Bacteria,Bacillota,Bacilli,Bacillales,Bacillaceae,Bacillus,p,urine,81.3794,10.4,2,0.16,30,8,22.60496136,17.07,0.6865,4.082482905,2.4455011405534988,Klebsiella pneumoniae,1.8697766850107171,0.5757244555427816,278.93379817496975,74.09291562518567
37,Ag,Bacillus subtilis,non-pathogenic,chemical_synthesis,MIC,hexagonal,Bacteria,Bacillota,Bacilli,Bacillales,Bacillaceae,Bacillus,p,soil,107.87,6.0,3,0.16,30,11,23.00188061,0.0,0.0,1.78376517,2.074057543162467,Klebsiella pneumoniae,1.501431605573887,0.5726259375885798,118.59258705970508,31.727189720602354
38,CuO,Bacillus subtilis,non-pathogenic,purchased from sigma aldrich ( citrate capped agnps),MBC,hexagonal,Bacteria,Bacillota,Bacilli,Bacillales,Bacillaceae,Bacillus,p,urine,79.5454,6.0,0,0.16,30,17,20.67942236,17.07,0.6865,1.651411411,3.549893831575306,Klebsiella pneumoniae,2.988554881475295,0.5613389501000108,3547.266615036503,973.9908600629873
39,ZnO,Bacillus subtilis,non-pathogenic,electrochemical synthesis,MBEC,quasi-spherical,Bacteria,Bacillota,Bacilli,Bacillales,Bacillaceae,Bacillus,p,blood,81.3794,12.0,2,0.16,30,8,22.60496136,17.07,0.6865,4.082482905,1.2668430244732973,Klebsiella pneumoniae,0.7061837346667821,0.5606592898065152,18.48600322531037,5.083744723676718
40,Ag,Bacillus subtilis,non-pathogenic,"purchased from us research nanomaterials, inc.в ",MIC,quasi-spherical,Bacteria,Bacillota,Bacilli,Bacillales,Bacillaceae,Bacillus,p,respiratory tract,107.8682,4.0,2,0.16,30,11,23.00188061,0.0,0.0,1.78376517,1.3833904932773506,Klebsiella pneumoniae,0.8265774714357217,0.556813021841629,24.17633658254235,6.707759321087583
41,ZnO,Bacillus subtilis,non-pathogenic,green_synthesis,MBEC,spherical,Bacteria,Bacillota,Bacilli,Bacillales,Bacillaceae,Bacillus,p,skin,81.3794,10.4,4,0.16,30,8,22.60496136,17.07,0.6865,4.082482905,2.392716230566196,Klebsiella pneumoniae,1.8413696200110115,0.5513466105551845,247.01096399007747,69.40162191199158
42,Ag,Bacillus subtilis,non-pathogenic,electrochemical synthesis,MIC,cubic,Bacteria,Bacillota,Bacilli,Bacillales,Bacillaceae,Bacillus,p,food,107.8682,5.1,3,0.16,30,11,23.00188061,0.0,0.0,1.78376517,2.2630783253711777,Klebsiella pneumoniae,1.713409200971487,0.5496691243996907,183.2644911603021,51.69031764366767
43,ZnO,Bacillus subtilis,non-pathogenic,green_synthesis,MBEC,nanoplates,Bacteria,Bacillota,Bacilli,Bacillales,Bacillaceae,Bacillus,p,mammary gland,81.3794,4.7,18,0.16,30,8,22.60496136,17.07,0.6865,4.082482905,2.2475143019908317,Klebsiella pneumoniae,1.6995917114913732,0.5479225904994585,176.813044405327,50.07162793807518
44,ZnO,Bacillus subtilis,non-pathogenic,electrochemical synthesis,MBC,rod-shaped,Bacteria,Bacillota,Bacilli,Bacillales,Bacillaceae,Bacillus,p,urine,81.3794,10.0,3,0.16,30,8,22.60496136,17.07,0.6865,4.082482905,1.7951902288982409,Klebsiella pneumoniae,1.256795475740053,0.5383947531581879,62.40081025517531,18.063232657110625
45,TiO2,Bacillus subtilis,non-pathogenic,"purchased from us research nanomaterials, inc.в ",MBC,tetragonal,Bacteria,Bacillota,Bacilli,Bacillales,Bacillaceae,Bacillus,p,respiratory tract,79.866,10.0,18,0.16,30,16,26.40611331,34.14,1.373,2.878049394,2.1939865625042687,Klebsiella pneumoniae,1.6599679571846693,0.5340186053195994,156.30992780733632,45.70544662940449
46,CuO,Bacillus subtilis,non-pathogenic,purchased from sigma aldrich ( citrate capped agnps),MIC,cubic,Bacteria,Bacillota,Bacilli,Bacillales,Bacillaceae,Bacillus,p,blood,79.5454,5.1,4,0.16,30,17,20.67942236,17.07,0.6865,1.651411411,1.6680120337896414,Klebsiella pneumoniae,1.1352890362499883,0.532722997539653,46.559899454511466,13.654916106438375
47,Ag,Bacillus subtilis,non-pathogenic,"purchased from us research nanomaterials, inc.в ",MBC,tetragonal,Bacteria,Bacillota,Bacilli,Bacillales,Bacillaceae,Bacillus,p,urine,107.87,1.4,1,0.16,30,11,23.00188061,0.0,0.0,1.78376517,0.6014990526037645,Klebsiella pneumoniae,0.07114037861284506,0.5303586739909194,3.9948368984946545,1.1779866769830958
48,CuO,Bacillus subtilis,non-pathogenic,"purchased from us research nanomaterials, inc.в ",MBC,quasi-hexagonal,Bacteria,Bacillota,Bacilli,Bacillales,Bacillaceae,Bacillus,p,blood,79.5454,4.0,4,0.16,30,17,20.67942236,17.07,0.6865,1.651411411,2.073663017166728,Klebsiella pneumoniae,1.5437059359166527,0.5299570812500751,118.48490295332124,34.970829670742674
49,Cu,Bacillus subtilis,non-pathogenic,"purchased from us research nanomaterials, inc.в ",MBEC,quasi-hexagonal,Bacteria,Bacillota,Bacilli,Bacillales,Bacillaceae,Bacillus,p,urine,63.55,8.7,3,0.16,30,11,17.96409803,0.0,0.0,1.243163121,1.6835492238893808,Klebsiella pneumoniae,1.1553908526038867,0.528158371285494,48.25576711053797,14.301805010166516
50,ZnO,Bacillus subtilis,non-pathogenic,electrochemical synthesis,MBEC,triangular,Bacteria,Bacillota,Bacilli,Bacillales,Bacillaceae,Bacillus,p,urine,81.3794,3.0,18,0.16,30,8,22.60496136,17.07,0.6865,4.082482905,0.2680156426434839,Klebsiella pneumoniae,-0.2360949026047654,0.5041105452482493,1.8535983860787375,0.5806375219776289
51,TiO2,Bacillus subtilis,non-pathogenic,green_synthesis,MBEC,spheroidal,Bacteria,Bacillota,Bacilli,Bacillales,Bacillaceae,Bacillus,p,blood,79.866,8.7,2,0.16,30,16,26.40611331,34.14,1.373,2.878049394,1.9052136976209708,Klebsiella pneumoniae,1.4723151812278057,0.4328985163931651,80.39216000945812,29.6698384229974
52,TiO2,Bacillus subtilis,non-pathogenic,green_synthesis,MBEC,spheroidal,Bacteria,Bacillota,Bacilli,Bacillales,Bacillaceae,Bacillus,p,blood,79.866,8.7,2,0.16,30,16,26.40611331,34.14,1.373,2.878049394,1.9052136976209708,Klebsiella pneumoniae,1.4723151812278057,0.4328985163931651,80.39216000945812,29.6698384229974
53,Pd,Bacillus subtilis,non-pathogenic,"purchased from us research nanomaterials, inc.в ",MBC,hexagonal,Bacteria,Bacillota,Bacilli,Bacillales,Bacillaceae,Bacillus,p,respiratory tract,195.084,60.0,4,0.16,30,10,21.14774404,0.0,0.0,1.870828693,1.9751428412603789,Klebsiella pneumoniae,1.5626791442116716,0.4124636970487072,94.43714329012995,36.532479075206226
54,ZnO,Bacillus subtilis,non-pathogenic,"purchased from us research nanomaterials, inc.в ",MBEC,hexagonal,Bacteria,Bacillota,Bacilli,Bacillales,Bacillaceae,Bacillus,p,urine,81.3794,37.86,4,0.16,30,8,22.60496136,17.07,0.6865,4.082482905,1.7672653547883472,Klebsiella pneumoniae,1.437533930982413,0.3297314238059341,58.51475012239314,27.386335925396374
55,Ag,Bacillus subtilis,non-pathogenic,purchased from sigma aldrich ( citrate capped agnps),MBC,quasi-spherical,Bacteria,Bacillota,Bacilli,Bacillales,Bacillaceae,Bacillus,p,urine,107.8682,10.0,1,0.16,30,11,23.00188061,0.0,0.0,1.78376517,1.3974576774732361,Klebsiella pneumoniae,1.0723226426457937,0.32513503482744244,24.97225019673165,11.811978359898488
56,ZnO,Bacillus subtilis,non-pathogenic,green_synthesis,MBC,quasi-hexagonal,Bacteria,Bacillota,Bacilli,Bacillales,Bacillaceae,Bacillus,p,food,81.3794,60.0,1,0.16,30,8,22.60496136,17.07,0.6865,4.082482905,0.17304089056908012,Klebsiella pneumoniae,-0.14520976550442843,0.31825065607350855,1.4895013136376645,0.7157975943738623
57,Ag,Bacillus subtilis,non-pathogenic,purchased from sigma aldrich ( citrate capped agnps),MBEC,hexagonal,Bacteria,Bacillota,Bacilli,Bacillales,Bacillaceae,Bacillus,p,carious dentine,107.87,10.4,2,0.16,30,11,23.00188061,0.0,0.0,1.78376517,1.862440465680507,Klebsiella pneumoniae,1.5457757685833362,0.3166646970971707,72.85183003127528,35.13789725342454
58,ZnO,Bacillus subtilis,non-pathogenic,electrochemical synthesis,MBC,triangular,Bacteria,Bacillota,Bacilli,Bacillales,Bacillaceae,Bacillus,p,blood,81.3794,10.0,0,0.16,30,8,22.60496136,17.07,0.6865,4.082482905,0.8109075678366455,Klebsiella pneumoniae,0.5126498844904772,0.2982576833461683,6.470048971511221,3.2557412683741647
59,Ag,Bacillus subtilis,non-pathogenic,electrochemical synthesis,MIC,tetragonal,Bacteria,Bacillota,Bacilli,Bacillales,Bacillaceae,Bacillus,p,soil,107.87,60.0,3,0.16,30,11,23.00188061,0.0,0.0,1.78376517,-0.16196993066930432,Klebsiella pneumoniae,-0.4524999220985566,0.2905299914292523,0.6886999783466285,0.3527768498981107
60,ZnO,Bacillus subtilis,non-pathogenic,electrochemical synthesis,MIC,nanoplates,Bacteria,Bacillota,Bacilli,Bacillales,Bacillaceae,Bacillus,p,lungs,81.3794,26.06,1,0.16,30,8,22.60496136,17.07,0.6865,4.082482905,1.6792582010556103,Klebsiella pneumoniae,1.400020887855702,0.2792373131999084,47.781326350165244,25.120072462684078
61,CuO,Bacillus subtilis,non-pathogenic,"purchased from us research nanomaterials, inc.в ",MBC,cubic,Bacteria,Bacillota,Bacilli,Bacillales,Bacillaceae,Bacillus,p,water,79.5454,37.86,2,0.16,30,17,20.67942236,17.07,0.6865,1.651411411,2.7585826145846983,Klebsiella pneumoniae,2.4935028768237792,0.2650797377609191,573.5649637751491,311.5321532205056
62,Ag,Bacillus subtilis,non-pathogenic,"purchased from us research nanomaterials, inc.в ",MIC,quasi-spherical,Bacteria,Bacillota,Bacilli,Bacillales,Bacillaceae,Bacillus,p,carious dentine,107.87,18.0,0,0.16,30,11,23.00188061,0.0,0.0,1.78376517,1.6380633271885505,Klebsiella pneumoniae,1.4126102423773381,0.2254530848112124,43.457358743843294,25.8589116521791
63,ZnO,Bacillus subtilis,non-pathogenic,electrochemical synthesis,MBC,tetragonal,Bacteria,Bacillota,Bacilli,Bacillales,Bacillaceae,Bacillus,p,skin,81.3794,40.0,18,0.16,30,8,22.60496136,17.07,0.6865,4.082482905,1.1721539639352292,Klebsiella pneumoniae,0.9689922118424226,0.20316175209280662,14.864625222414565,9.310911781572795
64,Ag,Bacillus subtilis,non-pathogenic,chemical_synthesis,MBC,spheroidal,Bacteria,Bacillota,Bacilli,Bacillales,Bacillaceae,Bacillus,p,skin,107.87,40.0,18,0.16,30,11,23.00188061,0.0,0.0,1.78376517,1.2276225139479542,Klebsiella pneumoniae,1.0355041150950943,0.19211839885285986,16.88972249317383,10.85185832106824
65,Ag,Bacillus subtilis,non-pathogenic,"purchased from us research nanomaterials, inc.в ",MIC,cubic,Bacteria,Bacillota,Bacilli,Bacillales,Bacillaceae,Bacillus,p,lungs,107.8682,35.0,1,0.16,30,11,23.00188061,0.0,0.0,1.78376517,1.9614833830559544,Klebsiella pneumoniae,1.7920314251838174,0.16945195787213696,91.51312439259563,61.948589893420994
66,ZnO,Bacillus subtilis,non-pathogenic,chemical_synthesis,MBC,nanoplates,Bacteria,Bacillota,Bacilli,Bacillales,Bacillaceae,Bacillus,p,water,81.3794,18.5,0,0.16,30,8,22.60496136,17.07,0.6865,4.082482905,1.8583523038426601,Klebsiella pneumoniae,1.727149553901702,0.13120274994095804,72.16926858060809,53.35185866302292
67,Ag,Bacillus subtilis,non-pathogenic,electrochemical synthesis,MBEC,cubic,Bacteria,Bacillota,Bacilli,Bacillales,Bacillaceae,Bacillus,p,lungs,107.87,1.4,18,0.16,30,11,23.00188061,0.0,0.0,1.78376517,1.6719213686022882,Klebsiella pneumoniae,1.5605169932794554,0.11140437532283287,46.98090394012087,36.351052787930634
68,ZnO,Bacillus subtilis,non-pathogenic,chemical_synthesis,MBEC,rod-shaped,Bacteria,Bacillota,Bacilli,Bacillales,Bacillaceae,Bacillus,p,meat,81.3794,3.0,18,0.16,30,8,22.60496136,17.07,0.6865,4.082482905,1.169572755723706,Klebsiella pneumoniae,1.0629920648644071,0.10658069085929878,14.776540066824653,11.560911186826475
69,Ag,Bacillus subtilis,non-pathogenic,purchased from sigma aldrich ( citrate capped agnps),MIC,spheroidal,Bacteria,Bacillota,Bacilli,Bacillales,Bacillaceae,Bacillus,p,lungs,107.8682,50.0,24,0.16,30,11,23.00188061,0.0,0.0,1.78376517,1.4675079300099023,Klebsiella pneumoniae,1.3764604929193829,0.09104743709051943,29.34323082805417,23.793618443357435
70,CuO,Bacillus subtilis,non-pathogenic,"purchased from us research nanomaterials, inc.в ",MBC,triangular,Bacteria,Bacillota,Bacilli,Bacillales,Bacillaceae,Bacillus,p,mouth,79.5454,38.0,4,0.16,30,17,20.67942236,17.07,0.6865,1.651411411,1.7374234189550632,Klebsiella pneumoniae,1.6718646971356041,0.0655587218194591,54.62902116465715,46.974773760861254
71,Ag,Bacillus subtilis,non-pathogenic,purchased from sigma aldrich ( citrate capped agnps),MBEC,spheroidal,Bacteria,Bacillota,Bacilli,Bacillales,Bacillaceae,Bacillus,p,lungs,107.8682,44.45,3,0.16,30,11,23.00188061,0.0,0.0,1.78376517,1.5026200060936992,Klebsiella pneumoniae,1.4585944828057,0.044025523287999135,31.814126683275884,28.74712932899362
72,Cu,Bacillus subtilis,non-pathogenic,purchased from sigma aldrich ( citrate capped agnps),MBEC,quasi-hexagonal,Bacteria,Bacillota,Bacilli,Bacillales,Bacillaceae,Bacillus,p,nose,63.55,10.4,24,0.16,30,11,17.96409803,0.0,0.0,1.243163121,1.6925466979770345,Klebsiella pneumoniae,1.6591523448642052,0.033394353112829345,49.265931421948565,45.61969158403041
73,TiO2,Bacillus subtilis,non-pathogenic,green_synthesis,MBEC,spherical,Bacteria,Bacillota,Bacilli,Bacillales,Bacillaceae,Bacillus,p,lungs,79.866,44.45,18,0.16,30,16,26.40611331,34.14,1.373,2.878049394,1.7993256083286948,Klebsiella pneumoniae,1.779621612989968,0.0197039953387268,62.99783263496183,60.20348236525942
74,ZnO,Bacillus subtilis,non-pathogenic,green_synthesis,MIC,spherical,Bacteria,Bacillota,Bacilli,Bacillales,Bacillaceae,Bacillus,p,mouth,81.3794,35.0,1,0.16,30,8,22.60496136,17.07,0.6865,4.082482905,0.7583110913775454,Klebsiella pneumoniae,0.7420339909689475,0.016277100408597867,5.732064800007544,5.521206504710044
75,Ag,Bacillus subtilis,non-pathogenic,purchased from sigma aldrich ( citrate capped agnps),MBEC,triangular,Bacteria,Bacillota,Bacilli,Bacillales,Bacillaceae,Bacillus,p,lungs,107.87,26.38,1,0.16,30,11,23.00188061,0.0,0.0,1.78376517,0.31078743294025424,Klebsiella pneumoniae,0.3146281579184227,-0.0038407249781684527,2.0454432418255535,2.0636125382050294
76,CeO2,Bacillus subtilis,non-pathogenic,green_synthesis,MBEC,nanoplates,Bacteria,Bacillota,Bacilli,Bacillales,Bacillaceae,Bacillus,p,water,172.115,60.0,2,0.16,30,16,39.19032095,34.14,1.373,4.456551526,2.527291372000745,Klebsiella pneumoniae,2.5500347074786776,-0.022743335477932725,336.7374137092513,354.84174596096483
77,Ag,Bacillus subtilis,non-pathogenic,purchased from sigma aldrich ( citrate capped agnps),MBEC,tetragonal,Bacteria,Bacillota,Bacilli,Bacillales,Bacillaceae,Bacillus,p,respiratory tract,107.87,100.0,1,0.16,30,11,23.00188061,0.0,0.0,1.78376517,0.5715678515830958,Klebsiella pneumoniae,0.6020427025548869,-0.030474850971791145,3.728789367765085,3.999840767684811
78,Cu,Bacillus subtilis,non-pathogenic,electrochemical synthesis,MBEC,triangular,Bacteria,Bacillota,Bacilli,Bacillales,Bacillaceae,Bacillus,p,skin,63.55,3.0,24,0.16,30,11,17.96409803,0.0,0.0,1.243163121,0.9724823359120752,Klebsiella pneumoniae,1.011914082052575,-0.03943174614049971,9.386038599994484,10.278129422983687
79,Ag,Bacillus subtilis,non-pathogenic,chemical_synthesis,MBC,triangular,Bacteria,Bacillota,Bacilli,Bacillales,Bacillaceae,Bacillus,p,urine,107.87,44.45,3,0.16,30,11,23.00188061,0.0,0.0,1.78376517,-0.07541630044594627,Klebsiella pneumoniae,-0.03264015178156865,-0.04277614866437762,0.8405889942942297,0.9275980953381098
80,ZnO,Bacillus subtilis,non-pathogenic,chemical_synthesis,MBC,tetragonal,Bacteria,Bacillota,Bacilli,Bacillales,Bacillaceae,Bacillus,p,respiratory tract,81.3794,27.43,2,0.16,30,8,22.60496136,17.07,0.6865,4.082482905,0.8263131211592646,Klebsiella pneumoniae,0.9043086061956386,-0.07799548503637399,6.703677624102684,8.022479318747095
81,Ag,Bacillus subtilis,non-pathogenic,green_synthesis,MIC,hexagonal,Bacteria,Bacillota,Bacilli,Bacillales,Bacillaceae,Bacillus,p,carious dentine,107.8682,30.0,3,0.16,30,11,23.00188061,0.0,0.0,1.78376517,1.1922467430831545,Klebsiella pneumoniae,1.2716847227965966,-0.07943797971344213,15.568498998986849,18.693246066355165
82,ZnO,Bacillus subtilis,non-pathogenic,electrochemical synthesis,MBC,triangular,Bacteria,Bacillota,Bacilli,Bacillales,Bacillaceae,Bacillus,p,nose,81.3794,40.0,2,0.16,30,8,22.60496136,17.07,0.6865,4.082482905,0.6737241739884354,Klebsiella pneumoniae,0.7635122980509544,-0.08978812406251901,4.717633231416705,5.801125995177384
83,CuO,Bacillus subtilis,non-pathogenic,chemical_synthesis,MBEC,rod-shaped,Bacteria,Bacillota,Bacilli,Bacillales,Bacillaceae,Bacillus,p,carious dentine,79.5454,8.0,2,0.16,30,17,20.67942236,17.07,0.6865,1.651411411,2.272995413909455,Klebsiella pneumoniae,2.3738603637588502,-0.1008649498493952,187.4974708485471,236.51591190253384
84,TiO2,Bacillus subtilis,non-pathogenic,chemical_synthesis,MIC,triangular,Bacteria,Bacillota,Bacilli,Bacillales,Bacillaceae,Bacillus,p,skin,79.866,50.0,3,0.16,30,16,26.40611331,34.14,1.373,2.878049394,-0.0003194723507662367,Klebsiella pneumoniae,0.10499465485356296,-0.1053141272043292,0.9992646582238788,1.2734874072771822
85,ZnO,Bacillus subtilis,non-pathogenic,electrochemical synthesis,MIC,quasi-hexagonal,Bacteria,Bacillota,Bacilli,Bacillales,Bacillaceae,Bacillus,p,soil,81.3794,26.06,24,0.16,30,8,22.60496136,17.07,0.6865,4.082482905,0.8794578823580278,Klebsiella pneumoniae,0.988004805872708,-0.1085469235146802,7.576312546371502,9.72757988190043
86,Cu,Bacillus subtilis,non-pathogenic,electrochemical synthesis,MBEC,spherical,Bacteria,Bacillota,Bacilli,Bacillales,Bacillaceae,Bacillus,p,respiratory tract,63.55,37.86,2,0.16,30,11,17.96409803,0.0,0.0,1.243163121,1.606067624684794,Klebsiella pneumoniae,1.7175908844739216,-0.11152325978912758,40.37082501276615,52.19043113276512
87,ZnO,Bacillus subtilis,non-pathogenic,chemical_synthesis,MBC,spheroidal,Bacteria,Bacillota,Bacilli,Bacillales,Bacillaceae,Bacillus,p,respiratory tract,81.3794,35.0,4,0.16,30,8,22.60496136,17.07,0.6865,4.082482905,1.5378294600407645,Klebsiella pneumoniae,1.700785609122562,-0.16295614908179745,34.50082339440294,50.20946676749977
