,np,bacteria,bac_type,np_synthesis,method,shape,kingdom,phylum,class,order,family,genus,gram,isolated_from,mol_weight (g/mol),np_size_avg (nm),time_set,"min_Incub_period, h","growth_temp, C",Valance_electron,labuteASA,tpsa,CrippenMR,chi0v,pred_MIC_norm,pathogenic_bacteria,pred_MIC_pathogen,Fitness,pred_norm_MIC_original,pred_path_MIC_original
0,Pd,Bacillus subtilis,non-pathogenic,chemical_synthesis,MIC,hexagonal,Bacteria,Bacillota,Bacilli,Bacillales,Bacillaceae,Bacillus,p,lungs,107.87,0.8,4,0.16,30,11,23.00188061,0.0,0.0,1.78376517,1.4193873065217752,Klebsiella pneumoniae,0.3574859424839132,1.061901364037862,26.26559881667999,2.277644516438374
1,ZnO,Bacillus subtilis,non-pathogenic,"purchased from us research nanomaterials, inc.в ",MBC,cubic,Bacteria,Bacillota,Bacilli,Bacillales,Bacillaceae,Bacillus,p,mouth,81.3794,1.9,4,0.16,30,8,22.60496136,17.07,0.6865,4.082482905,1.7486495314812616,Klebsiella pneumoniae,0.8966430720445233,0.8520064594367383,56.05954021588033,7.882120537614927
2,Ag,Bacillus subtilis,non-pathogenic,electrochemical synthesis,MIC,quasi-spherical,Bacteria,Bacillota,Bacilli,Bacillales,Bacillaceae,Bacillus,p,lungs,107.87,1.4,0,0.16,30,11,23.00188061,0.0,0.0,1.78376517,1.1932099558326184,Klebsiella pneumoniae,0.45159810468178163,0.7416118511508367,15.603066369892435,2.8287730428057185
3,ZnO,Bacillus subtilis,non-pathogenic,electrochemical synthesis,MBC,quasi-hexagonal,Bacteria,Bacillota,Bacilli,Bacillales,Bacillaceae,Bacillus,p,water,81.3794,11.3,4,0.16,30,8,22.60496136,17.07,0.6865,4.082482905,0.9755494393208816,Klebsiella pneumoniae,0.25354238699588527,0.7220070523249963,9.452559925977443,1.792843524753932
4,Ag,Bacillus subtilis,non-pathogenic,"purchased from us research nanomaterials, inc.в ",MIC,quasi-hexagonal,Bacteria,Bacillota,Bacilli,Bacillales,Bacillaceae,Bacillus,p,urine,107.87,10.0,2,0.16,30,11,23.00188061,0.0,0.0,1.78376517,1.07586064272938,Klebsiella pneumoniae,0.4944914643903313,0.5813691783390487,11.908598212621119,3.1224210376583517
5,ZnO,Bacillus subtilis,non-pathogenic,purchased from sigma aldrich ( citrate capped agnps),MBEC,nanoplates,Bacteria,Bacillota,Bacilli,Bacillales,Bacillaceae,Bacillus,p,urine,81.3794,10.0,4,0.16,30,8,22.60496136,17.07,0.6865,4.082482905,2.4383997299727684,Klebsiella pneumoniae,1.931293565915853,0.5071061640569154,274.4098712083366,85.36769709429055
6,Ag,Bacillus subtilis,non-pathogenic,"purchased from us research nanomaterials, inc.в ",MIC,spheroidal,Bacteria,Bacillota,Bacilli,Bacillales,Bacillaceae,Bacillus,p,carious dentine,107.87,35.0,18,0.16,30,11,23.00188061,0.0,0.0,1.78376517,1.2974988996162133,Klebsiella pneumoniae,0.9196751797916085,0.37782371982460483,19.838046304101805,8.31141905794875
7,Au,Bacillus subtilis,non-pathogenic,purchased from sigma aldrich ( citrate capped agnps),MIC,rod-shaped,Bacteria,Bacillota,Bacilli,Bacillales,Bacillaceae,Bacillus,p,respiratory tract,196.966569,12.0,3,0.16,30,11,23.00188061,0.0,0.0,2.46797672,1.7554798160347185,Klebsiella pneumoniae,1.4795528193018188,0.27592699673289967,56.94817566787891,30.168437622161854
8,Ag,Bacillus subtilis,non-pathogenic,purchased from sigma aldrich ( citrate capped agnps),MBC,cubic,Bacteria,Bacillota,Bacilli,Bacillales,Bacillaceae,Bacillus,p,urine,107.8682,0.8,0,0.16,30,11,23.00188061,0.0,0.0,1.78376517,1.2424054029458462,Klebsiella pneumoniae,0.9722059174561818,0.27019948548966444,17.47452594739969,9.380066502907468
9,ZnO,Bacillus subtilis,non-pathogenic,"purchased from us research nanomaterials, inc.в ",MBEC,triangular,Bacteria,Bacillota,Bacilli,Bacillales,Bacillaceae,Bacillus,p,carious dentine,81.3794,10.4,0,0.16,30,8,22.60496136,17.07,0.6865,4.082482905,1.0115234103866713,Klebsiella pneumoniae,0.7651724968632527,0.24635091352341854,10.268887840075429,5.823344685166982
