,np,bacteria,bac_type,np_synthesis,method,shape,kingdom,phylum,class,order,family,genus,gram,isolated_from,mol_weight (g/mol),np_size_avg (nm),time_set,"min_Incub_period, h","growth_temp, C",Valance_electron,labuteASA,tpsa,CrippenMR,chi0v,pred_MIC_norm,pathogenic_bacteria,pred_MIC_pathogen,Fitness,pred_norm_MIC_original,pred_path_MIC_original
0,ZnO,Bacillus subtilis,non-pathogenic,purchased from sigma aldrich ( citrate capped agnps),MIC,cubic,Bacteria,Bacillota,Bacilli,Bacillales,Bacillaceae,Bacillus,p,mouth,81.3794,1.4,4,0.16,30,8,22.60496136,17.07,0.6865,4.082482905,1.4365721666729083,Klebsiella pneumoniae,0.6054591832432115,0.8311129834296969,27.32575477962302,4.031430556435206
1,ZnO,Bacillus subtilis,non-pathogenic,green_synthesis,MIC,cubic,Bacteria,Bacillota,Bacilli,Bacillales,Bacillaceae,Bacillus,p,lungs,81.3794,5.1,1,0.16,30,8,22.60496136,17.07,0.6865,4.082482905,1.8378268167820515,Klebsiella pneumoniae,1.0275355470729644,0.8102912697090872,68.83777378369633,10.654560678486304
2,Ag,Bacillus subtilis,non-pathogenic,"purchased from us research nanomaterials, inc.в ",MIC,spherical,Bacteria,Bacillota,Bacilli,Bacillales,Bacillaceae,Bacillus,p,mammary gland,107.87,3.0,1,0.16,30,11,23.00188061,0.0,0.0,1.78376517,1.2697412350858244,Klebsiella pneumoniae,0.5110243129445375,0.7587169221412868,18.609779830380663,3.2435777524034344
3,CuO,Bacillus subtilis,non-pathogenic,"purchased from us research nanomaterials, inc.в ",MBEC,nanoplates,Bacteria,Bacillota,Bacilli,Bacillales,Bacillaceae,Bacillus,p,food,79.5454,13.5,0,0.16,30,17,20.67942236,17.07,0.6865,1.651411411,3.274440723949702,Klebsiella pneumoniae,2.604833669413366,0.6696070545363364,1881.2249237856968,402.5628271276886
4,ZnO,Bacillus subtilis,non-pathogenic,green_synthesis,MBC,quasi-hexagonal,Bacteria,Bacillota,Bacilli,Bacillales,Bacillaceae,Bacillus,p,soil,81.3794,0.8,0,0.16,30,8,22.60496136,17.07,0.6865,4.082482905,0.7622515210542125,Klebsiella pneumoniae,0.09870407601671638,0.6635474450374961,5.7843094790880665,1.2551744087627377
5,Ag,Bacillus subtilis,non-pathogenic,"purchased from us research nanomaterials, inc.в ",MBC,spheroidal,Bacteria,Bacillota,Bacilli,Bacillales,Bacillaceae,Bacillus,p,water,107.8682,1.9,1,0.16,30,11,23.00188061,0.0,0.0,1.78376517,1.3458391972951302,Klebsiella pneumoniae,0.7634132378533163,0.582425959441814,22.173752581863415,5.799802940941028
6,CuO,Bacillus subtilis,non-pathogenic,"purchased from us research nanomaterials, inc.в ",MIC,rod-shaped,Bacteria,Bacillota,Bacilli,Bacillales,Bacillaceae,Bacillus,p,meat,79.5454,0.8,1,0.16,30,17,20.67942236,17.07,0.6865,1.651411411,2.1118449538154977,Klebsiella pneumoniae,1.5363196439538058,0.5755253098616919,129.37338868977199,34.381090216961105
7,Pt,Bacillus subtilis,non-pathogenic,green_synthesis,MIC,nanoplates,Bacteria,Bacillota,Bacilli,Bacillales,Bacillaceae,Bacillus,p,meat,195.084,6.0,0,0.16,30,10,21.75656585,0.0,0.0,2.588435821,1.6420447985918116,Klebsiella pneumoniae,1.0788271607169753,0.5632176378748364,43.85759356765131,11.990220248066343
8,ZnO,Bacillus subtilis,non-pathogenic,purchased from sigma aldrich ( citrate capped agnps),MBC,spherical,Bacteria,Bacillota,Bacilli,Bacillales,Bacillaceae,Bacillus,p,nose,81.3794,10.0,2,0.16,30,8,22.60496136,17.07,0.6865,4.082482905,2.3033236336162717,Klebsiella pneumoniae,1.761130812438618,0.5421928211776537,201.0590534375707,57.69402155227365
9,Ag,Bacillus subtilis,non-pathogenic,"purchased from us research nanomaterials, inc.в ",MBEC,quasi-hexagonal,Bacteria,Bacillota,Bacilli,Bacillales,Bacillaceae,Bacillus,p,respiratory tract,107.87,13.5,0,0.16,30,11,23.00188061,0.0,0.0,1.78376517,1.197640140607977,Klebsiella pneumoniae,0.6797333785155759,0.5179067620924012,15.763045915964799,4.783363425583308
10,ZnO,Bacillus subtilis,non-pathogenic,green_synthesis,MBC,hexagonal,Bacteria,Bacillota,Bacilli,Bacillales,Bacillaceae,Bacillus,p,mammary gland,81.3794,44.45,1,0.16,30,8,22.60496136,17.07,0.6865,4.082482905,1.0998596900111708,Klebsiella pneumoniae,0.6030821282298713,0.4967775617812995,12.585187492946805,4.009425315932645
11,CuO,Bacillus subtilis,non-pathogenic,electrochemical synthesis,MBEC,cubic,Bacteria,Bacillota,Bacilli,Bacillales,Bacillaceae,Bacillus,p,lungs,79.5454,9.0,2,0.16,30,17,20.67942236,17.07,0.6865,1.651411411,3.564862404766901,Klebsiella pneumoniae,3.0783539426818134,0.4865084620850877,3671.659548130089,1197.7162522107437
12,Au,Bacillus subtilis,non-pathogenic,electrochemical synthesis,MIC,spheroidal,Bacteria,Bacillota,Bacilli,Bacillales,Bacillaceae,Bacillus,p,meat,196.966569,55.6,24,0.16,30,11,23.00188061,0.0,0.0,2.46797672,1.7717171740027098,Klebsiella pneumoniae,1.2925479908213533,0.4791691831813565,59.11765163590214,19.613178949147375
13,ZnO,Bacillus subtilis,non-pathogenic,chemical_synthesis,MBC,spherical,Bacteria,Bacillota,Bacilli,Bacillales,Bacillaceae,Bacillus,p,nose,81.3794,4.7,3,0.16,30,8,22.60496136,17.07,0.6865,4.082482905,1.5453916525078712,Klebsiella pneumoniae,1.073828136450262,0.47156351605760927,35.106832930199616,11.852995962046123
14,Cu,Bacillus subtilis,non-pathogenic,"purchased from us research nanomaterials, inc.в ",MBEC,hexagonal,Bacteria,Bacillota,Bacilli,Bacillales,Bacillaceae,Bacillus,p,skin,63.55,0.8,4,0.16,30,11,17.96409803,0.0,0.0,1.243163121,1.8250491965021876,Klebsiella pneumoniae,1.3535550258980864,0.47149417060410115,66.84196312761621,22.571219588243903
15,Ag,Bacillus subtilis,non-pathogenic,chemical_synthesis,MIC,nanoplates,Bacteria,Bacillota,Bacilli,Bacillales,Bacillaceae,Bacillus,p,water,107.87,10.0,0,0.16,30,11,23.00188061,0.0,0.0,1.78376517,2.0542302310156653,Klebsiella pneumoniae,1.5829394483002734,0.4712907827153918,113.30008378316312,38.277137152888315
16,Pd,Bacillus subtilis,non-pathogenic,"purchased from us research nanomaterials, inc.в ",MBEC,cubic,Bacteria,Bacillota,Bacilli,Bacillales,Bacillaceae,Bacillus,p,lungs,195.084,41.23,4,0.16,30,10,21.14774404,0.0,0.0,1.870828693,1.8806587081742216,Klebsiella pneumoniae,1.4402553072842441,0.44040340088997754,75.9729006611032,27.558482988125515
17,ZnO,Bacillus subtilis,non-pathogenic,purchased from sigma aldrich ( citrate capped agnps),MBEC,cubic,Bacteria,Bacillota,Bacilli,Bacillales,Bacillaceae,Bacillus,p,carious dentine,81.3794,4.7,18,0.16,30,8,22.60496136,17.07,0.6865,4.082482905,1.5533740854766234,Klebsiella pneumoniae,1.113543718501725,0.4398303669748984,35.75807125618554,12.9880430212449
18,Au,Bacillus subtilis,non-pathogenic,"purchased from us research nanomaterials, inc.в ",MIC,hexagonal,Bacteria,Bacillota,Bacilli,Bacillales,Bacillaceae,Bacillus,p,mammary gland,196.966569,5.1,18,0.16,30,11,23.00188061,0.0,0.0,2.46797672,2.184513381220631,Klebsiella pneumoniae,1.8616431934394035,0.32287018778122745,152.93728678107178,72.71821226027303
19,Ag,Bacillus subtilis,non-pathogenic,"purchased from us research nanomaterials, inc.в ",MBC,hexagonal,Bacteria,Bacillota,Bacilli,Bacillales,Bacillaceae,Bacillus,p,mammary gland,107.87,26.38,3,0.16,30,11,23.00188061,0.0,0.0,1.78376517,2.2651982205986574,Klebsiella pneumoniae,1.9553531417198036,0.3098450788788538,184.16123580126919,90.23045382706388
20,ZnO,Bacillus subtilis,non-pathogenic,electrochemical synthesis,MIC,cubic,Bacteria,Bacillota,Bacilli,Bacillales,Bacillaceae,Bacillus,p,mouth,81.3794,55.6,2,0.16,30,8,22.60496136,17.07,0.6865,4.082482905,1.1086900099160837,Klebsiella pneumoniae,0.9348024672080768,0.17388754270800688,12.843695772359457,8.606022302228022
21,TiO2,Bacillus subtilis,non-pathogenic,"purchased from us research nanomaterials, inc.в ",MBEC,hexagonal,Bacteria,Bacillota,Bacilli,Bacillales,Bacillaceae,Bacillus,p,skin,79.866,79.0,0,0.16,30,16,26.40611331,34.14,1.373,2.878049394,2.789952779789346,Klebsiella pneumoniae,2.6293314652881374,0.16062131450120853,616.527964023586,425.92336533750824
22,Ni,Bacillus subtilis,non-pathogenic,green_synthesis,MBEC,triangular,Bacteria,Bacillota,Bacilli,Bacillales,Bacillaceae,Bacillus,p,water,58.6934,0.8,0,0.16,30,10,17.41523038,0.0,0.0,1.303840481,1.0929119991997074,Klebsiella pneumoniae,0.9457924246027584,0.14711957459694902,12.385455954368254,8.82657924387662
23,Ag,Bacillus subtilis,non-pathogenic,green_synthesis,MBC,cubic,Bacteria,Bacillota,Bacilli,Bacillales,Bacillaceae,Bacillus,p,soil,107.87,37.86,0,0.16,30,11,23.00188061,0.0,0.0,1.78376517,1.1500669446989755,Klebsiella pneumoniae,1.0210404259043504,0.12902651879462512,14.12755298228187,10.496401288957749
24,Cu,Bacillus subtilis,non-pathogenic,"purchased from us research nanomaterials, inc.в ",MBEC,cubic,Bacteria,Bacillota,Bacilli,Bacillales,Bacillaceae,Bacillus,p,water,63.55,44.45,3,0.16,30,11,17.96409803,0.0,0.0,1.243163121,1.8271612002059539,Klebsiella pneumoniae,1.7415979682652238,0.08556323194073001,67.16781182596247,55.15666108925671
25,Ag,Bacillus subtilis,non-pathogenic,electrochemical synthesis,MBC,cubic,Bacteria,Bacillota,Bacilli,Bacillales,Bacillaceae,Bacillus,p,nose,107.8682,12.5,3,0.16,30,11,23.00188061,0.0,0.0,1.78376517,2.0598116698181324,Klebsiella pneumoniae,1.999520492780824,0.06029117703730824,114.76558369013208,99.88965031261003
26,Ag,Bacillus subtilis,non-pathogenic,purchased from sigma aldrich ( citrate capped agnps),MBEC,rod-shaped,Bacteria,Bacillota,Bacilli,Bacillales,Bacillaceae,Bacillus,p,nose,107.8682,28.0,0,0.16,30,11,23.00188061,0.0,0.0,1.78376517,1.5141972540181194,Klebsiella pneumoniae,1.5347100008040115,-0.0205127467858921,32.673620015036015,34.25389805031473
27,CuO,Bacillus subtilis,non-pathogenic,chemical_synthesis,MBC,nanoplates,Bacteria,Bacillota,Bacilli,Bacillales,Bacillaceae,Bacillus,p,water,79.5454,22.5,2,0.16,30,17,20.67942236,17.07,0.6865,1.651411411,2.7904388269021934,Klebsiella pneumoniae,2.8805334561667073,-0.09009462926451395,617.2183466956066,759.5099297711387
