,np,bacteria,bac_type,np_synthesis,method,shape,kingdom,phylum,class,order,family,genus,gram,isolated_from,mol_weight (g/mol),np_size_avg (nm),time_set,"min_Incub_period, h","growth_temp, C",Valance_electron,labuteASA,tpsa,CrippenMR,chi0v,pred_MIC_norm,pathogenic_bacteria,pred_MIC_pathogen,Fitness,pred_norm_MIC_original,pred_path_MIC_original
0,ZnO,Bacillus subtilis,non-pathogenic,"purchased from us research nanomaterials, inc.в ",MBC,quasi-spherical,Bacteria,Bacillota,Bacilli,Bacillales,Bacillaceae,Bacillus,p,urine,81.3794,5.1,4,0.16,30,8,22.60496136,17.07,0.6865,4.082482905,2.0955088310213155,Klebsiella pneumoniae,1.1527565920632263,0.9427522389580891,124.5973572861617,14.215318414341304
1,Ag,Bacillus subtilis,non-pathogenic,"purchased from us research nanomaterials, inc.в ",MIC,quasi-spherical,Bacteria,Bacillota,Bacilli,Bacillales,Bacillaceae,Bacillus,p,mammary gland,107.87,1.9,24,0.16,30,11,23.00188061,0.0,0.0,1.78376517,2.074008408816142,Klebsiella pneumoniae,1.2106960087412726,0.8633124000748693,118.5791707261357,16.244113254391117
2,Pt,Bacillus subtilis,non-pathogenic,chemical_synthesis,MIC,spheroidal,Bacteria,Bacillota,Bacilli,Bacillales,Bacillaceae,Bacillus,p,nose,195.084,3.0,24,0.16,30,10,21.75656585,0.0,0.0,2.588435821,1.001422727269751,Klebsiella pneumoniae,0.1735382247674233,0.8278845025023276,10.032813223932052,1.491207999511559
3,Ag,Bacillus subtilis,non-pathogenic,chemical_synthesis,MIC,quasi-spherical,Bacteria,Bacillota,Bacilli,Bacillales,Bacillaceae,Bacillus,p,soil,107.87,3.0,0,0.16,30,11,23.00188061,0.0,0.0,1.78376517,1.1323371029626659,Klebsiella pneumoniae,0.31342863904703977,0.8189084639156261,13.562417299181691,2.057920716203131
4,ZnO,Bacillus subtilis,non-pathogenic,green_synthesis,MBEC,cubic,Bacteria,Bacillota,Bacilli,Bacillales,Bacillaceae,Bacillus,p,lungs,81.3794,4.7,4,0.16,30,8,22.60496136,17.07,0.6865,4.082482905,2.280343015170762,Klebsiella pneumoniae,1.4730645120140753,0.8072785031566869,190.69662865192285,29.721074888786244
5,TiO2,Bacillus subtilis,non-pathogenic,"purchased from us research nanomaterials, inc.в ",MBEC,nanoplates,Bacteria,Bacillota,Bacilli,Bacillales,Bacillaceae,Bacillus,p,mammary gland,79.866,4.7,4,0.16,30,16,26.40611331,34.14,1.373,2.878049394,2.9210839936216653,Klebsiella pneumoniae,2.1156573657398963,0.805426627881769,833.8424362052808,130.51407981371506
6,ZnO,Bacillus subtilis,non-pathogenic,"purchased from us research nanomaterials, inc.в ",MBC,nanoplates,Bacteria,Bacillota,Bacilli,Bacillales,Bacillaceae,Bacillus,p,meat,81.3794,1.9,0,0.16,30,8,22.60496136,17.07,0.6865,4.082482905,1.8194028934554876,Klebsiella pneumoniae,1.015890434132794,0.8035124593226937,65.97856922736361,10.372666962544491
7,TiO2,Bacillus subtilis,non-pathogenic,purchased from sigma aldrich ( citrate capped agnps),MBC,quasi-hexagonal,Bacteria,Bacillota,Bacilli,Bacillales,Bacillaceae,Bacillus,p,mammary gland,79.866,6.0,0,0.16,30,16,26.40611331,34.14,1.373,2.878049394,2.4909277039363342,Klebsiella pneumoniae,1.7367654183458106,0.7541622855905237,309.6903721435727,54.54631527367408
8,ZnO,Bacillus subtilis,non-pathogenic,purchased from sigma aldrich ( citrate capped agnps),MBC,quasi-spherical,Bacteria,Bacillota,Bacilli,Bacillales,Bacillaceae,Bacillus,p,soil,81.3794,3.0,1,0.16,30,8,22.60496136,17.07,0.6865,4.082482905,1.7124570481162187,Klebsiella pneumoniae,0.9991142821319867,0.713342765984232,51.5771152593331,9.979626374867598
9,Ag,Bacillus subtilis,non-pathogenic,purchased from sigma aldrich ( citrate capped agnps),MIC,nanoplates,Bacteria,Bacillota,Bacilli,Bacillales,Bacillaceae,Bacillus,p,carious dentine,107.87,3.0,0,0.16,30,11,23.00188061,0.0,0.0,1.78376517,1.1338080535771429,Klebsiella pneumoniae,0.44265082704260905,0.6911572265345338,13.608430936663176,2.7710912501692966
10,Ag,Bacillus subtilis,non-pathogenic,green_synthesis,MIC,cubic,Bacteria,Bacillota,Bacilli,Bacillales,Bacillaceae,Bacillus,p,blood,107.87,1.9,1,0.16,30,11,23.00188061,0.0,0.0,1.78376517,0.8042997366937515,Klebsiella pneumoniae,0.12219564314773335,0.6821040935460182,6.372351692888782,1.324938265584162
11,ZnO,Bacillus subtilis,non-pathogenic,chemical_synthesis,MBC,quasi-spherical,Bacteria,Bacillota,Bacilli,Bacillales,Bacillaceae,Bacillus,p,soil,81.3794,6.0,3,0.16,30,8,22.60496136,17.07,0.6865,4.082482905,1.6770247488278622,Klebsiella pneumoniae,0.9958630152005944,0.6811617336272678,47.53623143019102,9.905194667992825
12,ZnO,Bacillus subtilis,non-pathogenic,purchased from sigma aldrich ( citrate capped agnps),MBC,nanoplates,Bacteria,Bacillota,Bacilli,Bacillales,Bacillaceae,Bacillus,p,carious dentine,81.3794,17.5,3,0.16,30,8,22.60496136,17.07,0.6865,4.082482905,1.8702438392881064,Klebsiella pneumoniae,1.3901974027264978,0.4800464365616086,74.17265747417373,24.558249242831966
13,ZnO,Bacillus subtilis,non-pathogenic,electrochemical synthesis,MBC,quasi-spherical,Bacteria,Bacillota,Bacilli,Bacillales,Bacillaceae,Bacillus,p,lungs,81.3794,79.0,3,0.16,30,8,22.60496136,17.07,0.6865,4.082482905,0.9447820484803796,Klebsiella pneumoniae,0.5654029087397165,0.37937913974066306,8.80606827869295,3.6762319802190815
14,Ag,Bacillus subtilis,non-pathogenic,electrochemical synthesis,MBEC,hexagonal,Bacteria,Bacillota,Bacilli,Bacillales,Bacillaceae,Bacillus,p,food,107.87,4.0,1,0.16,30,11,23.00188061,0.0,0.0,1.78376517,1.6991572471474772,Klebsiella pneumoniae,1.3989799298327235,0.3001773173147537,50.02156177308616,25.05993440209669
15,ZnO,Bacillus subtilis,non-pathogenic,electrochemical synthesis,MBEC,spherical,Bacteria,Bacillota,Bacilli,Bacillales,Bacillaceae,Bacillus,p,carious dentine,81.3794,44.45,3,0.16,30,8,22.60496136,17.07,0.6865,4.082482905,1.139238737458787,Klebsiella pneumoniae,0.9963442668214607,0.1428944706373262,13.779667473987773,9.916176923844255
16,Ag,Bacillus subtilis,non-pathogenic,green_synthesis,MBC,cubic,Bacteria,Bacillota,Bacilli,Bacillales,Bacillaceae,Bacillus,p,urine,107.87,26.06,1,0.16,30,11,23.00188061,0.0,0.0,1.78376517,1.5061055012515763,Klebsiella pneumoniae,1.402361619291182,0.10374388196039419,32.07048304047499,25.255828469689565
17,Ag,Bacillus subtilis,non-pathogenic,green_synthesis,MBC,quasi-hexagonal,Bacteria,Bacillota,Bacilli,Bacillales,Bacillaceae,Bacillus,p,food,107.8682,5.1,24,0.16,30,11,23.00188061,0.0,0.0,1.78376517,1.0612050712697054,Klebsiella pneumoniae,1.0605060375108382,0.0006990337588672624,11.51343918354828,11.49492223414531
