,np,bacteria,bac_type,np_synthesis,method,shape,kingdom,phylum,class,order,family,genus,gram,isolated_from,mol_weight (g/mol),np_size_avg (nm),time_set,"min_Incub_period, h","growth_temp, C",Valance_electron,labuteASA,tpsa,CrippenMR,chi0v,pred_MIC_norm,pathogenic_bacteria,pred_MIC_pathogen,Fitness,pred_norm_MIC_original,pred_path_MIC_original
0,ZnO,Bacillus subtilis,non-pathogenic,"purchased from us research nanomaterials, inc.в ",MIC,quasi-spherical,Bacteria,Bacillota,Bacilli,Bacillales,Bacillaceae,Bacillus,p,water,81.3794,4.0,1,0.16,30,8,22.60496136,17.07,0.6865,4.082482905,1.2223505756863662,Klebsiella pneumoniae,0.22038507666824092,1.0019654990181253,16.685936084536806,1.6610590689068931
1,ZrO2,Bacillus subtilis,non-pathogenic,green_synthesis,MIC,quasi-spherical,Bacteria,Bacillota,Bacilli,Bacillales,Bacillaceae,Bacillus,p,soil,123.2218,1.4,2,0.16,30,16,29.29254423,34.14,1.373,3.774536472,2.0130633897520296,Klebsiella pneumoniae,1.1268320705080306,0.886231319243999,103.05365268833025,13.391587721737958
2,ZnO,Bacillus subtilis,non-pathogenic,"purchased from us research nanomaterials, inc.в ",MIC,rod-shaped,Bacteria,Bacillota,Bacilli,Bacillales,Bacillaceae,Bacillus,p,nose,81.3794,1.4,1,0.16,30,8,22.60496136,17.07,0.6865,4.082482905,1.0569458994130259,Klebsiella pneumoniae,0.1743480974335354,0.8825978019794904,11.401077541178521,1.4939913997117236
3,Ag,Bacillus subtilis,non-pathogenic,"purchased from us research nanomaterials, inc.в ",MIC,quasi-hexagonal,Bacteria,Bacillota,Bacilli,Bacillales,Bacillaceae,Bacillus,p,soil,107.87,1.9,24,0.16,30,11,23.00188061,0.0,0.0,1.78376517,1.6299367440342083,Klebsiella pneumoniae,0.7525972825594386,0.8773394614747697,42.65173910621203,5.657144637129587
4,ZnO,Bacillus subtilis,non-pathogenic,green_synthesis,MBC,quasi-spherical,Bacteria,Bacillota,Bacilli,Bacillales,Bacillaceae,Bacillus,p,soil,81.3794,5.1,2,0.16,30,8,22.60496136,17.07,0.6865,4.082482905,2.2714145705766633,Klebsiella pneumoniae,1.4248942636974768,0.8465203068791864,186.81621577029688,26.60077340344716
5,Ag,Bacillus subtilis,non-pathogenic,electrochemical synthesis,MIC,rod-shaped,Bacteria,Bacillota,Bacilli,Bacillales,Bacillaceae,Bacillus,p,urine,107.87,0.8,4,0.16,30,11,23.00188061,0.0,0.0,1.78376517,1.0585162818389373,Klebsiella pneumoniae,0.25980758452783426,0.798708697311103,11.442377768528488,1.8188948132629381
6,ZnO,Bacillus subtilis,non-pathogenic,"purchased from us research nanomaterials, inc.в ",MBC,quasi-spherical,Bacteria,Bacillota,Bacilli,Bacillales,Bacillaceae,Bacillus,p,respiratory tract,81.3794,12.0,3,0.16,30,8,22.60496136,17.07,0.6865,4.082482905,2.2374851217940623,Klebsiella pneumoniae,1.4595216198328516,0.7779635019612108,172.77667890801573,28.80856459575212
7,Ag,Bacillus subtilis,non-pathogenic,"purchased from us research nanomaterials, inc.в ",MIC,nanoplates,Bacteria,Bacillota,Bacilli,Bacillales,Bacillaceae,Bacillus,p,lungs,107.8682,1.4,2,0.16,30,11,23.00188061,0.0,0.0,1.78376517,1.7565466683436846,Klebsiella pneumoniae,1.0248629521937982,0.7316837161498864,57.08824186632548,10.589195153203223
8,ZnO,Bacillus subtilis,non-pathogenic,"purchased from us research nanomaterials, inc.в ",MBEC,cubic,Bacteria,Bacillota,Bacilli,Bacillales,Bacillaceae,Bacillus,p,food,81.3794,4.0,1,0.16,30,8,22.60496136,17.07,0.6865,4.082482905,2.0853808100410847,Klebsiella pneumoniae,1.3649101090295668,0.7204707010115179,121.72528780056214,23.169150415330407
9,TiO2,Bacillus subtilis,non-pathogenic,purchased from sigma aldrich ( citrate capped agnps),MIC,cubic,Bacteria,Bacillota,Bacilli,Bacillales,Bacillaceae,Bacillus,p,mammary gland,79.866,5.1,1,0.16,30,16,26.40611331,34.14,1.373,2.878049394,2.5274958010187727,Klebsiella pneumoniae,1.83014684622626,0.6973489547925127,336.89595844326874,67.63116152301912
10,ZnO,Bacillus subtilis,non-pathogenic,"purchased from us research nanomaterials, inc.в ",MIC,cubic,Bacteria,Bacillota,Bacilli,Bacillales,Bacillaceae,Bacillus,p,carious dentine,81.3794,1.9,24,0.16,30,8,22.60496136,17.07,0.6865,4.082482905,1.901465610023034,Klebsiella pneumoniae,1.2148131839622935,0.6866524260607405,79.7013375911149,16.398842091557054
11,CuO,Bacillus subtilis,non-pathogenic,"purchased from us research nanomaterials, inc.в ",MBEC,nanoplates,Bacteria,Bacillota,Bacilli,Bacillales,Bacillaceae,Bacillus,p,food,79.5454,13.5,0,0.16,30,17,20.67942236,17.07,0.6865,1.651411411,3.274440723949702,Klebsiella pneumoniae,2.604833669413366,0.6696070545363364,1881.2249237856968,402.5628271276886
12,Ag,Bacillus subtilis,non-pathogenic,green_synthesis,MIC,cubic,Bacteria,Bacillota,Bacilli,Bacillales,Bacillaceae,Bacillus,p,mammary gland,107.87,3.0,24,0.16,30,11,23.00188061,0.0,0.0,1.78376517,2.2695851156850217,Klebsiella pneumoniae,1.600160603146546,0.6694245125384757,186.0309122240793,39.82544187697487
13,ZnO,Bacillus subtilis,non-pathogenic,electrochemical synthesis,MBEC,triangular,Bacteria,Bacillota,Bacilli,Bacillales,Bacillaceae,Bacillus,p,respiratory tract,81.3794,6.0,18,0.16,30,8,22.60496136,17.07,0.6865,4.082482905,0.7085539342594249,Klebsiella pneumoniae,0.04228571679298487,0.66626821746644,5.111565547194115,1.1022642366186683
14,Pd,Bacillus subtilis,non-pathogenic,green_synthesis,MIC,quasi-spherical,Bacteria,Bacillota,Bacilli,Bacillales,Bacillaceae,Bacillus,p,meat,195.084,4.0,0,0.16,30,10,21.14774404,0.0,0.0,1.870828693,0.9341306867972946,Klebsiella pneumoniae,0.2784793202278555,0.6556513665694391,8.592720525784086,1.8988004248921488
15,ZnO,Bacillus subtilis,non-pathogenic,"purchased from us research nanomaterials, inc.в ",MBC,nanoplates,Bacteria,Bacillota,Bacilli,Bacillales,Bacillaceae,Bacillus,p,water,81.3794,13.0,4,0.16,30,8,22.60496136,17.07,0.6865,4.082482905,1.9570513573663524,Klebsiella pneumoniae,1.3089128970473967,0.6481384603189557,90.5839714374007,20.36633565520934
16,CuO,Bacillus subtilis,non-pathogenic,"purchased from us research nanomaterials, inc.в ",MBEC,nanoplates,Bacteria,Bacillota,Bacilli,Bacillales,Bacillaceae,Bacillus,p,carious dentine,79.5454,13.5,4,0.16,30,17,20.67942236,17.07,0.6865,1.651411411,2.6265476469093922,Klebsiella pneumoniae,1.994495393365546,0.6320522535438462,423.2019371042785,98.74051621190546
17,Ag,Bacillus subtilis,non-pathogenic,chemical_synthesis,MIC,quasi-hexagonal,Bacteria,Bacillota,Bacilli,Bacillales,Bacillaceae,Bacillus,p,food,107.87,26.38,1,0.16,30,11,23.00188061,0.0,0.0,1.78376517,0.6283389164971038,Klebsiella pneumoniae,0.2627571124552346,0.36558180404186924,4.249510596216753,1.8312899517811916
18,ZnO,Bacillus subtilis,non-pathogenic,green_synthesis,MIC,spherical,Bacteria,Bacillota,Bacilli,Bacillales,Bacillaceae,Bacillus,p,mouth,81.3794,10.0,3,0.16,30,8,22.60496136,17.07,0.6865,4.082482905,1.4063521689418983,Klebsiella pneumoniae,1.044839057771851,0.36151311117004736,25.488963121470977,11.087638498904509
19,Ag,Bacillus subtilis,non-pathogenic,green_synthesis,MBC,cubic,Bacteria,Bacillota,Bacilli,Bacillales,Bacillaceae,Bacillus,p,carious dentine,107.87,8.0,3,0.16,30,11,23.00188061,0.0,0.0,1.78376517,1.660591656697669,Klebsiella pneumoniae,1.3769398464764597,0.28365181022120933,45.77113234535181,23.819895204594342
20,Cu,Bacillus subtilis,non-pathogenic,green_synthesis,MBC,quasi-hexagonal,Bacteria,Bacillota,Bacilli,Bacillales,Bacillaceae,Bacillus,p,skin,63.55,11.3,18,0.16,30,11,17.96409803,0.0,0.0,1.243163121,1.2688864491555252,Klebsiella pneumoniae,0.9865465527893335,0.2823398963661917,18.57318776139502,9.694971858391174
21,Ag,Bacillus subtilis,non-pathogenic,"purchased from us research nanomaterials, inc.в ",MIC,triangular,Bacteria,Bacillota,Bacilli,Bacillales,Bacillaceae,Bacillus,p,water,107.8682,18.0,4,0.16,30,11,23.00188061,0.0,0.0,1.78376517,-0.2468094088569186,Klebsiella pneumoniae,-0.485885045271214,0.2390756364142954,0.5664878390010819,0.32667428914182606
22,CuO,Bacillus subtilis,non-pathogenic,purchased from sigma aldrich ( citrate capped agnps),MIC,rod-shaped,Bacteria,Bacillota,Bacilli,Bacillales,Bacillaceae,Bacillus,p,meat,79.5454,0.8,18,0.16,30,17,20.67942236,17.07,0.6865,1.651411411,1.8051849319024795,Klebsiella pneumoniae,1.5665791889893406,0.23860574291313896,63.85353303429571,36.8620249715115
23,CeO2,Bacillus subtilis,non-pathogenic,"purchased from us research nanomaterials, inc.в ",MBC,spherical,Bacteria,Bacillota,Bacilli,Bacillales,Bacillaceae,Bacillus,p,meat,172.115,27.43,0,0.16,30,16,39.19032095,34.14,1.373,4.456551526,3.122810577990086,Klebsiella pneumoniae,2.897445240747115,0.22536533724297092,1326.8156272103531,789.6692754297073
24,Ag,Bacillus subtilis,non-pathogenic,electrochemical synthesis,MBEC,triangular,Bacteria,Bacillota,Bacilli,Bacillales,Bacillaceae,Bacillus,p,soil,107.87,27.43,2,0.16,30,11,23.00188061,0.0,0.0,1.78376517,-0.3636891751340836,Klebsiella pneumoniae,-0.5461950722007942,0.1825058970667106,0.43282349228701705,0.2843183746778338
25,ZnO,Bacillus subtilis,non-pathogenic,purchased from sigma aldrich ( citrate capped agnps),MIC,quasi-spherical,Bacteria,Bacillota,Bacilli,Bacillales,Bacillaceae,Bacillus,p,urine,81.3794,35.0,2,0.16,30,8,22.60496136,17.07,0.6865,4.082482905,0.9717996652656976,Klebsiella pneumoniae,0.8654955922780605,0.10630407298763711,9.371296207707212,7.336612683387672
26,Ag,Bacillus subtilis,non-pathogenic,purchased from sigma aldrich ( citrate capped agnps),MBEC,quasi-hexagonal,Bacteria,Bacillota,Bacilli,Bacillales,Bacillaceae,Bacillus,p,carious dentine,107.8682,11.3,18,0.16,30,11,23.00188061,0.0,0.0,1.78376517,1.080664754416742,Klebsiella pneumoniae,1.0082137258293984,0.07245102858734365,12.041060941268464,10.190927825557436
27,Ag,Bacillus subtilis,non-pathogenic,electrochemical synthesis,MBEC,hexagonal,Bacteria,Bacillota,Bacilli,Bacillales,Bacillaceae,Bacillus,p,mouth,107.8682,13.5,24,0.16,30,11,23.00188061,0.0,0.0,1.78376517,2.3061773749748404,Klebsiella pneumoniae,2.344192623728249,-0.03801524875340867,202.38455908900514,220.8984272146514
28,Au,Bacillus subtilis,non-pathogenic,electrochemical synthesis,MBC,quasi-hexagonal,Bacteria,Bacillota,Bacilli,Bacillales,Bacillaceae,Bacillus,p,meat,196.966569,100.0,24,0.16,30,11,23.00188061,0.0,0.0,2.46797672,0.8289257936400665,Klebsiella pneumoniae,0.8850806156883686,-0.05615482204830213,6.744127833288594,7.675039436621118
