,np,bacteria,bac_type,np_synthesis,method,shape,kingdom,phylum,class,order,family,genus,gram,isolated_from,mol_weight (g/mol),np_size_avg (nm),time_set,"min_Incub_period, h","growth_temp, C",Valance_electron,labuteASA,tpsa,CrippenMR,chi0v,pred_MIC_norm,pathogenic_bacteria,pred_MIC_pathogen,Fitness,pred_norm_MIC_original,pred_path_MIC_original
0,ZnO,Bacillus subtilis,non-pathogenic,purchased from sigma aldrich ( citrate capped agnps),MIC,cubic,Bacteria,Bacillota,Bacilli,Bacillales,Bacillaceae,Bacillus,p,mouth,81.3794,1.4,4,0.16,30,8,22.60496136,17.07,0.6865,4.082482905,1.4365721666729083,Klebsiella pneumoniae,0.6054591832432115,0.8311129834296969,27.32575477962302,4.031430556435206
1,Ag,Bacillus subtilis,non-pathogenic,chemical_synthesis,MIC,hexagonal,Bacteria,Bacillota,Bacilli,Bacillales,Bacillaceae,Bacillus,p,skin,107.87,3.0,0,0.16,30,11,23.00188061,0.0,0.0,1.78376517,1.4589868271249367,Klebsiella pneumoniae,0.6964617454552136,0.7625250816697231,28.773111397723202,4.971205832558982
2,Ag,Bacillus subtilis,non-pathogenic,"purchased from us research nanomaterials, inc.в ",MIC,spherical,Bacteria,Bacillota,Bacilli,Bacillales,Bacillaceae,Bacillus,p,mammary gland,107.87,3.0,1,0.16,30,11,23.00188061,0.0,0.0,1.78376517,1.2697412350858244,Klebsiella pneumoniae,0.5110243129445375,0.7587169221412868,18.609779830380663,3.2435777524034344
3,ZnO,Bacillus subtilis,non-pathogenic,electrochemical synthesis,MBC,spherical,Bacteria,Bacillota,Bacilli,Bacillales,Bacillaceae,Bacillus,p,urine,81.3794,6.0,3,0.16,30,8,22.60496136,17.07,0.6865,4.082482905,2.1505545314317316,Klebsiella pneumoniae,1.4523171382158866,0.698237393215845,141.4342303354184,28.33460340158004
4,CuO,Bacillus subtilis,non-pathogenic,"purchased from us research nanomaterials, inc.в ",MBEC,nanoplates,Bacteria,Bacillota,Bacilli,Bacillales,Bacillaceae,Bacillus,p,food,79.5454,13.5,0,0.16,30,17,20.67942236,17.07,0.6865,1.651411411,3.274440723949702,Klebsiella pneumoniae,2.604833669413366,0.6696070545363364,1881.2249237856968,402.5628271276886
5,ZnO,Bacillus subtilis,non-pathogenic,green_synthesis,MBC,quasi-hexagonal,Bacteria,Bacillota,Bacilli,Bacillales,Bacillaceae,Bacillus,p,soil,81.3794,0.8,0,0.16,30,8,22.60496136,17.07,0.6865,4.082482905,0.7622515210542125,Klebsiella pneumoniae,0.09870407601671638,0.6635474450374961,5.7843094790880665,1.2551744087627377
6,Ag,Bacillus subtilis,non-pathogenic,"purchased from us research nanomaterials, inc.в ",MBC,spheroidal,Bacteria,Bacillota,Bacilli,Bacillales,Bacillaceae,Bacillus,p,water,107.8682,1.9,1,0.16,30,11,23.00188061,0.0,0.0,1.78376517,1.3458391972951302,Klebsiella pneumoniae,0.7634132378533163,0.582425959441814,22.173752581863415,5.799802940941028
7,CuO,Bacillus subtilis,non-pathogenic,"purchased from us research nanomaterials, inc.в ",MIC,rod-shaped,Bacteria,Bacillota,Bacilli,Bacillales,Bacillaceae,Bacillus,p,meat,79.5454,0.8,1,0.16,30,17,20.67942236,17.07,0.6865,1.651411411,2.1118449538154977,Klebsiella pneumoniae,1.5363196439538058,0.5755253098616919,129.37338868977199,34.381090216961105
8,ZnO,Bacillus subtilis,non-pathogenic,chemical_synthesis,MBC,cubic,Bacteria,Bacillota,Bacilli,Bacillales,Bacillaceae,Bacillus,p,blood,81.3794,12.0,4,0.16,30,8,22.60496136,17.07,0.6865,4.082482905,1.1278492476513384,Klebsiella pneumoniae,0.5579213168580588,0.5699279307932796,13.42298941302934,3.6134439027272327
9,Pt,Bacillus subtilis,non-pathogenic,green_synthesis,MIC,nanoplates,Bacteria,Bacillota,Bacilli,Bacillales,Bacillaceae,Bacillus,p,meat,195.084,6.0,0,0.16,30,10,21.75656585,0.0,0.0,2.588435821,1.6420447985918116,Klebsiella pneumoniae,1.0788271607169753,0.5632176378748364,43.85759356765131,11.990220248066343
10,ZnO,Bacillus subtilis,non-pathogenic,chemical_synthesis,MIC,spherical,Bacteria,Bacillota,Bacilli,Bacillales,Bacillaceae,Bacillus,p,food,81.3794,1.4,1,0.16,30,8,22.60496136,17.07,0.6865,4.082482905,0.857190719557456,Klebsiella pneumoniae,0.29821971869107045,0.5589710008663855,7.19764991974018,1.9870999786690837
11,Ag,Bacillus subtilis,non-pathogenic,"purchased from us research nanomaterials, inc.в ",MBEC,quasi-hexagonal,Bacteria,Bacillota,Bacilli,Bacillales,Bacillaceae,Bacillus,p,respiratory tract,107.87,13.5,0,0.16,30,11,23.00188061,0.0,0.0,1.78376517,1.197640140607977,Klebsiella pneumoniae,0.6797333785155759,0.5179067620924012,15.763045915964799,4.783363425583308
12,ZnO,Bacillus subtilis,non-pathogenic,green_synthesis,MBC,hexagonal,Bacteria,Bacillota,Bacilli,Bacillales,Bacillaceae,Bacillus,p,mammary gland,81.3794,44.45,1,0.16,30,8,22.60496136,17.07,0.6865,4.082482905,1.0998596900111708,Klebsiella pneumoniae,0.6030821282298713,0.4967775617812995,12.585187492946805,4.009425315932645
13,CuO,Bacillus subtilis,non-pathogenic,electrochemical synthesis,MBEC,cubic,Bacteria,Bacillota,Bacilli,Bacillales,Bacillaceae,Bacillus,p,lungs,79.5454,9.0,2,0.16,30,17,20.67942236,17.07,0.6865,1.651411411,3.564862404766901,Klebsiella pneumoniae,3.0783539426818134,0.4865084620850877,3671.659548130089,1197.7162522107437
14,Ag,Bacillus subtilis,non-pathogenic,chemical_synthesis,MIC,cubic,Bacteria,Bacillota,Bacilli,Bacillales,Bacillaceae,Bacillus,p,carious dentine,107.8682,4.0,3,0.16,30,11,23.00188061,0.0,0.0,1.78376517,1.306974909794527,Klebsiella pneumoniae,0.8230232983234733,0.4839516114710536,20.275655789435586,6.653088466504974
15,Au,Bacillus subtilis,non-pathogenic,electrochemical synthesis,MIC,spheroidal,Bacteria,Bacillota,Bacilli,Bacillales,Bacillaceae,Bacillus,p,meat,196.966569,55.6,24,0.16,30,11,23.00188061,0.0,0.0,2.46797672,1.7717171740027098,Klebsiella pneumoniae,1.2925479908213533,0.4791691831813565,59.11765163590214,19.613178949147375
16,ZnO,Bacillus subtilis,non-pathogenic,chemical_synthesis,MBC,spherical,Bacteria,Bacillota,Bacilli,Bacillales,Bacillaceae,Bacillus,p,nose,81.3794,4.7,3,0.16,30,8,22.60496136,17.07,0.6865,4.082482905,1.5453916525078712,Klebsiella pneumoniae,1.073828136450262,0.47156351605760927,35.106832930199616,11.852995962046123
17,Cu,Bacillus subtilis,non-pathogenic,"purchased from us research nanomaterials, inc.в ",MBEC,hexagonal,Bacteria,Bacillota,Bacilli,Bacillales,Bacillaceae,Bacillus,p,skin,63.55,0.8,4,0.16,30,11,17.96409803,0.0,0.0,1.243163121,1.8250491965021876,Klebsiella pneumoniae,1.3535550258980864,0.47149417060410115,66.84196312761621,22.571219588243903
18,CuO,Bacillus subtilis,non-pathogenic,electrochemical synthesis,MBC,nanoplates,Bacteria,Bacillota,Bacilli,Bacillales,Bacillaceae,Bacillus,p,mammary gland,79.5454,25.0,3,0.16,30,17,20.67942236,17.07,0.6865,1.651411411,2.9218169333738624,Klebsiella pneumoniae,2.5608995793871823,0.3609173539866801,835.2508636550994,363.83089887070525
19,ZnO,Bacillus subtilis,non-pathogenic,green_synthesis,MBEC,quasi-spherical,Bacteria,Bacillota,Bacilli,Bacillales,Bacillaceae,Bacillus,p,water,81.3794,44.45,1,0.16,30,8,22.60496136,17.07,0.6865,4.082482905,1.0797438244970152,Klebsiella pneumoniae,0.7462435591182466,0.33350026537876865,12.01555468949317,5.574983150269858
20,Ag,Bacillus subtilis,non-pathogenic,chemical_synthesis,MIC,spherical,Bacteria,Bacillota,Bacilli,Bacillales,Bacillaceae,Bacillus,p,respiratory tract,107.87,6.0,24,0.16,30,11,23.00188061,0.0,0.0,1.78376517,1.4162534587759223,Klebsiella pneumoniae,1.1161361701645605,0.3001172886113619,26.076749722281313,13.065804935925545
21,ZnO,Bacillus subtilis,non-pathogenic,chemical_synthesis,MBEC,quasi-spherical,Bacteria,Bacillota,Bacilli,Bacillales,Bacillaceae,Bacillus,p,nose,81.3794,27.43,0,0.16,30,8,22.60496136,17.07,0.6865,4.082482905,1.7195607975203386,Klebsiella pneumoniae,1.565385028456662,0.1541757690636767,52.427699017482254,36.76080629653935
22,Ag,Bacillus subtilis,non-pathogenic,electrochemical synthesis,MIC,spheroidal,Bacteria,Bacillota,Bacilli,Bacillales,Bacillaceae,Bacillus,p,blood,107.8682,10.4,2,0.16,30,11,23.00188061,0.0,0.0,1.78376517,0.5685228118337211,Klebsiella pneumoniae,0.44495894423939486,0.12356386759432625,3.7027365395301035,2.7858577968349802
23,ZnO,Bacillus subtilis,non-pathogenic,purchased from sigma aldrich ( citrate capped agnps),MBC,spheroidal,Bacteria,Bacillota,Bacilli,Bacillales,Bacillaceae,Bacillus,p,urine,81.3794,18.5,3,0.16,30,8,22.60496136,17.07,0.6865,4.082482905,2.3503548140127153,Klebsiella pneumoniae,2.2394893556990394,0.11086545831367589,224.05508974796052,173.57587199301997
24,CuO,Bacillus subtilis,non-pathogenic,electrochemical synthesis,MBC,rod-shaped,Bacteria,Bacillota,Bacilli,Bacillales,Bacillaceae,Bacillus,p,lungs,79.5454,13.5,18,0.16,30,17,20.67942236,17.07,0.6865,1.651411411,2.860417937014421,Klebsiella pneumoniae,2.75763072864203,0.10278720837239108,725.1334460992234,572.3092017070346
25,Ag,Bacillus subtilis,non-pathogenic,green_synthesis,MBC,rod-shaped,Bacteria,Bacillota,Bacilli,Bacillales,Bacillaceae,Bacillus,p,meat,107.8682,11.3,3,0.16,30,11,23.00188061,0.0,0.0,1.78376517,1.526086409049262,Klebsiella pneumoniae,1.4439826272692977,0.08210378177996436,33.58044206508199,27.796020753629346
26,Ag,Bacillus subtilis,non-pathogenic,purchased from sigma aldrich ( citrate capped agnps),MBEC,triangular,Bacteria,Bacillota,Bacilli,Bacillales,Bacillaceae,Bacillus,p,mammary gland,107.8682,1.4,3,0.16,30,11,23.00188061,0.0,0.0,1.78376517,-0.30509276346940783,Klebsiella pneumoniae,-0.27751336756575107,-0.027579395903656767,0.49534437603512255,0.527820960224753
27,ZnO,Bacillus subtilis,non-pathogenic,purchased from sigma aldrich ( citrate capped agnps),MIC,triangular,Bacteria,Bacillota,Bacilli,Bacillales,Bacillaceae,Bacillus,p,urine,81.3794,60.0,4,0.16,30,8,22.60496136,17.07,0.6865,4.082482905,-0.6193763225413487,Klebsiella pneumoniae,-0.5500780245214321,-0.0692982980199166,0.24022802867538776,0.28178766314239223
28,Al2O3,Bacillus subtilis,non-pathogenic,chemical_synthesis,MIC,spherical,Bacteria,Bacillota,Bacilli,Bacillales,Bacillaceae,Bacillus,p,blood,101.961276,13.5,2,0.16,30,24,51.55776403,85.5,13.5675,4.688846487,1.5819274923784852,Klebsiella pneumoniae,1.774065439015613,-0.1921379466371278,38.188050866922076,59.43817126521938
