,np,bacteria,bac_type,np_synthesis,method,shape,kingdom,phylum,class,order,family,genus,gram,isolated_from,mol_weight (g/mol),np_size_avg (nm),time_set,"min_Incub_period, h","growth_temp, C",Valance_electron,labuteASA,tpsa,CrippenMR,chi0v,pred_MIC_norm,pathogenic_bacteria,pred_MIC_pathogen,Fitness,pred_norm_MIC_original,pred_path_MIC_original
0,ZnO,Bacillus subtilis,non-pathogenic,"purchased from us research nanomaterials, inc.в ",MBC,hexagonal,Bacteria,Bacillota,Bacilli,Bacillales,Bacillaceae,Bacillus,p,mammary gland,81.3794,8.7,4,0.16,30,8,22.60496136,17.07,0.6865,4.082482905,2.294923474254386,Klebsiella pneumoniae,1.322877529587026,0.9720459446673597,197.20752119597617,21.031852609444467
1,Ag,Bacillus subtilis,non-pathogenic,"purchased from us research nanomaterials, inc.в ",MIC,cubic,Bacteria,Bacillota,Bacilli,Bacillales,Bacillaceae,Bacillus,p,blood,107.87,1.9,1,0.16,30,11,23.00188061,0.0,0.0,1.78376517,0.9021520695360739,Klebsiella pneumoniae,0.016726979818331156,0.8854250897177427,7.982741564647433,1.0392666231756105
2,ZnO,Bacillus subtilis,non-pathogenic,electrochemical synthesis,MIC,hexagonal,Bacteria,Bacillota,Bacilli,Bacillales,Bacillaceae,Bacillus,p,lungs,81.3794,4.7,4,0.16,30,8,22.60496136,17.07,0.6865,4.082482905,1.626081560177283,Klebsiella pneumoniae,0.8035736310195191,0.8225079291577638,42.27479985676044,6.3617065314095305
3,Ag,Bacillus subtilis,non-pathogenic,chemical_synthesis,MIC,nanoplates,Bacteria,Bacillota,Bacilli,Bacillales,Bacillaceae,Bacillus,p,blood,107.87,0.8,2,0.16,30,11,23.00188061,0.0,0.0,1.78376517,0.8292340806409071,Klebsiella pneumoniae,0.04017351394802815,0.7890605666928789,6.748916899569149,1.0969163602920133
4,TiO2,Bacillus subtilis,non-pathogenic,purchased from sigma aldrich ( citrate capped agnps),MBC,hexagonal,Bacteria,Bacillota,Bacilli,Bacillales,Bacillaceae,Bacillus,p,lungs,79.866,10.4,1,0.16,30,16,26.40611331,34.14,1.373,2.878049394,3.2254110136788015,Klebsiella pneumoniae,2.4594585556023483,0.7659524580764532,1680.3935801791592,288.04381585993775
5,Ag,Bacillus subtilis,non-pathogenic,purchased from sigma aldrich ( citrate capped agnps),MIC,hexagonal,Bacteria,Bacillota,Bacilli,Bacillales,Bacillaceae,Bacillus,p,mammary gland,107.87,1.4,2,0.16,30,11,23.00188061,0.0,0.0,1.78376517,1.7734185288694275,Klebsiella pneumoniae,1.0077626893420872,0.7656558395273403,59.34970011461446,10.180349532557344
6,ZnO,Bacillus subtilis,non-pathogenic,chemical_synthesis,MIC,quasi-spherical,Bacteria,Bacillota,Bacilli,Bacillales,Bacillaceae,Bacillus,p,water,81.3794,5.1,4,0.16,30,8,22.60496136,17.07,0.6865,4.082482905,1.6514522308383097,Klebsiella pneumoniae,0.9905372317925979,0.6609149990457118,44.81797508474379,9.784468328203026
7,CuO,Bacillus subtilis,non-pathogenic,purchased from sigma aldrich ( citrate capped agnps),MBC,cubic,Bacteria,Bacillota,Bacilli,Bacillales,Bacillaceae,Bacillus,p,lungs,79.5454,10.4,0,0.16,30,17,20.67942236,17.07,0.6865,1.651411411,3.4307636563191126,Klebsiella pneumoniae,2.7913928942950452,0.6393707620240674,2696.2717181729877,618.575755587761
8,Cu,Bacillus subtilis,non-pathogenic,"purchased from us research nanomaterials, inc.в ",MBC,hexagonal,Bacteria,Bacillota,Bacilli,Bacillales,Bacillaceae,Bacillus,p,food,63.55,8.0,0,0.16,30,11,17.96409803,0.0,0.0,1.243163121,2.0066691389597877,Klebsiella pneumoniae,1.3704469961724175,0.6362221427873702,101.54747731746164,23.466428472507197
9,ZnO,Bacillus subtilis,non-pathogenic,chemical_synthesis,MBC,hexagonal,Bacteria,Bacillota,Bacilli,Bacillales,Bacillaceae,Bacillus,p,mouth,81.3794,5.1,1,0.16,30,8,22.60496136,17.07,0.6865,4.082482905,1.8889305415541213,Klebsiella pneumoniae,1.2528121910721932,0.6361183504819281,77.43379449476448,17.89831681035082
10,Cu,Bacillus subtilis,non-pathogenic,"purchased from us research nanomaterials, inc.в ",MIC,cubic,Bacteria,Bacillota,Bacilli,Bacillales,Bacillaceae,Bacillus,p,food,63.55,4.0,0,0.16,30,11,17.96409803,0.0,0.0,1.243163121,1.4016843207499228,Klebsiella pneumoniae,0.7677932847969892,0.6338910359529336,25.216471754589794,5.858592412405589
11,CuO,Bacillus subtilis,non-pathogenic,"purchased from us research nanomaterials, inc.в ",MBC,quasi-spherical,Bacteria,Bacillota,Bacilli,Bacillales,Bacillaceae,Bacillus,p,mouth,79.5454,13.0,2,0.16,30,17,20.67942236,17.07,0.6865,1.651411411,3.1708046383846913,Klebsiella pneumoniae,2.5490253370834495,0.6217793013012418,1481.851344012439,354.0179941706546
12,Au,Bacillus subtilis,non-pathogenic,electrochemical synthesis,MIC,spheroidal,Bacteria,Bacillota,Bacilli,Bacillales,Bacillaceae,Bacillus,p,respiratory tract,196.966569,1.4,24,0.16,30,11,23.00188061,0.0,0.0,2.46797672,3.5670806284616603,Klebsiella pneumoniae,2.9500986439283814,0.6169819845332789,3690.4610705732,891.4533963334994
13,Al2O3,Bacillus subtilis,non-pathogenic,"purchased from us research nanomaterials, inc.в ",MBC,cubic,Bacteria,Bacillota,Bacilli,Bacillales,Bacillaceae,Bacillus,p,nose,101.961276,6.0,1,0.16,30,24,51.55776403,85.5,13.5675,4.688846487,2.799091701602088,Klebsiella pneumoniae,2.182525884311521,0.6165658172905673,629.6391175889236,152.23898658758745
14,TiO2,Bacillus subtilis,non-pathogenic,green_synthesis,MBEC,cubic,Bacteria,Bacillota,Bacilli,Bacillales,Bacillaceae,Bacillus,p,food,79.866,1.9,3,0.16,30,16,26.40611331,34.14,1.373,2.878049394,2.853731197561011,Klebsiella pneumoniae,2.238991809320784,0.6147393882402268,714.0542321990935,173.37712989770466
15,ZnO,Bacillus subtilis,non-pathogenic,electrochemical synthesis,MBC,spherical,Bacteria,Bacillota,Bacilli,Bacillales,Bacillaceae,Bacillus,p,food,81.3794,8.7,3,0.16,30,8,22.60496136,17.07,0.6865,4.082482905,2.054289788906242,Klebsiella pneumoniae,1.4461932303108822,0.6080965585953597,113.31562249477322,27.93786602077534
16,Ag,Bacillus subtilis,non-pathogenic,chemical_synthesis,MIC,nanoplates,Bacteria,Bacillota,Bacilli,Bacillales,Bacillaceae,Bacillus,p,mouth,107.87,0.8,18,0.16,30,11,23.00188061,0.0,0.0,1.78376517,1.3569716935559648,Klebsiella pneumoniae,0.7694234116290376,0.5875482819269272,22.74949149313063,5.880623994641088
17,ZnO,Bacillus subtilis,non-pathogenic,chemical_synthesis,MBC,hexagonal,Bacteria,Bacillota,Bacilli,Bacillales,Bacillaceae,Bacillus,p,respiratory tract,81.3794,5.1,4,0.16,30,8,22.60496136,17.07,0.6865,4.082482905,1.9309859963817024,Klebsiella pneumoniae,1.3496386658289428,0.5813473305527597,85.30726066550467,22.3685929122892
18,CeO2,Bacillus subtilis,non-pathogenic,electrochemical synthesis,MBEC,cubic,Bacteria,Bacillota,Bacilli,Bacillales,Bacillaceae,Bacillus,p,meat,172.115,10.0,4,0.16,30,16,39.19032095,34.14,1.373,4.456551526,3.1424922700809828,Klebsiella pneumoniae,2.5850592204850664,0.5574330495959163,1388.3285991312025,384.6442286357556
19,ZnO,Bacillus subtilis,non-pathogenic,chemical_synthesis,MIC,hexagonal,Bacteria,Bacillota,Bacilli,Bacillales,Bacillaceae,Bacillus,p,skin,81.3794,5.1,4,0.16,30,8,22.60496136,17.07,0.6865,4.082482905,1.96839323155203,Klebsiella pneumoniae,1.4146262119235953,0.5537670196284348,92.98078994838521,25.979226235970703
20,TiO2,Bacillus subtilis,non-pathogenic,chemical_synthesis,MBEC,cubic,Bacteria,Bacillota,Bacilli,Bacillales,Bacillaceae,Bacillus,p,lungs,79.866,12.5,2,0.16,30,16,26.40611331,34.14,1.373,2.878049394,3.2447337525535973,Klebsiella pneumoniae,2.791047600631255,0.4536861519223425,1756.8462361574868,618.0841412316792
21,Ag,Bacillus subtilis,non-pathogenic,green_synthesis,MIC,hexagonal,Bacteria,Bacillota,Bacilli,Bacillales,Bacillaceae,Bacillus,p,urine,107.87,6.0,2,0.16,30,11,23.00188061,0.0,0.0,1.78376517,2.381076259643731,Klebsiella pneumoniae,1.9335855789695653,0.44749068067416586,240.4785029524542,85.8194207684642
22,ZnO,Bacillus subtilis,non-pathogenic,electrochemical synthesis,MBC,spheroidal,Bacteria,Bacillota,Bacilli,Bacillales,Bacillaceae,Bacillus,p,food,81.3794,17.5,18,0.16,30,8,22.60496136,17.07,0.6865,4.082482905,1.8370354788812058,Klebsiella pneumoniae,1.4143205578602607,0.4227149210209451,68.71245710872704,25.960948632288158
23,Ag,Bacillus subtilis,non-pathogenic,electrochemical synthesis,MBEC,hexagonal,Bacteria,Bacillota,Bacilli,Bacillales,Bacillaceae,Bacillus,p,water,107.8682,6.0,2,0.16,30,11,23.00188061,0.0,0.0,1.78376517,2.7221171358289507,Klebsiella pneumoniae,2.3343292862043388,0.3877878496246119,527.3720825162454,215.93810518546144
24,ZnO,Bacillus subtilis,non-pathogenic,"purchased from us research nanomaterials, inc.в ",MBC,tetragonal,Bacteria,Bacillota,Bacilli,Bacillales,Bacillaceae,Bacillus,p,blood,81.3794,18.0,18,0.16,30,8,22.60496136,17.07,0.6865,4.082482905,1.3167651610156035,Klebsiella pneumoniae,0.9392786407013061,0.3774865203142974,20.737918387676668,8.69518127907802
25,Ag,Bacillus subtilis,non-pathogenic,green_synthesis,MIC,spherical,Bacteria,Bacillota,Bacilli,Bacillales,Bacillaceae,Bacillus,p,mammary gland,107.8682,1.9,1,0.16,30,11,23.00188061,0.0,0.0,1.78376517,0.9971350840092108,Klebsiella pneumoniae,0.7157469125636935,0.2813881714455173,9.934249976915199,5.196930543595254
26,Ag,Bacillus subtilis,non-pathogenic,electrochemical synthesis,MBEC,nanoplates,Bacteria,Bacillota,Bacilli,Bacillales,Bacillaceae,Bacillus,p,blood,107.87,12.5,4,0.16,30,11,23.00188061,0.0,0.0,1.78376517,1.269613806275122,Klebsiella pneumoniae,1.067108236460522,0.2025055698146001,18.6043202301835,11.671004498645548
27,Cu,Bacillus subtilis,non-pathogenic,electrochemical synthesis,MBEC,rod-shaped,Bacteria,Bacillota,Bacilli,Bacillales,Bacillaceae,Bacillus,p,meat,63.55,10.4,0,0.16,30,11,17.96409803,0.0,0.0,1.243163121,1.9611464358806785,Klebsiella pneumoniae,1.8016060597668038,0.15954037611387473,91.44215151256316,63.329500083720745
28,Ag,Bacillus subtilis,non-pathogenic,purchased from sigma aldrich ( citrate capped agnps),MIC,quasi-spherical,Bacteria,Bacillota,Bacilli,Bacillales,Bacillaceae,Bacillus,p,food,107.87,9.0,24,0.16,30,11,23.00188061,0.0,0.0,1.78376517,1.652046267971873,Klebsiella pneumoniae,1.4975112147891372,0.15453505318273586,44.879319999280916,31.442076121034216
29,ZnO,Bacillus subtilis,non-pathogenic,"purchased from us research nanomaterials, inc.в ",MIC,triangular,Bacteria,Bacillota,Bacilli,Bacillales,Bacillaceae,Bacillus,p,blood,81.3794,9.0,2,0.16,30,8,22.60496136,17.07,0.6865,4.082482905,0.11803723412663869,Klebsiella pneumoniae,-0.005963715647893775,0.12400094977453247,1.312312404965633,0.9863618905629031
30,Ag,Bacillus subtilis,non-pathogenic,purchased from sigma aldrich ( citrate capped agnps),MBEC,quasi-hexagonal,Bacteria,Bacillota,Bacilli,Bacillales,Bacillaceae,Bacillus,p,respiratory tract,107.87,50.0,4,0.16,30,11,23.00188061,0.0,0.0,1.78376517,0.6158308590985804,Klebsiella pneumoniae,0.49907136932145857,0.1167594897771218,4.128866672870277,3.1555231403052955
31,Cu,Bacillus subtilis,non-pathogenic,chemical_synthesis,MBEC,hexagonal,Bacteria,Bacillota,Bacilli,Bacillales,Bacillaceae,Bacillus,p,blood,63.55,20.0,4,0.16,30,11,17.96409803,0.0,0.0,1.243163121,1.320999431195909,Klebsiella pneumoniae,1.3290735251020716,-0.008074093906162538,20.941097131520984,21.334060635363073
32,ZnO,Bacillus subtilis,non-pathogenic,"purchased from us research nanomaterials, inc.в ",MBC,tetragonal,Bacteria,Bacillota,Bacilli,Bacillales,Bacillaceae,Bacillus,p,skin,81.3794,79.0,2,0.16,30,8,22.60496136,17.07,0.6865,4.082482905,1.466968457171437,Klebsiella pneumoniae,1.489157234045058,-0.022188776873621086,29.306803820668602,30.843044044073086
33,Ag,Bacillus subtilis,non-pathogenic,chemical_synthesis,MBC,spherical,Bacteria,Bacillota,Bacilli,Bacillales,Bacillaceae,Bacillus,p,food,107.87,26.38,1,0.16,30,11,23.00188061,0.0,0.0,1.78376517,1.4761389176270814,Klebsiella pneumoniae,1.5418219720542867,-0.06568305442720535,29.932219243674588,34.819455230139674
34,ZnO,Bacillus subtilis,non-pathogenic,green_synthesis,MIC,triangular,Bacteria,Bacillota,Bacilli,Bacillales,Bacillaceae,Bacillus,p,mouth,81.3794,35.0,4,0.16,30,8,22.60496136,17.07,0.6865,4.082482905,-0.8663432314045338,Klebsiella pneumoniae,-0.7194519805164408,-0.14689125088809307,0.13603691312346336,0.19078666631361849
35,Ag,Bacillus subtilis,non-pathogenic,chemical_synthesis,MIC,tetragonal,Bacteria,Bacillota,Bacilli,Bacillales,Bacillaceae,Bacillus,p,blood,107.8682,27.43,1,0.16,30,11,23.00188061,0.0,0.0,1.78376517,0.01921477262185256,Klebsiella pneumoniae,0.18240885455790123,-0.16319408193604867,1.0452369948188964,1.5219796812768056
