,np,bacteria,bac_type,np_synthesis,method,shape,kingdom,phylum,class,order,family,genus,gram,isolated_from,mol_weight (g/mol),np_size_avg (nm),time_set,"min_Incub_period, h","growth_temp, C",Valance_electron,labuteASA,tpsa,CrippenMR,chi0v,pred_MIC_norm,pathogenic_bacteria,pred_MIC_pathogen,Fitness,pred_norm_MIC_original,pred_path_MIC_original
0,ZnO,Bacillus subtilis,non-pathogenic,"purchased from us research nanomaterials, inc.в ",MBC,quasi-spherical,Bacteria,Bacillota,Bacilli,Bacillales,Bacillaceae,Bacillus,p,urine,81.3794,5.1,4,0.16,30,8,22.60496136,17.07,0.6865,4.082482905,2.0955088310213155,Klebsiella pneumoniae,1.1527565920632263,0.9427522389580891,124.5973572861617,14.215318414341304
1,Ag,Bacillus subtilis,non-pathogenic,"purchased from us research nanomaterials, inc.в ",MIC,quasi-spherical,Bacteria,Bacillota,Bacilli,Bacillales,Bacillaceae,Bacillus,p,mammary gland,107.87,1.9,24,0.16,30,11,23.00188061,0.0,0.0,1.78376517,2.074008408816142,Klebsiella pneumoniae,1.2106960087412726,0.8633124000748693,118.5791707261357,16.244113254391117
2,Pt,Bacillus subtilis,non-pathogenic,chemical_synthesis,MIC,spheroidal,Bacteria,Bacillota,Bacilli,Bacillales,Bacillaceae,Bacillus,p,nose,195.084,3.0,24,0.16,30,10,21.75656585,0.0,0.0,2.588435821,1.001422727269751,Klebsiella pneumoniae,0.1735382247674233,0.8278845025023276,10.032813223932052,1.491207999511559
3,Ag,Bacillus subtilis,non-pathogenic,chemical_synthesis,MIC,quasi-spherical,Bacteria,Bacillota,Bacilli,Bacillales,Bacillaceae,Bacillus,p,soil,107.87,3.0,0,0.16,30,11,23.00188061,0.0,0.0,1.78376517,1.1323371029626659,Klebsiella pneumoniae,0.31342863904703977,0.8189084639156261,13.562417299181691,2.057920716203131
4,ZnO,Bacillus subtilis,non-pathogenic,"purchased from us research nanomaterials, inc.в ",MBC,nanoplates,Bacteria,Bacillota,Bacilli,Bacillales,Bacillaceae,Bacillus,p,meat,81.3794,1.9,0,0.16,30,8,22.60496136,17.07,0.6865,4.082482905,1.8194028934554876,Klebsiella pneumoniae,1.015890434132794,0.8035124593226937,65.97856922736361,10.372666962544491
5,ZnO,Bacillus subtilis,non-pathogenic,chemical_synthesis,MBC,cubic,Bacteria,Bacillota,Bacilli,Bacillales,Bacillaceae,Bacillus,p,mammary gland,81.3794,6.0,2,0.16,30,8,22.60496136,17.07,0.6865,4.082482905,2.0339417149134404,Klebsiella pneumoniae,1.293525772131081,0.7404159427823593,108.12888257099722,19.657386290126535
6,CeO2,Bacillus subtilis,non-pathogenic,purchased from sigma aldrich ( citrate capped agnps),MIC,spherical,Bacteria,Bacillota,Bacilli,Bacillales,Bacillaceae,Bacillus,p,lungs,172.115,1.4,3,0.16,30,16,39.19032095,34.14,1.373,4.456551526,1.9861302290938727,Klebsiella pneumoniae,1.3267993561708964,0.6593308729229763,96.85682510534315,21.222637507033557
7,Au,Bacillus subtilis,non-pathogenic,electrochemical synthesis,MIC,hexagonal,Bacteria,Bacillota,Bacilli,Bacillales,Bacillaceae,Bacillus,p,mammary gland,196.966569,1.9,4,0.16,30,11,23.00188061,0.0,0.0,2.46797672,2.0082212373935304,Klebsiella pneumoniae,1.3577136727551886,0.6505075646383418,101.91104089528368,22.78839154272672
8,TiO2,Bacillus subtilis,non-pathogenic,green_synthesis,MBC,spherical,Bacteria,Bacillota,Bacilli,Bacillales,Bacillaceae,Bacillus,p,mammary gland,79.866,5.1,3,0.16,30,16,26.40611331,34.14,1.373,2.878049394,3.0276505755168936,Klebsiella pneumoniae,2.3870177721546573,0.6406328033622364,1065.7383048804002,243.79105802565508
9,ZnO,Bacillus subtilis,non-pathogenic,chemical_synthesis,MBEC,hexagonal,Bacteria,Bacillota,Bacilli,Bacillales,Bacillaceae,Bacillus,p,skin,81.3794,5.1,4,0.16,30,8,22.60496136,17.07,0.6865,4.082482905,2.440203849077096,Klebsiella pneumoniae,1.827763570993004,0.6124402780840921,275.55217862329636,67.26103889077785
10,ZnO,Bacillus subtilis,non-pathogenic,"purchased from us research nanomaterials, inc.в ",MIC,quasi-hexagonal,Bacteria,Bacillota,Bacilli,Bacillales,Bacillaceae,Bacillus,p,lungs,81.3794,10.4,1,0.16,30,8,22.60496136,17.07,0.6865,4.082482905,0.8171794950039653,Klebsiella pneumoniae,0.26026702009938907,0.5569124749045762,6.56416508843967,1.820820021133364
11,ZnO,Bacillus subtilis,non-pathogenic,"purchased from us research nanomaterials, inc.в ",MBEC,tetragonal,Bacteria,Bacillota,Bacilli,Bacillales,Bacillaceae,Bacillus,p,meat,81.3794,10.4,24,0.16,30,8,22.60496136,17.07,0.6865,4.082482905,1.5792970008064235,Klebsiella pneumoniae,1.1163287580416692,0.46296824276475435,37.957447569070844,13.071600251668057
12,TiO2,Bacillus subtilis,non-pathogenic,purchased from sigma aldrich ( citrate capped agnps),MBEC,quasi-hexagonal,Bacteria,Bacillota,Bacilli,Bacillales,Bacillaceae,Bacillus,p,urine,79.866,0.8,18,0.16,30,16,26.40611331,34.14,1.373,2.878049394,1.8016237426546347,Klebsiella pneumoniae,1.451452152045953,0.35017159060868175,63.33207868255497,28.278225414040612
13,Ag,Bacillus subtilis,non-pathogenic,"purchased from us research nanomaterials, inc.в ",MBEC,spherical,Bacteria,Bacillota,Bacilli,Bacillales,Bacillaceae,Bacillus,p,urine,107.87,8.7,1,0.16,30,11,23.00188061,0.0,0.0,1.78376517,1.973945381211725,Klebsiella pneumoniae,1.6240890950196583,0.34985628619206666,94.1771147784109,42.08129488283321
14,Au,Bacillus subtilis,non-pathogenic,green_synthesis,MIC,spheroidal,Bacteria,Bacillota,Bacilli,Bacillales,Bacillaceae,Bacillus,p,water,196.966569,44.45,3,0.16,30,11,23.00188061,0.0,0.0,2.46797672,1.2877352553462482,Klebsiella pneumoniae,0.9420531567447186,0.34568209860152965,19.397030797552958,8.75090877982985
15,CuO,Bacillus subtilis,non-pathogenic,"purchased from us research nanomaterials, inc.в ",MBEC,quasi-hexagonal,Bacteria,Bacillota,Bacilli,Bacillales,Bacillaceae,Bacillus,p,soil,79.5454,25.0,18,0.16,30,17,20.67942236,17.07,0.6865,1.651411411,3.0313636581337615,Klebsiella pneumoniae,2.7001351989830567,0.33122845915070487,1074.8890980794731,501.3432810911781
16,Ag,Bacillus subtilis,non-pathogenic,chemical_synthesis,MIC,quasi-spherical,Bacteria,Bacillota,Bacilli,Bacillales,Bacillaceae,Bacillus,p,respiratory tract,107.87,13.5,3,0.16,30,11,23.00188061,0.0,0.0,1.78376517,1.4150498262592768,Klebsiella pneumoniae,1.0896729787127817,0.3253768475464951,26.004578945099688,12.29342734083964
17,ZnO,Bacillus subtilis,non-pathogenic,"purchased from us research nanomaterials, inc.в ",MBEC,tetragonal,Bacteria,Bacillota,Bacilli,Bacillales,Bacillaceae,Bacillus,p,meat,81.3794,10.4,2,0.16,30,8,22.60496136,17.07,0.6865,4.082482905,1.3060605918053025,Klebsiella pneumoniae,0.9975316330645486,0.3085289587407539,20.233014455286142,9.943324963296273
18,Ag,Bacillus subtilis,non-pathogenic,electrochemical synthesis,MBC,nanoplates,Bacteria,Bacillota,Bacilli,Bacillales,Bacillaceae,Bacillus,p,carious dentine,107.8682,10.0,1,0.16,30,11,23.00188061,0.0,0.0,1.78376517,1.541449777998864,Klebsiella pneumoniae,1.2590812982120783,0.2823684797867858,34.789627444767206,18.158555519480952
19,ZnO,Bacillus subtilis,non-pathogenic,green_synthesis,MBEC,cubic,Bacteria,Bacillota,Bacilli,Bacillales,Bacillaceae,Bacillus,p,respiratory tract,81.3794,44.45,4,0.16,30,8,22.60496136,17.07,0.6865,4.082482905,1.5001665297913427,Klebsiella pneumoniae,1.2211261963712339,0.2790403334201088,31.634904649321324,16.638960715293376
20,Ag,Bacillus subtilis,non-pathogenic,electrochemical synthesis,MBC,spherical,Bacteria,Bacillota,Bacilli,Bacillales,Bacillaceae,Bacillus,p,urine,107.87,26.06,1,0.16,30,11,23.00188061,0.0,0.0,1.78376517,1.2968651252935337,Klebsiella pneumoniae,1.185480407357041,0.11138471793649263,19.80911737351013,15.32782055290989
