,np,bacteria,bac_type,np_synthesis,method,shape,kingdom,phylum,class,order,family,genus,gram,isolated_from,mol_weight (g/mol),np_size_avg (nm),time_set,"min_Incub_period, h","growth_temp, C",Valance_electron,labuteASA,tpsa,CrippenMR,chi0v,pred_MIC_norm,pathogenic_bacteria,pred_MIC_pathogen,Fitness,pred_norm_MIC_original,pred_path_MIC_original
0,ZnO,Bacillus subtilis,non-pathogenic,"purchased from us research nanomaterials, inc.в ",MIC,cubic,Bacteria,Bacillota,Bacilli,Bacillales,Bacillaceae,Bacillus,p,water,81.3794,1.9,3,0.16,30,8,22.60496136,17.07,0.6865,4.082482905,1.6372486083720257,Klebsiella pneumoniae,0.6390853272500518,0.9981632811219738,43.37591092341386,4.355974485268537
1,ZnO,Bacillus subtilis,non-pathogenic,electrochemical synthesis,MBEC,quasi-hexagonal,Bacteria,Bacillota,Bacilli,Bacillales,Bacillaceae,Bacillus,p,respiratory tract,81.3794,6.0,2,0.16,30,8,22.60496136,17.07,0.6865,4.082482905,1.5484871282121864,Klebsiella pneumoniae,0.6649353040365664,0.88355182417562,35.357954141789534,4.623121465715057
2,CuO,Bacillus subtilis,non-pathogenic,"purchased from us research nanomaterials, inc.в ",MIC,quasi-spherical,Bacteria,Bacillota,Bacilli,Bacillales,Bacillaceae,Bacillus,p,urine,79.5454,1.4,4,0.16,30,17,20.67942236,17.07,0.6865,1.651411411,2.3511793104235643,Klebsiella pneumoniae,1.4977964286790666,0.8533828817444977,224.48085634415898,31.462731834006508
3,ZnO,Bacillus subtilis,non-pathogenic,"purchased from us research nanomaterials, inc.в ",MBEC,hexagonal,Bacteria,Bacillota,Bacilli,Bacillales,Bacillaceae,Bacillus,p,food,81.3794,12.0,3,0.16,30,8,22.60496136,17.07,0.6865,4.082482905,2.415297644611667,Klebsiella pneumoniae,1.657852311277936,0.757445333333731,260.19421986380405,45.48333605542277
4,Ag,Bacillus subtilis,non-pathogenic,"purchased from us research nanomaterials, inc.в ",MIC,triangular,Bacteria,Bacillota,Bacilli,Bacillales,Bacillaceae,Bacillus,p,water,107.87,0.8,4,0.16,30,11,23.00188061,0.0,0.0,1.78376517,-0.053366985586091875,Klebsiella pneumoniae,-0.7822027188113054,0.7288357332252136,0.8843679893059064,0.16511908798772856
5,ZnO,Bacillus subtilis,non-pathogenic,"purchased from us research nanomaterials, inc.в ",MBC,spherical,Bacteria,Bacillota,Bacilli,Bacillales,Bacillaceae,Bacillus,p,respiratory tract,81.3794,1.9,0,0.16,30,8,22.60496136,17.07,0.6865,4.082482905,1.8463076843240136,Klebsiella pneumoniae,1.150137656730729,0.6961700275932845,70.19524340726437,14.129853424375826
6,TiO2,Bacillus subtilis,non-pathogenic,purchased from sigma aldrich ( citrate capped agnps),MBEC,cubic,Bacteria,Bacillota,Bacilli,Bacillales,Bacillaceae,Bacillus,p,blood,79.866,8.7,2,0.16,30,16,26.40611331,34.14,1.373,2.878049394,2.1514951324403806,Klebsiella pneumoniae,1.48134128762239,0.6701538448179907,141.7408825077882,30.292930441076802
7,ZnO,Bacillus subtilis,non-pathogenic,"purchased from us research nanomaterials, inc.в ",MBEC,nanoplates,Bacteria,Bacillota,Bacilli,Bacillales,Bacillaceae,Bacillus,p,carious dentine,81.3794,1.9,2,0.16,30,8,22.60496136,17.07,0.6865,4.082482905,1.657683829481209,Klebsiella pneumoniae,1.0116947761598925,0.6459890533213166,45.46569450513173,10.272940581258899
8,ZnO,Bacillus subtilis,non-pathogenic,green_synthesis,MBC,quasi-spherical,Bacteria,Bacillota,Bacilli,Bacillales,Bacillaceae,Bacillus,p,blood,81.3794,8.7,2,0.16,30,8,22.60496136,17.07,0.6865,4.082482905,1.3586347525691655,Klebsiella pneumoniae,0.7240012641647695,0.634633488404396,22.836773924866378,5.296649856631237
9,Ag,Bacillus subtilis,non-pathogenic,"purchased from us research nanomaterials, inc.в ",MIC,spheroidal,Bacteria,Bacillota,Bacilli,Bacillales,Bacillaceae,Bacillus,p,soil,107.87,8.7,24,0.16,30,11,23.00188061,0.0,0.0,1.78376517,1.6693384567614633,Klebsiella pneumoniae,1.0726095965110942,0.5967288602503691,46.70232016153741,11.81978553455675
10,CeO2,Bacillus subtilis,non-pathogenic,purchased from sigma aldrich ( citrate capped agnps),MIC,triangular,Bacteria,Bacillota,Bacilli,Bacillales,Bacillaceae,Bacillus,p,urine,172.115,1.4,0,0.16,30,16,39.19032095,34.14,1.373,4.456551526,0.7272718150217685,Klebsiella pneumoniae,0.13669486160700273,0.5905769534147658,5.336688021292115,1.3699189131753915
11,ZnO,Bacillus subtilis,non-pathogenic,electrochemical synthesis,MBEC,quasi-spherical,Bacteria,Bacillota,Bacilli,Bacillales,Bacillaceae,Bacillus,p,urine,81.3794,4.0,18,0.16,30,8,22.60496136,17.07,0.6865,4.082482905,1.840766490101752,Klebsiella pneumoniae,1.2593871902979927,0.5813792998037592,69.30530675333777,18.17134986818183
12,Ag,Bacillus subtilis,non-pathogenic,chemical_synthesis,MIC,quasi-hexagonal,Bacteria,Bacillota,Bacilli,Bacillales,Bacillaceae,Bacillus,p,water,107.87,10.4,3,0.16,30,11,23.00188061,0.0,0.0,1.78376517,0.9276280690131031,Klebsiella pneumoniae,0.35131260614210613,0.576315462870997,8.46502156857088,2.245497656458306
13,Ag,Bacillus subtilis,non-pathogenic,green_synthesis,MIC,spherical,Bacteria,Bacillota,Bacilli,Bacillales,Bacillaceae,Bacillus,p,soil,107.87,4.0,2,0.16,30,11,23.00188061,0.0,0.0,1.78376517,1.4151232823656328,Klebsiella pneumoniae,0.8395619351872987,0.5755613471783341,26.008977703890395,6.911334856416487
14,ZnO,Bacillus subtilis,non-pathogenic,purchased from sigma aldrich ( citrate capped agnps),MBEC,quasi-spherical,Bacteria,Bacillota,Bacilli,Bacillales,Bacillaceae,Bacillus,p,lungs,81.3794,4.7,3,0.16,30,8,22.60496136,17.07,0.6865,4.082482905,1.9272969228901717,Klebsiella pneumoniae,1.3634768375049269,0.5638200853852449,84.5856951640827,23.092812933134287
15,CuO,Bacillus subtilis,non-pathogenic,"purchased from us research nanomaterials, inc.в ",MBC,spherical,Bacteria,Bacillota,Bacilli,Bacillales,Bacillaceae,Bacillus,p,meat,79.5454,13.5,2,0.16,30,17,20.67942236,17.07,0.6865,1.651411411,3.1799764686988685,Klebsiella pneumoniae,2.618985790306965,0.5609906783919034,1513.4792416363755,415.8970025259997
16,ZnO,Bacillus subtilis,non-pathogenic,"purchased from us research nanomaterials, inc.в ",MBEC,rod-shaped,Bacteria,Bacillota,Bacilli,Bacillales,Bacillaceae,Bacillus,p,food,81.3794,11.3,0,0.16,30,8,22.60496136,17.07,0.6865,4.082482905,2.1566057954709774,Klebsiella pneumoniae,1.6010067188058685,0.5555990766651089,143.41870458787835,39.90310755734207
17,TiO2,Bacillus subtilis,non-pathogenic,"purchased from us research nanomaterials, inc.в ",MBC,tetragonal,Bacteria,Bacillota,Bacilli,Bacillales,Bacillaceae,Bacillus,p,respiratory tract,79.866,10.0,18,0.16,30,16,26.40611331,34.14,1.373,2.878049394,2.1939865625042687,Klebsiella pneumoniae,1.6599679571846693,0.5340186053195994,156.30992780733632,45.70544662940449
18,Ag,Bacillus subtilis,non-pathogenic,chemical_synthesis,MIC,cubic,Bacteria,Bacillota,Bacilli,Bacillales,Bacillaceae,Bacillus,p,lungs,107.87,26.06,4,0.16,30,11,23.00188061,0.0,0.0,1.78376517,1.6456240509551086,Klebsiella pneumoniae,1.1292752889000217,0.5163487620550868,44.220540945348496,13.467137332315817
19,Ag,Bacillus subtilis,non-pathogenic,electrochemical synthesis,MBEC,hexagonal,Bacteria,Bacillota,Bacilli,Bacillales,Bacillaceae,Bacillus,p,lungs,107.8682,5.1,1,0.16,30,11,23.00188061,0.0,0.0,1.78376517,2.5493279051552116,Klebsiella pneumoniae,2.058513692931373,0.49081421222383836,354.2647204537276,114.42309558658697
20,ZnO,Bacillus subtilis,non-pathogenic,chemical_synthesis,MBC,spherical,Bacteria,Bacillota,Bacilli,Bacillales,Bacillaceae,Bacillus,p,soil,81.3794,8.7,4,0.16,30,8,22.60496136,17.07,0.6865,4.082482905,1.7221513806444841,Klebsiella pneumoniae,1.241720392544726,0.48043098809975815,52.741366828920604,17.446985195222464
21,TiO2,Bacillus subtilis,non-pathogenic,green_synthesis,MBEC,rod-shaped,Bacteria,Bacillota,Bacilli,Bacillales,Bacillaceae,Bacillus,p,mouth,79.866,10.4,2,0.16,30,16,26.40611331,34.14,1.373,2.878049394,2.8345116086561344,Klebsiella pneumoniae,2.362062538306287,0.4724490703498474,683.1429780914187,230.1773248367439
22,ZnO,Bacillus subtilis,non-pathogenic,chemical_synthesis,MBEC,spheroidal,Bacteria,Bacillota,Bacilli,Bacillales,Bacillaceae,Bacillus,p,mouth,81.3794,10.4,18,0.16,30,8,22.60496136,17.07,0.6865,4.082482905,2.2000907441095143,Klebsiella pneumoniae,1.7295878717024529,0.47050287240706146,158.52243842071417,53.65224161511103
23,TiO2,Bacillus subtilis,non-pathogenic,electrochemical synthesis,MBEC,triangular,Bacteria,Bacillota,Bacilli,Bacillales,Bacillaceae,Bacillus,p,water,79.866,12.0,18,0.16,30,16,26.40611331,34.14,1.373,2.878049394,1.2523878046946648,Klebsiella pneumoniae,0.7911789599846151,0.46120884471004975,17.880835372973003,6.182711190002635
24,CeO2,Bacillus subtilis,non-pathogenic,electrochemical synthesis,MIC,rod-shaped,Bacteria,Bacillota,Bacilli,Bacillales,Bacillaceae,Bacillus,p,carious dentine,172.115,5.1,4,0.16,30,16,39.19032095,34.14,1.373,4.456551526,1.8583092453123262,Klebsiella pneumoniae,1.397374696035345,0.4609345492769812,72.16211364604915,24.96747915920997
25,Au,Bacillus subtilis,non-pathogenic,chemical_synthesis,MIC,hexagonal,Bacteria,Bacillota,Bacilli,Bacillales,Bacillaceae,Bacillus,p,meat,196.966569,11.3,4,0.16,30,11,23.00188061,0.0,0.0,2.46797672,2.3866170752907028,Klebsiella pneumoniae,1.9297729310200145,0.4568441442706883,243.56623071203862,85.06931406994147
26,Ag,Bacillus subtilis,non-pathogenic,electrochemical synthesis,MIC,spheroidal,Bacteria,Bacillota,Bacilli,Bacillales,Bacillaceae,Bacillus,p,meat,107.87,30.0,18,0.16,30,11,23.00188061,0.0,0.0,1.78376517,1.1716331014728136,Klebsiella pneumoniae,0.7149634841932346,0.456669617279579,14.846808315656137,5.18756419665182
27,Pd,Bacillus subtilis,non-pathogenic,purchased from sigma aldrich ( citrate capped agnps),MIC,nanoplates,Bacteria,Bacillota,Bacilli,Bacillales,Bacillaceae,Bacillus,p,mouth,195.084,5.1,2,0.16,30,10,21.14774404,0.0,0.0,1.870828693,1.7381946602814062,Klebsiella pneumoniae,1.2836544563004864,0.4545402039809199,54.72612023642336,19.21562241498323
28,ZnO,Bacillus subtilis,non-pathogenic,chemical_synthesis,MBEC,quasi-spherical,Bacteria,Bacillota,Bacilli,Bacillales,Bacillaceae,Bacillus,p,nose,81.3794,1.4,4,0.16,30,8,22.60496136,17.07,0.6865,4.082482905,1.4081917876359284,Klebsiella pneumoniae,0.9621491344478658,0.4460426531880627,25.597160267634397,9.165351694606377
29,CeO2,Bacillus subtilis,non-pathogenic,purchased from sigma aldrich ( citrate capped agnps),MIC,spherical,Bacteria,Bacillota,Bacilli,Bacillales,Bacillaceae,Bacillus,p,mammary gland,172.115,1.9,18,0.16,30,16,39.19032095,34.14,1.373,4.456551526,1.9331460918170786,Klebsiella pneumoniae,1.4888348775339733,0.4443112142831054,85.73261916926928,30.820159187171132
30,ZnO,Bacillus subtilis,non-pathogenic,purchased from sigma aldrich ( citrate capped agnps),MBEC,quasi-hexagonal,Bacteria,Bacillota,Bacilli,Bacillales,Bacillaceae,Bacillus,p,food,81.3794,18.0,4,0.16,30,8,22.60496136,17.07,0.6865,4.082482905,1.3181529557286344,Klebsiella pneumoniae,0.8796614532336491,0.43849150249498536,20.804292719248387,7.57986469398558
31,Ag,Bacillus subtilis,non-pathogenic,"purchased from us research nanomaterials, inc.в ",MBEC,nanoplates,Bacteria,Bacillota,Bacilli,Bacillales,Bacillaceae,Bacillus,p,nose,107.87,8.7,1,0.16,30,11,23.00188061,0.0,0.0,1.78376517,2.1886526744944104,Klebsiella pneumoniae,1.756582477068291,0.4320701974261194,154.40191216963947,57.0929491363829
32,TiO2,Bacillus subtilis,non-pathogenic,"purchased from us research nanomaterials, inc.в ",MBC,spheroidal,Bacteria,Bacillota,Bacilli,Bacillales,Bacillaceae,Bacillus,p,meat,79.866,18.0,0,0.16,30,16,26.40611331,34.14,1.373,2.878049394,3.1679390312383773,Klebsiella pneumoniae,2.7444736577748485,0.42346537346352875,1472.1058252282846,555.2309384462618
33,ZnO,Bacillus subtilis,non-pathogenic,green_synthesis,MBEC,quasi-spherical,Bacteria,Bacillota,Bacilli,Bacillales,Bacillaceae,Bacillus,p,food,81.3794,8.7,18,0.16,30,8,22.60496136,17.07,0.6865,4.082482905,2.2083619346944103,Klebsiella pneumoniae,1.7913143272275134,0.41704760746689695,161.5704500496772,61.84638608033862
34,Ag,Bacillus subtilis,non-pathogenic,"purchased from us research nanomaterials, inc.в ",MBEC,tetragonal,Bacteria,Bacillota,Bacilli,Bacillales,Bacillaceae,Bacillus,p,nose,107.8682,0.8,24,0.16,30,11,23.00188061,0.0,0.0,1.78376517,1.0354375063805965,Klebsiella pneumoniae,0.6200136532958604,0.41542385308473606,10.850194074952455,4.168824891641269
35,ZnO,Bacillus subtilis,non-pathogenic,electrochemical synthesis,MBC,cubic,Bacteria,Bacillota,Bacilli,Bacillales,Bacillaceae,Bacillus,p,soil,81.3794,27.43,2,0.16,30,8,22.60496136,17.07,0.6865,4.082482905,1.8589095157615392,Klebsiella pneumoniae,1.4550965609926634,0.4038129547688758,72.2619231892037,28.516522331021932
36,Pt,Bacillus subtilis,non-pathogenic,purchased from sigma aldrich ( citrate capped agnps),MBC,nanoplates,Bacteria,Bacillota,Bacilli,Bacillales,Bacillaceae,Bacillus,p,food,195.084,1.4,3,0.16,30,10,21.75656585,0.0,0.0,2.588435821,1.206675527692883,Klebsiella pneumoniae,0.8065720403991053,0.40010348729377776,16.094427308170932,6.405780312955375
37,TiO2,Bacillus subtilis,non-pathogenic,purchased from sigma aldrich ( citrate capped agnps),MBEC,quasi-spherical,Bacteria,Bacillota,Bacilli,Bacillales,Bacillaceae,Bacillus,p,mouth,79.866,20.0,4,0.16,30,16,26.40611331,34.14,1.373,2.878049394,2.820635850932765,Klebsiella pneumoniae,2.425379250528857,0.39525660040390775,661.6614783397815,266.30495703553885
38,ZnO,Bacillus subtilis,non-pathogenic,"purchased from us research nanomaterials, inc.в ",MBEC,spheroidal,Bacteria,Bacillota,Bacilli,Bacillales,Bacillaceae,Bacillus,p,water,81.3794,9.0,2,0.16,30,8,22.60496136,17.07,0.6865,4.082482905,2.4844537933762902,Klebsiella pneumoniae,2.0896869075523963,0.39476688582389396,305.1081393034099,122.93821626124932
39,CuO,Bacillus subtilis,non-pathogenic,purchased from sigma aldrich ( citrate capped agnps),MBC,quasi-hexagonal,Bacteria,Bacillota,Bacilli,Bacillales,Bacillaceae,Bacillus,p,mouth,79.5454,25.0,4,0.16,30,17,20.67942236,17.07,0.6865,1.651411411,2.6736121764805993,Klebsiella pneumoniae,2.283028571103474,0.3905836053771252,471.64167871271155,191.879496904442
40,Au,Bacillus subtilis,non-pathogenic,electrochemical synthesis,MIC,quasi-spherical,Bacteria,Bacillota,Bacilli,Bacillales,Bacillaceae,Bacillus,p,mammary gland,196.966569,40.0,3,0.16,30,11,23.00188061,0.0,0.0,2.46797672,1.0540658402713534,Klebsiella pneumoniae,0.6641628479089556,0.3899029923623978,11.325720513461738,4.614905877853988
41,ZnO,Bacillus subtilis,non-pathogenic,"purchased from us research nanomaterials, inc.в ",MBEC,quasi-spherical,Bacteria,Bacillota,Bacilli,Bacillales,Bacillaceae,Bacillus,p,food,81.3794,50.0,4,0.16,30,8,22.60496136,17.07,0.6865,4.082482905,1.670492483171878,Klebsiella pneumoniae,1.2885139998333253,0.38197848333855267,46.826584649432675,19.431843309348746
42,ZnO,Bacillus subtilis,non-pathogenic,green_synthesis,MBEC,hexagonal,Bacteria,Bacillota,Bacilli,Bacillales,Bacillaceae,Bacillus,p,mouth,81.3794,17.5,2,0.16,30,8,22.60496136,17.07,0.6865,4.082482905,2.261947981957178,Klebsiella pneumoniae,1.8801694147696955,0.3817785671874825,182.7881266778852,75.88735477388775
43,Ag,Bacillus subtilis,non-pathogenic,"purchased from us research nanomaterials, inc.в ",MBC,nanoplates,Bacteria,Bacillota,Bacilli,Bacillales,Bacillaceae,Bacillus,p,respiratory tract,107.87,5.1,3,0.16,30,11,23.00188061,0.0,0.0,1.78376517,1.8389504587162895,Klebsiella pneumoniae,1.461340044488086,0.3776104142282035,69.01610705911104,28.929441171689085
44,ZnO,Bacillus subtilis,non-pathogenic,electrochemical synthesis,MBC,quasi-hexagonal,Bacteria,Bacillota,Bacilli,Bacillales,Bacillaceae,Bacillus,p,urine,81.3794,41.23,3,0.16,30,8,22.60496136,17.07,0.6865,4.082482905,0.08146178000323245,Klebsiella pneumoniae,-0.29502222354220775,0.3764840035454402,1.2063179217643103,0.5069647654142717
45,CeO2,Bacillus subtilis,non-pathogenic,green_synthesis,MBC,nanoplates,Bacteria,Bacillota,Bacilli,Bacillales,Bacillaceae,Bacillus,p,mammary gland,172.115,27.43,4,0.16,30,16,39.19032095,34.14,1.373,4.456551526,2.7570283991591373,Klebsiella pneumoniae,2.403562995482943,0.35346540367619417,571.5160077278446,253.2578965448072
46,CuO,Bacillus subtilis,non-pathogenic,purchased from sigma aldrich ( citrate capped agnps),MBEC,rod-shaped,Bacteria,Bacillota,Bacilli,Bacillales,Bacillaceae,Bacillus,p,respiratory tract,79.5454,3.0,4,0.16,30,17,20.67942236,17.07,0.6865,1.651411411,2.7919585497849964,Klebsiella pneumoniae,2.439005192154472,0.35295335763052416,619.3819568020582,274.7927005410675
47,Ag,Bacillus subtilis,non-pathogenic,"purchased from us research nanomaterials, inc.в ",MIC,spheroidal,Bacteria,Bacillota,Bacilli,Bacillales,Bacillaceae,Bacillus,p,nose,107.87,28.0,1,0.16,30,11,23.00188061,0.0,0.0,1.78376517,1.8857503467338328,Klebsiella pneumoniae,1.5328355014420862,0.35291484529174655,76.86884343318398,34.10637017972942
48,ZnO,Bacillus subtilis,non-pathogenic,green_synthesis,MBEC,quasi-spherical,Bacteria,Bacillota,Bacilli,Bacillales,Bacillaceae,Bacillus,p,blood,81.3794,20.0,4,0.16,30,8,22.60496136,17.07,0.6865,4.082482905,1.0996870468985687,Klebsiella pneumoniae,0.7499099321405096,0.34977711475805906,12.580185554795873,5.6222471392788025
49,CuO,Bacillus subtilis,non-pathogenic,"purchased from us research nanomaterials, inc.в ",MBC,cubic,Bacteria,Bacillota,Bacilli,Bacillales,Bacillaceae,Bacillus,p,lungs,79.5454,50.0,18,0.16,30,17,20.67942236,17.07,0.6865,1.651411411,2.9275542621967334,Klebsiella pneumoniae,2.5797628804898007,0.3477913817069327,846.358309022899,379.98187418712007
50,Ag,Bacillus subtilis,non-pathogenic,"purchased from us research nanomaterials, inc.в ",MIC,hexagonal,Bacteria,Bacillota,Bacilli,Bacillales,Bacillaceae,Bacillus,p,food,107.87,26.38,1,0.16,30,11,23.00188061,0.0,0.0,1.78376517,2.333256705565423,Klebsiella pneumoniae,1.9953951670845438,0.3378615384808792,215.4054590894589,98.94529942389053
51,ZnO,Bacillus subtilis,non-pathogenic,"purchased from us research nanomaterials, inc.в ",MBEC,hexagonal,Bacteria,Bacillota,Bacilli,Bacillales,Bacillaceae,Bacillus,p,mouth,81.3794,60.0,3,0.16,30,8,22.60496136,17.07,0.6865,4.082482905,2.1906514377057373,Klebsiella pneumoniae,1.856434300804489,0.3342171369012483,155.1141572783403,71.85124550397549
52,Ag,Bacillus subtilis,non-pathogenic,"purchased from us research nanomaterials, inc.в ",MBEC,spheroidal,Bacteria,Bacillota,Bacilli,Bacillales,Bacillaceae,Bacillus,p,soil,107.87,28.0,24,0.16,30,11,23.00188061,0.0,0.0,1.78376517,2.472031316179263,Klebsiella pneumoniae,2.140138008299064,0.3318933078801991,296.5045185791044,138.08229870928562
53,ZnO,Bacillus subtilis,non-pathogenic,"purchased from us research nanomaterials, inc.в ",MBEC,rod-shaped,Bacteria,Bacillota,Bacilli,Bacillales,Bacillaceae,Bacillus,p,mouth,81.3794,44.45,4,0.16,30,8,22.60496136,17.07,0.6865,4.082482905,1.7112084936833838,Klebsiella pneumoniae,1.3900780013987504,0.3211304922846334,51.429049005004934,24.551498329255057
54,CeO2,Bacillus subtilis,non-pathogenic,electrochemical synthesis,MBEC,quasi-spherical,Bacteria,Bacillota,Bacilli,Bacillales,Bacillaceae,Bacillus,p,urine,172.115,40.0,4,0.16,30,16,39.19032095,34.14,1.373,4.456551526,1.7637551350622958,Klebsiella pneumoniae,1.4459305749193647,0.31782456014293103,58.04370618534129,27.920974688004332
55,CuO,Bacillus subtilis,non-pathogenic,green_synthesis,MBC,spherical,Bacteria,Bacillota,Bacilli,Bacillales,Bacillaceae,Bacillus,p,soil,79.5454,20.0,0,0.16,30,17,20.67942236,17.07,0.6865,1.651411411,3.107088788561058,Klebsiella pneumoniae,2.7893016608417716,0.3177871277192863,1279.642891726261,615.6043228526092
56,Au,Bacillus subtilis,non-pathogenic,chemical_synthesis,MIC,quasi-spherical,Bacteria,Bacillota,Bacilli,Bacillales,Bacillaceae,Bacillus,p,urine,196.966569,11.3,0,0.16,30,11,23.00188061,0.0,0.0,2.46797672,2.0893961050471606,Klebsiella pneumoniae,1.7717650938753091,0.31763101117185144,122.8559246915091,59.12417501289549
57,TiO2,Bacillus subtilis,non-pathogenic,"purchased from us research nanomaterials, inc.в ",MBC,spheroidal,Bacteria,Bacillota,Bacilli,Bacillales,Bacillaceae,Bacillus,p,water,79.866,27.43,3,0.16,30,16,26.40611331,34.14,1.373,2.878049394,3.2670617230703796,Klebsiella pneumoniae,2.950080789731675,0.3169809333387046,1849.531460559952,891.4167487181213
58,Au,Bacillus subtilis,non-pathogenic,"purchased from us research nanomaterials, inc.в ",MBEC,quasi-hexagonal,Bacteria,Bacillota,Bacilli,Bacillales,Bacillaceae,Bacillus,p,mouth,196.966569,1.4,1,0.16,30,11,23.00188061,0.0,0.0,2.46797672,1.0456175067849158,Klebsiella pneumoniae,0.7313948990511607,0.3142226077337551,11.107530304285048,5.387594477198665
59,Ag,Bacillus subtilis,non-pathogenic,electrochemical synthesis,MBC,triangular,Bacteria,Bacillota,Bacilli,Bacillales,Bacillaceae,Bacillus,p,mouth,107.8682,10.4,18,0.16,30,11,23.00188061,0.0,0.0,1.78376517,0.49028361811897736,Klebsiella pneumoniae,0.18498839742572581,0.30529522069325155,3.092314224061626,1.5310465578266081
60,Ag,Bacillus subtilis,non-pathogenic,chemical_synthesis,MBEC,tetragonal,Bacteria,Bacillota,Bacilli,Bacillales,Bacillaceae,Bacillus,p,mouth,107.87,5.1,4,0.16,30,11,23.00188061,0.0,0.0,1.78376517,0.55202879327626,Klebsiella pneumoniae,0.24744200477166545,0.30458678850459453,3.564747665521977,1.7678361269939777
61,Cu,Bacillus subtilis,non-pathogenic,"purchased from us research nanomaterials, inc.в ",MBC,hexagonal,Bacteria,Bacillota,Bacilli,Bacillales,Bacillaceae,Bacillus,p,mouth,63.55,41.23,4,0.16,30,11,17.96409803,0.0,0.0,1.243163121,1.245782119027114,Klebsiella pneumoniae,0.9448281306827265,0.3009539883443876,17.61092303265611,8.807002724253472
62,Pd,Bacillus subtilis,non-pathogenic,electrochemical synthesis,MBC,spheroidal,Bacteria,Bacillota,Bacilli,Bacillales,Bacillaceae,Bacillus,p,soil,195.084,1.4,18,0.16,30,10,21.14774404,0.0,0.0,1.870828693,1.074618901135091,Klebsiella pneumoniae,0.7760740372411729,0.2985448638939182,11.874597592549184,5.9713707607309585
63,Ag,Bacillus subtilis,non-pathogenic,electrochemical synthesis,MBC,triangular,Bacteria,Bacillota,Bacilli,Bacillales,Bacillaceae,Bacillus,p,soil,107.8682,55.6,18,0.16,30,11,23.00188061,0.0,0.0,1.78376517,0.17638072758077628,Klebsiella pneumoniae,-0.10504164409824734,0.2814223716790236,1.501000122132794,0.7851603426975088
64,Au,Bacillus subtilis,non-pathogenic,chemical_synthesis,MBC,quasi-hexagonal,Bacteria,Bacillota,Bacilli,Bacillales,Bacillaceae,Bacillus,p,respiratory tract,196.966569,10.0,4,0.16,30,11,23.00188061,0.0,0.0,2.46797672,0.860329342613368,Klebsiella pneumoniae,0.5946139028588464,0.2657154397545216,7.2498553675700315,3.932003564457401
65,Ag,Bacillus subtilis,non-pathogenic,purchased from sigma aldrich ( citrate capped agnps),MBEC,quasi-hexagonal,Bacteria,Bacillota,Bacilli,Bacillales,Bacillaceae,Bacillus,p,soil,107.87,1.9,24,0.16,30,11,23.00188061,0.0,0.0,1.78376517,1.6248310768380358,Klebsiella pneumoniae,1.3602192364146724,0.2646118404233635,42.15325122708178,22.92024398757806
66,ZnO,Bacillus subtilis,non-pathogenic,"purchased from us research nanomaterials, inc.в ",MIC,hexagonal,Bacteria,Bacillota,Bacilli,Bacillales,Bacillaceae,Bacillus,p,nose,81.3794,10.4,24,0.16,30,8,22.60496136,17.07,0.6865,4.082482905,2.023748418317358,Klebsiella pneumoniae,1.7746400447383497,0.24910837357900828,105.62054845535273,59.5168646832588
67,Ag,Bacillus subtilis,non-pathogenic,electrochemical synthesis,MBC,hexagonal,Bacteria,Bacillota,Bacilli,Bacillales,Bacillaceae,Bacillus,p,food,107.87,20.0,2,0.16,30,11,23.00188061,0.0,0.0,1.78376517,1.7653829696675014,Klebsiella pneumoniae,1.5497124422400816,0.21567052742741977,58.261675456470584,35.45785357483258
68,ZnO,Bacillus subtilis,non-pathogenic,"purchased from us research nanomaterials, inc.в ",MBC,triangular,Bacteria,Bacillota,Bacilli,Bacillales,Bacillaceae,Bacillus,p,blood,81.3794,13.0,4,0.16,30,8,22.60496136,17.07,0.6865,4.082482905,1.134370454138473,Klebsiella pneumoniae,0.9762070075831087,0.15816344655536418,13.626064931868942,9.466882952538448
69,TiO2,Bacillus subtilis,non-pathogenic,"purchased from us research nanomaterials, inc.в ",MBC,quasi-hexagonal,Bacteria,Bacillota,Bacilli,Bacillales,Bacillaceae,Bacillus,p,soil,79.866,26.06,24,0.16,30,16,26.40611331,34.14,1.373,2.878049394,2.8613353922047784,Klebsiella pneumoniae,2.7277436916447515,0.1335917005600269,726.6669232032759,534.2489676646442
70,Ag,Bacillus subtilis,non-pathogenic,purchased from sigma aldrich ( citrate capped agnps),MBEC,quasi-spherical,Bacteria,Bacillota,Bacilli,Bacillales,Bacillaceae,Bacillus,p,nose,107.8682,13.5,18,0.16,30,11,23.00188061,0.0,0.0,1.78376517,1.586796791342781,Klebsiella pneumoniae,1.467339607654339,0.11945718368844194,38.61862362148736,29.33186028360022
71,ZnO,Bacillus subtilis,non-pathogenic,purchased from sigma aldrich ( citrate capped agnps),MBEC,rod-shaped,Bacteria,Bacillota,Bacilli,Bacillales,Bacillaceae,Bacillus,p,meat,81.3794,0.8,18,0.16,30,8,22.60496136,17.07,0.6865,4.082482905,1.2744869103096357,Klebsiella pneumoniae,1.161136802660475,0.11335010764916076,18.814249989774318,14.492282882252521
72,Au,Bacillus subtilis,non-pathogenic,chemical_synthesis,MIC,rod-shaped,Bacteria,Bacillota,Bacilli,Bacillales,Bacillaceae,Bacillus,p,mammary gland,196.966569,4.7,1,0.16,30,11,23.00188061,0.0,0.0,2.46797672,1.2645613506358808,Klebsiella pneumoniae,1.176304523501202,0.08825682713467886,18.389137097712332,15.007367701838884
73,Ag,Bacillus subtilis,non-pathogenic,electrochemical synthesis,MBEC,spherical,Bacteria,Bacillota,Bacilli,Bacillales,Bacillaceae,Bacillus,p,mouth,107.87,25.0,0,0.16,30,11,23.00188061,0.0,0.0,1.78376517,1.710222609866364,Klebsiella pneumoniae,1.6277771282934794,0.08244548157288456,51.31243329210078,42.440171312777174
74,ZnO,Bacillus subtilis,non-pathogenic,chemical_synthesis,MIC,cubic,Bacteria,Bacillota,Bacilli,Bacillales,Bacillaceae,Bacillus,p,food,81.3794,13.5,18,0.16,30,8,22.60496136,17.07,0.6865,4.082482905,1.856344159864328,Klebsiella pneumoniae,1.7960297066720032,0.06031445319232476,71.83633380928218,62.52154573883933
75,Ag,Bacillus subtilis,non-pathogenic,purchased from sigma aldrich ( citrate capped agnps),MBEC,hexagonal,Bacteria,Bacillota,Bacilli,Bacillales,Bacillaceae,Bacillus,p,blood,107.87,4.0,18,0.16,30,11,23.00188061,0.0,0.0,1.78376517,0.9202499217543458,Klebsiella pneumoniae,0.9039885764700258,0.016261345284319995,8.322425607114987,8.01656976605956
76,ZnO,Bacillus subtilis,non-pathogenic,chemical_synthesis,MBC,cubic,Bacteria,Bacillota,Bacilli,Bacillales,Bacillaceae,Bacillus,p,soil,81.3794,28.0,18,0.16,30,8,22.60496136,17.07,0.6865,4.082482905,1.593284457324046,Klebsiella pneumoniae,1.5854542477061082,0.0078302096179379,39.19985470692121,38.49942539557773
77,CuO,Bacillus subtilis,non-pathogenic,green_synthesis,MBC,quasi-hexagonal,Bacteria,Bacillota,Bacilli,Bacillales,Bacillaceae,Bacillus,p,mammary gland,79.5454,18.0,24,0.16,30,17,20.67942236,17.07,0.6865,1.651411411,1.7587647924364365,Klebsiella pneumoniae,1.765101650645255,-0.006336858208818574,57.380561327971364,58.22394803656718
78,Ag,Bacillus subtilis,non-pathogenic,green_synthesis,MIC,nanoplates,Bacteria,Bacillota,Bacilli,Bacillales,Bacillaceae,Bacillus,p,respiratory tract,107.87,35.0,3,0.16,30,11,23.00188061,0.0,0.0,1.78376517,1.6127994660415021,Klebsiella pneumoniae,1.623052836327913,-0.010253370286410934,41.001473639938546,41.9810055034787
79,ZnO,Bacillus subtilis,non-pathogenic,"purchased from us research nanomaterials, inc.в ",MBEC,triangular,Bacteria,Bacillota,Bacilli,Bacillales,Bacillaceae,Bacillus,p,nose,81.3794,60.0,0,0.16,30,8,22.60496136,17.07,0.6865,4.082482905,0.6868951223227346,Klebsiella pneumoniae,0.734464488973406,-0.04756936665067135,4.862897575060272,5.425808842169238
80,Au,Bacillus subtilis,non-pathogenic,green_synthesis,MBC,spheroidal,Bacteria,Bacillota,Bacilli,Bacillales,Bacillaceae,Bacillus,p,blood,196.966569,4.0,4,0.16,30,11,23.00188061,0.0,0.0,2.46797672,0.6747661901600377,Klebsiella pneumoniae,0.7349607477452478,-0.060194557585210084,4.728965984695596,5.432012338462892
81,ZnO,Bacillus subtilis,non-pathogenic,green_synthesis,MIC,tetragonal,Bacteria,Bacillota,Bacilli,Bacillales,Bacillaceae,Bacillus,p,mammary gland,81.3794,18.5,4,0.16,30,8,22.60496136,17.07,0.6865,4.082482905,-0.0878275879905106,Klebsiella pneumoniae,-0.021287812455950128,-0.06653977553456047,0.8169066134643395,0.9521649431153569
82,Ag,Bacillus subtilis,non-pathogenic,electrochemical synthesis,MBC,spheroidal,Bacteria,Bacillota,Bacilli,Bacillales,Bacillaceae,Bacillus,p,carious dentine,107.8682,41.23,3,0.16,30,11,23.00188061,0.0,0.0,1.78376517,0.8929816366569433,Klebsiella pneumoniae,0.9794828303649143,-0.08650119370797105,7.815947555935364,9.538560318311287
83,Al2O3,Bacillus subtilis,non-pathogenic,"purchased from us research nanomaterials, inc.в ",MIC,nanoplates,Bacteria,Bacillota,Bacilli,Bacillales,Bacillaceae,Bacillus,p,water,101.961276,50.0,18,0.16,30,24,51.55776403,85.5,13.5675,4.688846487,2.634419162844108,Klebsiella pneumoniae,2.722765237860479,-0.08834607501637137,430.9423373329398,528.1596727072948
84,CuO,Bacillus subtilis,non-pathogenic,chemical_synthesis,MIC,cubic,Bacteria,Bacillota,Bacilli,Bacillales,Bacillaceae,Bacillus,p,meat,79.5454,44.45,1,0.16,30,17,20.67942236,17.07,0.6865,1.651411411,2.398928755607799,Klebsiella pneumoniae,2.615732420527265,-0.2168036649194658,250.56981688626408,412.7930916846702
