,np,bacteria,bac_type,np_synthesis,method,shape,kingdom,phylum,class,order,family,genus,gram,isolated_from,mol_weight (g/mol),np_size_avg (nm),time_set,"min_Incub_period, h","growth_temp, C",Valance_electron,labuteASA,tpsa,CrippenMR,chi0v,pred_MIC_norm,pathogenic_bacteria,pred_MIC_pathogen,Fitness,pred_norm_MIC_original,pred_path_MIC_original
0,ZnO,Bacillus subtilis,non-pathogenic,"purchased from us research nanomaterials, inc.в ",MIC,cubic,Bacteria,Bacillota,Bacilli,Bacillales,Bacillaceae,Bacillus,p,water,81.3794,1.9,3,0.16,30,8,22.60496136,17.07,0.6865,4.082482905,1.6372486083720257,Klebsiella pneumoniae,0.6390853272500518,0.9981632811219738,43.37591092341386,4.355974485268537
1,Ag,Bacillus subtilis,non-pathogenic,green_synthesis,MIC,tetragonal,Bacteria,Bacillota,Bacilli,Bacillales,Bacillaceae,Bacillus,p,water,107.87,1.4,24,0.16,30,11,23.00188061,0.0,0.0,1.78376517,1.6858020264635334,Klebsiella pneumoniae,0.719078239163673,0.9667237872998604,48.50673313696569,5.236947729226177
2,ZnO,Bacillus subtilis,non-pathogenic,"purchased from us research nanomaterials, inc.в ",MIC,spheroidal,Bacteria,Bacillota,Bacilli,Bacillales,Bacillaceae,Bacillus,p,soil,81.3794,1.9,18,0.16,30,8,22.60496136,17.07,0.6865,4.082482905,1.202434388069876,Klebsiella pneumoniae,0.27127190967591597,0.93116247839396,15.938020756031987,1.867548588020033
3,ZnO,Bacillus subtilis,non-pathogenic,green_synthesis,MIC,quasi-hexagonal,Bacteria,Bacillota,Bacilli,Bacillales,Bacillaceae,Bacillus,p,water,81.3794,1.9,1,0.16,30,8,22.60496136,17.07,0.6865,4.082482905,0.6571906374290482,Klebsiella pneumoniae,-0.2293248100071683,0.8865154474362165,4.541409221042045,0.5897598322277419
4,CeO2,Bacillus subtilis,non-pathogenic,electrochemical synthesis,MIC,quasi-hexagonal,Bacteria,Bacillota,Bacilli,Bacillales,Bacillaceae,Bacillus,p,water,172.115,1.9,3,0.16,30,16,39.19032095,34.14,1.373,4.456551526,2.1588296424896973,Klebsiella pneumoniae,1.2870491047690453,0.871780537720652,144.15497744503503,19.366409235078137
5,Ag,Bacillus subtilis,non-pathogenic,green_synthesis,MIC,spheroidal,Bacteria,Bacillota,Bacilli,Bacillales,Bacillaceae,Bacillus,p,food,107.87,3.0,18,0.16,30,11,23.00188061,0.0,0.0,1.78376517,1.1250777192133343,Klebsiella pneumoniae,0.25741698845872985,0.8676607307546045,13.337600939815578,1.8089101200695687
6,CuO,Bacillus subtilis,non-pathogenic,"purchased from us research nanomaterials, inc.в ",MIC,quasi-spherical,Bacteria,Bacillota,Bacilli,Bacillales,Bacillaceae,Bacillus,p,urine,79.5454,1.4,4,0.16,30,17,20.67942236,17.07,0.6865,1.651411411,2.3511793104235643,Klebsiella pneumoniae,1.4977964286790666,0.8533828817444977,224.48085634415898,31.462731834006508
7,ZnO,Bacillus subtilis,non-pathogenic,"purchased from us research nanomaterials, inc.в ",MBC,nanoplates,Bacteria,Bacillota,Bacilli,Bacillales,Bacillaceae,Bacillus,p,mouth,81.3794,9.0,1,0.16,30,8,22.60496136,17.07,0.6865,4.082482905,2.2460801376722763,Klebsiella pneumoniae,1.4181130348889002,0.8279671027833762,176.23012029427238,26.18864537813369
8,TiO2,Bacillus subtilis,non-pathogenic,"purchased from us research nanomaterials, inc.в ",MIC,quasi-hexagonal,Bacteria,Bacillota,Bacilli,Bacillales,Bacillaceae,Bacillus,p,nose,79.866,0.8,2,0.16,30,16,26.40611331,34.14,1.373,2.878049394,1.67083900981942,Klebsiella pneumoniae,0.8692499179699464,0.8015890918494735,46.863962823635404,7.400310088650686
9,ZnO,Bacillus subtilis,non-pathogenic,green_synthesis,MBC,quasi-spherical,Bacteria,Bacillota,Bacilli,Bacillales,Bacillaceae,Bacillus,p,respiratory tract,81.3794,4.7,2,0.16,30,8,22.60496136,17.07,0.6865,4.082482905,2.0847291549658067,Klebsiella pneumoniae,1.2906475961127268,0.7940815588530798,121.54277703198963,19.527542699179868
10,Ag,Bacillus subtilis,non-pathogenic,electrochemical synthesis,MIC,cubic,Bacteria,Bacillota,Bacilli,Bacillales,Bacillaceae,Bacillus,p,meat,107.87,0.8,3,0.16,30,11,23.00188061,0.0,0.0,1.78376517,1.53376563469774,Klebsiella pneumoniae,0.7861176510763851,0.7476479836213549,34.17949444442357,6.111075525064169
11,ZnO,Bacillus subtilis,non-pathogenic,green_synthesis,MBEC,cubic,Bacteria,Bacillota,Bacilli,Bacillales,Bacillaceae,Bacillus,p,lungs,81.3794,8.0,3,0.16,30,8,22.60496136,17.07,0.6865,4.082482905,2.5756272504539846,Klebsiella pneumoniae,1.8439072340899907,0.7317200163639939,376.380617515083,69.80832765845577
12,ZnO,Bacillus subtilis,non-pathogenic,"purchased from us research nanomaterials, inc.в ",MBC,nanoplates,Bacteria,Bacillota,Bacilli,Bacillales,Bacillaceae,Bacillus,p,urine,81.3794,11.3,4,0.16,30,8,22.60496136,17.07,0.6865,4.082482905,2.168645460036888,Klebsiella pneumoniae,1.4380756569151472,0.7305698031217407,147.45023194033988,27.420518135306647
13,Ag,Bacillus subtilis,non-pathogenic,"purchased from us research nanomaterials, inc.в ",MIC,spheroidal,Bacteria,Bacillota,Bacilli,Bacillales,Bacillaceae,Bacillus,p,respiratory tract,107.87,12.0,18,0.16,30,11,23.00188061,0.0,0.0,1.78376517,1.5190267526115808,Klebsiella pneumoniae,0.7899582873616003,0.7290684652499805,33.038989248174936,6.165357826673428
14,Ag,Bacillus subtilis,non-pathogenic,purchased from sigma aldrich ( citrate capped agnps),MIC,quasi-spherical,Bacteria,Bacillota,Bacilli,Bacillales,Bacillaceae,Bacillus,p,mouth,107.87,1.9,24,0.16,30,11,23.00188061,0.0,0.0,1.78376517,2.0611629463326127,Klebsiella pneumoniae,1.359360822495876,0.7018021238367367,115.12322477256662,22.87498523916858
15,ZrO2,Bacillus subtilis,non-pathogenic,purchased from sigma aldrich ( citrate capped agnps),MIC,spheroidal,Bacteria,Bacillota,Bacilli,Bacillales,Bacillaceae,Bacillus,p,respiratory tract,123.2218,1.9,1,0.16,30,16,29.29254423,34.14,1.373,3.774536472,1.7263717215419778,Klebsiella pneumoniae,1.0377361362777378,0.6886355852642401,53.25638965910134,10.907774128975603
16,ZnO,Bacillus subtilis,non-pathogenic,electrochemical synthesis,MBC,spherical,Bacteria,Bacillota,Bacilli,Bacillales,Bacillaceae,Bacillus,p,urine,81.3794,4.7,4,0.16,30,8,22.60496136,17.07,0.6865,4.082482905,1.8505183313459135,Klebsiella pneumoniae,1.1620003804636605,0.688517950882253,70.87912235314778,14.52112889710614
17,TiO2,Bacillus subtilis,non-pathogenic,"purchased from us research nanomaterials, inc.в ",MBC,spherical,Bacteria,Bacillota,Bacilli,Bacillales,Bacillaceae,Bacillus,p,water,79.866,5.1,2,0.16,30,16,26.40611331,34.14,1.373,2.878049394,2.9891959801295833,Klebsiella pneumoniae,2.3007805058366357,0.6884154742929476,975.4297117297077,199.88513868397854
18,ZnO,Bacillus subtilis,non-pathogenic,electrochemical synthesis,MBEC,hexagonal,Bacteria,Bacillota,Bacilli,Bacillales,Bacillaceae,Bacillus,p,carious dentine,81.3794,9.0,2,0.16,30,8,22.60496136,17.07,0.6865,4.082482905,1.980501525079953,Klebsiella pneumoniae,1.2930520052329615,0.6874495198469914,95.6096052466024,19.6359539638382
19,Ag,Bacillus subtilis,non-pathogenic,"purchased from us research nanomaterials, inc.в ",MIC,spherical,Bacteria,Bacillota,Bacilli,Bacillales,Bacillaceae,Bacillus,p,mammary gland,107.87,4.0,3,0.16,30,11,23.00188061,0.0,0.0,1.78376517,1.3478705794768033,Klebsiella pneumoniae,0.66168424489801,0.6861863345787933,22.277711705955184,4.588642728862459
20,CuO,Bacillus subtilis,non-pathogenic,"purchased from us research nanomaterials, inc.в ",MBC,quasi-spherical,Bacteria,Bacillota,Bacilli,Bacillales,Bacillaceae,Bacillus,p,skin,79.5454,0.8,2,0.16,30,17,20.67942236,17.07,0.6865,1.651411411,2.7882731438991444,Klebsiella pneumoniae,2.1026032162003383,0.6856699276988061,614.1481442581194,126.6494231937157
21,ZnO,Bacillus subtilis,non-pathogenic,chemical_synthesis,MBEC,hexagonal,Bacteria,Bacillota,Bacilli,Bacillales,Bacillaceae,Bacillus,p,carious dentine,81.3794,5.1,4,0.16,30,8,22.60496136,17.07,0.6865,4.082482905,1.7953468012339087,Klebsiella pneumoniae,1.1112749223631138,0.6840718788707949,62.42331112133214,12.92036915676656
22,Ag,Bacillus subtilis,non-pathogenic,chemical_synthesis,MIC,rod-shaped,Bacteria,Bacillota,Bacilli,Bacillales,Bacillaceae,Bacillus,p,respiratory tract,107.87,4.0,0,0.16,30,11,23.00188061,0.0,0.0,1.78376517,0.89425982699816,Klebsiella pneumoniae,0.21565994448778314,0.6785998825103768,7.83898488409292,1.6430846730011108
23,ZnO,Bacillus subtilis,non-pathogenic,electrochemical synthesis,MBEC,hexagonal,Bacteria,Bacillota,Bacilli,Bacillales,Bacillaceae,Bacillus,p,lungs,81.3794,1.4,0,0.16,30,8,22.60496136,17.07,0.6865,4.082482905,2.196801554726927,Klebsiella pneumoniae,1.5185457628806747,0.6782557918462522,157.32638175494392,33.00241816926526
24,CeO2,Bacillus subtilis,non-pathogenic,"purchased from us research nanomaterials, inc.в ",MIC,cubic,Bacteria,Bacillota,Bacilli,Bacillales,Bacillaceae,Bacillus,p,lungs,172.115,8.7,4,0.16,30,16,39.19032095,34.14,1.373,4.456551526,2.760462196695208,Klebsiella pneumoniae,2.1121239723455107,0.6483382243496973,576.0526736846292,129.45653312843552
25,ZnO,Bacillus subtilis,non-pathogenic,purchased from sigma aldrich ( citrate capped agnps),MBC,cubic,Bacteria,Bacillota,Bacilli,Bacillales,Bacillaceae,Bacillus,p,soil,81.3794,8.0,2,0.16,30,8,22.60496136,17.07,0.6865,4.082482905,2.391720268041475,Klebsiella pneumoniae,1.745046924975101,0.646673343066374,246.4451456365516,55.59643252745746
26,Al2O3,Bacillus subtilis,non-pathogenic,"purchased from us research nanomaterials, inc.в ",MIC,cubic,Bacteria,Bacillota,Bacilli,Bacillales,Bacillaceae,Bacillus,p,mouth,101.961276,4.0,2,0.16,30,24,51.55776403,85.5,13.5675,4.688846487,2.22100328545977,Klebsiella pneumoniae,1.5752131628913064,0.6457901225684637,166.3425234218787,37.60219202228266
27,Ag,Bacillus subtilis,non-pathogenic,purchased from sigma aldrich ( citrate capped agnps),MIC,hexagonal,Bacteria,Bacillota,Bacilli,Bacillales,Bacillaceae,Bacillus,p,mouth,107.87,4.0,0,0.16,30,11,23.00188061,0.0,0.0,1.78376517,1.7008263739470566,Klebsiella pneumoniae,1.0582234088530167,0.6426029650940399,50.21417987404157,11.434664031
28,ZnO,Bacillus subtilis,non-pathogenic,"purchased from us research nanomaterials, inc.в ",MBC,cubic,Bacteria,Bacillota,Bacilli,Bacillales,Bacillaceae,Bacillus,p,lungs,81.3794,18.5,2,0.16,30,8,22.60496136,17.07,0.6865,4.082482905,2.375244253523147,Klebsiella pneumoniae,1.7343090476407863,0.6409352058823605,237.270777578421,54.23867201007637
29,Au,Bacillus subtilis,non-pathogenic,"purchased from us research nanomaterials, inc.в ",MIC,quasi-hexagonal,Bacteria,Bacillota,Bacilli,Bacillales,Bacillaceae,Bacillus,p,lungs,196.966569,1.4,3,0.16,30,11,23.00188061,0.0,0.0,2.46797672,1.2206585958281067,Klebsiella pneumoniae,0.584616963543849,0.6360416322842577,16.621055353006295,3.842527316187118
30,ZnO,Bacillus subtilis,non-pathogenic,green_synthesis,MBC,spherical,Bacteria,Bacillota,Bacilli,Bacillales,Bacillaceae,Bacillus,p,water,81.3794,1.9,0,0.16,30,8,22.60496136,17.07,0.6865,4.082482905,1.917178979588509,Klebsiella pneumoniae,1.2851620145734266,0.6320169650150824,82.63784429683237,19.28244115014954
31,Ag,Bacillus subtilis,non-pathogenic,"purchased from us research nanomaterials, inc.в ",MBEC,nanoplates,Bacteria,Bacillota,Bacilli,Bacillales,Bacillaceae,Bacillus,p,mouth,107.8682,8.7,4,0.16,30,11,23.00188061,0.0,0.0,1.78376517,2.224984692858731,Klebsiella pneumoniae,1.5989367790891824,0.6260479137695485,167.8744848046784,39.71337338973991
32,ZnO,Bacillus subtilis,non-pathogenic,chemical_synthesis,MIC,rod-shaped,Bacteria,Bacillota,Bacilli,Bacillales,Bacillaceae,Bacillus,p,respiratory tract,81.3794,0.8,0,0.16,30,8,22.60496136,17.07,0.6865,4.082482905,0.9521392029378427,Klebsiella pneumoniae,0.32657508061198826,0.6255641223258545,8.956517997808277,2.121168067864517
33,CuO,Bacillus subtilis,non-pathogenic,purchased from sigma aldrich ( citrate capped agnps),MBC,hexagonal,Bacteria,Bacillota,Bacilli,Bacillales,Bacillaceae,Bacillus,p,meat,79.5454,8.0,1,0.16,30,17,20.67942236,17.07,0.6865,1.651411411,3.3109223009065945,Klebsiella pneumoniae,2.7143146522747488,0.5966076486318457,2046.0785425729239,517.9819810429888
34,Pd,Bacillus subtilis,non-pathogenic,green_synthesis,MIC,hexagonal,Bacteria,Bacillota,Bacilli,Bacillales,Bacillaceae,Bacillus,p,soil,195.084,0.8,1,0.16,30,10,21.14774404,0.0,0.0,1.870828693,1.17187595398042,Klebsiella pneumoniae,0.5768052109404296,0.5950707430399904,14.85511280274605,3.774028808283637
35,ZnO,Bacillus subtilis,non-pathogenic,green_synthesis,MBEC,quasi-hexagonal,Bacteria,Bacillota,Bacilli,Bacillales,Bacillaceae,Bacillus,p,urine,81.3794,10.4,0,0.16,30,8,22.60496136,17.07,0.6865,4.082482905,1.4789847824055238,Klebsiella pneumoniae,0.8851262990616415,0.5938584833438822,30.129004508886226,7.675846815364453
36,CeO2,Bacillus subtilis,non-pathogenic,purchased from sigma aldrich ( citrate capped agnps),MIC,triangular,Bacteria,Bacillota,Bacilli,Bacillales,Bacillaceae,Bacillus,p,urine,172.115,1.4,0,0.16,30,16,39.19032095,34.14,1.373,4.456551526,0.7272718150217685,Klebsiella pneumoniae,0.13669486160700273,0.5905769534147658,5.336688021292115,1.3699189131753915
37,Ag,Bacillus subtilis,non-pathogenic,purchased from sigma aldrich ( citrate capped agnps),MBC,spheroidal,Bacteria,Bacillota,Bacilli,Bacillales,Bacillaceae,Bacillus,p,skin,107.87,1.4,18,0.16,30,11,23.00188061,0.0,0.0,1.78376517,1.105350515185342,Klebsiella pneumoniae,0.5156224325857235,0.5897280825996185,12.745313288325567,3.2781017722152335
38,ZnO,Bacillus subtilis,non-pathogenic,purchased from sigma aldrich ( citrate capped agnps),MBEC,hexagonal,Bacteria,Bacillota,Bacilli,Bacillales,Bacillaceae,Bacillus,p,food,81.3794,4.0,1,0.16,30,8,22.60496136,17.07,0.6865,4.082482905,2.005129423525784,Klebsiella pneumoniae,1.4169802886429925,0.5881491348827914,101.18809586421742,26.120427987216473
39,Pd,Bacillus subtilis,non-pathogenic,"purchased from us research nanomaterials, inc.в ",MBC,hexagonal,Bacteria,Bacillota,Bacilli,Bacillales,Bacillaceae,Bacillus,p,lungs,195.084,44.45,4,0.16,30,10,21.14774404,0.0,0.0,1.870828693,1.5762591072180476,Klebsiella pneumoniae,0.9944490543818547,0.5818100528361929,37.6928613712427,9.872998121487878
40,CuO,Bacillus subtilis,non-pathogenic,purchased from sigma aldrich ( citrate capped agnps),MBC,quasi-hexagonal,Bacteria,Bacillota,Bacilli,Bacillales,Bacillaceae,Bacillus,p,skin,79.5454,10.4,0,0.16,30,17,20.67942236,17.07,0.6865,1.651411411,2.7208094589525933,Klebsiella pneumoniae,2.1391171309346166,0.5816923280179767,525.7865337854255,137.7580957813151
41,ZnO,Bacillus subtilis,non-pathogenic,electrochemical synthesis,MBEC,quasi-spherical,Bacteria,Bacillota,Bacilli,Bacillales,Bacillaceae,Bacillus,p,urine,81.3794,4.0,18,0.16,30,8,22.60496136,17.07,0.6865,4.082482905,1.840766490101752,Klebsiella pneumoniae,1.2593871902979927,0.5813792998037592,69.30530675333777,18.17134986818183
42,TiO2,Bacillus subtilis,non-pathogenic,purchased from sigma aldrich ( citrate capped agnps),MBC,spheroidal,Bacteria,Bacillota,Bacilli,Bacillales,Bacillaceae,Bacillus,p,meat,79.866,4.7,18,0.16,30,16,26.40611331,34.14,1.373,2.878049394,2.7761229064323687,Klebsiella pneumoniae,2.195715147421017,0.5804077590113517,597.2042729845358,156.93331453191217
43,Ag,Bacillus subtilis,non-pathogenic,chemical_synthesis,MIC,quasi-hexagonal,Bacteria,Bacillota,Bacilli,Bacillales,Bacillaceae,Bacillus,p,water,107.87,10.4,3,0.16,30,11,23.00188061,0.0,0.0,1.78376517,0.9276280690131031,Klebsiella pneumoniae,0.35131260614210613,0.576315462870997,8.46502156857088,2.245497656458306
44,ZnO,Bacillus subtilis,non-pathogenic,green_synthesis,MBC,cubic,Bacteria,Bacillota,Bacilli,Bacillales,Bacillaceae,Bacillus,p,urine,81.3794,10.4,2,0.16,30,8,22.60496136,17.07,0.6865,4.082482905,2.4455011405534988,Klebsiella pneumoniae,1.8697766850107171,0.5757244555427816,278.93379817496975,74.09291562518567
45,Ag,Bacillus subtilis,non-pathogenic,chemical_synthesis,MIC,hexagonal,Bacteria,Bacillota,Bacilli,Bacillales,Bacillaceae,Bacillus,p,soil,107.87,6.0,3,0.16,30,11,23.00188061,0.0,0.0,1.78376517,2.074057543162467,Klebsiella pneumoniae,1.501431605573887,0.5726259375885798,118.59258705970508,31.727189720602354
46,ZnO,Bacillus subtilis,non-pathogenic,chemical_synthesis,MBEC,nanoplates,Bacteria,Bacillota,Bacilli,Bacillales,Bacillaceae,Bacillus,p,mammary gland,81.3794,3.0,4,0.16,30,8,22.60496136,17.07,0.6865,4.082482905,1.9845838359713508,Klebsiella pneumoniae,1.4177599082766195,0.5668239276947313,96.5125601147247,26.167359938711968
47,TiO2,Bacillus subtilis,non-pathogenic,"purchased from us research nanomaterials, inc.в ",MBEC,cubic,Bacteria,Bacillota,Bacilli,Bacillales,Bacillaceae,Bacillus,p,blood,79.866,13.0,0,0.16,30,16,26.40611331,34.14,1.373,2.878049394,1.9517614029860029,Klebsiella pneumoniae,1.3857478105844279,0.566013592401575,89.48729962647319,24.307920683799495
48,Pd,Bacillus subtilis,non-pathogenic,"purchased from us research nanomaterials, inc.в ",MIC,rod-shaped,Bacteria,Bacillota,Bacilli,Bacillales,Bacillaceae,Bacillus,p,respiratory tract,195.084,5.1,4,0.16,30,10,21.14774404,0.0,0.0,1.870828693,1.350940541191098,Klebsiella pneumoniae,0.7880425580302848,0.5628979831608132,22.4357473725523,6.138221527903185
49,CuO,Bacillus subtilis,non-pathogenic,purchased from sigma aldrich ( citrate capped agnps),MBC,hexagonal,Bacteria,Bacillota,Bacilli,Bacillales,Bacillaceae,Bacillus,p,urine,79.5454,6.0,0,0.16,30,17,20.67942236,17.07,0.6865,1.651411411,3.549893831575306,Klebsiella pneumoniae,2.988554881475295,0.5613389501000108,3547.266615036503,973.9908600629873
50,ZnO,Bacillus subtilis,non-pathogenic,electrochemical synthesis,MBEC,quasi-spherical,Bacteria,Bacillota,Bacilli,Bacillales,Bacillaceae,Bacillus,p,blood,81.3794,12.0,2,0.16,30,8,22.60496136,17.07,0.6865,4.082482905,1.2668430244732973,Klebsiella pneumoniae,0.7061837346667821,0.5606592898065152,18.48600322531037,5.083744723676718
51,Ag,Bacillus subtilis,non-pathogenic,"purchased from us research nanomaterials, inc.в ",MIC,quasi-spherical,Bacteria,Bacillota,Bacilli,Bacillales,Bacillaceae,Bacillus,p,respiratory tract,107.8682,4.0,2,0.16,30,11,23.00188061,0.0,0.0,1.78376517,1.3833904932773506,Klebsiella pneumoniae,0.8265774714357217,0.556813021841629,24.17633658254235,6.707759321087583
52,ZnO,Bacillus subtilis,non-pathogenic,green_synthesis,MBEC,spherical,Bacteria,Bacillota,Bacilli,Bacillales,Bacillaceae,Bacillus,p,skin,81.3794,10.4,4,0.16,30,8,22.60496136,17.07,0.6865,4.082482905,2.392716230566196,Klebsiella pneumoniae,1.8413696200110115,0.5513466105551845,247.01096399007747,69.40162191199158
53,Ag,Bacillus subtilis,non-pathogenic,electrochemical synthesis,MIC,cubic,Bacteria,Bacillota,Bacilli,Bacillales,Bacillaceae,Bacillus,p,food,107.8682,5.1,3,0.16,30,11,23.00188061,0.0,0.0,1.78376517,2.2630783253711777,Klebsiella pneumoniae,1.713409200971487,0.5496691243996907,183.2644911603021,51.69031764366767
54,Au,Bacillus subtilis,non-pathogenic,electrochemical synthesis,MBEC,quasi-spherical,Bacteria,Bacillota,Bacilli,Bacillales,Bacillaceae,Bacillus,p,urine,196.966569,4.0,1,0.16,30,11,23.00188061,0.0,0.0,2.46797672,1.5746194435610308,Klebsiella pneumoniae,1.1053577328825819,0.4692617106784489,37.55082159067407,12.745525109061964
55,TiO2,Bacillus subtilis,non-pathogenic,green_synthesis,MBC,hexagonal,Bacteria,Bacillota,Bacilli,Bacillales,Bacillaceae,Bacillus,p,food,79.866,35.0,1,0.16,30,16,26.40611331,34.14,1.373,2.878049394,2.519736345592931,Klebsiella pneumoniae,2.1439294641529987,0.37580688143993246,330.93015718787444,139.29305520497
56,CuO,Bacillus subtilis,non-pathogenic,green_synthesis,MBC,quasi-spherical,Bacteria,Bacillota,Bacilli,Bacillales,Bacillaceae,Bacillus,p,mammary gland,79.5454,10.4,18,0.16,30,17,20.67942236,17.07,0.6865,1.651411411,3.2955048872998907,Klebsiella pneumoniae,2.922217526804136,0.3732873604957545,1974.7171016128675,836.0216548711376
57,Ag,Bacillus subtilis,non-pathogenic,chemical_synthesis,MIC,triangular,Bacteria,Bacillota,Bacilli,Bacillales,Bacillaceae,Bacillus,p,nose,107.87,41.23,1,0.16,30,11,23.00188061,0.0,0.0,1.78376517,-1.255950279372311,Klebsiella pneumoniae,-1.5920487807672612,0.33609850139495023,0.05546892134589352,0.02558298517899831
58,Pd,Bacillus subtilis,non-pathogenic,chemical_synthesis,MIC,rod-shaped,Bacteria,Bacillota,Bacilli,Bacillales,Bacillaceae,Bacillus,p,lungs,195.084,4.7,0,0.16,30,10,21.14774404,0.0,0.0,1.870828693,0.4479711936419086,Klebsiella pneumoniae,0.11750199910612968,0.33046919453577894,2.805247562260604,1.3106960756329902
59,ZnO,Bacillus subtilis,non-pathogenic,"purchased from us research nanomaterials, inc.в ",MBEC,spherical,Bacteria,Bacillota,Bacilli,Bacillales,Bacillaceae,Bacillus,p,food,81.3794,26.38,1,0.16,30,8,22.60496136,17.07,0.6865,4.082482905,2.567428956681554,Klebsiella pneumoniae,2.2376242805576463,0.32980467612390774,369.34222120210234,172.83204972776284
60,Ag,Bacillus subtilis,non-pathogenic,"purchased from us research nanomaterials, inc.в ",MIC,cubic,Bacteria,Bacillota,Bacilli,Bacillales,Bacillaceae,Bacillus,p,mammary gland,107.8682,28.0,4,0.16,30,11,23.00188061,0.0,0.0,1.78376517,2.0307619098378837,Klebsiella pneumoniae,1.748090855204238,0.2826710546336457,107.34007881594243,55.987471606454534
61,CuO,Bacillus subtilis,non-pathogenic,"purchased from us research nanomaterials, inc.в ",MBC,triangular,Bacteria,Bacillota,Bacilli,Bacillales,Bacillaceae,Bacillus,p,lungs,79.5454,1.9,2,0.16,30,17,20.67942236,17.07,0.6865,1.651411411,1.917528080824793,Klebsiella pneumoniae,1.6452225907943463,0.2723054900304467,82.70429821883599,44.17968253373956
62,ZrO2,Bacillus subtilis,non-pathogenic,"purchased from us research nanomaterials, inc.в ",MIC,quasi-spherical,Bacteria,Bacillota,Bacilli,Bacillales,Bacillaceae,Bacillus,p,soil,123.2218,55.6,0,0.16,30,16,29.29254423,34.14,1.373,3.774536472,2.0421305152729943,Klebsiella pneumoniae,1.815453698697283,0.22667681657571137,110.18703966598818,65.3813221502978
63,Ag,Bacillus subtilis,non-pathogenic,"purchased from us research nanomaterials, inc.в ",MBC,hexagonal,Bacteria,Bacillota,Bacilli,Bacillales,Bacillaceae,Bacillus,p,blood,107.87,22.5,1,0.16,30,11,23.00188061,0.0,0.0,1.78376517,1.5629066924675177,Klebsiella pneumoniae,1.3445546395745989,0.2183520528929188,36.55162525456474,22.108263878891993
64,ZnO,Bacillus subtilis,non-pathogenic,electrochemical synthesis,MIC,cubic,Bacteria,Bacillota,Bacilli,Bacillales,Bacillaceae,Bacillus,p,carious dentine,81.3794,79.0,3,0.16,30,8,22.60496136,17.07,0.6865,4.082482905,0.7387209249492379,Klebsiella pneumoniae,0.5448703140489626,0.19385061090027533,5.479247585794749,3.506471505417688
65,Ag,Bacillus subtilis,non-pathogenic,electrochemical synthesis,MBC,nanoplates,Bacteria,Bacillota,Bacilli,Bacillales,Bacillaceae,Bacillus,p,skin,107.87,10.0,4,0.16,30,11,23.00188061,0.0,0.0,1.78376517,2.0666838082610623,Klebsiella pneumoniae,1.8827680786242538,0.18391572963680858,116.5960420705797,76.34279898780133
66,ZnO,Bacillus subtilis,non-pathogenic,green_synthesis,MIC,quasi-hexagonal,Bacteria,Bacillota,Bacilli,Bacillales,Bacillaceae,Bacillus,p,food,81.3794,60.0,0,0.16,30,8,22.60496136,17.07,0.6865,4.082482905,0.06421926406389034,Klebsiella pneumoniae,-0.10203470398446912,0.16625396804835946,1.1593625406149974,0.7906154482826955
67,Ag,Bacillus subtilis,non-pathogenic,green_synthesis,MIC,quasi-spherical,Bacteria,Bacillota,Bacilli,Bacillales,Bacillaceae,Bacillus,p,nose,107.87,28.0,1,0.16,30,11,23.00188061,0.0,0.0,1.78376517,1.2397975410379323,Klebsiella pneumoniae,1.0890798380676008,0.1507177029703315,17.36990891320257,12.27664896895549
68,Au,Bacillus subtilis,non-pathogenic,chemical_synthesis,MBC,hexagonal,Bacteria,Bacillota,Bacilli,Bacillales,Bacillaceae,Bacillus,p,nose,196.966569,5.1,0,0.16,30,11,23.00188061,0.0,0.0,2.46797672,1.9520539973559758,Klebsiella pneumoniae,1.8042193794108066,0.14783461794516928,89.54760963118058,63.711727290319544
69,TiO2,Bacillus subtilis,non-pathogenic,"purchased from us research nanomaterials, inc.в ",MBC,tetragonal,Bacteria,Bacillota,Bacilli,Bacillales,Bacillaceae,Bacillus,p,nose,79.866,38.0,18,0.16,30,16,26.40611331,34.14,1.373,2.878049394,1.6793864517594361,Klebsiella pneumoniae,1.5341243835916278,0.1452620681678083,47.79543864931049,34.20774007540355
70,ZnO,Bacillus subtilis,non-pathogenic,purchased from sigma aldrich ( citrate capped agnps),MIC,cubic,Bacteria,Bacillota,Bacilli,Bacillales,Bacillaceae,Bacillus,p,nose,81.3794,28.0,2,0.16,30,8,22.60496136,17.07,0.6865,4.082482905,1.7590597666225511,Klebsiella pneumoniae,1.650583892118216,0.10847587450433505,57.41954762507339,44.728454483658
71,Ag,Bacillus subtilis,non-pathogenic,purchased from sigma aldrich ( citrate capped agnps),MBC,cubic,Bacteria,Bacillota,Bacilli,Bacillales,Bacillaceae,Bacillus,p,nose,107.87,38.0,1,0.16,30,11,23.00188061,0.0,0.0,1.78376517,1.3367539572945368,Klebsiella pneumoniae,1.229934167071907,0.10681979022262977,21.714706178069044,16.979862421476287
72,Ag,Bacillus subtilis,non-pathogenic,"purchased from us research nanomaterials, inc.в ",MBEC,quasi-hexagonal,Bacteria,Bacillota,Bacilli,Bacillales,Bacillaceae,Bacillus,p,urine,107.87,27.43,18,0.16,30,11,23.00188061,0.0,0.0,1.78376517,1.4922340317011036,Klebsiella pneumoniae,1.397796532926118,0.09443749877498564,31.06233017545607,24.991742236269612
73,Ag,Bacillus subtilis,non-pathogenic,chemical_synthesis,MBC,quasi-hexagonal,Bacteria,Bacillota,Bacilli,Bacillales,Bacillaceae,Bacillus,p,blood,107.87,12.0,4,0.16,30,11,23.00188061,0.0,0.0,1.78376517,0.6012469675139427,Klebsiella pneumoniae,0.5557272608181201,0.045519706695822615,3.9925187787617213,3.5952348163776344
74,Pd,Bacillus subtilis,non-pathogenic,"purchased from us research nanomaterials, inc.в ",MIC,spherical,Bacteria,Bacillota,Bacilli,Bacillales,Bacillaceae,Bacillus,p,skin,195.084,28.0,18,0.16,30,10,21.14774404,0.0,0.0,1.870828693,1.5582671644575785,Klebsiella pneumoniae,1.5180648791288602,0.04020228532871828,36.16322591450151,32.965895615658845
75,Cu,Bacillus subtilis,non-pathogenic,purchased from sigma aldrich ( citrate capped agnps),MBEC,quasi-hexagonal,Bacteria,Bacillota,Bacilli,Bacillales,Bacillaceae,Bacillus,p,water,63.55,100.0,0,0.16,30,11,17.96409803,0.0,0.0,1.243163121,1.2613270983603615,Klebsiella pneumoniae,1.226838528583574,0.0344885697767876,18.252699265928175,16.85926078703688
76,ZnO,Bacillus subtilis,non-pathogenic,chemical_synthesis,MBEC,spheroidal,Bacteria,Bacillota,Bacilli,Bacillales,Bacillaceae,Bacillus,p,urine,81.3794,12.5,3,0.16,30,8,22.60496136,17.07,0.6865,4.082482905,2.2872472984981953,Klebsiella pneumoniae,2.261208135515135,0.026039162983060304,193.75249266391626,182.47700133406082
77,Ag,Bacillus subtilis,non-pathogenic,electrochemical synthesis,MBEC,tetragonal,Bacteria,Bacillota,Bacilli,Bacillales,Bacillaceae,Bacillus,p,nose,107.87,12.5,24,0.16,30,11,23.00188061,0.0,0.0,1.78376517,1.0180778543041729,Klebsiella pneumoniae,1.000139820392878,0.017938033911294893,10.425042983857383,10.003220001832704
78,CuO,Bacillus subtilis,non-pathogenic,electrochemical synthesis,MIC,nanoplates,Bacteria,Bacillota,Bacilli,Bacillales,Bacillaceae,Bacillus,p,carious dentine,79.5454,60.0,1,0.16,30,17,20.67942236,17.07,0.6865,1.651411411,1.6235597532129724,Klebsiella pneumoniae,1.6091066596447983,0.014453093568174147,42.030035150386965,40.65431610229115
79,Pd,Bacillus subtilis,non-pathogenic,purchased from sigma aldrich ( citrate capped agnps),MBC,tetragonal,Bacteria,Bacillota,Bacilli,Bacillales,Bacillaceae,Bacillus,p,skin,195.084,28.0,1,0.16,30,10,21.14774404,0.0,0.0,1.870828693,1.3486860843864836,Klebsiella pneumoniae,1.399992388859209,-0.05130630447272533,22.319583412777057,25.11842410333738
80,ZnO,Bacillus subtilis,non-pathogenic,chemical_synthesis,MIC,tetragonal,Bacteria,Bacillota,Bacilli,Bacillales,Bacillaceae,Bacillus,p,skin,81.3794,12.5,4,0.16,30,8,22.60496136,17.07,0.6865,4.082482905,0.32178579746000335,Klebsiella pneumoniae,0.37511894076294716,-0.05333314330294381,2.0979049006430843,2.372023245630882
81,Au,Bacillus subtilis,non-pathogenic,chemical_synthesis,MBC,nanoplates,Bacteria,Bacillota,Bacilli,Bacillales,Bacillaceae,Bacillus,p,water,196.966569,40.0,18,0.16,30,11,23.00188061,0.0,0.0,2.46797672,1.6936420243860828,Klebsiella pneumoniae,1.7715639534410397,-0.07792192905495687,49.39034097329598,59.096798407275
82,CuO,Bacillus subtilis,non-pathogenic,green_synthesis,MIC,triangular,Bacteria,Bacillota,Bacilli,Bacillales,Bacillaceae,Bacillus,p,mammary gland,79.5454,10.4,18,0.16,30,17,20.67942236,17.07,0.6865,1.651411411,0.8122337848015048,Klebsiella pneumoniae,0.9332155640994193,-0.12098177929791454,6.48983693556815,8.574633455682283
83,Au,Bacillus subtilis,non-pathogenic,purchased from sigma aldrich ( citrate capped agnps),MBEC,rod-shaped,Bacteria,Bacillota,Bacilli,Bacillales,Bacillaceae,Bacillus,p,meat,196.966569,1.4,24,0.16,30,11,23.00188061,0.0,0.0,2.46797672,2.3413642826324033,Klebsiella pneumoniae,2.475182863734993,-0.13381858110258982,219.46450136727142,298.6639906742093
84,Ag,Bacillus subtilis,non-pathogenic,green_synthesis,MIC,cubic,Bacteria,Bacillota,Bacilli,Bacillales,Bacillaceae,Bacillus,p,soil,107.87,18.0,24,0.16,30,11,23.00188061,0.0,0.0,1.78376517,1.6971654302035883,Klebsiella pneumoniae,1.8343831051892607,-0.1372176749856724,49.79267176710951,68.29408727033683
85,ZnO,Bacillus subtilis,non-pathogenic,chemical_synthesis,MBEC,triangular,Bacteria,Bacillota,Bacilli,Bacillales,Bacillaceae,Bacillus,p,food,81.3794,41.23,4,0.16,30,8,22.60496136,17.07,0.6865,4.082482905,0.2029076147438309,Klebsiella pneumoniae,0.45232103239158006,-0.24941341764774916,1.5955397000886258,2.8334857469782935
86,Ag,Bacillus subtilis,non-pathogenic,purchased from sigma aldrich ( citrate capped agnps),MIC,spherical,Bacteria,Bacillota,Bacilli,Bacillales,Bacillaceae,Bacillus,p,nose,107.87,30.0,24,0.16,30,11,23.00188061,0.0,0.0,1.78376517,1.6131084285121664,Klebsiella pneumoniae,1.8911390162323354,-0.278030587720169,41.03065297389237,77.82856378393903
87,CuO,Bacillus subtilis,non-pathogenic,green_synthesis,MBC,spherical,Bacteria,Bacillota,Bacilli,Bacillales,Bacillaceae,Bacillus,p,food,79.5454,35.0,24,0.16,30,17,20.67942236,17.07,0.6865,1.651411411,2.2353875078266916,Klebsiella pneumoniae,2.624782365700865,-0.3893948578741733,171.94419088921845,421.48523518717747
