,np,bacteria,bac_type,np_synthesis,method,shape,kingdom,phylum,class,order,family,genus,gram,isolated_from,mol_weight (g/mol),np_size_avg (nm),time_set,"min_Incub_period, h","growth_temp, C",Valance_electron,labuteASA,tpsa,CrippenMR,chi0v,pred_MIC_norm,pathogenic_bacteria,pred_MIC_pathogen,Fitness,pred_norm_MIC_original,pred_path_MIC_original
0,ZnO,Bacillus subtilis,non-pathogenic,"purchased from us research nanomaterials, inc.в ",MBC,hexagonal,Bacteria,Bacillota,Bacilli,Bacillales,Bacillaceae,Bacillus,p,mammary gland,81.3794,8.7,4,0.16,30,8,22.60496136,17.07,0.6865,4.082482905,2.294923474254386,Klebsiella pneumoniae,1.322877529587026,0.9720459446673597,197.20752119597617,21.031852609444467
1,Ag,Bacillus subtilis,non-pathogenic,"purchased from us research nanomaterials, inc.в ",MIC,nanoplates,Bacteria,Bacillota,Bacilli,Bacillales,Bacillaceae,Bacillus,p,lungs,107.87,1.9,1,0.16,30,11,23.00188061,0.0,0.0,1.78376517,1.8178155047153548,Klebsiella pneumoniae,0.849447510946105,0.9683679937692498,65.73785130579112,7.070457416060153
2,ZnO,Bacillus subtilis,non-pathogenic,green_synthesis,MBC,quasi-hexagonal,Bacteria,Bacillota,Bacilli,Bacillales,Bacillaceae,Bacillus,p,lungs,81.3794,6.0,4,0.16,30,8,22.60496136,17.07,0.6865,4.082482905,1.4133727741551656,Klebsiella pneumoniae,0.5656951652421129,0.8476776089130527,25.90435446442126,3.6787067164490805
3,CeO2,Bacillus subtilis,non-pathogenic,electrochemical synthesis,MIC,quasi-spherical,Bacteria,Bacillota,Bacilli,Bacillales,Bacillaceae,Bacillus,p,respiratory tract,172.115,1.9,3,0.16,30,16,39.19032095,34.14,1.373,4.456551526,2.41628657018375,Klebsiella pneumoniae,1.568982119908755,0.8473044502749949,260.7873793729839,37.06654610114369
4,TiO2,Bacillus subtilis,non-pathogenic,electrochemical synthesis,MBC,nanoplates,Bacteria,Bacillota,Bacilli,Bacillales,Bacillaceae,Bacillus,p,blood,79.866,11.3,4,0.16,30,16,26.40611331,34.14,1.373,2.878049394,2.196855713778099,Klebsiella pneumoniae,1.374342473262367,0.822513240515732,157.34600249438353,23.677861356553695
5,ZnO,Bacillus subtilis,non-pathogenic,electrochemical synthesis,MIC,hexagonal,Bacteria,Bacillota,Bacilli,Bacillales,Bacillaceae,Bacillus,p,lungs,81.3794,4.7,4,0.16,30,8,22.60496136,17.07,0.6865,4.082482905,1.626081560177283,Klebsiella pneumoniae,0.8035736310195191,0.8225079291577638,42.27479985676044,6.3617065314095305
6,Ag,Bacillus subtilis,non-pathogenic,"purchased from us research nanomaterials, inc.в ",MIC,spheroidal,Bacteria,Bacillota,Bacilli,Bacillales,Bacillaceae,Bacillus,p,mouth,107.87,5.1,18,0.16,30,11,23.00188061,0.0,0.0,1.78376517,1.6308399862008354,Klebsiella pneumoniae,0.8083707931381949,0.8224691930626404,42.74053815955299,6.432366673140413
7,TiO2,Bacillus subtilis,non-pathogenic,"purchased from us research nanomaterials, inc.в ",MIC,hexagonal,Bacteria,Bacillota,Bacilli,Bacillales,Bacillaceae,Bacillus,p,mouth,79.866,1.4,0,0.16,30,16,26.40611331,34.14,1.373,2.878049394,2.3944270474733274,Klebsiella pneumoniae,1.5791708695140574,0.81525617795927,247.98593374191978,37.94642526288514
8,ZnO,Bacillus subtilis,non-pathogenic,purchased from sigma aldrich ( citrate capped agnps),MBC,nanoplates,Bacteria,Bacillota,Bacilli,Bacillales,Bacillaceae,Bacillus,p,food,81.3794,5.1,0,0.16,30,8,22.60496136,17.07,0.6865,4.082482905,2.4087769123793423,Klebsiella pneumoniae,1.597932525956374,0.8108443864229684,256.31670551788767,39.62164714092956
9,TiO2,Bacillus subtilis,non-pathogenic,purchased from sigma aldrich ( citrate capped agnps),MBC,hexagonal,Bacteria,Bacillota,Bacilli,Bacillales,Bacillaceae,Bacillus,p,lungs,79.866,10.4,1,0.16,30,16,26.40611331,34.14,1.373,2.878049394,3.2254110136788015,Klebsiella pneumoniae,2.4594585556023483,0.7659524580764532,1680.3935801791592,288.04381585993775
10,Ag,Bacillus subtilis,non-pathogenic,purchased from sigma aldrich ( citrate capped agnps),MIC,hexagonal,Bacteria,Bacillota,Bacilli,Bacillales,Bacillaceae,Bacillus,p,mammary gland,107.87,1.4,2,0.16,30,11,23.00188061,0.0,0.0,1.78376517,1.7734185288694275,Klebsiella pneumoniae,1.0077626893420872,0.7656558395273403,59.34970011461446,10.180349532557344
11,CuO,Bacillus subtilis,non-pathogenic,"purchased from us research nanomaterials, inc.в ",MBEC,quasi-hexagonal,Bacteria,Bacillota,Bacilli,Bacillales,Bacillaceae,Bacillus,p,nose,79.5454,5.1,4,0.16,30,17,20.67942236,17.07,0.6865,1.651411411,2.9485018947472112,Klebsiella pneumoniae,2.1978733649254996,0.7506285298217117,888.1818512853938,157.7151324190109
12,ZnO,Bacillus subtilis,non-pathogenic,electrochemical synthesis,MBC,hexagonal,Bacteria,Bacillota,Bacilli,Bacillales,Bacillaceae,Bacillus,p,soil,81.3794,4.7,2,0.16,30,8,22.60496136,17.07,0.6865,4.082482905,1.915007021826614,Klebsiella pneumoniae,1.1708831369083594,0.7441238849182545,82.22559443641973,14.821192121548133
13,Ag,Bacillus subtilis,non-pathogenic,purchased from sigma aldrich ( citrate capped agnps),MIC,spherical,Bacteria,Bacillota,Bacilli,Bacillales,Bacillaceae,Bacillus,p,water,107.87,0.8,3,0.16,30,11,23.00188061,0.0,0.0,1.78376517,1.2824957604998881,Klebsiella pneumoniae,0.544751215990104,0.7377445445097841,19.16442354698393,3.5055100456006247
14,TiO2,Bacillus subtilis,non-pathogenic,purchased from sigma aldrich ( citrate capped agnps),MBC,cubic,Bacteria,Bacillota,Bacilli,Bacillales,Bacillaceae,Bacillus,p,carious dentine,79.866,11.3,3,0.16,30,16,26.40611331,34.14,1.373,2.878049394,2.7474229632340963,Klebsiella pneumoniae,2.0376358183485497,0.7097871448855466,559.0143587351372,109.05254827009269
15,ZnO,Bacillus subtilis,non-pathogenic,"purchased from us research nanomaterials, inc.в ",MBC,spherical,Bacteria,Bacillota,Bacilli,Bacillales,Bacillaceae,Bacillus,p,skin,81.3794,10.4,3,0.16,30,8,22.60496136,17.07,0.6865,4.082482905,2.459954681440289,Klebsiella pneumoniae,1.7557781820085125,0.7041764994317763,288.37305706020254,56.987313249842394
16,TiO2,Bacillus subtilis,non-pathogenic,"purchased from us research nanomaterials, inc.в ",MBEC,hexagonal,Bacteria,Bacillota,Bacilli,Bacillales,Bacillaceae,Bacillus,p,lungs,79.866,13.0,2,0.16,30,16,26.40611331,34.14,1.373,2.878049394,2.855385713815494,Klebsiella pneumoniae,2.189579039652785,0.6658066741627087,716.7797275476546,154.73160829288867
17,Ag,Bacillus subtilis,non-pathogenic,green_synthesis,MIC,nanoplates,Bacteria,Bacillota,Bacilli,Bacillales,Bacillaceae,Bacillus,p,meat,107.87,1.9,1,0.16,30,11,23.00188061,0.0,0.0,1.78376517,1.87366088060176,Klebsiella pneumoniae,1.2183448483873027,0.6553160322144573,74.75855194365124,16.532740474500446
18,TiO2,Bacillus subtilis,non-pathogenic,electrochemical synthesis,MBEC,rod-shaped,Bacteria,Bacillota,Bacilli,Bacillales,Bacillaceae,Bacillus,p,water,79.866,1.4,2,0.16,30,16,26.40611331,34.14,1.373,2.878049394,2.595370096924652,Klebsiella pneumoniae,1.942025320306379,0.6533447766182727,393.8855937665636,87.50347901586389
19,CuO,Bacillus subtilis,non-pathogenic,"purchased from us research nanomaterials, inc.в ",MBC,nanoplates,Bacteria,Bacillota,Bacilli,Bacillales,Bacillaceae,Bacillus,p,skin,79.5454,13.0,4,0.16,30,17,20.67942236,17.07,0.6865,1.651411411,3.1422989767377536,Klebsiella pneumoniae,2.4895867729396484,0.6527122037981052,1387.710827141065,308.7356444293951
20,ZnO,Bacillus subtilis,non-pathogenic,electrochemical synthesis,MBEC,cubic,Bacteria,Bacillota,Bacilli,Bacillales,Bacillaceae,Bacillus,p,urine,81.3794,4.7,0,0.16,30,8,22.60496136,17.07,0.6865,4.082482905,2.3574521573126366,Klebsiella pneumoniae,1.7133266889221541,0.6441254683904825,227.74673380024032,51.68049788062684
21,TiO2,Bacillus subtilis,non-pathogenic,electrochemical synthesis,MBEC,spheroidal,Bacteria,Bacillota,Bacilli,Bacillales,Bacillaceae,Bacillus,p,mouth,79.866,10.4,1,0.16,30,16,26.40611331,34.14,1.373,2.878049394,2.99608154258231,Klebsiella pneumoniae,2.398145357968585,0.597936184613725,991.0179997109763,250.11823650820293
22,ZnO,Bacillus subtilis,non-pathogenic,chemical_synthesis,MIC,hexagonal,Bacteria,Bacillota,Bacilli,Bacillales,Bacillaceae,Bacillus,p,meat,81.3794,8.7,3,0.16,30,8,22.60496136,17.07,0.6865,4.082482905,1.983327679127907,Klebsiella pneumoniae,1.5648124339482195,0.41851524517968763,96.23380973586015,36.712371037149836
23,Pt,Bacillus subtilis,non-pathogenic,green_synthesis,MBC,nanoplates,Bacteria,Bacillota,Bacilli,Bacillales,Bacillaceae,Bacillus,p,blood,195.084,11.3,1,0.16,30,10,21.75656585,0.0,0.0,2.588435821,1.0278296387535955,Klebsiella pneumoniae,0.6094945022763449,0.4183351364772505,10.661778082704922,4.069063827582423
24,ZnO,Bacillus subtilis,non-pathogenic,"purchased from us research nanomaterials, inc.в ",MBEC,quasi-hexagonal,Bacteria,Bacillota,Bacilli,Bacillales,Bacillaceae,Bacillus,p,nose,81.3794,55.6,2,0.16,30,8,22.60496136,17.07,0.6865,4.082482905,0.982634378544286,Klebsiella pneumoniae,0.634481827930043,0.348152550614243,9.608030621915617,4.310045232186062
25,Ag,Bacillus subtilis,non-pathogenic,green_synthesis,MBEC,hexagonal,Bacteria,Bacillota,Bacilli,Bacillales,Bacillaceae,Bacillus,p,water,107.8682,4.0,4,0.16,30,11,23.00188061,0.0,0.0,1.78376517,1.9925524023419443,Klebsiella pneumoniae,1.6824214202224332,0.31013098211951107,98.29974751568452,48.130616020920556
26,ZnO,Bacillus subtilis,non-pathogenic,purchased from sigma aldrich ( citrate capped agnps),MBEC,spherical,Bacteria,Bacillota,Bacilli,Bacillales,Bacillaceae,Bacillus,p,mouth,81.3794,17.5,3,0.16,30,8,22.60496136,17.07,0.6865,4.082482905,2.297596101089174,Klebsiella pneumoniae,1.9972911308193106,0.30030497026986325,198.42486846653844,99.37820104146931
27,Ag,Bacillus subtilis,non-pathogenic,chemical_synthesis,MBEC,triangular,Bacteria,Bacillota,Bacilli,Bacillales,Bacillaceae,Bacillus,p,meat,107.87,41.23,18,0.16,30,11,23.00188061,0.0,0.0,1.78376517,-0.21912463789844705,Klebsiella pneumoniae,-0.5027847590156354,0.2836601211171883,0.6037753274106431,0.3142065549297035
28,ZnO,Bacillus subtilis,non-pathogenic,green_synthesis,MBC,tetragonal,Bacteria,Bacillota,Bacilli,Bacillales,Bacillaceae,Bacillus,p,respiratory tract,81.3794,1.9,0,0.16,30,8,22.60496136,17.07,0.6865,4.082482905,1.3062626430180966,Klebsiella pneumoniae,1.0234998907902713,0.2827627522278253,20.24242985521013,10.556012377694545
29,Ag,Bacillus subtilis,non-pathogenic,green_synthesis,MIC,spheroidal,Bacteria,Bacillota,Bacilli,Bacillales,Bacillaceae,Bacillus,p,respiratory tract,107.87,25.0,24,0.16,30,11,23.00188061,0.0,0.0,1.78376517,1.3289929647571581,Klebsiella pneumoniae,1.078202785979391,0.2507901787777671,21.330103597086772,11.972994582052165
30,Al2O3,Bacillus subtilis,non-pathogenic,green_synthesis,MBEC,nanoplates,Bacteria,Bacillota,Bacilli,Bacillales,Bacillaceae,Bacillus,p,lungs,101.961276,25.0,18,0.16,30,24,51.55776403,85.5,13.5675,4.688846487,2.7494286309180676,Klebsiella pneumoniae,2.570662849571903,0.1787657813461645,561.601980818006,372.1027242230157
31,Ag,Bacillus subtilis,non-pathogenic,purchased from sigma aldrich ( citrate capped agnps),MBEC,spheroidal,Bacteria,Bacillota,Bacilli,Bacillales,Bacillaceae,Bacillus,p,water,107.8682,44.45,2,0.16,30,11,23.00188061,0.0,0.0,1.78376517,1.640415623826015,Klebsiella pneumoniae,1.5163929507981573,0.12402267302785774,43.69337818778786,32.83922889448648
32,ZnO,Bacillus subtilis,non-pathogenic,green_synthesis,MBC,triangular,Bacteria,Bacillota,Bacilli,Bacillales,Bacillaceae,Bacillus,p,skin,81.3794,26.38,3,0.16,30,8,22.60496136,17.07,0.6865,4.082482905,1.0258362976957973,Klebsiella pneumoniae,0.9525507510828304,0.07328554661296693,10.61295438698264,8.965009437518837
33,Ag,Bacillus subtilis,non-pathogenic,"purchased from us research nanomaterials, inc.в ",MBEC,hexagonal,Bacteria,Bacillota,Bacilli,Bacillales,Bacillaceae,Bacillus,p,urine,107.87,10.4,24,0.16,30,11,23.00188061,0.0,0.0,1.78376517,2.1880427831665896,Klebsiella pneumoniae,2.1232913969021334,0.0647513862644562,154.1852336243106,132.82853933562308
34,CuO,Bacillus subtilis,non-pathogenic,chemical_synthesis,MBC,spherical,Bacteria,Bacillota,Bacilli,Bacillales,Bacillaceae,Bacillus,p,respiratory tract,79.5454,8.7,3,0.16,30,17,20.67942236,17.07,0.6865,1.651411411,2.579939357858101,Klebsiella pneumoniae,2.610388099624562,-0.03044874176646095,380.13631277772674,407.7444887347075
35,Ag,Bacillus subtilis,non-pathogenic,chemical_synthesis,MBC,tetragonal,Bacteria,Bacillota,Bacilli,Bacillales,Bacillaceae,Bacillus,p,urine,107.87,60.0,0,0.16,30,11,23.00188061,0.0,0.0,1.78376517,0.4221058295738178,Klebsiella pneumoniae,0.5252627073130418,-0.103156877739224,2.643052742173772,3.3516812303877876
36,ZnO,Bacillus subtilis,non-pathogenic,chemical_synthesis,MBC,spheroidal,Bacteria,Bacillota,Bacilli,Bacillales,Bacillaceae,Bacillus,p,lungs,81.3794,60.0,3,0.16,30,8,22.60496136,17.07,0.6865,4.082482905,1.5161453477873275,Klebsiella pneumoniae,1.7403919904042662,-0.22424664261693872,32.82051169947429,55.00371085630489
