,np,bacteria,bac_type,np_synthesis,method,shape,kingdom,phylum,class,order,family,genus,gram,isolated_from,mol_weight (g/mol),np_size_avg (nm),time_set,"min_Incub_period, h","growth_temp, C",Valance_electron,labuteASA,tpsa,CrippenMR,chi0v,pred_MIC_norm,pathogenic_bacteria,pred_MIC_pathogen,Fitness,pred_norm_MIC_original,pred_path_MIC_original
0,ZnO,Bacillus subtilis,non-pathogenic,green_synthesis,MIC,cubic,Bacteria,Bacillota,Bacilli,Bacillales,Bacillaceae,Bacillus,p,mammary gland,81.3794,1.4,4,0.16,30,8,22.60496136,17.07,0.6865,4.082482905,1.5778520373426488,Klebsiella pneumoniae,0.6560719256670666,0.9217801116755822,37.83136725729394,4.529725927336345
1,Ag,Bacillus subtilis,non-pathogenic,chemical_synthesis,MIC,quasi-spherical,Bacteria,Bacillota,Bacilli,Bacillales,Bacillaceae,Bacillus,p,soil,107.87,3.0,0,0.16,30,11,23.00188061,0.0,0.0,1.78376517,1.1323371029626659,Klebsiella pneumoniae,0.31342863904703977,0.8189084639156261,13.562417299181691,2.057920716203131
2,ZnO,Bacillus subtilis,non-pathogenic,purchased from sigma aldrich ( citrate capped agnps),MBC,quasi-spherical,Bacteria,Bacillota,Bacilli,Bacillales,Bacillaceae,Bacillus,p,urine,81.3794,11.3,1,0.16,30,8,22.60496136,17.07,0.6865,4.082482905,2.0059374677627853,Klebsiella pneumoniae,1.3671410788008258,0.6387963889619594,101.37654074071264,23.288476515157537
3,ZnO,Bacillus subtilis,non-pathogenic,purchased from sigma aldrich ( citrate capped agnps),MBC,rod-shaped,Bacteria,Bacillota,Bacilli,Bacillales,Bacillaceae,Bacillus,p,respiratory tract,81.3794,8.7,3,0.16,30,8,22.60496136,17.07,0.6865,4.082482905,2.044034562346556,Klebsiella pneumoniae,1.4408148736658342,0.6032196886807217,110.67118556393707,27.59401357849217
4,ZnO,Bacillus subtilis,non-pathogenic,"purchased from us research nanomaterials, inc.в ",MIC,rod-shaped,Bacteria,Bacillota,Bacilli,Bacillales,Bacillaceae,Bacillus,p,respiratory tract,81.3794,12.0,2,0.16,30,8,22.60496136,17.07,0.6865,4.082482905,1.3517465340413068,Klebsiella pneumoniae,0.8671604415193146,0.48458609252199225,22.477423799450655,7.36479124911794
5,Ag,Bacillus subtilis,non-pathogenic,"purchased from us research nanomaterials, inc.в ",MIC,triangular,Bacteria,Bacillota,Bacilli,Bacillales,Bacillaceae,Bacillus,p,lungs,107.87,18.0,24,0.16,30,11,23.00188061,0.0,0.0,1.78376517,0.25893125928740646,Klebsiella pneumoniae,-0.10021272975505857,0.35914398904246503,1.815228323261901,0.793939245502268
6,Pd,Bacillus subtilis,non-pathogenic,electrochemical synthesis,MBEC,hexagonal,Bacteria,Bacillota,Bacilli,Bacillales,Bacillaceae,Bacillus,p,urine,195.084,6.0,0,0.16,30,10,21.14774404,0.0,0.0,1.870828693,2.167950021938288,Klebsiella pneumoniae,1.8225730145849925,0.34537700735329535,147.21430803138657,66.46194008544936
7,Ag,Bacillus subtilis,non-pathogenic,electrochemical synthesis,MIC,spheroidal,Bacteria,Bacillota,Bacilli,Bacillales,Bacillaceae,Bacillus,p,meat,107.8682,4.7,24,0.16,30,11,23.00188061,0.0,0.0,1.78376517,1.7549030063825584,Klebsiella pneumoniae,1.4225269891543315,0.33237601722822685,56.87258996587418,26.45617101025765
8,ZnO,Bacillus subtilis,non-pathogenic,chemical_synthesis,MBEC,quasi-spherical,Bacteria,Bacillota,Bacilli,Bacillales,Bacillaceae,Bacillus,p,food,81.3794,12.5,4,0.16,30,8,22.60496136,17.07,0.6865,4.082482905,2.062236192204428,Klebsiella pneumoniae,1.7326838168596173,0.32955237534481063,115.40807370435051,54.03607762090793
9,CuO,Bacillus subtilis,non-pathogenic,electrochemical synthesis,MIC,triangular,Bacteria,Bacillota,Bacilli,Bacillales,Bacillaceae,Bacillus,p,urine,79.5454,1.9,1,0.16,30,17,20.67942236,17.07,0.6865,1.651411411,0.7292204660070194,Klebsiella pneumoniae,0.4436104801919085,0.2856099858151109,5.360687193106506,2.777221253684206
10,Ag,Bacillus subtilis,non-pathogenic,chemical_synthesis,MIC,cubic,Bacteria,Bacillota,Bacilli,Bacillales,Bacillaceae,Bacillus,p,soil,107.87,17.5,18,0.16,30,11,23.00188061,0.0,0.0,1.78376517,1.508402751674299,Klebsiella pneumoniae,1.3327140080769946,0.17568874359730446,32.24057299365171,21.513645499803008
11,Ag,Bacillus subtilis,non-pathogenic,chemical_synthesis,MBEC,tetragonal,Bacteria,Bacillota,Bacilli,Bacillales,Bacillaceae,Bacillus,p,water,107.87,38.0,0,0.16,30,11,23.00188061,0.0,0.0,1.78376517,0.3858663344005735,Klebsiella pneumoniae,0.2830845505378492,0.1027817838627243,2.4314555492243075,1.9190423126890086
12,Al2O3,Bacillus subtilis,non-pathogenic,chemical_synthesis,MBC,hexagonal,Bacteria,Bacillota,Bacilli,Bacillales,Bacillaceae,Bacillus,p,blood,101.961276,20.0,3,0.16,30,24,51.55776403,85.5,13.5675,4.688846487,2.0627527421070044,Klebsiella pneumoniae,1.9952533188110269,0.06749942329597758,115.54542174408003,98.91298741290628
13,ZnO,Bacillus subtilis,non-pathogenic,green_synthesis,MIC,hexagonal,Bacteria,Bacillota,Bacilli,Bacillales,Bacillaceae,Bacillus,p,respiratory tract,81.3794,45.26,1,0.16,30,8,22.60496136,17.07,0.6865,4.082482905,1.1577584135092884,Klebsiella pneumoniae,1.1545271678200926,0.0032312456891958607,14.379984353734804,14.273391163084465
