,np,bacteria,bac_type,np_synthesis,method,shape,kingdom,phylum,class,order,family,genus,gram,isolated_from,mol_weight (g/mol),np_size_avg (nm),time_set,"min_Incub_period, h","growth_temp, C",Valance_electron,labuteASA,tpsa,CrippenMR,chi0v,pred_MIC_norm,pathogenic_bacteria,pred_MIC_pathogen,Fitness,pred_norm_MIC_original,pred_path_MIC_original
0,Pd,Bacillus subtilis,non-pathogenic,chemical_synthesis,MIC,hexagonal,Bacteria,Bacillota,Bacilli,Bacillales,Bacillaceae,Bacillus,p,mouth,195.084,0.8,4,0.16,30,10,21.14774404,0.0,0.0,1.870828693,0.8987060162193384,Klebsiella pneumoniae,0.01774804109793271,0.8809579751214057,7.919650498938463,1.041712897215117
1,ZnO,Bacillus subtilis,non-pathogenic,"purchased from us research nanomaterials, inc.в ",MBC,cubic,Bacteria,Bacillota,Bacilli,Bacillales,Bacillaceae,Bacillus,p,mouth,81.3794,1.9,4,0.16,30,8,22.60496136,17.07,0.6865,4.082482905,1.7486495314812616,Klebsiella pneumoniae,0.8966430720445233,0.8520064594367383,56.05954021588033,7.882120537614927
2,ZnO,Bacillus subtilis,non-pathogenic,purchased from sigma aldrich ( citrate capped agnps),MBC,hexagonal,Bacteria,Bacillota,Bacilli,Bacillales,Bacillaceae,Bacillus,p,mammary gland,81.3794,12.5,2,0.16,30,8,22.60496136,17.07,0.6865,4.082482905,2.259591465829854,Klebsiella pneumoniae,1.6269343733793875,0.6326570924504666,181.79898987346718,42.35789538254383
3,Al2O3,Bacillus subtilis,non-pathogenic,green_synthesis,MIC,hexagonal,Bacteria,Bacillota,Bacilli,Bacillales,Bacillaceae,Bacillus,p,skin,101.961276,5.1,4,0.16,30,24,51.55776403,85.5,13.5675,4.688846487,2.655860607745568,Klebsiella pneumoniae,2.2491783507451744,0.40668225700039384,452.7522400774089,177.49182329500556
4,CeO2,Bacillus subtilis,non-pathogenic,green_synthesis,MIC,spheroidal,Bacteria,Bacillota,Bacilli,Bacillales,Bacillaceae,Bacillus,p,skin,172.115,20.0,18,0.16,30,16,39.19032095,34.14,1.373,4.456551526,2.2725418897421847,Klebsiella pneumoniae,1.940725668270115,0.3318162214720697,187.30177356611264,87.24201108107695
5,Au,Bacillus subtilis,non-pathogenic,chemical_synthesis,MBEC,hexagonal,Bacteria,Bacillota,Bacilli,Bacillales,Bacillaceae,Bacillus,p,mammary gland,196.966569,18.0,1,0.16,30,11,23.00188061,0.0,0.0,2.46797672,2.33161650837321,Klebsiella pneumoniae,2.00631754641761,0.32529896195560015,214.59347294634927,101.46530061736013
6,ZnO,Bacillus subtilis,non-pathogenic,chemical_synthesis,MBEC,hexagonal,Bacteria,Bacillota,Bacilli,Bacillales,Bacillaceae,Bacillus,p,lungs,81.3794,18.0,3,0.16,30,8,22.60496136,17.07,0.6865,4.082482905,2.211577185152781,Klebsiella pneumoniae,1.910450683044823,0.3011265021079579,162.77105754211877,81.36744575203922
7,Ag,Bacillus subtilis,non-pathogenic,electrochemical synthesis,MBC,spheroidal,Bacteria,Bacillota,Bacilli,Bacillales,Bacillaceae,Bacillus,p,carious dentine,107.87,13.0,18,0.16,30,11,23.00188061,0.0,0.0,1.78376517,1.3530060467231226,Klebsiella pneumoniae,1.0570749133015076,0.29593113342161503,22.54270598356555,11.404464910592136
8,Ag,Bacillus subtilis,non-pathogenic,green_synthesis,MBC,hexagonal,Bacteria,Bacillota,Bacilli,Bacillales,Bacillaceae,Bacillus,p,food,107.87,3.0,1,0.16,30,11,23.00188061,0.0,0.0,1.78376517,1.626776531854783,Klebsiella pneumoniae,1.3601750428544066,0.2666014890003765,42.342503476244765,22.917911755209296
9,Cu,Bacillus subtilis,non-pathogenic,green_synthesis,MBC,quasi-hexagonal,Bacteria,Bacillota,Bacilli,Bacillales,Bacillaceae,Bacillus,p,meat,63.55,26.38,3,0.16,30,11,17.96409803,0.0,0.0,1.243163121,0.9769691388650834,Klebsiella pneumoniae,0.7357409183141372,0.24122822055094617,9.483510707102596,5.4417792250135735
10,ZnO,Bacillus subtilis,non-pathogenic,purchased from sigma aldrich ( citrate capped agnps),MIC,tetragonal,Bacteria,Bacillota,Bacilli,Bacillales,Bacillaceae,Bacillus,p,carious dentine,81.3794,38.0,18,0.16,30,8,22.60496136,17.07,0.6865,4.082482905,-0.15529645393864078,Klebsiella pneumoniae,-0.15183088426929525,-0.003465569669345525,0.6993644395745774,0.7049675322513264
