,np,bacteria,bac_type,np_synthesis,method,shape,kingdom,phylum,class,order,family,genus,gram,isolated_from,mol_weight (g/mol),np_size_avg (nm),time_set,"min_Incub_period, h","growth_temp, C",Valance_electron,labuteASA,tpsa,CrippenMR,chi0v,pred_MIC_norm,pathogenic_bacteria,pred_MIC_pathogen,Fitness,pred_norm_MIC_original,pred_path_MIC_original
0,Pd,Bacillus subtilis,non-pathogenic,chemical_synthesis,MIC,hexagonal,Bacteria,Bacillota,Bacilli,Bacillales,Bacillaceae,Bacillus,p,mouth,195.084,0.8,4,0.16,30,10,21.14774404,0.0,0.0,1.870828693,0.8987060162193384,Klebsiella pneumoniae,0.01774804109793271,0.8809579751214057,7.919650498938463,1.041712897215117
1,ZnO,Bacillus subtilis,non-pathogenic,"purchased from us research nanomaterials, inc.в ",MBC,cubic,Bacteria,Bacillota,Bacilli,Bacillales,Bacillaceae,Bacillus,p,mouth,81.3794,1.9,4,0.16,30,8,22.60496136,17.07,0.6865,4.082482905,1.7486495314812616,Klebsiella pneumoniae,0.8966430720445233,0.8520064594367383,56.05954021588033,7.882120537614927
2,Al2O3,Bacillus subtilis,non-pathogenic,green_synthesis,MIC,hexagonal,Bacteria,Bacillota,Bacilli,Bacillales,Bacillaceae,Bacillus,p,skin,101.961276,5.1,4,0.16,30,24,51.55776403,85.5,13.5675,4.688846487,2.655860607745568,Klebsiella pneumoniae,2.2491783507451744,0.40668225700039384,452.7522400774089,177.49182329500556
3,ZnO,Bacillus subtilis,non-pathogenic,chemical_synthesis,MBEC,hexagonal,Bacteria,Bacillota,Bacilli,Bacillales,Bacillaceae,Bacillus,p,lungs,81.3794,18.0,3,0.16,30,8,22.60496136,17.07,0.6865,4.082482905,2.211577185152781,Klebsiella pneumoniae,1.910450683044823,0.3011265021079579,162.77105754211877,81.36744575203922
4,Ag,Bacillus subtilis,non-pathogenic,electrochemical synthesis,MBC,spheroidal,Bacteria,Bacillota,Bacilli,Bacillales,Bacillaceae,Bacillus,p,carious dentine,107.87,13.0,18,0.16,30,11,23.00188061,0.0,0.0,1.78376517,1.3530060467231226,Klebsiella pneumoniae,1.0570749133015076,0.29593113342161503,22.54270598356555,11.404464910592136
5,Cu,Bacillus subtilis,non-pathogenic,electrochemical synthesis,MIC,cubic,Bacteria,Bacillota,Bacilli,Bacillales,Bacillaceae,Bacillus,p,blood,63.55,10.0,3,0.16,30,11,17.96409803,0.0,0.0,1.243163121,0.9006349134410148,Klebsiella pneumoniae,0.6805045557544773,0.22013035768653744,7.9549034597360775,4.791864795539458
6,Au,Bacillus subtilis,non-pathogenic,green_synthesis,MBEC,quasi-spherical,Bacteria,Bacillota,Bacilli,Bacillales,Bacillaceae,Bacillus,p,lungs,196.966569,3.0,1,0.16,30,11,23.00188061,0.0,0.0,2.46797672,1.4245525410808297,Klebsiella pneumoniae,1.206513674495664,0.2180388665851658,26.57985093962931,16.088430342329616
7,Ag,Bacillus subtilis,non-pathogenic,purchased from sigma aldrich ( citrate capped agnps),MIC,hexagonal,Bacteria,Bacillota,Bacilli,Bacillales,Bacillaceae,Bacillus,p,water,107.87,40.0,3,0.16,30,11,23.00188061,0.0,0.0,1.78376517,1.6359115272022833,Klebsiella pneumoniae,1.5525223169161655,0.08338921028611779,43.242572995873324,35.68800876660755
8,CuO,Bacillus subtilis,non-pathogenic,chemical_synthesis,MBC,rod-shaped,Bacteria,Bacillota,Bacilli,Bacillales,Bacillaceae,Bacillus,p,urine,79.5454,8.7,1,0.16,30,17,20.67942236,17.07,0.6865,1.651411411,2.4939853258119133,Klebsiella pneumoniae,2.516740318814863,-0.022754993002949586,311.87842030654167,328.6550567564541
